elevdump version 2
0 0 0 0 4 1 1 143 3999
0 0 0 8 4 1 1 143 3999
0 0 0 16 4 64 64 143 143 143 143 143 143 143 143 143 143 143 143 143 143 143 143 143 143 143 143 143 143 143 143 143 143 143 143 143 143 143 143 143 143 32913 32913 32913 32913 143 143 143 32912 146 146 146 146 16529 143 32912 146 146 146 146 146 16528 32913 146 146 146 144 143 32912 146 146 3999 3999 3999 3999 3999 3999 3999 3999 3999 3999 3999 3999 3999 3999 3999 3999 3999 3999 3999 4099 4099 4199 3999 3899 4099 4199 4299 4399 4399 4499 4299 4199 4399 4499 4399 4599 4599 4699 4499 4199 4799 4999 4999 4999 5099 5399 4699 4099 5099 5099 5399 5999 5599 5699 5099 4499 5599 5499 5699 5599 5599 5599 5399 4999
0 0 0 24 4 64 64 146 32916 32916 32916 146 146 146 146 32915 149 149 149 16531 146 146 146 149 149 149 149 149 16532 146 146 149 149 149 149 149 16532 146 146 149 149 149 149 149 16532 146 146 149 149 149 149 149 16531 32916 146 49299 149 149 149 149 149 149 16532 49300 149 149 149 149 149 149 16532 5599 5699 5999 5499 5599 5499 5399 5699 5599 6199 6699 6199 5999 5899 5799 5899 5999 7199 8199 8299 7099 6399 6499 6199 6499 8099 9599 9499 8099 6699 6499 6499 6899 8499 9999 9699 8399 6599 6399 6699 6799 7999 9099 8899 7999 6899 6399 6499 6699 7399 7999 8299 7699 7199 6799 6699 6399 6899 7699 8099 8399 7999 7699 7099
0 0 0 32 4 64 64 146 148 32915 149 149 149 149 16531 16532 49300 149 149 149 149 149 149 16532 49300 149 149 149 149 149 149 16532 49300 149 149 149 149 149 149 146 146 49299 149 149 149 149 147 146 146 146 148 148 148 148 146 146 146 146 146 146 146 146 146 49296 146 146 146 146 146 146 146 6299 6099 6399 7599 8599 8899 8199 6999 6599 6199 6199 6899 8199 8599 8299 7399 7299 6399 6499 7999 9099 9699 9199 7799 7499 6599 6699 7699 9099 9999 9699 8399 7099 6499 6299 6599 7699 8299 8099 7199 6299 6099 6099 6299 6499 6899 6899 6399 3599 5699 5799 5999 6099 6299 6299 6199 3599 5499 5999 5899 6099 6099 5999 5999
0 0 0 40 4 64 64 143 145 145 145 145 145 145 145 142 142 49293 143 143 143 143 141 140 140 140 142 142 142 142 140 140 140 140 140 140 140 140 140 140 140 140 140 140 140 140 140 140 140 140 140 140 140 140 140 140 140 140 140 140 140 140 140 140 140 140 140 140 140 140 140 3599 4299 4899 5199 5399 5499 5399 5299 3599 3599 3599 3699 3899 3999 3999 3799 3599 3599 3599 3599 3599 3599 3599 3599 3599 3599 3599 3599 3599 3599 3599 3599 3599 3599 3599 3599 3599 3599 3599 3599 3599 3599 3599 3599 3599 3599 3599 3599 3599 3599 3599 3599 3599 3599 3599 3599 3599 3599 3599 3599 3599 3599 3599 3599
0 0 0 48 4 64 64 140 140 140 140 140 140 140 140 140 140 140 140 140 140 140 140 140 140 140 140 140 140 140 140 140 140 140 140 140 140 140 140 140 140 140 140 140 140 140 140 32910 32910 32910 32910 140 140 140 140 143 32913 32913 143 16526 140 140 140 149 16531 146 16529 16525 140 140 140 3599 3599 3599 3599 3599 3599 3599 3599 3599 3599 3599 3599 3599 3599 3599 3599 3599 3599 3599 3599 3599 3599 3599 3599 3599 3599 3599 3599 3599 3599 3599 3599 3599 3599 3599 3599 3599 3599 3599 3599 3499 3499 3499 3599 3599 3599 3599 3599 3399 3599 3499 3599 3599 3599 3599 3599 5099 4799 4499 3999 3599 3599 3599 3599
0 0 0 56 4 64 64 149 149 16532 16529 143 16526 140 140 149 149 16532 16529 143 16526 140 140 149 149 16532 16529 143 16526 140 140 148 148 146 16529 141 140 140 140 146 144 145 143 16525 32910 140 140 145 143 143 143 143 143 16526 140 143 143 143 143 143 143 16526 140 143 143 143 143 143 143 16526 140 7899 6999 6199 4799 3799 3599 3599 3599 9399 8499 6799 5399 3899 3599 3599 3599 9399 8399 6699 5399 3899 3599 3599 3599 7599 7199 6199 4799 3799 3599 3599 3599 5699 5199 4399 3999 3699 3599 3599 3599 3799 3799 3799 3899 3799 3799 3599 3599 3899 3899 3899 3899 3899 3899 3699 3599 3899 3899 3899 3899 3899 3899 3799 3599
0 0 0 64 4 64 64 143 143 143 143 143 143 16526 140 143 143 143 143 143 143 16526 140 143 143 143 143 143 143 16526 140 143 143 143 143 143 141 140 140 143 143 143 143 143 16526 140 140 143 143 143 143 143 16526 140 140 143 143 143 143 141 140 140 140 143 143 143 143 16526 140 140 140 3899 3899 3899 3899 3899 3899 3799 3599 3899 3899 3899 3899 3899 3899 3799 3599 3899 3899 3899 3899 3899 3899 3699 3599 3899 3899 3899 3899 3899 3799 3599 3599 3899 3899 3899 3899 3899 3699 3599 3499 3899 3899 3899 3899 3899 3599 3499 3399 3899 3899 3899 3899 3799 899 699 2299 3899 3899 3899 3899 3699 1399 3599 3599
0 0 0 72 4 64 64 143 143 143 141 140 140 140 140 143 143 143 16525 32910 140 140 32910 32913 32913 32913 32913 32913 16526 32909 143 32916 32916 146 146 146 146 16528 49297 149 149 16532 146 146 146 49300 149 149 149 16532 146 146 146 49300 149 143 143 145 145 145 145 145 149 143 143 143 143 143 143 143 143 3899 3899 3899 3699 3599 2699 3599 3599 3899 3899 3599 3499 3199 3199 3599 3599 3799 3599 3899 2999 2399 2399 3599 3599 4199 4999 4999 5199 5299 899 3299 3799 5399 7299 6799 6599 6599 6099 5599 5299 6299 7899 7199 7199 6499 6099 5899 5799 4099 4499 4699 4499 4299 4099 4599 4899 3899 3899 3899 3899 3899 3799 3799 3699
0 0 0 80 4 1 1 143 3899
0 0 0 88 4 1 1 143 3899
0 0 0 96 4 64 64 143 143 143 143 143 143 143 32913 143 143 143 143 143 143 49297 146 143 143 143 143 143 143 49297 146 143 143 143 143 143 143 143 49296 143 143 143 143 143 143 143 143 143 143 143 143 143 143 143 143 143 143 143 143 143 143 143 143 143 143 143 143 143 143 143 143 3899 3899 3899 3899 3899 3899 3899 3799 3899 3899 3899 3899 3899 3899 3899 3899 3899 3899 3899 3899 3899 3899 3899 3999 3899 3899 3899 3899 3899 3899 3899 3799 3899 3899 3899 3899 3899 3899 3899 3799 3899 3899 3899 3899 3899 3899 3899 3899 3899 3899 3899 3899 3899 3899 3899 3899 3899 3899 3899 3899 3899 3899 3899 3899
0 0 0 104 4 64 64 143 143 143 143 143 143 143 143 143 143 143 143 143 143 143 143 143 143 143 143 143 143 143 143 16528 143 143 143 143 143 143 143 146 16529 143 143 143 143 143 143 146 16529 143 143 143 143 143 143 146 16528 143 143 143 143 143 143 146 146 16529 143 143 143 143 143 3799 3899 3899 3899 3899 3899 3899 3899 3799 3899 3899 3899 3899 3899 3899 3899 4399 3899 3899 3899 3899 3899 3899 3899 4999 4099 3899 3899 3899 3899 3899 3899 5299 4499 3899 3899 3899 3899 3899 3899 5699 4899 3999 3899 3899 3899 3899 3899 5999 5199 3999 3899 3899 3899 3899 3899 6299 5199 3999 3899 3899 3899 3899 3899
0 0 0 112 4 64 64 146 146 16529 143 143 143 143 143 146 146 16529 143 143 143 143 143 146 146 16528 143 143 143 143 143 146 146 146 16528 143 143 143 143 146 146 146 146 16528 143 143 143 146 146 146 146 146 16528 32913 32913 146 146 146 146 146 146 146 146 146 146 146 146 146 146 146 146 6432 5899 4099 3899 3899 3899 3899 3899 6399 6765 4199 3899 3899 3899 3899 3899 6299 6699 4899 3999 3799 3899 3899 3899 5932 6566 5099 4799 3899 3899 3899 3899 5932 6199 6832 5299 4199 3899 3899 3899 5932 6032 6765 6532 4599 3799 3899 3899 6099 5999 6599 7365 6499 4699 3699 3699 6132 6199 6366 7132 7465 6466 5699 5499
0 0 0 120 4 64 64 146 146 146 146 146 146 146 32916 146 146 146 146 32916 32916 32915 149 146 146 146 49300 149 149 149 149 49296 146 146 49300 149 149 149 149 49297 146 146 146 148 49299 149 149 143 49296 146 146 146 146 148 148 143 143 145 49296 146 146 146 146 143 143 143 143 145 49296 146 146 5766 6199 6099 6965 7532 7399 6199 5999 5132 5999 6132 6632 7499 7499 6899 6199 4699 5999 6399 6166 7199 7599 7665 7499 4766 5532 6166 6099 6499 7765 8399 8399 4766 4599 6266 6266 6166 6865 7532 7699 4766 4699 5066 6499 6199 6232 6199 6399 4832 4866 4799 5199 5599 5899 6199 5999 4866 5099 5032 4732 4466 4499 5399 6099
0 0 8 0 4 1 1 143 3999
0 0 8 8 4 1 1 143 3999
0 0 8 16 4 64 64 143 143 143 143 143 143 143 143 143 49293 143 143 143 143 143 143 143 32909 143 143 143 143 143 143 143 143 143 143 143 143 143 143 143 143 143 143 143 143 143 143 143 143 143 143 32913 32913 143 143 32913 32913 32913 32912 146 146 16528 32913 146 146 146 146 146 146 146 146 3999 3999 3999 3999 3999 3999 3999 3999 3899 3799 3799 3899 3999 3999 3999 3999 3699 3599 3499 3499 3799 3999 3999 3999 3899 3699 3799 3899 4099 3999 4099 4099 3899 3899 4099 4099 4299 4299 4199 3999 3999 4099 4599 4899 4499 4499 4499 4099 4099 4399 4799 4899 4899 5299 4599 4199 5199 4699 5599 5499 5199 6099 4899 5599
0 0 8 24 4 64 64 146 146 146 146 146 146 146 146 146 146 146 32916 32916 146 146 146 146 146 32915 149 149 16532 146 146 146 49300 149 149 149 16532 146 146 146 32915 149 149 149 16532 146 146 49300 149 149 149 149 16532 146 146 49300 149 149 149 149 16532 146 146 146 49299 149 149 147 146 146 146 5999 5399 6299 5799 5799 6099 5499 5899 6099 5799 6499 6199 6199 6199 6299 6099 6099 6399 6599 6799 6899 6499 6399 6099 6199 6599 7099 7599 7699 6999 6799 6099 6399 6599 7099 7699 7699 7099 6799 5799 6599 6499 7199 8099 7699 7099 6699 5699 6599 6799 7899 8499 7899 7099 6399 6199 6899 6699 7499 7999 7599 6699 5999 5999
0 0 8 32 4 64 64 146 146 146 146 32916 146 146 146 16532 49300 149 149 149 16531 146 146 16532 49300 149 149 149 149 16532 146 16532 146 49299 149 149 149 16532 146 146 146 146 148 148 148 146 146 146 146 146 146 146 146 146 49300 146 146 146 146 146 146 146 49300 146 146 146 146 146 146 146 49300 6199 5999 6499 7499 7099 6499 5799 6599 6699 6099 6399 7399 7399 6499 6399 6699 6499 6099 5999 7999 8599 7299 6799 6599 6899 6399 6499 7199 8399 7899 7299 6699 6399 6099 5899 6199 6599 7399 7499 6999 5999 5899 5999 5899 5999 6399 6899 7265 6099 5899 5799 5999 5999 5899 5966 6499 5999 5899 5899 5899 5999 5899 5799 5899
0 0 8 40 4 64 64 145 145 145 49296 146 146 146 49300 142 142 142 142 49294 49296 146 49300 140 140 140 140 140 142 146 49300 140 140 140 140 140 140 140 49300 140 140 140 140 140 140 140 49300 140 140 140 140 140 140 140 49300 140 140 140 140 140 140 32910 49300 140 140 140 140 140 49294 49297 49300 4999 4899 4699 4799 5299 5699 5799 5466 3699 3599 3599 3599 3599 3499 5532 5699 3599 3599 3599 3599 3599 3599 3499 5766 3599 3599 3599 3599 3599 3599 3599 3599 3599 3599 3599 3599 3599 3599 3599 3599 3599 3599 3599 3599 3599 3599 3599 3699 3599 3599 3599 3599 3599 3599 3599 3666 3599 3599 3599 3599 3599 3599 3599 3699
0 0 8 48 4 64 64 140 140 140 140 140 49294 49297 49300 140 140 140 140 140 49294 49297 49300 140 140 140 140 140 49294 49297 49300 140 140 140 140 140 49294 49297 146 140 140 140 140 140 140 49293 49296 140 140 140 140 140 140 49294 143 140 140 140 140 140 140 140 49293 140 140 140 140 140 140 140 140 3599 3599 3599 3599 3599 3599 3599 4499 3599 3599 3599 3599 3599 3599 3599 4632 3599 3599 3599 3599 3599 3599 3599 4466 3599 3599 3599 3599 3599 3599 3599 4199 3599 3599 3599 3599 3599 3599 3599 3699 3599 3599 3599 3599 3599 3599 3599 3599 3599 3599 3599 3599 3599 3599 3599 3599 3599 3599 3599 3599 3599 3599 3599 3599
0 0 8 56 4 1 1 140 3599
0 0 8 64 4 1 1 140 3599
0 0 8 72 4 64 64 140 140 140 140 140 140 140 140 32910 32910 32910 140 140 140 140 140 32913 32913 32913 16525 140 140 140 140 32916 32916 32916 16528 16525 140 140 140 149 149 149 16532 16529 16526 140 140 149 149 149 16532 16529 16526 140 140 149 149 149 16532 16529 16526 140 140 49297 148 148 146 16529 16525 140 140 3599 3599 3599 3599 3599 3599 3599 3599 3599 3599 3599 3599 3599 3599 3599 3599 3599 3599 3599 3599 3599 3599 3599 3599 4099 4599 4999 3799 3599 3599 3599 3599 5299 6499 7399 4999 3699 3599 3599 3599 8965 10765 9065 5999 3999 3599 3599 3599 9565 11565 8499 6499 4599 3599 3599 3599 3699 4299 6099 6699 4899 3699 3599 3599
0 0 8 80 4 64 64 143 49296 146 146 16529 143 16526 140 143 49297 146 146 16528 143 16525 140 143 143 49296 146 146 16528 143 16525 143 143 49297 146 146 146 16528 143 143 143 143 49296 146 146 146 16528 143 143 143 49297 146 146 146 146 143 143 143 143 32909 49296 146 146 143 143 143 143 143 143 49296 146 3799 3699 4199 6699 4999 3699 3599 3599 3899 3799 3599 5699 5499 3999 3599 3599 3899 3899 3799 4299 5599 4299 3699 3599 3899 3899 3899 3799 6199 5299 3999 3699 3899 3899 3899 3699 5099 6799 5399 3999 3899 3899 3899 3799 3999 5899 6799 5099 3899 3899 3899 3899 3599 3499 5499 5799 3899 3899 3899 3899 3799 2799 1999 5599
0 0 8 88 4 64 64 143 143 143 143 143 143 49297 146 143 143 143 143 143 143 143 49296 143 143 143 143 143 143 143 143 143 143 143 143 143 143 143 32913 143 143 143 143 143 143 32912 32915 143 143 143 143 143 32912 32915 149 143 143 143 32909 32912 32915 149 149 143 32913 32913 32912 49300 149 149 149 3899 3899 3899 3899 3899 3899 3699 4099 3899 3899 3899 3899 3899 3899 3899 3732 3899 3899 3899 3899 3899 3899 3899 3799 3899 3899 3899 3899 3899 3899 3899 3699 3899 3899 3899 3899 3899 3899 3799 3599 3899 3899 3899 3899 3899 3799 3699 4799 3899 3899 3899 3799 3699 3999 4899 5999 3899 3899 3799 3699 3699 5099 7199 8299
0 0 8 96 4 64 64 32912 146 32916 32916 49300 149 149 149 146 49300 149 149 146 149 149 147 146 49300 149 149 16532 148 16529 145 146 146 148 148 144 145 143 143 145 145 145 145 143 143 143 143 143 143 143 143 143 143 143 143 143 143 143 143 143 143 143 143 143 143 143 143 143 143 143 143 3799 3799 3999 4399 4999 6899 9099 8999 4799 5399 5699 6799 6899 7299 8099 6199 5699 6099 7099 7799 7099 6099 5299 3999 5199 6099 6999 6699 5599 4499 3899 3899 4099 4999 4999 4299 3899 3899 3899 3899 3799 3799 3899 3899 3899 3899 3899 3899 3899 3899 3899 3899 3899 3899 3899 3899 3899 3899 3899 3899 3899 3899 3899 3899
0 0 8 104 4 1 1 143 3899
0 0 8 112 4 64 64 143 143 143 143 143 143 143 143 143 143 143 143 143 143 143 143 143 143 143 143 143 143 143 143 143 143 143 143 143 143 32913 32912 143 143 143 143 32913 32912 146 32916 32913 32913 32913 32912 146 146 49300 149 146 146 146 146 32916 32916 49300 149 146 146 32916 32915 149 149 16532 148 3899 3899 3899 3899 3899 3899 3899 3899 3899 3899 3899 3899 3899 3899 3899 3899 3899 3899 3899 3899 3899 3899 3899 3899 3899 3899 3899 3899 3899 3899 3899 3899 3899 3899 3899 3899 3899 3799 3899 4499 3899 3799 3699 3799 3999 4699 5099 5699 3699 3599 4799 5399 5399 5699 6099 6599 5699 5799 5699 5899 5899 6299 7399 7599
0 0 8 120 4 64 64 32916 32915 149 149 149 149 16532 146 149 149 149 149 149 147 146 144 149 149 149 149 147 146 144 141 149 149 147 148 144 145 143 16526 147 148 146 144 143 143 141 140 146 146 144 143 141 142 140 140 146 144 143 141 32910 32910 140 140 146 16529 143 143 143 143 16526 140 5999 5899 6099 6599 7399 7699 7599 6999 6299 6799 7299 7799 7899 7299 6399 5399 7699 7799 7899 7999 6999 5799 4799 3799 8399 8299 7399 6299 5499 4499 3899 3599 7399 6999 5999 5499 4499 3899 3499 3599 6099 5799 5499 4799 3799 3799 3499 3599 5899 5599 4599 3699 3699 3799 3499 3599 5799 4799 3899 3799 3599 3799 3599 3599
0 0 16 0 4 1 1 143 3999
0 0 16 8 4 1 1 143 3999
0 0 16 16 4 64 64 143 143 143 143 143 143 143 143 143 143 143 143 143 143 143 143 143 143 143 143 143 143 143 143 143 143 143 143 143 143 143 143 143 143 143 143 143 143 143 143 143 143 143 143 143 143 143 143 143 143 143 143 143 143 143 143 16529 143 143 143 143 143 143 143 3999 3999 3999 3999 3999 3999 3999 3999 3999 3999 3999 3999 3999 3999 3999 3999 3999 4099 3999 3999 3999 3999 3999 3999 3999 3999 3999 3999 3999 3999 3999 3999 3999 4199 3999 3999 3999 3999 3999 3999 3999 3999 3999 3999 3999 3999 3999 3999 4199 3999 3999 3999 3999 3999 3999 3999 4199 3999 4099 3999 3999 3999 3999 3999
0 0 16 24 4 64 64 16529 143 143 143 143 143 143 143 16529 143 143 143 143 143 143 143 16529 143 143 143 143 143 143 143 16529 143 143 143 143 143 143 143 16528 143 143 143 143 143 143 143 146 16529 143 143 143 143 143 143 146 16528 143 143 143 143 143 143 146 146 16528 143 143 143 143 143 5199 4199 3999 3999 3999 3999 3999 3999 4999 4099 3999 3999 3999 3999 3999 3999 4999 4299 4099 3999 3999 3999 3999 3999 4799 4399 4099 3999 3999 3999 3999 3999 5099 4599 4199 3999 3999 3999 3999 3999 5299 4499 4099 3999 3999 3999 3999 3999 6099 4999 3999 4199 3999 3999 3999 3999 6099 4699 4099 4199 3999 3999 3999 3999
0 0 16 32 4 64 64 146 146 146 16528 143 143 143 143 146 146 146 146 16528 143 143 143 146 146 146 146 146 16529 143 143 146 146 146 146 146 16529 32911 143 32916 32916 32916 146 146 16529 143 141 149 149 149 16532 146 16529 143 16526 149 149 149 16532 146 16529 143 16525 149 149 149 16531 146 16528 143 143 6499 5699 4499 3999 3999 3999 4099 3999 6699 6399 5799 5599 4299 3999 4099 4199 6699 6299 6399 5799 5299 4099 3799 3899 6499 6199 6599 6199 5799 4199 3799 3699 6599 6399 6399 6299 5899 5099 3799 3799 7132 7165 6599 6199 6099 5399 3999 3699 6732 9032 7732 6666 6199 5399 4099 3599 6599 10265 9632 6965 5999 5499 4499 3699
0 0 16 40 4 64 64 149 149 149 149 16532 146 16529 143 149 149 149 149 16532 146 16529 143 149 149 149 149 16531 146 16529 143 149 149 149 149 149 16532 16529 143 149 149 149 149 149 16532 16529 143 149 149 149 149 147 146 16529 143 149 149 149 149 16532 146 16529 143 149 149 149 149 16531 146 16529 143 6566 10198 10632 6965 5999 5599 4799 3899 6532 10232 11998 7932 6099 5699 4999 4099 6499 10165 12165 9099 6899 5899 4999 4099 6599 9232 11765 9699 7399 5999 4999 4099 6699 8399 10465 9699 7699 5999 4999 3899 6799 8432 9565 9599 7599 5899 4799 3899 6832 8599 9632 8799 7199 5799 4699 3899 7032 8599 9899 8665 6366 5699 4699 3899
0 0 16 48 4 64 64 149 149 149 149 149 16531 16528 143 149 149 149 149 149 149 16532 16529 149 149 149 149 149 149 16531 16528 49299 149 149 149 149 149 149 16532 146 148 49299 149 149 149 149 16532 49296 146 146 49299 149 149 149 16532 143 145 49296 146 148 148 148 146 49293 143 143 145 145 49296 146 146 7032 8499 10298 9599 6865 5666 4999 3999 6832 8565 9199 10165 9132 6765 5399 4399 6432 8232 8932 9865 10065 8965 6299 4899 5966 7165 8599 9732 10998 10365 7132 5099 5399 6266 6666 7399 9065 10298 8865 6765 4166 5632 5866 6232 6832 7999 8332 6732 3599 4466 5432 5532 5899 6132 6199 5932 3599 3699 4399 5099 5166 5166 5299 5799
0 0 16 56 4 64 64 140 142 142 142 49293 143 145 145 140 140 140 140 140 142 142 142 140 140 140 140 140 140 140 140 140 140 140 140 140 140 140 140 140 140 140 140 140 140 140 140 140 140 140 140 140 140 140 140 140 140 140 140 140 140 140 140 140 140 140 140 140 140 140 140 3599 3599 3599 3699 3699 3799 3999 4499 3599 3599 3599 3599 3599 3599 3599 3599 3599 3599 3599 3599 3599 3599 3599 3599 3599 3599 3599 3599 3599 3599 3599 3599 3599 3599 3599 3599 3599 3599 3599 3599 3599 3599 3599 3599 3599 3599 3599 3599 3599 3599 3599 3599 3599 3599 3599 3599 3599 3599 3599 3599 3599 3599 3599 3599
0 0 16 64 4 1 1 140 3599
0 0 16 72 4 1 1 140 3599
0 0 16 80 4 64 64 140 140 140 140 140 140 140 140 140 140 140 140 140 140 140 140 140 140 140 140 140 140 140 140 16525 32910 140 140 140 140 140 140 143 143 16525 140 140 140 140 140 16528 143 143 16526 140 32910 32910 32910 146 16528 143 16525 32909 32913 32913 32913 146 146 16528 32913 49297 32916 32916 146 3599 3599 3599 3599 3599 3599 3599 3599 3599 3599 3599 3599 3599 3599 3599 3599 3599 3599 3599 3599 3599 3599 3599 3599 3599 3599 3599 3599 3599 3599 3599 3599 3699 3599 3599 3599 3599 3599 3599 3599 4499 3899 3699 3599 3599 3599 3599 3599 4999 4599 3999 3599 3599 3599 3599 3599 5799 4699 4199 3799 3699 3699 3899 4199
0 0 16 88 4 64 64 146 146 32916 32915 149 149 149 16532 32916 32915 149 149 149 149 149 16532 149 149 149 149 149 147 148 144 149 149 149 149 147 144 145 143 149 149 149 147 144 143 143 143 149 147 148 144 143 143 143 143 149 16532 144 143 143 143 143 143 149 16532 16529 143 143 143 143 143 6799 6232 5066 4566 4399 4499 6132 6499 5199 5966 6599 5966 5766 8399 8099 6366 4899 7299 7399 10565 10465 6899 5699 4699 4699 9032 12065 10765 7399 4899 3999 3899 5099 9465 9365 5999 4499 3899 3899 3899 6199 7232 6599 4499 3899 3899 3899 3899 7799 7599 5399 3899 3899 3899 3899 3899 8099 5899 4099 3899 3899 3899 3899 3899
0 0 16 96 4 64 64 147 144 143 143 143 143 143 143 144 143 143 143 143 143 143 143 143 143 143 143 143 143 143 143 143 143 143 143 143 143 143 143 143 143 143 143 143 143 143 143 143 143 143 143 143 143 143 143 143 143 143 143 143 143 143 143 143 143 143 143 143 143 143 143 5999 4299 3899 3899 3899 3899 3899 3899 4199 3899 3899 3899 3899 3899 3899 3899 3899 3899 3899 3899 3899 3899 3899 3899 3899 3899 3899 3899 3899 3899 3899 3899 3899 3899 3899 3899 3899 3899 3899 3899 3899 3899 3899 3899 3899 3899 3899 3899 3899 3899 3899 3899 3899 3899 3899 3899 3899 3899 3899 3899 3899 3899 3899 3899
0 0 16 104 4 64 64 143 143 143 143 143 143 143 143 143 143 143 143 143 143 143 143 143 143 143 143 143 143 143 143 143 143 143 143 143 143 143 143 143 143 143 143 143 143 143 143 143 143 143 143 143 143 143 143 143 143 143 143 143 143 143 49297 143 143 143 143 143 32913 32913 149 3899 3899 3899 3899 3899 3899 3899 3899 3899 3899 3899 3899 3899 3899 3899 3899 3899 3899 3899 3899 3899 3899 3899 3899 3899 3899 3899 3899 3899 3899 3899 3899 3899 3899 3899 3899 3899 3899 3899 3899 3899 3899 3899 3899 3899 3899 3899 3899 3899 3899 3899 3899 3899 3899 3899 3899 3899 3899 3899 3899 3899 3799 3699 4299
0 0 16 112 4 64 64 143 143 143 143 141 146 49300 149 143 143 32909 32913 32912 146 49300 149 32913 32913 32912 146 146 146 146 148 146 32916 32916 32916 146 146 144 49296 32915 149 149 149 16532 146 16529 143 149 149 149 149 16532 144 143 143 149 149 147 148 146 16529 143 141 148 148 146 144 145 143 141 140 3899 3899 3899 3899 3699 3499 3899 5199 3899 3899 3799 3599 3299 3299 5799 6799 3899 3799 3599 3599 4499 5399 6299 6899 3899 4099 4699 5499 5999 6099 5599 5099 5199 5699 6699 7499 7399 6099 5299 4899 6099 7199 7799 7799 6999 5499 5299 4599 7699 7799 7299 6799 5899 4999 4299 3799 7499 6799 6099 5299 4399 3899 3699 3599
0 0 16 120 4 64 64 146 144 145 141 142 142 140 140 145 141 142 140 140 140 140 140 142 140 140 140 140 140 140 140 140 140 140 140 140 140 140 140 140 140 140 140 140 140 140 140 140 140 140 140 140 140 140 140 140 140 140 140 140 140 140 140 140 140 140 140 140 140 140 140 6199 5199 4299 3799 3599 3599 3599 3599 4499 3799 3599 3599 3599 3599 3599 3599 3599 3599 3599 3599 3599 3599 3599 3599 3599 3599 3599 3599 3599 3599 3599 3599 3599 3599 3599 3599 3599 3599 3599 3599 3599 3599 3599 3599 3599 3599 3599 3599 3599 3599 3599 3599 3599 3599 3599 3599 3599 3599 3599 3599 3599 3599 3599 3599
0 0 24 0 4 1 1 143 3999
0 0 24 8 4 1 1 143 3999
0 0 24 16 4 1 1 143 3999
0 0 24 24 4 1 1 143 3999
0 0 24 32 4 64 64 143 143 143 143 143 143 143 143 143 143 143 143 143 143 143 143 143 143 143 143 143 143 143 143 141 49293 143 143 143 143 143 143 140 140 49293 143 143 143 143 143 140 140 49294 143 143 143 143 143 140 140 140 49293 143 143 143 143 16526 140 140 140 49293 143 143 143 3999 3999 3999 3999 3999 3999 3999 3999 4099 4099 3999 3999 3999 3999 3999 3999 3899 3899 3999 3999 3999 3999 3999 3999 3899 3699 3799 3999 3999 3999 3999 3999 3699 3599 3699 3799 3999 3999 3999 3999 3599 3599 3599 3699 3899 3999 3999 3999 3599 3599 3599 3599 3799 3899 3999 3999 3599 3599 3599 3599 3599 3699 3999 3999
0 0 24 40 4 64 64 16526 140 140 140 49294 143 143 143 16526 140 140 140 49294 143 143 143 16526 140 140 140 49294 143 143 143 16526 140 140 140 49294 143 143 143 16526 140 140 140 49294 143 143 143 16526 140 140 140 49294 143 143 143 16526 140 140 140 32909 143 143 143 16526 140 140 49294 143 143 143 143 3599 3599 3599 3599 3599 3699 3899 3999 3599 3599 3599 3599 3599 3699 3899 3999 3599 3599 3599 3599 3599 3699 3799 3999 3599 3599 3599 3599 3599 3699 3899 3999 3599 3599 3599 3599 3599 3699 3799 3999 3599 3599 3599 3599 3599 3699 3899 3999 3599 3599 3599 3599 3599 3799 3899 3999 3599 3599 3599 3599 3699 3799 3899 3999
0 0 24 48 4 64 64 16525 32910 32910 32909 143 143 143 143 143 143 143 143 143 143 143 143 32913 32913 32913 32913 32913 143 143 143 146 146 32916 32916 146 16528 143 143 146 49300 149 149 16531 32916 16528 143 146 49300 149 149 149 149 16532 16528 146 146 49299 149 149 149 16531 32916 146 146 49300 149 149 149 149 149 3599 3599 3599 3599 3699 3899 3999 3999 3699 3599 3599 3699 3799 4099 4199 3999 3899 3799 3899 4099 3999 3999 3999 4199 3999 3799 4799 5099 4599 4199 3999 4099 5899 5499 6099 6599 5999 4699 3999 3999 6099 6099 6699 7899 7599 6399 4499 3999 5899 5899 5999 7099 7599 7799 6699 4899 5799 6099 5999 6699 7799 7899 7599 6799
0 0 24 56 4 64 64 145 145 49296 49299 149 149 149 149 142 142 49293 49296 49299 149 149 149 140 140 140 49293 49296 148 49299 149 140 140 140 140 49293 49296 49300 149 140 140 140 140 49294 49297 49300 149 140 140 140 140 49294 49297 49300 149 140 140 140 140 49294 49297 49300 149 140 140 140 140 49294 49297 32915 149 4899 4899 5099 5599 6799 7899 7999 7999 3599 3599 3599 3499 3999 6699 7999 8199 3599 3599 3599 3599 3699 3999 5899 7499 3599 3599 3599 3599 3599 3599 4599 6799 3599 3599 3599 3599 3599 3599 4099 6299 3599 3599 3599 3599 3599 3599 3899 6099 3599 3599 3599 3599 3599 3599 3899 5599 3599 3599 3599 3599 3599 3599 3899 6399
0 0 24 64 4 64 64 140 140 140 140 49294 143 149 149 140 140 140 140 49294 143 149 149 140 140 140 140 49294 143 149 149 140 140 140 140 49294 143 149 149 140 140 140 140 49294 49297 49299 149 140 140 140 140 49294 49297 49300 149 140 140 140 140 49294 32912 32915 149 140 140 140 140 32910 49300 149 149 3599 3599 3599 3599 3599 3599 4299 7299 3599 3599 3599 3599 3599 3599 4599 7699 3599 3599 3599 3599 3599 3599 4899 7799 3599 3599 3599 3599 3599 3599 5099 7699 3599 3599 3599 3599 3599 3599 4599 7432 3599 3599 3599 3599 3599 3599 4399 6999 3599 3599 3599 3599 3599 3599 4099 6699 3599 3599 3599 3599 3599 3599 4499 7199
0 0 24 72 4 64 64 140 140 140 49294 49297 32915 149 149 140 140 140 49294 143 149 149 149 140 140 140 49294 143 149 149 149 140 140 140 49294 49297 49299 149 149 140 140 140 140 49293 49296 148 148 140 140 140 140 49294 143 145 145 140 140 140 140 140 142 142 140 140 140 140 140 140 140 49294 32913 3599 3599 3599 3599 3599 3799 5799 8099 3599 3599 3599 3599 3499 4499 7499 8765 3599 3599 3599 3499 3399 4732 8599 9032 3599 3599 3599 3499 3499 4166 7499 8465 3599 3599 3599 3499 3499 3699 4866 6066 3599 3599 3599 3599 3599 3666 3966 4132 3599 3599 3599 3599 3599 3599 3632 3632 3599 3599 3599 3599 3599 3599 3599 3532
0 0 24 80 4 64 64 140 140 140 140 140 140 32910 32915 140 140 140 140 140 49294 143 149 140 140 140 140 140 49294 143 149 140 140 140 140 140 49294 143 149 140 140 140 140 140 140 142 49299 32910 140 140 140 140 140 49294 145 143 16526 140 140 140 140 140 49293 16529 16526 140 140 140 140 140 140 3599 3599 3599 3599 3599 3599 3599 3666 3599 3599 3599 3599 3599 3599 3599 3866 3599 3599 3599 3599 3599 3599 3599 4366 3599 3599 3599 3599 3599 3599 3599 4132 3599 3599 3599 3599 3599 3599 3599 3699 3599 3599 3599 3599 3599 3599 3599 3599 3599 3599 3599 3599 3599 3599 3599 3599 4066 3599 3599 3599 3599 3599 3599 3599
0 0 24 88 4 64 64 16529 16526 140 140 140 140 140 140 16529 16525 140 140 140 140 140 140 143 143 16525 140 140 140 140 140 143 143 143 16525 140 140 140 140 143 143 143 143 16525 140 140 140 143 143 143 143 143 16525 140 140 143 143 143 143 143 143 16526 140 143 143 143 143 143 143 16526 140 4866 3599 3599 3599 3599 3599 3599 3599 4399 3599 3599 3599 3599 3599 3599 3599 3799 3699 3599 3599 3599 3599 3599 3599 3899 3899 3799 3699 3599 3599 3599 3599 3899 3899 3899 3799 3699 3599 3599 3599 3899 3899 3899 3899 3799 3599 3599 3599 3899 3899 3899 3899 3899 3799 3599 3599 3899 3899 3899 3899 3899 3899 3699 3599
0 0 24 96 4 64 64 143 143 143 143 143 143 16526 140 143 143 143 143 143 143 16526 140 143 143 143 143 143 143 16526 140 143 143 143 143 143 143 16526 140 143 143 143 143 143 143 16526 140 143 143 143 143 143 143 16526 140 143 143 143 143 143 141 140 32909 143 143 143 143 143 16526 32909 49297 3899 3899 3899 3899 3899 3899 3699 3599 3899 3899 3899 3899 3899 3899 3799 3599 3899 3899 3899 3899 3899 3899 3699 3399 3899 3899 3899 3899 3899 3899 3499 2799 3899 3899 3899 3899 3899 3899 3399 2299 3899 3899 3899 3899 3899 3899 3599 2199 3899 3899 3899 3899 3899 3799 3599 2299 3899 3899 3899 3899 3899 3799 3599 2699
0 0 24 104 4 64 64 143 143 143 143 143 32909 143 32912 143 143 143 143 143 143 32912 146 143 143 143 143 143 32912 146 146 143 143 143 143 32912 146 146 146 143 32913 32913 32912 146 146 146 146 32912 146 146 146 146 146 146 146 32916 32916 32916 146 146 146 146 146 149 149 149 16532 146 146 146 144 3899 3899 3899 3899 3899 3799 3499 3099 3899 3899 3899 3899 3899 3699 3599 4199 3899 3899 3899 3899 3799 3599 4099 5499 3899 3899 3899 3899 3799 4199 5199 6499 3899 3899 3999 4099 3899 4599 6699 7299 3899 4299 4799 4699 4599 5899 6799 6799 4399 5299 5799 5299 6099 7099 6299 5699 5499 6599 6699 6699 7499 6799 5699 5599
0 0 24 112 4 64 64 149 149 149 16532 146 144 145 143 149 149 147 146 144 143 141 142 148 148 144 145 143 143 16526 140 146 146 16529 143 141 142 140 140 145 145 143 143 16526 140 140 140 141 142 142 142 140 140 140 140 140 140 140 140 140 140 140 140 140 140 140 140 140 140 140 140 7865 9365 8665 7599 6299 5599 4799 4799 7699 8099 7199 6099 5199 4199 3799 3599 6899 6399 5599 5099 4399 4199 3799 3599 5399 5699 5099 4499 3799 3699 3699 3599 4299 4499 4099 3899 3699 3599 3599 3599 3799 3699 3699 3599 3599 3599 3599 3599 3599 3599 3599 3599 3599 3599 3599 3599 3599 3599 3599 3599 3599 3599 3599 3599
0 0 24 120 4 1 1 140 3599
0 0 32 0 4 1 1 143 3999
0 0 32 8 4 1 1 143 3999
0 0 32 16 4 1 1 143 3999
0 0 32 24 4 1 1 143 3999
0 0 32 32 4 1 1 143 3999
0 0 32 40 4 1 64 143 3999 3999 3999 3999 3999 3999 3999 3999 4199 3999 3999 3999 3999 3999 3999 3999 4099 4099 3999 3999 3999 3999 3999 3999 3999 4099 3999 3999 3999 3999 3999 3999 3999 4199 4099 3999 3999 3999 3999 3999 3999 4099 3999 3999 3999 3999 3999 3999 3999 4099 3999 3999 3999 3999 3999 3999 4099 4199 4099 3999 3999 3999 3999 3999
0 0 32 48 4 64 64 143 143 143 143 143 143 143 143 143 143 143 143 143 143 143 143 143 143 143 143 143 143 143 143 143 143 143 143 143 143 143 143 143 143 143 143 143 143 143 143 32913 143 143 143 143 143 143 143 146 16528 143 143 143 143 143 143 16531 146 16528 32913 143 143 143 143 4099 3999 3999 3999 4099 3999 3999 3999 3999 4099 4199 4199 4099 3999 3999 3999 3999 3999 3999 3999 3999 3999 3999 3999 3999 4199 4099 4099 3999 3999 4199 3999 4099 3999 4099 3999 3999 3999 4099 4099 3999 3999 3999 3999 3999 4099 4099 4099 4099 3999 3999 3999 3999 4099 3999 3999 5699 4899 4099 3999 3999 4199 3999 3999
0 0 32 56 4 64 64 149 16531 146 146 16528 32913 32913 143 149 149 16531 32916 32916 32916 146 16528 149 149 149 149 149 149 16531 32916 149 149 149 149 149 149 149 149 149 149 149 149 149 149 149 149 149 149 149 149 149 149 149 149 149 149 149 147 143 49299 149 149 149 149 147 144 141 49294 49297 49299 7199 5899 5199 4499 4299 4099 3999 4099 8099 7299 6499 5799 5199 4699 4399 4099 7999 7899 7199 7299 7299 6699 6099 5299 7699 7799 7099 7799 7999 7799 7399 6799 7999 7899 7599 8499 8699 8299 7799 7699 8099 8099 8699 8832 7799 7565 8432 8099 8099 8599 8199 6799 5332 5466 6566 7899 8699 8899 6699 4166 3632 3699 3799 4832
0 0 32 64 4 64 64 149 149 145 141 140 140 49293 49296 149 149 143 16526 140 140 140 49293 149 149 32913 16526 140 140 140 140 149 149 16531 32910 140 140 140 140 149 149 149 143 16526 140 140 140 149 149 149 32913 16526 140 140 49294 149 149 149 16532 140 140 140 49294 149 149 147 146 140 140 140 49294 8932 8599 5232 3699 3599 3599 3599 3699 8932 8165 4099 3599 3599 3599 3599 3599 8332 7999 3899 3599 3599 3599 3599 3599 7599 8099 4499 3599 3599 3599 3599 3599 7799 9399 6232 3766 3599 3599 3599 3599 8299 10165 7765 4732 3566 3599 3599 3599 8732 10465 8799 5332 3599 3599 3599 3599 9065 9532 7065 5699 3499 3599 3599 3599
0 0 32 72 4 64 64 149 149 16532 140 140 140 140 49294 149 147 144 16526 140 140 140 140 147 144 141 140 140 140 140 140 16532 142 140 140 140 140 140 140 144 16526 140 140 140 140 140 140 141 140 140 140 140 140 140 140 32910 32910 32910 140 140 140 140 140 143 143 32913 16525 140 140 140 140 9499 7799 5766 3599 3566 3599 3599 3599 8132 5732 4299 3599 3599 3599 3599 3599 6899 4199 3599 3599 3599 3599 3599 3599 5699 3599 3599 3599 3599 3599 3599 3599 4799 3699 3599 3599 3599 3599 3599 3599 3866 3532 3599 3599 3599 3599 3599 3599 3532 3532 3599 3599 3599 3599 3599 3599 3599 3599 3599 3599 3599 3599 3599 3599
0 0 32 80 4 64 64 149 149 16532 16529 16526 140 140 140 149 149 16531 16529 16525 32910 140 140 149 149 149 32913 143 143 16525 32910 149 149 149 16531 16528 32913 143 143 149 149 149 149 16531 32916 16528 32913 149 149 149 149 149 149 16531 32916 143 149 149 149 149 149 149 149 49293 49297 148 49299 149 149 149 149 4032 5232 5032 3832 3599 3599 3599 3599 5766 8132 6599 4599 3699 3599 3599 3599 7765 9332 7499 4932 3766 3599 3599 3599 7832 9865 7932 4966 4066 3899 3832 3699 6865 9932 9532 6466 5199 4866 4632 4232 4532 8699 11098 9232 6765 5799 5132 4899 3699 4999 8699 9465 9899 9365 7665 6499 3599 3699 4566 5999 7332 9365 11065 10132
0 0 32 88 4 64 64 140 142 49294 145 143 49297 49299 149 140 140 140 142 142 142 140 49294 140 140 140 140 140 140 140 140 140 140 140 140 140 140 140 140 140 140 140 140 140 140 140 140 140 140 140 140 140 140 140 140 140 140 140 140 140 140 140 140 140 140 140 140 140 140 140 140 3599 3599 3599 3699 3932 4399 5632 7465 3599 3599 3599 3599 3599 3599 3599 3699 3599 3599 3599 3599 3599 3599 3599 3599 3599 3599 3599 3599 3599 3599 3599 3599 3599 3599 3599 3599 3599 3599 3599 3599 3599 3599 3599 3599 3599 3599 3599 3599 3599 3599 3599 3599 3599 3599 3599 3599 3599 3599 3599 3599 3599 3599 3599 3599
0 0 32 96 4 64 64 140 140 140 140 140 140 140 140 140 140 140 140 140 146 32916 32916 140 140 140 140 146 32915 149 149 140 140 32910 146 32915 149 149 149 140 32909 32912 32915 149 149 149 149 32909 32912 32915 149 149 149 149 149 32912 32915 149 149 149 149 149 149 49300 149 149 149 149 149 149 149 3599 3599 3599 3599 3599 3599 3599 3599 3599 3599 3599 3499 3432 3366 3599 3599 3299 3099 2999 2999 3199 3499 6099 6699 2199 1933 2099 2499 3599 6799 7665 7865 1599 1499 1699 2699 6099 7499 8065 8065 1399 1499 2199 5099 7299 8299 9199 9365 1599 2299 4799 6899 7999 9532 11798 12265 2499 4399 6699 7899 8099 7599 8499 9399
0 0 32 104 4 64 64 49300 149 149 149 147 148 148 148 49300 149 149 147 146 144 145 145 146 148 148 146 144 143 143 141 146 146 146 144 143 141 142 140 146 144 145 141 142 140 140 140 146 16529 141 140 140 140 140 140 144 143 16526 140 140 140 140 140 143 143 16526 140 140 140 140 140 4399 6499 7699 7799 6699 6099 5999 5899 5399 7199 7699 7199 5899 5499 5299 5199 6299 6999 7299 6399 5499 4999 4299 3799 6699 6199 5699 5199 4399 3699 3599 3599 6599 5199 4499 3799 3599 3599 3599 3599 6099 4499 3599 3599 3599 3599 3599 3599 5499 4099 3599 3599 3599 3599 3599 3599 5499 3999 3599 3599 3599 3599 3599 3599
0 0 32 112 4 64 64 143 141 140 140 140 140 140 140 142 140 140 140 140 140 140 140 140 140 140 140 140 140 140 140 140 140 140 140 140 140 140 140 140 140 140 140 140 140 140 140 140 140 140 140 140 140 140 140 140 140 140 140 140 140 140 140 140 140 140 140 140 140 140 140 4599 3799 3599 3599 3599 3599 3599 3599 3599 3599 3599 3599 3599 3599 3599 3599 3599 3599 3599 3599 3599 3599 3599 3599 3599 3599 3599 3599 3599 3599 3599 3599 3599 3599 3599 3599 3599 3599 3599 3599 3599 3599 3599 3599 3599 3599 3599 3599 3599 3599 3599 3599 3599 3599 3599 3599 3599 3599 3599 3599 3599 3599 3599 3599
0 0 32 120 4 1 1 140 3599
0 0 40 0 4 64 64 143 143 143 143 143 143 143 16526 143 143 143 143 143 143 143 16525 143 143 143 143 143 143 143 143 143 143 143 143 143 143 143 143 143 143 143 143 143 143 143 143 143 143 143 143 143 143 143 143 143 143 143 143 143 143 143 141 143 143 143 143 143 143 143 16526 3999 3999 3999 3999 3999 4099 3966 3766 3999 3999 3999 3999 3999 4032 3932 3866 3999 3999 3999 3999 3999 4032 3966 3832 3999 3999 3999 3999 3999 4132 3999 3932 3999 3999 3999 3999 3999 4132 4066 3999 3999 3999 3999 3999 3999 4032 4066 3899 3999 3999 3999 3999 3999 3999 4032 3832 3999 3999 3999 3999 3999 4032 3899 3866
0 0 40 8 4 64 64 143 143 143 143 143 143 143 16525 143 143 143 143 143 143 143 143 143 143 143 143 143 143 143 143 143 143 143 143 143 143 143 143 143 143 143 143 143 143 143 143 143 143 143 143 143 143 143 143 143 143 143 143 143 143 143 143 143 143 143 143 143 143 143 143 3999 3999 3999 3999 3999 3999 3899 3799 3999 3999 3999 3999 3999 3999 3899 3832 3999 3999 3999 3999 3999 3999 3966 3899 3999 3999 3999 3999 3999 3999 3999 3932 3999 3999 3999 3999 3999 3999 3999 3932 3999 3999 3999 3999 3999 3999 3999 3999 3999 3999 3999 3999 3999 3999 3999 4032 3999 3999 3999 3999 3999 3999 3999 3999
0 0 40 16 4 1 1 143 3999
0 0 40 24 4 1 1 143 3999
0 0 40 32 4 1 1 143 3999
0 0 40 40 4 1 1 143 3999
0 0 40 48 4 1 64 143 3999 3999 3999 3999 3999 3999 3999 3999 3999 3999 3999 3999 3999 3999 3999 3999 3999 3999 3999 3999 3999 3999 3999 3999 3999 3999 3999 3999 3999 3999 3999 3999 3999 3999 3999 3999 3999 3999 3999 3999 4099 3999 3999 3999 3999 3999 3999 3999 3999 3999 3999 3999 3999 3999 3999 3999 3999 3999 3999 3999 3999 3999 3999 3999
0 0 40 56 4 64 64 143 143 143 143 143 143 143 143 32913 143 143 143 143 143 143 143 146 16528 143 143 143 143 143 143 16531 146 16528 143 143 143 143 143 149 16531 146 16528 143 143 143 143 149 149 16531 146 16529 143 143 143 149 149 149 16531 16528 143 143 143 149 149 149 149 16532 16529 143 143 3999 3999 3999 3999 3999 3999 3999 3999 3999 3999 3999 3999 3999 3999 3999 3999 4499 3899 3999 3999 3999 3999 3999 3999 5899 4999 4199 3999 3999 3999 3999 3999 7299 6699 5099 4199 3999 3999 3999 3999 7799 7399 5999 4999 4099 3999 3999 3999 8165 7799 6899 5799 4699 4099 3999 3999 7132 9065 8699 6799 5299 4299 3999 3999
0 0 40 64 4 64 64 49299 149 149 149 16532 16528 143 143 49296 148 148 148 146 146 16528 143 49293 49296 146 146 146 146 146 16529 140 32909 49296 146 146 146 146 16529 32909 143 32913 32912 146 146 146 16529 143 32912 32916 32916 146 146 146 16529 49297 49300 149 149 16532 146 146 16529 49297 49300 149 149 16532 146 144 143 4366 7099 8999 7699 6099 4999 4199 3999 3599 4499 7099 7599 6799 5499 4399 4099 3599 3699 4932 6299 6799 6299 5099 4199 3599 3599 3732 3999 6099 6799 6399 4599 3632 3632 3632 3799 4399 6899 6699 5399 3599 3666 3899 4499 5299 7299 6799 5499 3599 3899 5399 5799 7099 6699 6199 4999 3599 4299 7299 7765 6899 5799 5599 4399
0 0 40 72 4 64 64 49297 146 148 148 146 144 143 143 49293 49296 146 146 146 16529 143 143 140 49293 145 145 145 32909 143 32913 140 140 142 142 49293 143 49297 146 140 140 140 140 49294 143 49297 32915 140 140 140 140 49294 143 143 149 140 140 140 140 49294 143 32913 149 140 140 140 140 49294 49297 49300 149 3499 3932 7299 7365 6366 4199 5199 4199 3599 3632 4099 6199 5866 4032 3966 4199 3599 3599 3632 3966 4099 3766 3866 4099 3599 3599 3599 3632 3799 3732 3799 3832 3599 3599 3599 3599 3599 3732 4166 5132 3599 3599 3599 3599 3599 3666 3932 5366 3599 3599 3599 3599 3599 3699 3899 5232 3599 3599 3599 3599 3599 3632 3932 5466
0 0 40 80 4 64 64 140 140 140 140 32909 49297 49300 149 140 140 140 49294 143 49297 49300 149 32910 140 140 49294 143 49297 49300 149 143 16525 32910 32909 143 32912 49300 149 32913 143 143 143 49297 146 32915 149 32916 16528 143 143 49297 32915 149 149 149 16531 16529 143 149 149 149 149 149 149 149 149 149 149 149 149 3599 3599 3599 3599 3599 3732 4066 6099 3599 3599 3599 3599 3599 3799 4399 6332 3599 3599 3599 3599 3699 3932 4632 6865 3699 3666 3699 3632 3766 4099 5032 7299 3932 3832 3799 3799 3832 4266 5432 7465 4532 4166 4032 3899 3966 4499 5699 7432 5766 5032 4432 4099 4199 4799 6332 7899 8732 6699 5466 4766 5499 8099 9899 8799
0 0 40 88 4 64 64 149 149 149 149 149 149 149 149 49297 49299 149 149 149 149 147 148 142 49294 143 143 143 143 145 49296 140 140 142 142 142 49293 143 143 140 140 140 140 140 140 49293 32912 140 140 140 140 140 140 32910 32916 140 140 140 140 140 32909 32913 149 140 140 140 140 32909 32912 32915 149 8099 9099 9832 9299 10765 10765 9199 7799 3699 4199 6199 8032 8132 7799 7032 5999 3599 3599 3699 3999 4799 5199 4766 4432 3599 3599 3599 3599 3632 3732 3799 3899 3599 3599 3599 3599 3599 3599 3599 3599 3599 3599 3599 3599 3599 3599 3599 3599 3599 3599 3599 3599 3599 3599 3599 3699 3599 3599 3599 3599 3599 3599 3566 4732
0 0 40 96 4 64 64 140 32910 140 49294 49297 49300 149 149 32916 16528 16525 49294 49297 49300 149 149 149 16531 16528 140 49297 49300 149 149 149 149 16531 32910 49293 145 149 149 149 149 149 143 140 49297 148 148 149 149 149 143 16526 49293 49296 146 149 149 147 16529 16526 140 49293 49296 149 147 144 143 16526 140 140 142 3599 3599 3599 3599 3599 3799 4566 6632 3832 3699 3599 3599 3599 4199 6266 8399 6266 5166 3699 3599 3599 3999 6366 8499 7699 7265 4766 3599 3599 3599 4966 8132 8165 7932 6732 3699 3599 3599 4099 6232 9665 9832 7799 4099 3599 3599 3599 4799 12398 10698 6832 4399 3599 3599 3599 3799 8332 6466 5199 4499 3599 3599 3599 3599
0 0 40 104 4 64 64 148 144 143 141 140 140 140 140 145 143 141 140 140 140 140 140 142 142 140 140 140 140 140 140 140 140 140 140 140 140 140 140 140 140 140 140 140 140 140 140 140 140 140 140 140 140 140 140 140 140 140 140 140 140 140 140 140 140 140 140 140 140 140 140 5799 4999 4399 3699 3599 3599 3599 3599 4399 3899 3499 3599 3599 3599 3599 3599 3599 3599 3599 3599 3599 3599 3599 3599 3599 3599 3599 3599 3599 3599 3599 3599 3599 3599 3599 3599 3599 3599 3599 3599 3599 3599 3599 3599 3599 3599 3599 3599 3599 3599 3599 3599 3599 3599 3599 3599 3599 3599 3599 3599 3599 3599 3599 3599
0 0 40 112 4 1 1 140 3599
0 0 40 120 4 64 1 140 140 140 140 140 140 140 140 140 140 140 140 140 140 140 140 140 140 140 140 140 140 140 140 140 140 140 140 140 140 140 49294 140 140 140 140 140 140 140 49294 140 140 140 140 140 140 140 32909 140 140 140 140 140 140 32909 49297 140 140 140 140 140 32909 143 32912 3599
0 0 48 0 4 64 64 140 140 140 140 140 140 140 140 140 140 140 140 140 140 140 140 16526 140 140 140 140 140 140 140 16526 140 140 140 140 140 140 140 16526 140 140 140 140 140 140 140 16526 140 140 140 140 140 140 140 140 140 140 140 140 140 140 140 140 140 140 140 140 140 140 140 3466 3366 3199 3033 3099 3066 3033 3033 3666 3432 3333 3199 3166 3133 3066 2999 3732 3466 3266 3233 3333 3233 3166 3033 3799 3532 3466 3333 3333 3299 3233 3099 3799 3599 3499 3399 3366 3299 3233 3166 3766 3666 3432 3399 3366 3333 3233 3199 3799 3766 3466 3366 3399 3333 3333 3233 3799 3666 3532 3432 3399 3399 3299 3299
0 0 48 8 4 64 64 140 140 140 140 140 140 140 140 16525 32910 140 140 140 140 140 140 143 143 16526 140 140 140 140 140 143 143 16526 140 140 140 140 140 143 141 140 140 140 140 140 140 143 143 16525 140 140 140 140 140 143 143 143 16525 140 140 140 140 143 143 143 143 16526 140 140 140 3799 3732 3532 3466 3366 3432 3333 3299 3832 3732 3666 3532 3432 3432 3432 3266 3832 3766 3632 3566 3566 3499 3466 3333 3932 3932 3666 3499 3532 3532 3532 3466 3899 3799 3699 3632 3599 3599 3566 3466 3966 3832 3866 3699 3632 3632 3566 3532 3999 3932 3832 3766 3732 3599 3632 3566 3999 3999 3899 3766 3699 3766 3632 3666
0 0 48 16 4 64 64 143 143 143 143 16525 140 32910 32910 143 143 143 143 143 140 143 143 143 143 143 143 143 32909 143 143 143 143 143 143 143 143 143 143 143 143 143 143 143 143 143 143 143 143 143 143 143 143 143 143 143 143 143 143 143 143 143 143 143 143 143 143 143 143 143 143 3999 3999 3899 3899 3799 3666 3699 3766 3999 3999 3999 3899 3832 3732 3699 3766 3999 3999 3999 3932 3932 3799 3832 3899 3999 3999 3999 3999 3932 3866 3766 3866 3999 3999 3999 3999 3999 3966 3966 3966 3999 3999 3999 3999 3999 3999 3999 3999 3999 3999 3999 3999 3999 3999 3999 3999 3999 3999 3999 3999 3999 3999 3999 3999
0 0 48 24 4 1 1 143 3999
0 0 48 32 4 1 1 143 3999
0 0 48 40 4 1 1 143 3999
0 0 48 48 4 1 64 143 3999 3999 3999 3999 3999 3999 3999 3999 3999 3999 3999 3999 3999 3999 3999 3999 3999 3999 3999 3999 3999 3999 3999 3999 3999 3999 3999 3999 3999 3999 3999 3999 3999 3999 3999 3999 3999 3999 3999 3999 3999 3999 3999 3999 3999 3999 3999 3999 3999 3999 3999 3999 3999 3999 3999 3999 3999 3999 3999 3999 3999 3999 4099 3999
0 0 48 56 4 64 64 143 143 143 143 143 143 143 141 143 143 143 143 143 143 143 16526 143 143 143 143 143 143 141 140 143 143 143 143 143 141 140 140 143 143 143 143 143 16526 140 140 143 143 143 143 143 16526 140 49294 143 143 143 143 143 16526 140 49294 143 143 143 143 143 16526 140 140 3999 3999 3999 3999 3999 3999 4099 3799 3999 3999 3999 3999 3999 3999 3899 3499 3999 3999 3999 3999 3999 3899 3699 3099 3999 3999 3999 3999 3999 3799 3199 2899 3999 3999 3999 3999 3999 3599 2999 3099 3999 3999 3999 3999 3999 3599 2799 3199 3999 3999 3999 3999 4099 3599 2899 3299 3999 3999 3999 3999 4099 3699 2899 3299
0 0 48 64 4 64 64 143 143 143 143 143 16525 140 140 143 143 143 143 143 143 16526 140 143 143 143 143 143 143 16526 140 143 143 143 143 143 143 16525 140 143 143 143 143 143 143 143 16526 143 143 143 143 143 143 143 16525 143 143 143 143 143 143 143 143 143 143 143 143 143 143 143 143 3999 3999 3999 3999 3999 3699 2899 3299 3999 3999 3999 3999 3999 3699 2999 3199 3999 3999 3999 3999 3999 3899 3199 2999 4199 4099 4099 4099 3999 3999 3499 2999 4199 4199 4199 4199 3999 3999 3499 3099 4199 4199 4199 4199 4199 4099 3899 3399 4199 4199 4199 4199 4199 4099 3999 3632 4199 4199 4199 4199 4199 4199 3999 3899
0 0 48 72 4 64 64 143 143 143 143 143 143 143 143 143 143 143 143 143 143 143 143 32913 32913 143 143 143 143 143 143 32916 32916 16529 143 143 143 143 143 149 149 32913 143 143 143 143 143 149 149 16532 16529 143 143 143 141 149 149 16532 16529 143 143 141 140 149 149 16532 16529 143 143 16526 140 4199 4199 4199 4199 4199 4199 4099 4099 4199 4199 4199 4199 4199 4199 4199 4199 4199 4199 4199 4199 4199 4199 4199 4199 4199 4199 4199 4199 4199 4199 4199 3999 6199 6132 4599 4132 4199 4199 4199 3899 7199 8165 5599 4432 4099 4132 3999 3599 8265 8899 5799 4399 4166 4166 3799 3299 9232 9532 6132 4699 4232 3999 3632 2999
0 0 48 80 4 64 64 149 149 16532 16529 143 143 16526 140 149 149 16532 16529 143 143 16526 140 149 149 16532 16529 143 143 16526 140 149 149 16532 16529 143 143 16526 140 149 149 16532 16528 143 143 16526 140 149 149 16532 146 16528 143 16525 140 149 149 16531 146 146 16529 143 16526 149 149 149 16531 146 16528 143 16526 9565 9732 6432 4699 4299 3932 3466 2699 10065 9532 6266 4699 4366 4099 3299 2499 9899 9232 6399 4766 4399 4099 2933 2599 9665 8732 6632 4999 4632 4132 3166 2699 9099 8232 6466 5266 4666 4399 3233 2733 8665 8065 6832 5532 4899 4532 3399 2766 8632 8065 7099 5866 5532 4732 3666 2733 8399 8099 7399 6532 5732 5332 4099 2966
0 0 48 88 4 64 64 149 149 149 149 16532 146 16529 16526 49299 149 149 149 16532 146 16529 16525 49300 149 149 149 16532 146 16529 143 143 149 149 149 16532 146 16529 143 49300 149 149 149 16532 146 16529 143 32915 149 149 147 146 144 143 143 149 149 149 16532 144 143 143 143 149 149 147 144 143 143 143 143 7399 8032 7965 7032 6366 5599 4866 3333 6132 7365 8332 7699 6666 6032 4699 3599 4866 6366 8132 8265 6832 5732 4432 3799 3899 4866 8099 8232 6765 5899 5399 4199 3632 4799 9132 7899 6699 5766 4299 3999 3899 6332 8732 7332 6299 4799 4066 4032 6499 7065 7799 6666 5232 4399 4066 3999 8432 7532 7232 5299 4266 4099 4099 3999
0 0 48 96 4 64 64 149 149 16532 16528 143 143 143 143 149 147 146 146 16528 143 143 143 149 16532 146 146 146 16528 143 143 149 16532 146 146 146 146 16528 32913 148 146 146 146 146 146 146 146 146 146 146 146 146 146 146 146 146 146 146 146 146 146 146 146 146 146 146 146 146 146 146 146 9032 7699 6232 4232 4166 4199 4099 3999 8732 7532 6732 4632 4199 4099 4199 4099 7832 7299 7365 6099 5299 4499 4099 4099 8032 7299 7299 6965 7132 5499 4599 3999 7632 7399 7499 7499 7499 6999 5499 4799 6099 7199 7499 7499 7299 7399 6499 5699 5199 6499 7499 7499 7399 7199 7099 6099 3499 5699 6799 7599 7499 7399 7199 6899
0 0 48 104 4 64 64 140 146 146 146 146 146 146 146 140 140 146 146 146 146 146 146 140 140 146 146 32916 32916 146 146 140 140 140 49300 149 149 16532 146 140 140 140 49300 149 149 16532 146 140 140 140 146 148 148 146 146 140 140 140 146 146 146 146 146 140 140 140 146 146 146 146 146 3599 3499 5799 7299 7399 7399 7299 6899 3599 3599 3499 6499 7599 7299 7299 7199 3599 3599 3599 5699 7299 7499 7199 7099 3599 3599 3599 3499 6999 7599 6999 7099 3599 3599 3599 3499 6599 7799 7199 6899 3599 3599 3599 3499 6499 7399 7199 6899 3599 3599 3599 3499 6099 7199 7199 6899 3599 3599 3599 3499 5899 7299 7299 6899
0 0 48 112 4 64 64 140 140 140 146 146 146 146 146 140 140 49294 49296 146 146 146 146 140 140 49294 49297 146 146 146 146 140 140 49294 49297 146 146 146 146 140 140 32909 32912 146 146 146 146 140 49294 49297 146 146 146 146 146 140 49294 49297 146 146 146 146 146 140 32909 32912 32916 32916 146 146 146 3599 3599 3599 3499 5699 6799 7399 6899 3599 3599 3599 3599 5399 6499 6999 6899 3599 3599 3599 3599 5099 6099 6999 6799 3599 3599 3599 3599 4999 5999 6799 6799 3599 3599 3599 3599 4999 6199 6599 6699 3599 3599 3599 3499 5599 7199 6899 6099 3599 3599 3599 4499 6599 7399 7099 6699 3599 3599 3599 4999 7299 7399 7099 6899
0 0 48 120 4 64 64 49294 49297 32915 149 149 16532 146 146 49294 32913 149 149 149 16532 146 146 32910 49300 149 149 149 16532 146 146 49297 49300 149 149 149 16532 146 146 49297 49300 149 149 149 16532 146 146 32912 49300 149 149 149 16532 146 146 146 32915 149 149 147 146 146 146 32915 149 149 149 16532 146 146 146 3599 3599 3599 5499 7399 7399 7199 7099 3599 3599 4099 6299 7799 7499 7199 7099 3599 3699 5099 8199 8799 7499 7299 7099 3599 3799 6399 9399 9799 7499 7299 6899 3599 3999 7299 9799 8899 7399 7299 6799 3599 3899 7199 8599 8099 7399 7299 6299 3599 5299 6799 7999 7499 7399 7299 5799 4699 5699 7599 7899 7399 7399 7099 5699
0 0 56 0 4 1 64 140 2899 2833 2699 2599 2599 2466 2366 2299 2866 2833 2699 2666 2599 2466 2466 2399 2899 2833 2733 2666 2633 2599 2533 2399 2999 2866 2733 2733 2699 2699 2566 2533 3033 2866 2833 2833 2766 2766 2599 2566 3033 2933 2899 2799 2766 2799 2699 2633 3099 2966 2833 2866 2833 2799 2699 2699 3166 3033 2899 2899 2799 2766 2699 2666
0 0 56 8 4 1 64 140 3233 3033 2933 2899 2799 2766 2733 2699 3233 3099 2999 2899 2866 2866 2866 2733 3266 3233 2966 2933 2899 2899 2866 2833 3366 3299 3166 2966 2933 2933 2899 2899 3399 3366 3166 3033 3099 2966 3033 3033 3432 3399 3333 3199 3166 3099 3099 3166 3432 3499 3333 3266 3266 3199 3266 3233 3566 3566 3432 3432 3432 3299 3366 3432
0 0 56 16 4 64 64 140 140 140 140 140 140 140 140 16526 140 140 32910 32910 140 140 140 16526 140 49294 143 143 16525 140 140 16525 32910 32909 143 143 143 16525 32910 143 143 143 143 143 143 143 143 143 143 143 143 143 143 143 143 143 143 143 143 143 143 143 143 143 143 143 143 143 143 143 143 3632 3599 3532 3466 3566 3432 3466 3532 3732 3732 3666 3599 3699 3599 3532 3599 3799 3799 3799 3766 3766 3699 3599 3632 3832 3832 3832 3832 3899 3832 3866 3799 3832 3832 3866 3866 3832 3899 3866 3866 3899 3966 3966 3966 3966 3932 3932 3832 3999 3999 3966 3999 3966 3966 3932 3966 3999 3999 3999 3999 3999 3999 3999 3999
0 0 56 24 4 1 1 143 3999
0 0 56 32 4 1 1 143 3999
0 0 56 40 4 1 1 143 3999
0 0 56 48 4 64 64 143 143 143 143 143 143 143 143 143 143 143 143 143 143 143 143 143 143 143 143 143 143 143 143 143 143 143 143 143 143 143 143 143 143 143 143 143 143 143 143 143 143 143 143 141 142 142 142 143 143 141 142 140 140 140 140 143 141 140 140 140 140 140 140 3999 3999 3999 3999 3999 3999 3999 3999 3999 3999 3999 3999 3999 3999 3999 3999 3999 3999 3999 3999 3999 3999 3999 3999 3999 3999 3999 3999 3999 3999 3999 3999 3999 3999 3999 3999 3999 3899 3899 3899 3999 3999 3899 4099 3799 3799 3799 3699 3999 3899 3799 3599 3599 2999 2699 2699 3899 3599 2999 2499 2799 2899 2899 2999
0 0 56 56 4 64 64 142 140 140 140 140 140 140 140 140 140 140 140 140 140 140 140 140 140 140 140 140 140 140 140 140 140 140 140 140 140 140 140 32910 32910 140 140 140 140 140 140 143 143 16526 140 140 140 140 140 143 143 16526 140 140 140 140 140 142 142 140 140 140 140 140 140 3699 3099 2899 3099 3299 3499 3499 3399 2999 3299 3299 3399 3699 3599 3499 3299 3099 3299 3499 3699 3699 3399 2999 2799 3299 3499 3699 3699 3399 2899 2399 2099 3399 3799 3799 3599 2999 2299 1799 1499 3599 3799 3799 3399 2699 1899 1399 1199 3699 3899 3799 3299 2499 1599 1199 999 3699 3799 3699 3299 2399 1499 1499 899
0 0 56 64 4 64 64 140 140 140 140 140 140 140 140 140 140 140 140 140 140 140 140 140 140 140 140 140 140 140 140 140 140 140 140 140 140 140 140 140 140 140 140 140 140 140 140 140 140 140 140 140 32910 32910 32910 16526 140 140 140 49294 143 143 143 16525 140 140 140 32909 143 143 143 3799 3799 3699 3199 2399 1499 1199 999 3699 3799 3599 3099 2499 1699 1399 1299 3499 3799 3599 3199 2599 1999 1799 1599 3299 3799 3699 3199 2599 1799 2099 2099 2999 3499 3799 3299 2599 2099 2299 2599 2699 3199 3666 3333 1999 2499 2999 3199 2999 2866 3333 3133 2099 3099 3499 3599 3599 2799 3399 2666 2599 3399 4099 3999
0 0 56 72 4 64 64 143 16526 140 49294 143 143 143 143 143 16526 140 49294 143 143 143 143 141 140 140 32909 143 143 143 143 16526 140 49294 143 143 143 143 143 16526 140 49294 143 143 143 143 143 140 140 32909 143 143 143 143 143 140 49294 143 143 143 143 143 32913 140 32909 143 143 143 143 32912 146 3832 2999 3133 2299 2999 3599 4099 4099 3999 3299 2999 2699 3299 3899 4299 4399 3799 3099 2399 2899 3499 4099 4499 4699 3499 2799 2599 3199 3799 4299 4699 4999 3299 2299 2999 3399 3899 4499 4799 5099 2899 2599 3199 3699 3999 4599 4899 5199 1999 2899 3499 3799 4299 4499 4799 5099 2599 3099 3699 4099 4299 4499 4999 5299
0 0 56 80 4 64 64 49294 143 143 143 143 32912 146 146 49294 143 143 143 49297 146 146 146 49294 143 143 143 49297 146 146 146 49294 143 143 143 143 49296 146 146 49294 143 143 143 143 49297 146 146 140 49293 143 143 143 143 145 145 140 49294 143 143 143 143 143 143 140 49294 143 143 143 143 143 143 2899 3299 3799 3999 4399 4699 5199 5599 2999 3399 3999 4199 4499 4899 5499 5999 3099 3499 3999 4199 4499 5099 5799 6299 3099 3499 3999 4199 4499 4999 5599 6099 3199 3499 3899 4199 4399 4799 5299 5699 3099 3499 3799 4099 4299 4499 4799 4999 3099 3499 3699 3999 4099 4299 4299 4299 2899 3199 3599 3899 3899 4099 3999 3899
0 0 56 88 4 64 64 140 140 142 142 142 142 142 142 140 140 140 140 140 140 140 140 16525 140 140 140 140 140 140 140 143 16525 140 140 140 140 140 140 143 143 16525 32910 32910 32910 32910 32910 143 143 143 143 143 143 143 143 143 143 143 143 143 143 143 143 143 143 143 143 143 143 143 143 2599 2899 3199 3499 3799 3799 3766 3599 3099 2299 2899 3199 3399 3499 3399 3199 3333 2699 2066 2499 2999 3199 2999 2799 3599 3299 2899 2499 2299 1999 1899 2099 3899 3599 3399 3199 3099 2899 2899 2899 3999 3899 3799 3599 3599 3499 3499 3599 3999 3999 3999 3899 3899 3899 3899 3899 3999 3999 3999 3999 3999 3999 3999 3999
0 0 56 96 4 64 64 143 143 143 143 143 143 143 143 143 143 143 143 143 143 143 143 143 143 143 143 143 143 143 143 143 143 143 143 143 143 143 143 16529 143 143 143 143 143 143 143 16528 143 143 143 143 143 143 143 146 16529 143 143 143 143 143 143 146 16529 143 143 143 143 143 143 3999 4066 3999 3999 3999 3999 3999 3999 4099 4099 3999 3999 3999 3999 3999 3999 3999 4099 3999 4099 3999 3999 3999 3999 3999 3999 3999 4199 3999 3999 3999 3999 4299 3999 3999 4199 3999 3999 3999 3999 4799 4099 3999 3999 3999 3999 3999 3999 5499 4599 4199 3999 3999 3999 3999 3999 5699 5299 4399 4099 3999 3999 3999 3999
0 0 56 104 4 64 64 146 16528 143 143 143 143 143 143 146 146 16529 143 143 143 143 143 146 146 16528 32913 32913 143 143 143 146 146 146 32916 32916 16528 32913 32913 146 146 49300 149 149 16531 32916 146 146 146 49300 149 149 149 149 16531 146 146 146 148 49299 149 149 149 146 146 144 49296 49300 149 149 149 6299 5499 4899 4199 3999 3999 3999 3999 6599 5599 5099 4399 4099 3999 3999 3999 6699 5899 5199 4599 4199 4099 3999 3999 6799 6199 5299 5199 4732 4099 4099 4099 6699 6299 5799 6199 6099 5099 4599 4799 6699 6199 6199 7199 8699 6799 6466 5999 6599 6199 5399 6199 6799 7099 8899 7399 6599 6199 4999 4599 4299 6499 9599 7899
0 0 56 112 4 64 64 146 146 16529 143 49296 148 148 148 146 146 16529 143 143 145 145 145 146 146 16529 143 143 143 143 143 146 144 143 143 143 143 143 143 146 16529 143 143 143 143 143 143 144 143 143 143 143 143 143 143 16529 143 143 143 143 143 143 143 16529 143 143 143 143 143 143 143 6599 6099 4999 4299 3999 4699 6232 5832 6599 5699 4899 4199 3999 3999 4099 3999 6499 5999 4799 4199 3999 3999 3999 3999 6099 5399 4499 4099 3999 3999 3999 3999 5799 4899 4199 3999 3999 3999 3999 3999 5499 4599 3999 3999 3999 3999 3999 3999 5399 4199 3999 3999 3999 3999 3999 3999 5199 4099 3999 3999 3999 3999 3999 3999
0 0 56 120 4 64 64 16529 143 143 143 143 143 143 143 16529 143 143 143 143 143 143 143 16529 143 143 143 143 143 143 143 16529 143 143 143 143 143 143 143 16529 143 143 143 143 143 143 143 16529 143 143 143 143 143 143 143 16529 143 143 143 143 143 143 143 16529 143 143 143 143 143 143 143 5299 4099 3999 3999 3999 3999 3999 3999 5299 4099 3999 3999 3999 3999 3999 3999 5199 4099 3999 3999 3999 3999 3999 3999 5199 4199 3999 3999 3999 3999 3999 3999 5199 4199 3999 3999 3999 3999 3999 3999 5099 4199 4099 3999 3999 3999 3999 3999 4999 4199 3999 3999 3999 3999 3999 3999 4799 4099 3999 3999 3999 3999 3999 3999
0 0 64 0 4 1 64 140 2333 2299 2266 2266 2266 2299 2433 2499 2433 2399 2333 2333 2399 2499 2533 2633 2433 2466 2433 2433 2533 2566 2599 2599 2566 2499 2499 2566 2633 2566 2633 2633 2599 2533 2499 2599 2633 2599 2633 2666 2633 2666 2533 2633 2633 2499 2599 2599 2699 2699 2633 2666 2533 2499 2599 2633 2633 2699 2599 2599 2533 2533 2633 2733
0 0 64 8 4 1 64 140 2666 2699 2666 2699 2633 2666 2699 2766 2833 2799 2766 2766 2733 2733 2766 2899 2866 2833 2833 2866 2866 2833 2899 2999 2899 2866 2899 2933 2899 2933 2999 3033 2966 2933 2999 2999 2999 3099 3166 3133 3099 3066 3066 3166 3199 3133 3266 3299 3166 3166 3166 3266 3233 3299 3299 3432 3366 3366 3333 3466 3299 3432 3432 3499
0 0 64 16 4 64 64 140 140 140 140 140 140 140 140 140 140 140 140 140 140 140 32909 140 140 140 140 140 140 49294 143 32910 32910 32910 32910 32910 140 32909 143 143 143 143 143 143 32909 143 143 143 143 143 143 143 143 143 143 143 143 143 143 143 143 143 143 143 143 143 143 143 143 143 143 3399 3399 3532 3532 3532 3566 3499 3566 3566 3532 3566 3532 3599 3599 3632 3632 3732 3632 3632 3632 3699 3699 3832 3866 3866 3766 3799 3766 3766 3832 3799 3832 3866 3866 3866 3832 3866 3832 3866 3866 3966 3866 3899 3899 3932 3866 3866 3966 3932 3966 3966 3966 3966 3966 3999 3999 3999 3999 3999 3999 3999 3999 3999 3999
0 0 64 24 4 1 64 143 3999 3999 3999 3999 3966 3999 3999 3999 3999 3999 3999 3999 3999 3999 3999 3999 3999 3999 3999 3999 3999 3999 3999 3999 3999 3999 3999 3999 3999 3999 3999 3999 3999 3999 3999 3999 3999 3999 3999 3999 3999 3999 3999 3999 3999 3999 3999 3999 3999 3999 3999 3999 3999 3999 3999 3999 3999 3999 3999 3999 3999 3999 3999 3999
0 0 64 32 4 1 1 143 3999
0 0 64 40 4 1 1 143 3999
0 0 64 48 4 64 64 143 143 143 143 143 143 143 143 143 143 143 143 143 143 143 143 143 143 143 143 143 143 143 143 143 143 143 143 143 143 143 143 143 143 143 143 143 49293 143 143 142 142 142 142 142 140 142 142 140 140 140 140 140 140 140 140 140 140 140 140 140 140 140 140 3999 3999 3999 3999 3999 3999 3999 3999 3999 3999 3999 3999 3999 3999 3999 3999 3999 3999 3999 3999 3999 3999 3999 3999 3999 3999 3999 3999 3999 3999 3999 3999 3899 3899 3899 3899 3899 3799 3799 3899 3599 3599 3699 3399 3599 3599 3599 3699 2799 2599 2599 2699 2999 3099 3199 3299 3099 2899 2999 2899 2699 2599 2899 3199
0 0 64 56 4 64 64 140 140 140 32910 32910 32910 32910 32910 140 140 49294 143 143 143 143 143 140 140 49294 143 143 143 143 143 140 140 140 49293 143 143 143 143 140 140 140 49294 143 143 143 143 140 140 140 140 49293 143 143 143 140 140 140 140 49294 143 143 143 140 140 140 140 49294 143 143 143 3199 3499 3599 3499 3499 3399 3199 2899 3299 3599 3699 3799 3799 3799 3799 3699 2899 3199 3599 3799 3899 3999 3999 3899 2199 2599 3199 3599 3799 3999 3999 3999 1599 1899 2599 3199 3599 3899 3999 4099 1399 1399 1899 2699 3399 3799 3899 3999 899 1099 1499 2299 3099 3699 3899 3999 799 899 1299 1999 2799 3499 3899 3999
0 0 64 64 4 64 64 140 140 140 140 140 49293 143 143 140 140 140 140 140 140 49293 143 140 140 140 140 140 140 49294 143 140 140 140 140 140 140 32909 143 140 140 32910 32910 32910 32909 143 143 32910 32909 143 143 143 143 143 143 143 143 143 143 143 143 143 143 143 143 143 143 143 143 143 143 899 1299 1199 1699 2399 3099 3699 3899 1099 1199 1299 1699 2199 2699 3299 3799 1599 1699 1899 1999 2299 2699 3199 3699 2199 2399 2499 2699 2899 2999 3299 3699 2799 2999 3199 3299 3399 3499 3599 3799 3299 3499 3599 3799 3799 3799 3799 3899 3699 3799 3799 3899 3899 3899 3999 3999 4099 3999 4099 3999 3999 3999 3999 3999
0 0 64 72 4 64 64 143 143 143 143 143 143 143 143 143 143 143 143 143 143 143 143 143 143 143 143 143 143 143 143 143 143 143 143 143 143 143 143 143 143 143 143 143 143 143 143 143 143 143 143 143 143 143 143 32913 143 143 143 143 143 143 143 146 16528 143 143 143 143 143 143 4199 4199 4099 4099 4099 3999 3999 3999 4399 4399 4299 4199 4099 3999 3999 3999 4699 4699 4499 4299 4199 4099 3999 3999 5099 4999 4699 4399 4199 4099 3999 3999 5299 5199 4799 4499 4299 4099 3999 3999 5399 5299 4899 4499 4199 4099 3999 3999 5299 5199 4799 4499 4199 4099 3999 3999 5399 5299 4899 4499 4299 4099 4099 3999
0 0 64 80 4 64 64 146 146 16528 143 143 143 143 143 146 146 146 16529 143 143 143 143 146 146 146 16529 143 143 143 143 146 146 146 16529 143 143 143 143 146 144 145 143 143 143 143 141 145 143 143 143 143 143 141 140 143 143 143 141 142 142 140 140 141 142 142 140 140 140 140 140 5799 5499 5099 4699 4499 4299 4199 4099 6199 5999 5599 5099 4799 4699 4499 4299 6499 6199 5799 5399 5299 5099 4799 4399 6299 6099 5699 5499 5499 5299 4799 4199 5699 5599 5299 4999 5099 4799 4299 3799 4899 4799 4499 4399 4299 3999 3799 3599 4199 3999 3899 3799 3699 3699 3499 3499 3699 3599 3599 3499 3499 3399 3299 3199
0 0 64 88 4 64 64 140 140 140 140 140 140 140 140 140 140 140 140 140 140 140 140 140 140 140 140 140 140 140 140 140 140 140 140 32910 32910 32910 32909 32910 32910 32910 32909 143 143 143 143 143 143 143 143 143 143 143 143 143 143 143 143 143 143 143 143 143 143 143 143 143 143 143 143 3399 3299 3199 3199 3099 2899 2699 2699 2999 2799 2599 2599 2499 2299 1999 2199 2599 2299 1899 1699 1999 2199 2399 2599 2199 2399 2499 2699 2799 2899 2999 3199 2999 2999 3099 3199 3299 3399 3599 3599 3599 3599 3699 3699 3799 3899 3899 3999 3899 3999 3999 3999 3999 3999 3999 3999 3999 3999 3999 3999 3999 3999 3999 3999
0 0 64 96 4 1 1 143 3999
0 0 64 104 4 64 64 143 143 143 143 143 143 143 143 143 143 143 143 143 143 143 143 143 143 143 143 143 143 143 143 143 143 143 143 143 143 143 143 16528 143 143 143 143 143 143 143 146 16529 143 143 143 143 143 143 16532 16529 143 143 143 143 143 143 16532 16529 143 143 143 143 143 143 3999 3999 3999 3999 3999 3999 3999 3999 3999 3999 3999 3999 3999 3999 3999 3999 3999 3999 3999 3999 3999 3999 3999 3999 4199 3999 3999 3999 3999 3999 3999 3999 4566 4232 3999 3999 3999 3999 3999 3999 5199 4399 3999 3999 3999 3999 3999 3999 5732 4499 3999 3999 3999 3999 3999 3999 5699 4299 3999 3999 3999 3999 3999 3999
0 0 64 112 4 64 64 144 143 143 143 143 143 143 143 143 143 143 143 143 143 143 143 143 143 143 143 143 143 143 143 143 143 143 143 143 143 143 143 143 143 143 143 143 143 143 143 143 143 143 143 143 143 143 143 143 143 143 143 143 143 143 143 143 143 143 143 143 143 143 143 4599 3999 3999 3999 3999 3999 3999 3999 3999 3999 3999 3999 3999 3999 3999 3999 3999 3999 3999 3999 3999 3999 3999 3999 3999 3999 3999 3999 3999 3999 3999 3999 3999 3999 3999 3999 3999 3999 3999 3999 3999 3999 3999 3999 3999 3999 3999 3999 3999 3999 3999 3999 3999 3999 3999 3999 3999 3999 3999 3999 3999 3999 3999 3999
0 0 64 120 4 1 1 143 3999
0 0 72 0 4 64 64 140 140 140 140 140 49293 143 143 140 140 140 140 140 49294 143 143 140 140 140 140 140 49294 143 143 140 140 140 140 140 32909 143 143 140 140 140 140 49294 143 143 143 140 140 140 140 49294 143 143 143 140 140 140 140 49294 143 143 143 140 140 140 140 32909 143 143 143 2599 2733 2899 3033 3199 3499 3832 3999 2666 2766 2866 3033 3299 3466 3799 3999 2699 2799 2899 2933 3266 3532 3832 3999 2733 2866 2866 2999 3266 3599 3832 3999 2766 2899 2933 3066 3432 3732 3866 3999 2799 2933 2999 3199 3366 3699 3999 3999 2866 3033 3133 3299 3399 3699 3966 3999 2833 3033 3133 3333 3532 3732 3932 3999
0 0 72 8 4 64 64 140 140 140 32909 143 143 143 143 140 140 49294 143 143 143 143 143 140 140 32909 143 143 143 143 143 140 32909 143 143 143 143 143 143 49294 143 143 143 143 143 143 143 49294 143 143 143 143 143 143 143 49294 143 143 143 143 143 143 143 49294 143 143 143 143 143 143 143 3033 3099 3333 3399 3732 3766 3966 4066 3166 3266 3399 3532 3699 3899 4032 3999 3233 3299 3432 3599 3899 3999 4099 4099 3299 3399 3632 3866 4166 4299 4299 4199 3299 3466 3732 3999 4466 4599 4499 4299 3432 3666 3999 4499 4799 4799 4699 4499 3532 3766 4166 4699 4899 4799 4699 4599 3599 3799 4199 4699 4799 4799 4799 4499
0 0 72 16 4 64 64 32909 143 143 143 143 143 143 143 143 143 143 143 143 143 143 143 143 143 143 143 143 143 143 143 143 143 143 143 143 143 143 143 143 143 143 143 143 143 143 143 143 143 143 143 143 143 143 143 143 143 143 143 143 143 143 143 143 143 143 143 143 143 143 143 3632 3799 4166 4499 4599 4599 4499 4299 3766 3832 4099 4199 4299 4299 4299 4199 3799 3899 3999 4099 4099 4099 4099 4099 3899 3866 3999 4032 3999 3999 3999 3999 3932 3966 3999 4099 3999 3999 3999 3999 3966 3999 3999 4099 4099 4032 3999 3999 3999 3999 4066 3999 3999 3999 3999 3999 3999 3999 3999 3999 3999 3999 3999 3999
0 0 72 24 4 1 1 143 3999
0 0 72 32 4 1 1 143 3999
0 0 72 40 4 1 1 143 3999
0 0 72 48 4 64 64 143 143 143 143 143 143 143 143 143 143 143 143 143 143 143 143 143 143 143 143 143 143 143 141 143 143 143 143 143 143 141 140 143 143 143 143 143 143 16526 140 49293 143 143 143 143 141 140 140 140 142 49293 143 143 16526 140 140 140 140 140 142 142 140 140 140 3999 3999 3999 3999 3999 3999 3999 3999 3999 3999 3999 3999 3999 3999 3999 3899 3999 3999 3999 3999 3999 3999 3999 3799 3999 3999 3999 3999 3999 3899 3799 3399 3899 3899 3999 3999 3999 3899 3699 3099 3799 3799 3899 3999 3966 3799 3499 3033 3499 3599 3699 3799 3899 3799 3499 2999 3099 3399 3499 3599 3699 3699 3499 3099
0 0 72 56 4 64 64 32910 140 140 140 140 140 140 140 143 16525 140 140 140 140 140 140 143 143 16525 32910 140 140 140 140 143 143 143 143 16525 32910 32910 32909 143 143 143 143 143 143 143 143 143 143 143 143 143 143 143 143 143 143 143 143 143 143 143 143 143 143 143 143 143 143 143 143 2799 2899 3099 3399 3499 3499 3399 2999 3399 3099 2999 2999 3099 3199 3099 2899 3899 3699 3399 3199 2999 2999 2999 3099 3999 3999 3799 3599 3399 3399 3299 3399 4099 3999 3999 3899 3799 3799 3799 3799 4099 4099 3999 3999 3999 3999 3899 3899 3999 3999 4099 4099 4099 4099 3999 3999 3999 3999 3999 3999 4099 4099 4099 3999
0 0 72 64 4 1 64 143 3999 3999 3999 3999 4099 4099 4099 3999 3899 3999 3999 4099 4099 4099 4099 3999 3899 3999 3999 4099 4099 3999 3999 3999 3899 3999 3999 3999 3999 3999 3999 3999 3899 3999 3999 3999 3999 3999 3999 3999 3999 3999 3999 3999 3999 3999 3999 3999 3999 3999 3999 3999 3999 3999 3999 3999 3999 3999 3999 3999 3999 3999 3999 3999
0 0 72 72 4 64 64 143 143 143 143 143 143 143 143 143 143 143 143 143 143 143 143 143 143 143 143 143 143 143 143 143 143 143 143 143 143 143 143 143 143 143 143 143 143 143 143 143 143 143 143 143 143 143 143 143 143 143 143 143 143 143 143 143 143 143 143 143 143 141 142 3999 3999 3999 3999 3999 3999 3999 3999 3999 3999 3999 3999 3999 3999 3999 3999 3999 3999 3999 3999 3999 3999 3999 3999 3999 3999 3999 3999 3999 3999 3999 3999 3999 3999 3999 3999 3999 3999 3999 3999 3999 3999 3999 3999 3999 3999 3999 3999 3999 3999 3999 3999 3999 3899 3899 3899 3999 3999 3999 3899 3899 3899 3799 3799
0 0 72 80 4 64 64 143 143 143 143 141 142 140 140 143 143 143 141 140 140 140 140 143 143 141 140 140 140 140 140 141 142 140 140 140 140 140 140 140 140 140 140 140 140 140 140 140 140 140 140 140 140 140 140 140 140 140 140 140 140 140 140 140 140 140 140 140 140 140 140 4099 3999 3899 3899 3799 3699 3699 3699 4099 3899 3899 3799 3699 3599 3599 3599 4099 3899 3699 3699 3599 3599 3599 3599 3799 3699 3599 3599 3599 3599 3599 3599 3699 3599 3599 3599 3599 3599 3499 3399 3599 3599 3599 3499 3399 3299 3199 3099 3499 3399 3299 3199 3099 2999 2799 2699 3199 3099 2999 2799 2699 2699 2699 2799
0 0 72 88 4 64 64 140 140 140 140 140 32910 32910 32910 140 140 140 32910 32909 143 143 143 32910 32910 32909 143 143 143 143 143 143 143 143 143 143 143 143 143 143 143 143 143 143 143 143 143 143 143 143 143 143 143 143 143 143 143 143 143 143 143 143 143 143 143 143 143 143 143 143 143 2799 2699 2299 2499 2699 2899 3099 3299 2399 2499 2699 2899 3099 3399 3499 3599 2899 2999 3199 3399 3599 3699 3899 3999 3299 3499 3599 3799 3899 3999 3999 3999 3699 3899 3899 3999 3999 3999 3999 3999 3999 3999 3999 3999 3999 3999 3999 3999 3999 3999 3999 3999 3999 3999 3999 3999 3999 3999 3999 3999 3999 3999 3999 3999
0 0 72 96 4 1 1 143 3999
0 0 72 104 4 1 1 143 3999
0 0 72 112 4 1 1 143 3999
0 0 72 120 4 1 1 143 3999
0 0 80 0 4 1 1 143 3999
0 0 80 8 4 1 64 143 3999 3999 3999 3999 3999 3999 3999 3999 3999 3999 3999 3999 3999 3999 3999 3999 3999 3999 3999 3999 3999 3999 3999 3999 4099 3999 3999 3999 3999 3999 3999 3999 4199 4099 3999 3999 3999 3999 3999 3999 4299 4099 3999 3999 3999 3999 3999 3999 4299 4099 3999 3999 3999 3999 3999 3999 4299 4099 3999 3999 3999 3999 3999 3999
0 0 80 16 4 1 64 143 4199 4099 3999 3999 3999 3999 3999 3999 4099 3999 3999 3999 3999 3999 3999 3999 3999 3999 3999 3999 3999 3999 3999 3999 3999 3999 3999 3999 3999 3999 3999 3999 3999 3999 3999 3999 3999 3999 3999 3999 3999 3999 3999 3999 3999 3999 3999 3999 3999 3999 3999 3999 3999 3999 3999 3999 3999 3999 3999 3999 3999 3999 3999 3999
0 0 80 24 4 1 1 143 3999
0 0 80 32 4 1 1 143 3999
0 0 80 40 4 1 64 143 3999 3999 3999 3999 3999 3999 3999 3999 3999 3999 3999 3999 3999 3999 3999 3999 3999 3999 3999 3999 3999 3999 3999 3999 3999 3999 3999 3999 3999 3999 3999 3999 3999 3999 3999 3999 3999 3999 3999 3999 3999 3999 3999 3999 3999 3999 3999 3999 3999 3999 3999 3999 3999 3999 4099 4099 3999 3999 3999 3999 4099 4099 4099 4099
0 0 80 48 4 64 64 143 143 143 143 143 143 143 143 143 141 142 49293 143 143 143 143 142 140 140 140 142 142 142 142 140 140 140 140 140 140 140 140 140 140 140 140 140 140 140 140 140 140 32910 32910 32910 32910 32910 32910 140 49294 143 143 143 143 143 143 140 49294 143 143 143 143 143 143 3999 3899 3999 3999 3999 3999 4099 3999 3899 3799 3799 3799 3866 3899 3899 3999 3599 3499 3599 3599 3599 3699 3799 3799 3099 2999 3099 3099 3099 3099 3199 3199 2999 3033 3099 3099 3099 3099 2999 2899 3099 3399 3599 3599 3499 3499 3299 3299 3099 3499 3699 3799 3799 3799 3699 3699 3099 3499 3699 3899 3899 3899 3899 3899
0 0 80 56 4 64 64 140 49294 143 143 143 143 143 143 140 32909 143 143 143 143 143 143 32909 143 143 143 143 143 143 143 143 143 143 143 143 143 143 143 143 143 143 143 143 143 143 143 143 143 143 143 143 143 143 143 143 143 143 143 143 143 143 143 143 143 143 143 143 143 143 143 3099 3499 3699 3899 3999 3999 3999 3999 3099 3499 3699 3899 3999 3999 3999 3999 3399 3599 3799 3899 3999 3999 3999 3999 3599 3699 3999 3999 3999 3999 3999 3999 3799 3899 3999 3999 3999 3999 3999 3999 3899 3999 3999 3999 3999 3999 3999 3999 3999 3999 3999 3999 3999 3999 3999 3999 3999 3999 3999 3999 3999 3999 3999 3999
0 0 80 64 4 1 64 143 3999 3999 3999 3999 3999 3999 3999 3999 3999 3999 3999 3999 3999 3999 3999 3999 3999 3999 3999 3999 3999 3999 3999 3999 3999 3999 3999 3999 3999 3999 3999 4099 3999 3999 3999 3999 3999 3999 3999 4099 3999 3999 3999 3999 3999 4099 4099 4099 3999 3999 3999 3999 4099 4099 4099 4099 3999 3999 3999 4099 4099 4099 4099 4099
0 0 80 72 4 64 64 143 143 143 143 143 143 143 143 143 143 143 143 143 143 143 143 143 143 143 143 143 143 143 143 143 143 143 143 143 143 143 143 143 143 143 143 143 143 143 143 143 143 143 143 143 143 143 143 143 143 143 143 143 143 143 143 142 142 142 142 142 49293 143 143 3999 3999 3999 4099 4099 4099 4099 4099 3999 3999 4099 4099 4099 4099 4099 4199 3999 3999 4099 4099 4099 3999 4099 4099 3999 3999 4099 3999 3999 3999 3999 4199 3999 3999 3999 3999 3999 3999 4099 4199 3999 3999 3999 3999 3999 3999 3999 4099 3899 3899 3899 3899 3899 3899 3999 3999 3799 3799 3799 3799 3799 3799 3799 3899
0 0 80 80 4 64 64 140 140 140 140 140 140 142 49293 140 140 140 140 140 140 140 140 140 140 140 140 140 140 140 140 140 140 140 140 140 140 140 140 140 140 140 140 140 140 140 140 140 140 140 140 140 140 140 140 140 140 140 140 140 140 140 140 140 140 140 140 140 140 140 140 3599 3599 3699 3699 3699 3699 3699 3799 3599 3599 3599 3599 3599 3599 3599 3599 3599 3599 3599 3599 3599 3599 3599 3599 3599 3599 3599 3599 3599 3599 3599 3499 3399 3499 3499 3499 3599 3599 3399 2999 3099 3099 3199 3199 3299 3199 2899 2399 2599 2699 2599 2499 2299 2199 2099 1899 2999 3099 3099 2999 2899 2499 1999 1599
0 0 80 88 4 64 64 32910 32910 32910 32910 32910 32910 140 140 143 143 143 143 143 143 16525 32910 143 143 143 143 143 143 143 143 143 143 143 143 143 143 143 143 143 143 143 143 143 143 143 143 143 143 143 143 143 143 143 143 143 143 143 143 143 143 143 143 143 143 143 143 143 143 143 143 3399 3499 3499 3499 3399 3199 2699 2099 3699 3799 3799 3799 3699 3499 3299 2799 3899 3899 3999 3899 3899 3899 3699 3199 3999 3999 3999 3999 3999 4099 4099 3899 3999 3999 4099 4099 3999 4099 4299 4299 3999 4099 4099 4099 4099 4199 4199 4399 3999 3999 4099 4099 4099 4099 4299 4399 3999 3999 4099 4099 4099 4099 4099 4299
0 0 80 96 4 1 64 143 3999 3999 4099 4099 4099 4099 4099 4299 3999 3999 4099 4099 4099 4099 4099 4199 3999 3999 3999 3999 4099 4099 4099 4099 3999 3999 3999 3999 3999 4099 4099 4099 3999 3999 3999 3999 3999 3999 4099 4099 3999 3999 3999 3999 3999 3999 3999 4099 3999 3999 3999 3999 3999 3999 3999 3999 3999 3999 3999 3999 3999 3999 3999 3999
0 0 80 104 4 1 1 143 3999
0 0 80 112 4 1 1 143 3999
0 0 80 120 4 1 1 143 3999
0 0 88 0 4 1 1 143 3999
0 0 88 8 4 1 1 143 3999
0 0 88 16 4 1 1 143 3999
0 0 88 24 4 1 1 143 3999
0 0 88 32 4 1 1 143 3999
0 0 88 40 4 1 64 143 3999 3999 3999 3999 3999 3999 3999 3999 3999 3999 3999 3999 3999 3999 3999 3999 3999 3999 3999 3999 3999 3999 3999 3999 3999 3999 3999 3999 3999 3999 3999 3999 3999 3999 3999 3999 3999 3999 3999 3999 3999 3999 3999 3999 3999 3999 3999 3999 4099 3999 3999 3999 3999 4099 4099 4099 4099 3999 3999 3999 3999 3999 3999 4099
0 0 88 48 4 64 64 143 143 143 143 143 143 143 143 143 143 143 143 143 143 143 143 142 49293 143 143 143 143 143 141 140 140 142 142 142 142 142 140 140 140 140 140 140 140 140 140 32910 140 140 140 140 140 140 140 143 16525 32910 32910 32910 32910 32910 32909 143 143 143 143 143 143 143 143 3999 3999 3999 3999 3999 3999 3999 3999 3899 3899 3899 3999 3999 3999 3999 3966 3799 3799 3799 3899 3899 3899 3899 3799 3299 3499 3499 3699 3699 3699 3599 3299 2999 2999 3199 3299 3299 3199 2999 2899 3199 2999 2899 2899 2899 2899 2999 3133 3699 3599 3299 3099 3099 3199 3399 3499 3899 3799 3799 3799 3699 3699 3799 3699
0 0 88 56 4 1 64 143 3999 3999 3999 3899 3899 3899 3899 3999 3999 3999 3999 3999 3999 3999 3999 3999 3999 3999 3999 3999 3999 3999 3999 3999 3999 3999 3999 3999 3999 3999 3999 3999 3999 3999 3999 3999 3999 3999 3999 3999 3999 3999 3999 3999 3999 3999 3999 3999 3999 3999 3999 3999 3999 3999 3999 3999 3999 3999 3999 3999 3999 3999 3999 3999
0 0 88 64 4 1 64 143 3999 3999 3999 3999 3999 4099 4099 4099 3999 3999 3999 3999 4099 4099 4099 4099 3999 3999 4099 4099 4099 4099 4099 4099 4099 4099 4099 4099 4099 4099 4099 4099 4099 4099 4099 4099 4099 4099 4099 4099 4099 4099 4099 4099 4199 4199 4299 4299 4099 4099 4099 4199 4199 4299 4299 4299 4099 4199 4299 4299 4299 4399 4499 4599
0 0 88 72 4 64 64 143 143 143 143 143 143 143 143 143 143 143 143 143 143 143 143 143 143 143 143 143 143 32913 32913 143 143 143 143 143 49297 146 146 143 143 143 143 143 32912 146 146 143 143 143 143 49297 146 146 146 143 143 143 143 49297 146 146 146 143 143 143 143 143 49296 146 146 4199 4299 4299 4399 4499 4599 4599 4699 4199 4199 4399 4499 4499 4599 4799 4899 4199 4399 4499 4599 4699 4899 4999 5199 4199 4399 4499 4599 4799 4999 5199 5399 4299 4399 4499 4699 4899 5099 5399 5699 4199 4299 4399 4699 4999 5299 5599 5799 4099 4199 4399 4599 4899 5199 5699 5999 3999 4099 4199 4399 4699 5099 5599 6099
0 0 88 80 4 64 64 143 143 143 143 143 49297 146 146 142 142 142 49293 143 143 49296 146 140 140 140 140 142 49293 143 49296 140 140 140 140 140 140 49293 143 140 140 140 140 140 140 140 49293 140 140 140 140 140 140 140 140 140 140 140 140 140 140 140 140 140 140 140 140 140 140 140 140 3799 3899 3999 4099 4299 4799 5199 5799 3699 3599 3699 3699 3799 4099 4599 5299 3499 3399 3299 3299 3199 3299 3599 4299 3299 3099 2899 2699 2599 2599 2699 3199 2599 2399 2199 2199 2199 2099 2099 2299 2099 1999 1999 1999 1999 1999 1999 2099 1999 1999 1999 1999 1999 1999 1999 1999 1899 1999 1999 1999 1999 1999 1999 1999
0 0 88 88 4 64 64 140 140 140 140 140 140 140 140 140 140 140 140 140 140 140 140 16525 140 140 140 140 140 140 140 143 16525 32910 140 140 140 140 32909 143 143 143 16525 32910 32910 32909 143 143 143 143 143 143 143 143 32912 143 143 143 143 143 143 49297 146 143 143 143 143 143 143 49297 146 1699 1899 1999 1999 1999 1999 1999 1999 2299 1999 1999 1999 1999 1999 1999 1999 2799 2299 2099 1999 1999 1999 1999 1999 3299 2799 2399 2199 1999 2099 1999 1999 4199 3699 2999 2699 2399 2299 2299 2399 4499 4499 3999 3499 3199 3099 3199 3699 4499 4699 4699 4699 4699 4699 4799 5199 4399 4599 4699 4899 4999 5199 5399 5499
0 0 88 96 4 64 64 143 143 143 143 143 143 143 145 143 143 143 143 143 143 143 143 143 143 143 143 143 143 143 143 143 143 143 143 143 143 143 143 143 143 143 143 143 143 143 143 143 143 143 143 143 143 143 143 143 143 143 143 143 143 143 143 143 143 143 143 143 143 143 143 4299 4399 4599 4699 4899 4999 5099 5299 4299 4299 4499 4599 4599 4799 4799 4999 4199 4299 4299 4399 4499 4599 4599 4699 4099 4199 4299 4299 4299 4499 4499 4499 4099 4099 4099 4199 4299 4299 4299 4299 4099 4099 4099 4099 4099 4199 4299 4299 4099 4099 4099 4099 4099 4099 4099 4099 3999 4099 4099 4099 4099 4099 4099 4099
0 0 88 104 4 1 64 143 3999 3999 3999 3999 3999 4099 4099 4099 3999 3999 3999 3999 3999 3999 3999 4099 3999 3999 3999 3999 3999 3999 3999 3999 3999 3999 3999 3999 3999 3999 3999 3999 3999 3999 3999 3999 3999 3999 3999 3999 3999 3999 3999 3999 3999 3999 3999 3999 3999 3999 3999 3999 3999 3999 3999 3999 3999 3999 3999 3999 3999 3999 3999 3999
0 0 88 112 4 1 1 143 3999
0 0 88 120 4 1 1 143 3999
0 0 96 0 4 1 1 143 3999
0 0 96 8 4 1 1 143 3999
0 0 96 16 4 1 1 143 3999
0 0 96 24 4 1 1 143 3999
0 0 96 32 4 1 1 143 3999
0 0 96 40 4 64 64 143 143 143 143 143 143 143 143 143 143 143 143 143 143 143 143 143 143 143 143 143 143 143 143 143 143 143 143 143 143 143 143 143 143 143 143 143 143 143 143 143 143 143 143 143 143 143 143 143 143 143 143 143 143 143 143 143 143 143 143 141 142 142 142 3999 3999 3999 3999 3999 3999 3999 3999 3999 3999 3999 3999 3999 3999 3999 3999 3999 3999 3999 3999 3999 3999 3999 3999 3999 3999 3999 3999 3999 3999 3999 3999 3999 3999 3999 3999 3999 3999 3999 3999 3999 4099 4099 4066 3999 3999 3999 3999 4099 4099 3999 3999 3899 3899 3799 3899 4099 3999 3899 3899 3699 3599 3399 3499
0 0 96 48 4 64 64 143 143 141 142 140 140 140 140 143 141 140 140 140 32910 32910 32910 142 140 140 140 32909 143 143 143 140 140 140 32909 143 143 143 143 140 140 32909 143 143 143 143 143 32910 32909 143 143 143 143 143 143 143 143 143 143 143 143 143 143 143 143 143 143 143 143 143 143 3999 3899 3599 3299 3199 2999 2999 2999 3899 3499 3199 2999 3133 3199 3299 3399 3599 3199 3099 3299 3399 3499 3599 3699 3099 3099 3299 3499 3599 3799 3899 3899 3099 3199 3399 3599 3799 3932 3999 3999 3333 3399 3599 3799 3899 3999 4099 3999 3599 3699 3799 3899 3999 3999 3999 3999 3799 3899 3999 3999 3999 3999 3999 3999
0 0 96 56 4 1 1 143 3999
0 0 96 64 4 1 64 143 4099 4099 4099 4099 4099 4099 3999 3999 4099 4099 4099 4099 4099 4099 4099 4099 4099 4099 4099 4099 4099 4099 4099 4099 4099 4099 4099 4099 4099 4099 4099 4099 4199 4199 4199 4199 4099 4099 4099 4099 4299 4299 4299 4299 4299 4199 4199 4199 4399 4399 4399 4299 4299 4299 4299 4299 4599 4599 4599 4599 4499 4499 4399 4299
0 0 96 72 4 64 64 143 143 143 143 143 143 143 143 143 143 143 143 143 143 143 143 32913 32913 32913 32913 32913 32913 143 143 146 146 146 146 146 146 16528 32913 146 146 146 146 146 146 146 146 146 146 146 146 146 146 146 146 146 146 146 146 146 146 146 146 146 146 32916 32916 32916 146 146 146 4699 4799 4799 4699 4699 4599 4599 4499 4999 4999 4999 4999 4899 4799 4799 4599 5199 5299 5299 5299 5199 5099 4999 4799 5599 5599 5599 5599 5499 5399 5299 4999 5899 5899 6099 5899 5999 5799 5599 5299 6099 6299 6399 6299 6199 6199 5999 5699 6299 6599 6799 6699 6699 6499 6199 5999 6599 6899 7199 7199 7099 6799 6599 6199
0 0 96 80 4 64 64 146 49300 149 149 149 16531 146 146 146 49300 149 149 149 149 16532 146 146 49300 149 149 149 149 16531 146 49296 49300 149 149 149 149 149 16532 49297 49300 149 149 149 149 149 16532 49293 49296 49299 149 149 149 149 16532 49294 49297 49300 149 149 149 149 16532 140 142 49300 149 149 149 149 16532 6499 6999 7499 7499 7399 7299 6899 6599 6299 6999 7499 7799 7799 7499 7199 6899 5299 6499 7499 7899 8099 7899 7499 7099 4199 5499 7099 7899 8199 8099 7599 7299 2999 4299 5999 7699 8299 8199 7799 7399 2399 3399 4899 6899 8099 8099 7799 7399 2199 2799 4199 6299 7999 8099 7799 7399 2099 2599 3699 5699 7799 7999 7699 7199
0 0 96 88 4 64 64 140 49294 32912 49299 149 149 147 146 140 32910 146 146 148 148 146 146 32909 49297 146 146 146 146 146 146 143 32912 146 146 146 146 146 146 32912 146 146 146 146 146 146 146 146 146 146 146 146 146 146 146 146 146 146 146 146 146 144 145 146 146 146 144 145 145 143 143 2099 2499 3399 5299 7599 7799 7499 7099 1999 2399 3199 5499 7399 7499 7299 6899 2099 2299 3299 5899 7099 7199 6899 6599 2099 2599 4299 6299 6899 6799 6499 6199 2799 3899 5399 6399 6699 6499 6199 5999 4299 5199 5899 6299 6299 6099 5999 5699 5499 5899 5999 5999 5899 5699 5499 5299 5699 5699 5699 5599 5499 5399 5299 4999
0 0 96 96 4 64 64 145 145 145 143 143 143 143 143 143 143 143 143 143 143 143 143 143 143 143 143 143 143 143 143 143 143 143 143 143 143 143 143 143 143 143 143 143 143 143 143 143 143 143 143 143 143 143 143 143 143 143 143 143 143 143 143 143 143 143 143 143 143 143 143 5299 5299 5399 5299 5199 5099 4999 4799 4999 4999 4999 4999 4899 4799 4799 4599 4799 4799 4799 4699 4699 4599 4599 4499 4599 4599 4599 4599 4499 4499 4399 4299 4399 4399 4399 4399 4299 4299 4299 4299 4299 4299 4299 4299 4299 4199 4199 4099 4099 4199 4199 4099 4099 4099 4099 4099 4099 4099 4099 4099 4099 4099 4099 4099
0 0 96 104 4 1 64 143 4099 4099 4099 4099 4099 4099 4099 4099 4099 4099 4099 4099 4099 3999 3999 3999 3999 3999 3999 3999 3999 3999 3999 3999 3999 3999 3999 3999 3999 3999 3999 3999 3999 3999 3999 3999 3999 3999 3999 3999 3999 3999 3999 3999 3999 3999 3999 3999 3999 3999 3999 3999 3999 3999 3999 3999 3999 3999 3999 3999 3999 3999 3999 3999
0 0 96 112 4 1 1 143 3999
0 0 96 120 4 1 1 143 3999
0 0 104 0 4 1 1 143 3999
0 0 104 8 4 1 1 143 3999
0 0 104 16 4 1 1 143 3999
0 0 104 24 4 1 1 143 3999
0 0 104 32 4 1 64 143 3999 3999 3999 3999 3999 3999 3999 3999 3999 3999 3999 3999 3999 3999 3999 3999 3999 3999 3999 3999 3999 3999 3999 3999 3999 3999 3999 3999 3999 3999 3999 3999 3999 3999 3999 3999 3999 3999 3999 3999 3999 3999 3999 3999 3999 3999 3999 3999 3999 3999 3999 3999 3999 3999 3999 4099 3999 3999 3999 3999 3999 3999 4099 4099
0 0 104 40 4 64 64 143 143 143 143 143 143 143 143 143 143 143 143 143 143 143 143 143 143 143 143 143 143 143 143 143 143 143 143 143 141 142 142 143 143 143 143 141 140 140 140 143 143 143 141 140 140 140 32910 143 143 141 140 140 140 32909 143 142 142 140 140 140 32909 143 143 3999 3999 3999 3999 3999 4099 4099 4099 3999 3999 3999 3999 4099 4099 3999 3999 3999 3999 3999 3999 3999 3999 3899 3899 3999 3999 3999 3999 3999 3799 3699 3599 3999 3999 3999 3899 3799 3599 3399 3199 3999 3999 3899 3799 3599 3199 3099 3099 3999 3899 3799 3599 3199 2999 3199 3499 3599 3699 3499 3199 2999 3199 3599 3799
0 0 104 48 4 64 64 140 140 140 32910 32909 143 143 143 32910 32910 32909 143 143 143 143 143 143 143 143 143 143 143 143 143 143 143 143 143 143 143 143 143 143 143 143 143 143 143 143 143 143 143 143 143 143 143 143 143 143 143 143 143 143 143 143 143 143 143 143 143 143 143 143 143 3099 3199 3199 2999 3099 3499 3699 3899 3299 2999 2999 3199 3499 3699 3899 3999 3599 3599 3699 3799 3899 3899 3999 3999 3799 3899 3999 3999 3999 3999 3999 3999 3999 3999 3999 3999 3999 3999 3999 3999 3999 3999 3999 3999 3999 3999 3999 3999 3999 3999 3999 3999 3999 3999 3999 3999 3999 3999 3999 3999 3999 3999 3999 3999
0 0 104 56 4 1 1 143 3999
0 0 104 64 4 1 64 143 3999 3999 3999 3999 3999 3999 3999 3999 3999 3999 3999 3999 3999 3999 3999 3999 4099 3999 3999 3999 3999 3999 3999 3999 4099 4099 4099 3999 3999 3999 3999 3999 4099 4099 4099 4099 4099 3999 3999 3999 4099 4099 4099 4099 4099 4099 3999 3999 4099 4099 4099 4099 4099 4099 3999 3999 4299 4199 4099 4099 4099 4099 4099 3999
0 0 104 72 4 64 64 143 143 143 143 143 143 143 143 143 143 143 143 143 143 143 143 143 143 143 143 143 143 143 143 143 143 143 143 143 143 143 143 16528 143 143 143 143 143 143 143 146 16529 143 143 143 143 143 143 146 16528 143 143 143 143 143 143 146 146 16529 143 143 143 143 143 4399 4299 4299 4199 4099 4099 4099 4099 4599 4399 4299 4299 4199 4099 4099 4099 4699 4599 4399 4299 4299 4199 4099 4099 4899 4699 4599 4499 4299 4099 4099 4099 5199 4899 4599 4599 4399 4299 4099 4099 5399 5099 4799 4699 4499 4299 4199 4099 5699 5299 4999 4799 4599 4399 4299 4199 5899 5499 5199 4899 4799 4499 4399 4199
0 0 104 80 4 64 64 146 146 16528 143 143 143 143 143 146 146 146 16529 143 143 143 143 146 146 146 16529 143 143 143 143 146 146 146 16529 143 143 143 143 146 146 146 16529 143 143 143 143 146 146 146 16529 143 143 143 143 146 146 146 16529 143 143 143 143 146 146 146 16529 143 143 143 143 6199 5799 5399 4999 4799 4599 4399 4299 6399 5999 5499 5199 4899 4699 4499 4299 6499 5999 5699 5299 4999 4699 4499 4299 6699 6199 5799 5399 4999 4799 4599 4299 6799 6299 5799 5399 4999 4799 4599 4299 6899 6299 5799 5499 4999 4799 4599 4299 6799 6299 5799 5399 4999 4799 4599 4299 6699 6199 5699 5399 4999 4699 4499 4299
0 0 104 88 4 64 64 146 146 146 16529 143 143 143 143 146 146 144 143 143 143 143 143 146 146 16529 143 143 143 143 143 146 144 143 143 143 143 143 143 144 143 143 143 143 143 143 143 16529 143 143 143 143 143 143 143 143 143 143 143 143 143 143 143 143 143 143 143 143 143 143 143 6599 6099 5699 5299 4899 4699 4499 4299 6399 5899 5499 5199 4799 4599 4499 4299 6199 5799 5399 4999 4799 4599 4399 4299 5899 5499 5199 4999 4699 4499 4299 4299 5599 5299 4999 4799 4599 4399 4299 4099 5299 5099 4799 4599 4599 4399 4299 4099 5099 4899 4699 4599 4399 4299 4199 4099 4899 4799 4599 4399 4299 4299 4099 4099
0 0 104 96 4 1 64 143 4699 4599 4399 4299 4299 4099 4099 4099 4599 4399 4299 4199 4099 4099 4099 4099 4399 4299 4199 4099 4099 4099 4099 4099 4299 4199 4099 4099 4099 4099 3999 3999 4199 4099 4099 4099 4099 4099 3999 3999 4099 4099 4099 4099 4099 3999 3999 3999 4099 4099 4099 3999 3999 3999 3999 3999 4099 3999 3999 3999 3999 3999 3999 3999
0 0 104 104 4 1 1 143 3999
0 0 104 112 4 1 1 143 3999
0 0 104 120 4 1 1 143 3999
0 0 112 0 4 1 1 143 3999
0 0 112 8 4 1 1 143 3999
0 0 112 16 4 1 1 143 3999
0 0 112 24 4 1 1 143 3999
0 0 112 32 4 1 64 143 3999 3999 3999 3999 3999 3999 3999 3999 3999 3999 3999 3999 3999 3999 3999 3999 3999 3999 3999 3999 3999 3999 3999 3999 3999 3999 3999 3999 3999 3999 3999 3999 3999 3999 3999 3999 3999 3999 3999 3999 3999 3999 3999 3999 3999 4099 4099 3999 4099 3999 3999 3999 4099 4099 4099 3999 4099 3999 3999 3999 4099 3999 3999 3999
0 0 112 40 4 64 64 143 143 143 143 143 143 143 143 143 143 143 143 143 143 143 143 143 141 142 49293 143 143 143 143 142 140 140 140 142 142 49293 143 140 140 140 140 140 140 140 142 32910 32910 32910 32910 32910 32910 32910 140 143 143 143 143 143 143 143 16525 143 143 143 143 143 143 143 143 4099 3999 3999 3999 4099 3999 3999 3999 3999 3899 3899 3999 3999 3999 3999 3999 3899 3799 3699 3799 3799 3899 3899 3899 3499 3399 3299 3299 3299 3499 3799 3799 3099 3099 2999 3099 3099 2999 3199 3299 3299 3399 3499 3399 3199 3199 3099 2999 3699 3799 3699 3699 3699 3599 3599 3499 3899 3899 3899 3899 3899 3999 3899 3799
0 0 112 48 4 1 64 143 3999 3999 3999 3999 3999 3999 3999 3999 3999 3999 3999 3999 4099 4099 4099 3999 3999 3999 3999 3999 3999 3999 3999 3999 3999 3999 3999 3999 3999 3999 3999 3999 3999 3999 3999 3999 3999 3999 3999 3999 3999 3999 3999 3999 3999 3999 3999 3999 3999 3999 3999 3999 3999 3999 3999 4099 3999 3999 3999 3999 3999 3999 3999 3999
0 0 112 56 4 1 1 143 3999
0 0 112 64 4 1 1 143 3999
0 0 112 72 4 1 64 143 3999 3999 3999 3999 3999 3999 3999 3999 3999 3999 3999 3999 3999 3999 3999 3999 4099 3999 3999 3999 3999 3999 3999 3999 4099 4099 3999 3999 3999 3999 3999 3999 4099 4099 4099 3999 3999 3999 3999 3999 4099 4099 4099 3999 3999 3999 3999 3999 4099 4099 4099 4099 3999 3999 3999 3999 4099 4099 4099 4099 3999 3999 3999 3999
0 0 112 80 4 1 64 143 4199 4099 4099 4099 3999 3999 3999 3999 4199 4099 4099 4099 3999 3999 3999 3999 4199 4099 4099 4099 3999 3999 3999 3999 4199 4099 4099 4099 3999 3999 3999 3999 4199 4099 4099 4099 3999 3999 3999 3999 4199 4099 4099 4099 3999 3999 3999 3999 4199 4099 4099 4099 3999 3999 3999 3999 4199 4099 4099 4099 3999 3999 3999 3999
0 0 112 88 4 1 64 143 4199 4099 4099 4099 3999 3999 3999 3999 4199 4099 4099 4099 3999 3999 3999 3999 4099 4099 4099 4099 3999 3999 3999 3999 4099 4099 4099 4099 3999 3999 3999 3999 4099 4099 4099 4099 3999 3999 3999 3999 4099 4099 4099 3999 3999 3999 3999 3999 4099 4099 4099 3999 3999 3999 3999 3999 4099 4099 3999 3999 3999 3999 3999 3999
0 0 112 96 4 1 64 143 4099 3999 3999 3999 3999 3999 3999 3999 3999 3999 3999 3999 3999 3999 3999 3999 3999 3999 3999 3999 3999 3999 3999 3999 3999 3999 3999 3999 3999 3999 3999 3999 3999 3999 3999 3999 3999 3999 3999 3999 3999 3999 3999 3999 3999 3999 3999 3999 3999 3999 3999 3999 3999 3999 3999 3999 3999 3999 3999 3999 3999 3999 3999 3999
0 0 112 104 4 1 1 143 3999
0 0 112 112 4 1 1 143 3999
0 0 112 120 4 1 1 143 3999
0 0 120 0 4 64 64 143 143 143 143 143 143 143 49296 143 143 143 143 143 143 143 49297 143 143 143 143 143 143 143 143 143 143 143 143 143 143 143 143 143 143 143 143 143 143 143 143 143 143 143 143 143 143 143 143 143 143 143 143 143 143 143 143 143 143 143 143 143 143 143 143 3999 3999 4099 4399 4699 4899 5099 5399 3999 3999 3999 4399 4599 4699 4899 5199 3999 3999 4032 4199 4599 4699 4799 5099 3999 3999 4032 4199 4499 4599 4799 4899 3999 3999 3999 4299 4399 4399 4799 4799 3999 3999 3999 4199 4299 4499 4399 4699 3999 3999 4099 4199 4299 4299 4299 4599 3999 3999 4099 4199 4299 4299 4299 4399
0 0 120 8 4 1 64 143 3999 3999 4099 4399 4399 4299 4299 4299 3999 3999 3999 4199 4199 4299 4299 4299 3999 3999 3999 4032 4199 4299 4366 4399 3999 3999 3999 3999 3999 4099 4299 4399 3999 3999 3999 3999 3999 3999 4299 4399 3999 3999 3999 3999 3999 3999 3999 4199 3999 3999 3999 3999 3999 3999 3999 3999 3999 3999 3999 3999 3999 3999 3999 3999
0 0 120 16 4 1 1 143 3999
0 0 120 24 4 1 1 143 3999
0 0 120 32 4 1 64 143 3999 3999 3999 3999 3999 3999 3999 3999 3999 3999 3999 3999 3999 3999 3999 3999 3999 3999 3999 3999 3999 3999 3999 3999 3999 3999 3999 3999 3999 3999 3999 3999 3999 3999 3999 3999 3999 3999 3999 3999 3999 3999 3999 3999 3999 4099 4099 4199 3999 3999 3999 3999 3999 3999 4099 4099 3999 3999 3999 3999 3999 3999 4099 4099
0 0 120 40 4 64 64 143 143 143 143 143 143 143 143 143 143 143 143 143 143 143 143 143 143 143 143 143 143 143 143 143 143 143 143 143 143 143 143 142 142 142 142 142 142 142 142 140 140 140 140 140 140 140 140 32910 140 140 140 140 32910 32910 32909 143 16525 32910 32910 32909 143 143 143 4099 4099 4099 4099 4099 3999 3999 4099 4099 4099 4099 4099 4099 3999 3999 4099 3999 3999 3999 3999 3999 3999 3999 3999 3899 3899 3899 3899 3899 3899 3899 3899 3499 3499 3499 3599 3799 3599 3599 3399 2999 2999 2999 3099 3099 3199 3099 3099 3299 3199 3099 3099 3199 3299 3199 3199 3699 3599 3599 3499 3399 3399 3499 3499
0 0 120 48 4 1 64 143 3899 3799 3799 3799 3699 3799 3899 3899 3999 3999 3899 3899 3999 3999 3999 3999 3999 3999 3999 3999 3999 3999 3999 3999 3999 3999 3999 3999 3999 3999 3999 3999 3999 3999 3999 3999 3999 3999 3999 3999 3999 3999 3999 3999 3999 3999 3999 3999 3999 3999 3999 3999 3999 3999 3999 3999 3999 3999 3999 3999 3999 3999 3999 3999
0 0 120 56 4 1 1 143 3999
0 0 120 64 4 1 1 143 3999
0 0 120 72 4 1 1 143 3999
0 0 120 80 4 1 1 143 3999
0 0 120 88 4 1 1 143 3999
0 0 120 96 4 1 1 143 3999
0 0 120 104 4 1 1 143 3999
0 0 120 112 4 1 64 143 3999 3999 3999 3999 3999 3999 3999 3999 3999 3999 3999 3999 3999 3999 3999 3999 3999 3999 3999 3999 3999 3999 3999 3999 3999 3999 3999 3999 3999 3999 3999 3999 3999 3999 3999 3999 3999 3999 3999 3999 3999 3999 3999 3999 3999 3999 3999 3999 3999 3999 3999 3999 3999 3999 3999 4099 3999 3999 3999 3999 3999 3999 3999 3999
0 0 120 120 4 1 64 143 3999 3999 3999 3999 3999 3999 4099 4099 3999 3999 3999 3999 3999 3999 3999 4099 3999 3999 3999 3999 3999 4099 3999 4099 3999 3999 3999 3999 4099 4199 4099 4199 3999 3999 3999 4099 4099 3999 4099 4299 3999 3999 3999 4199 3999 4199 4399 4499 3999 3999 4099 4199 4299 4299 4499 4599 3999 4199 4199 4299 4399 4599 4699 4899
0 1 0 0 4 64 64 143 143 143 143 143 49297 146 146 143 143 143 143 143 143 145 145 143 143 143 143 143 143 143 143 32913 143 143 143 143 143 143 143 146 16528 32913 143 143 143 143 143 146 146 146 16529 143 143 143 143 146 146 146 16528 32913 32913 143 143 146 146 146 146 146 146 16528 143 5032 4999 5132 4866 4799 4232 4332 5699 5166 5032 4999 4999 4832 4732 4699 4599 5266 5099 5099 5099 4899 4799 4899 4699 5332 5266 5166 5066 4899 4999 4899 4799 5466 5432 5299 5099 5199 5099 4899 4999 5699 5566 5599 5332 5466 5199 5099 4999 5566 5532 5766 5466 5499 5299 5199 5199 5699 5699 5699 5566 5599 5599 5499 5199
0 1 0 8 4 64 64 146 146 146 146 146 146 146 16528 146 146 146 146 146 146 146 146 146 146 146 146 146 146 146 146 146 146 146 146 146 146 146 146 146 146 146 146 146 146 146 146 146 146 146 146 146 146 146 146 146 146 146 146 146 146 146 146 146 146 146 146 146 146 146 146 5932 5666 5899 5799 5599 5799 5599 5399 6066 6066 5732 5799 5699 5699 5799 5599 6099 6099 5999 5899 5799 5699 5699 5599 6432 6299 6066 6099 6099 5999 5899 5699 6666 6566 6299 6399 6199 6199 6099 5999 6765 6699 6599 6399 6399 6299 6199 6199 6799 6699 6799 6699 6699 6599 6499 6299 7099 7099 6999 6799 6899 6699 6499 6499
0 1 0 16 4 64 64 32916 146 146 146 146 146 146 146 149 16531 146 146 146 146 146 146 149 149 16531 32916 146 146 146 146 149 149 149 149 16531 32916 32916 32916 149 149 149 149 149 149 149 149 149 149 149 149 149 149 149 149 149 149 149 149 149 149 149 149 149 149 149 149 149 149 149 149 7199 7199 7199 6999 6999 6899 6899 6699 7399 7299 7099 7199 7099 7099 7099 6899 7699 7599 7499 7299 7199 7199 7099 6999 7799 7699 7499 7599 7599 7599 7499 7299 7799 7899 7699 7699 7599 7599 7599 7499 8199 7999 8099 7699 7699 7699 7799 7799 8199 8199 7999 7999 8099 7899 7899 7899 8399 8399 8399 8299 8199 8199 8099 8099
0 1 0 24 4 1 64 149 8599 8499 8399 8399 8399 8299 8299 8199 8599 8599 8599 8499 8499 8399 8499 8399 8799 8799 8799 8799 8699 8599 8699 8599 8999 8899 8799 8799 8799 8799 8799 8799 9299 9299 9299 9199 8932 8999 8899 8999 9399 9299 9399 9399 9299 9199 9299 9299 9799 9699 9499 9299 9299 9399 9399 9399 9899 9799 9799 9699 9699 9599 9399 9399
0 1 0 32 4 1 64 149 10098 10098 9799 9699 9899 9699 9599 9799 10298 10298 10098 9899 9899 9799 9799 9699 10498 10298 10398 10398 10398 10098 9899 9799 10698 10698 10698 10698 10498 10298 10198 9999 11198 11098 11198 11098 10798 10598 10498 10298 11398 11298 11398 11398 11198 11165 10832 10698 11598 11598 11598 11598 11532 11398 11198 11098 11598 11798 11798 11632 11598 11898 11598 11298
0 1 0 40 4 1 64 149 11998 11898 12098 11998 11998 11898 11798 11598 12398 12598 12298 12298 12332 12198 11965 11665 12598 12698 12598 12432 12432 12298 12032 11798 12965 12798 12898 12865 12698 12565 12132 11998 13198 13265 13098 12998 12798 12598 12198 11965 13598 13498 13198 13298 12898 12632 12298 12032 13898 13698 13698 13598 13198 12898 12598 12365 13998 13998 14098 13798 13598 13198 12898 12465
0 1 0 48 4 1 64 149 13898 14165 13831 13898 13698 13298 13098 12832 13665 13798 13698 13598 13498 13631 13232 13198 13098 13431 13398 13098 13098 13498 13565 13498 12698 12998 12898 12998 13032 13365 13498 13698 11798 12298 12498 12632 12798 13132 13665 13698 11298 11798 12098 12298 12798 13132 13698 14165 10998 11398 11798 12198 12598 13232 13798 14298 10498 11198 11598 12198 12598 13098 13598 14298
0 1 0 56 4 1 64 149 10398 10998 11398 12098 12565 13098 13598 14198 10398 10898 11298 11798 12298 12998 13498 13798 10198 10898 11298 11698 12298 12698 12832 13398 10198 10898 11198 11698 11998 12032 12398 12632 10398 10898 11298 11498 11598 11798 11898 12098 10298 10798 10998 11198 11298 11298 11298 11532 10398 10698 10898 11098 10998 10998 11098 11098 10198 10598 10698 10798 10798 10798 10798 10698
0 1 0 64 4 1 64 149 10198 10098 10498 10498 10398 10198 10298 10298 10098 10198 10198 10198 9999 9899 9999 9999 9899 9899 9899 9799 9699 9499 9399 9499 9499 9599 9699 9699 9499 9499 9399 9499 9199 9199 9399 9399 9299 9199 9099 9099 8999 9199 9199 9299 8999 9099 8899 8799 8899 8999 8899 8999 8899 8499 8699 8499 8599 8999 8899 8899 8699 8499 8399 8399
0 1 0 72 4 64 64 149 149 149 149 149 149 149 149 149 149 149 149 149 149 149 149 149 149 149 149 149 149 149 149 149 149 149 149 149 149 49299 149 149 149 149 149 149 147 49300 149 149 149 149 149 147 146 146 148 149 149 147 148 146 146 146 146 149 147 146 146 146 146 146 146 8499 8699 8599 8599 8499 8399 8299 8199 8299 8499 8499 8499 8299 8199 7999 8099 8099 8499 8299 8499 8099 7999 7899 7799 7899 8099 7999 8299 7999 7899 7599 7599 7899 7899 7999 7899 7799 7399 7199 7399 7799 7899 7899 7699 7399 7099 6999 6899 7799 7799 7499 7399 6899 6699 6599 6599 7699 7499 7199 6999 6599 6499 6099 6399
0 1 0 80 4 64 64 148 146 146 146 146 146 146 146 146 146 146 146 146 146 146 146 146 146 146 146 146 146 146 146 146 146 146 146 146 146 146 146 146 146 146 146 146 146 146 146 146 146 146 146 144 49296 146 146 146 146 146 144 143 143 145 49296 146 146 144 143 143 143 143 143 7499 6999 6799 6599 6299 6099 6099 6099 7199 6899 6499 6399 6299 5999 5899 6099 6899 6699 6499 6199 5999 5699 5699 5799 6799 6399 6499 6099 5699 5899 5899 5999 6599 6199 6099 5899 5799 5699 5699 5899 6099 5999 5799 5799 5499 5499 5399 5799 6099 5899 5699 5299 5299 5299 5299 5399 5799 5699 5299 5099 4899 4999 5099 5199
0 1 0 88 4 64 64 145 145 143 143 143 143 143 143 143 143 143 143 143 143 143 143 143 143 143 143 143 143 143 143 143 143 143 143 143 143 143 143 143 143 143 143 143 143 143 143 143 143 143 143 143 143 143 143 143 143 143 143 143 143 143 143 143 143 143 143 143 143 143 143 5499 5399 5099 4899 4999 4899 4899 4999 5399 4999 4999 4999 4899 4899 4899 4899 5099 4999 4699 4499 4699 4699 4699 4699 4799 4699 4499 4499 4599 4599 4599 4499 4599 4499 4199 4299 4299 4299 4299 4299 4699 4299 4299 4299 4099 3999 4199 4299 4499 4299 4099 3999 3999 4199 4099 4199 4299 3999 3999 3899 3799 3999 4099 4299
0 1 0 96 4 64 64 143 143 143 143 143 143 143 143 143 143 143 143 143 143 143 143 143 143 143 143 143 143 143 143 143 143 143 143 143 143 143 143 143 143 143 143 143 143 143 143 143 141 142 49293 143 143 143 143 143 16526 140 140 49293 143 143 143 143 16526 140 140 49294 143 143 143 4099 4199 3899 3899 3899 3899 4199 4199 4299 3999 3799 3899 3899 3899 4199 4299 4099 4099 3899 3899 3799 3899 4099 4299 4099 3899 3899 3899 3899 3999 4199 4299 3999 3899 3899 3799 3899 4099 4199 4299 3999 3799 3699 3599 3799 3899 4099 4299 3899 3699 3499 3599 3599 3799 3799 4199 3899 3699 3599 3599 3599 3699 3899 3899
0 1 0 104 4 64 64 141 140 140 140 49294 143 143 143 140 140 140 140 140 49293 143 143 140 140 140 140 140 140 142 142 140 140 140 140 140 140 140 140 140 140 140 140 140 140 140 140 140 140 140 140 140 140 140 140 140 140 140 140 140 140 140 140 140 140 140 140 140 140 140 140 3799 3599 3599 3399 3599 3399 3899 3899 3599 3599 3599 3399 3399 3599 3599 3899 3599 3499 3399 3299 3299 3399 3599 3599 3399 3399 3199 3099 3299 3399 3599 3599 3299 3099 3199 3199 3199 3299 3499 3399 3099 3199 3199 3199 3299 3099 3199 3299 3099 3099 2999 2999 3199 3199 3099 3099 3099 2999 2899 2999 2799 2999 3199 3199
0 1 0 112 4 1 64 140 2999 2799 2999 2999 2999 2999 2999 3199 2999 2999 2999 2999 2799 2999 2999 3099 2799 2999 2999 2999 2999 2999 3199 3299 2999 2899 2999 2999 2899 2999 2999 3299 2899 2999 2999 2999 2999 2999 3199 3199 2899 2799 2999 2799 2999 2799 2999 2999 2799 2799 2799 2899 2999 2999 2899 2999 2699 2899 2899 2799 2899 2999 2999 2999
0 1 0 120 4 1 64 140 2599 2899 2799 2799 2899 2899 2899 2799 2799 2499 2799 2999 2899 2899 2999 2899 2699 2699 2699 2699 2899 2899 2899 2799 2599 2699 2499 2699 2699 2699 2699 2699 2299 2499 2499 2599 2699 2699 2699 2699 2499 2599 2499 2399 2599 2399 2499 2699 2599 2499 2299 2399 2399 2599 2499 2499 2399 2399 2399 2499 2299 2599 2499 2299
0 1 8 0 4 64 64 144 143 143 143 143 143 16525 140 143 143 143 143 143 143 143 16526 143 143 143 143 143 143 143 16525 143 143 143 143 143 143 143 143 143 143 143 143 143 143 143 143 143 143 143 143 143 143 143 143 143 143 143 143 143 143 143 143 143 143 143 143 143 143 143 143 4999 3899 3899 3899 3699 3899 3599 3599 4399 4499 4299 4199 4299 3999 3799 3599 4699 4599 4299 4299 4099 3999 3899 3699 4899 4599 4499 4599 4299 4099 4099 3699 4799 4699 4899 4599 4399 4399 4199 4099 4999 4799 4699 4699 4599 4499 4499 4199 5099 4799 4699 4699 4899 4799 4599 4599 5199 5199 5099 5099 4999 4899 4899 4799
0 1 8 8 4 64 64 32913 143 143 143 143 143 143 143 146 16528 143 143 143 143 143 143 146 146 16529 143 143 143 143 143 146 146 16528 32913 143 143 143 143 146 146 146 146 16528 143 143 143 146 146 146 146 146 16528 32913 143 146 146 146 146 146 146 146 16528 146 146 146 146 146 146 146 146 5499 5399 5199 5099 5099 5299 5099 5099 5599 5499 5399 5399 5199 5199 5199 5099 5699 5599 5499 5499 5399 5199 5199 5199 5699 5799 5599 5499 5399 5399 5299 5199 5699 5699 5599 5399 5499 5299 5399 5399 6099 5899 5699 5699 5599 5499 5399 5299 6199 5999 5999 5999 5799 5599 5599 5499 6399 6299 6199 6199 5999 5899 5699 5599
0 1 8 16 4 64 64 146 146 146 146 146 146 146 146 146 146 146 146 146 146 146 146 146 146 146 146 146 146 146 146 32916 32916 146 146 146 146 146 146 149 149 16531 32916 32916 146 146 146 149 149 149 149 149 16531 146 146 149 149 149 149 149 149 16531 32916 149 149 149 149 149 149 149 149 6699 6599 6499 6399 6399 6099 6099 5999 6999 6799 6699 6599 6499 6299 5999 5999 6999 7099 6899 6799 6699 6499 6199 6199 7199 7199 7099 6999 6899 6799 6499 6299 7499 7499 7499 7099 7099 6999 6799 6699 7799 7799 7599 7599 7299 7099 6999 6899 7899 7899 7899 7799 7699 7599 7499 7399 7999 7999 7899 7899 7899 7899 7599 7599
0 1 8 24 4 1 64 149 8199 8199 8199 8099 8099 7899 7899 7699 8499 8399 8499 8399 8299 8199 8199 8099 8599 8599 8499 8599 8599 8499 8399 8299 8799 8699 8699 8799 8799 8599 8599 8499 8999 8899 8699 8799 8899 8699 8699 8599 9199 8999 8999 8999 8999 8932 8899 8699 9299 9299 9299 9299 9299 9199 9099 9099 9299 9399 9399 9399 9399 9399 9399 9399
0 1 8 32 4 1 64 149 9599 9399 9399 9399 9399 9399 9399 9399 9699 9699 9599 9699 9699 9532 9699 9599 9699 9699 9799 9799 9799 9699 9899 9799 9799 9899 9799 9799 10098 9899 10032 9732 10198 9999 9999 10098 10098 10098 9932 10098 10432 10398 10398 10365 10298 10298 10232 10298 10698 10598 10498 10332 10498 10432 10598 10598 11198 10798 10732 10698 10598 10698 10698 10798
0 1 8 40 4 1 64 149 11298 11098 11098 11098 11098 11098 11165 11132 11498 11298 11298 11198 11198 11298 11398 11432 11598 11498 11465 11398 11398 11598 11532 11798 11798 11598 11498 11598 11598 11798 12065 11998 11898 11798 11798 11798 11898 11998 12365 12398 12065 11998 11998 12098 12132 12398 12598 12798 11965 12032 12098 12432 12598 12798 12898 13198 12398 12098 12398 12598 12865 13198 13132 13531
0 1 8 48 4 1 64 149 12698 12698 12665 12998 13198 13565 13698 13831 13098 13032 13132 13431 13698 13898 14065 14298 13665 13565 13531 13798 13998 14265 14331 14631 13798 13831 13998 14131 14398 14598 14765 14898 13998 14198 14598 14698 14798 14798 15031 15131 14431 14598 14698 15098 15098 15198 15198 15398 14665 14965 14998 15198 15398 15365 15465 15465 14598 14898 15098 15265 15265 15498 15398 15498
0 1 8 56 4 1 64 149 14465 14698 14965 14998 15198 15298 15398 15398 14098 14198 14498 14498 14698 14965 15198 15398 13698 13698 13898 13898 14098 14365 14698 15098 12898 13098 12998 13098 13332 13498 13731 14398 12398 12398 12598 12598 12698 12798 13032 13698 11798 11632 11698 11698 11898 12165 12498 12798 11098 11098 11132 11498 11432 11698 11765 12098 10798 10798 10898 10898 11098 11298 11432 11798
0 1 8 64 4 1 64 149 10198 10198 10298 10398 10698 10898 10998 11198 10098 9799 9999 9999 10298 10698 10898 10898 9399 9699 9599 9899 10198 10398 10398 10798 9299 9099 9399 9599 9899 10098 10398 10798 9099 9099 9199 9199 9499 9899 10098 10398 8899 8799 9099 9199 9199 9399 9899 10098 8599 8699 8799 8999 9199 9299 9499 9799 8399 8599 8699 8899 8999 9199 9399 9399
0 1 8 72 4 64 64 149 149 149 149 149 149 149 149 149 149 149 149 149 149 149 149 149 149 149 149 149 149 149 149 149 149 149 149 149 149 149 149 149 149 149 149 149 149 149 149 49299 149 149 149 149 149 149 149 146 148 148 49299 149 149 147 148 146 146 146 146 148 148 146 146 8299 8299 8499 8599 8999 9099 9099 9099 8099 8099 8399 8699 8699 8999 9099 8999 7799 8099 8199 8399 8599 8599 8899 8899 7799 7799 8099 8399 8399 8499 8499 8499 7799 7799 7999 8199 8199 8399 8399 8399 7199 7499 7699 7899 7999 7999 7999 7999 6699 6899 7399 7599 7599 7699 7599 7599 6599 6899 6899 6999 7099 7299 7199 7199
0 1 8 80 4 64 64 146 146 146 146 146 146 146 146 146 146 146 146 146 146 146 146 146 146 146 146 146 146 146 146 146 146 146 146 146 146 146 146 146 146 146 146 146 146 146 146 146 146 146 146 146 146 146 146 146 146 146 146 146 146 49296 146 145 145 145 145 145 145 49297 146 6499 6599 6799 6899 6799 6999 6999 6699 6399 6499 6699 6699 6799 6799 6699 6699 6099 6199 6499 6599 6499 6499 6499 6499 6099 6299 6299 6499 6399 6399 6099 6099 5899 6099 6199 6199 6399 6199 5999 6099 5999 5999 6099 6299 6099 5999 5699 5899 5599 5899 5699 5799 5899 5699 5599 5599 5299 5299 5299 5299 5499 5399 5299 5499
0 1 8 88 4 64 64 143 143 143 143 143 143 143 32912 143 143 143 143 143 143 49297 146 143 143 143 143 143 143 49297 146 143 143 143 143 143 143 49297 146 143 143 143 143 143 143 49297 146 143 143 143 143 143 143 32912 146 143 143 143 143 143 49297 146 146 143 143 143 143 143 32912 146 146 4899 4899 4899 5099 5099 5099 5099 5199 4899 4899 4699 4799 4799 5099 5099 5299 4799 4799 4799 4799 4899 4999 4999 5399 4699 4699 4599 4699 4899 4899 5099 5399 4399 4599 4699 4799 4899 4899 5099 5299 4299 4699 4699 4999 4999 5099 5299 5499 4599 4699 4899 4999 4999 5199 5399 5599 4399 4599 4799 5099 5099 5399 5499 5699
0 1 8 96 4 64 64 143 143 143 143 49297 146 146 146 143 143 143 143 49297 146 146 146 143 143 143 143 49297 146 146 146 143 143 143 143 143 145 49296 146 143 143 143 143 143 143 143 145 143 143 143 143 143 143 143 143 143 143 143 143 143 143 143 143 143 143 143 143 143 143 143 143 4599 4699 4999 5199 5399 5499 5599 5699 4499 4599 4999 5199 5299 5499 5699 5599 4399 4499 4899 5299 5299 5499 5699 5599 4599 4699 4999 4999 5199 5299 5499 5599 4299 4699 4699 4999 4899 5199 5299 5399 4299 4499 4699 4599 4999 4999 4999 4799 4299 4199 4499 4799 4699 4599 4699 4699 4099 4299 4299 4299 4299 4399 4499 4399
0 1 8 104 4 64 64 143 143 143 143 143 143 143 143 143 143 143 143 143 143 143 143 142 49293 143 143 143 143 143 143 140 140 142 49293 143 143 143 143 140 140 140 140 49293 143 143 143 140 140 140 140 49294 143 143 143 140 140 140 140 49294 143 143 143 140 140 140 140 49294 143 143 143 3999 4099 4199 4299 4299 4199 4099 4299 3899 3999 4199 4099 4199 4199 4099 4099 3699 3699 3699 3999 3999 3999 3999 3999 3599 3799 3799 3799 3799 3899 3999 4099 3499 3499 3399 3699 3599 3799 3999 3999 3399 3499 3599 3599 3699 3699 4099 4199 3399 3599 3499 3699 3699 3699 3999 4099 3299 3499 3599 3599 3599 3699 3899 3899
0 1 8 112 4 64 64 140 140 140 140 140 49293 143 143 140 140 140 140 140 140 142 142 140 140 140 140 140 140 140 140 140 140 140 140 140 140 140 140 140 140 140 140 140 140 140 140 140 140 140 140 140 140 140 140 140 140 140 140 140 140 140 140 140 140 140 140 140 140 140 140 3299 3399 3599 3399 3599 3599 3699 3899 3299 3499 3399 3599 3599 3599 3599 3599 3199 3499 3499 3599 3599 3499 3599 3599 3199 3099 3399 3299 3299 3499 3599 3599 3199 3199 3099 3199 3099 3099 3299 3499 3099 3199 3099 3099 2999 3099 3199 3399 2999 2999 2799 2999 2999 3299 3199 3499 2999 2799 2999 2999 2899 2899 3199 3399
0 1 8 120 4 1 64 140 2899 2899 2999 2899 2999 2999 3199 3399 2999 2799 2799 2999 2999 3199 3199 3399 2799 2999 2999 3199 3099 3299 3299 3399 2899 2799 2899 3199 3199 3099 3299 3399 2799 2799 2799 2999 3099 3099 3099 3299 2699 2899 2899 2999 2999 2799 3199 3199 2599 2699 2799 2899 2899 2799 2999 3099 2399 2699 2699 2699 2799 2899 2999 2999
0 1 16 0 4 64 64 140 140 140 140 140 140 140 140 140 140 140 140 140 140 140 140 140 140 140 140 140 140 140 140 16525 140 140 140 140 140 140 140 143 16525 140 140 140 32910 32910 32910 143 143 16525 32910 32909 143 143 32913 143 143 143 143 143 32913 32912 146 143 143 143 143 49297 146 146 32916 3599 3599 3599 3599 3599 3599 3599 3599 3599 3599 3599 3599 3599 3599 3599 3599 3599 3599 3599 3599 3599 3599 3599 3599 3599 3599 3599 3599 3599 3599 3599 3599 3799 3599 3599 3599 3599 3599 3599 3599 3899 3699 3599 3599 3599 3599 3599 3799 4299 4099 3799 3699 3699 3699 4199 4699 4599 4399 4099 3999 3999 4599 5299 5499
0 1 16 8 4 64 64 143 143 143 32913 32912 146 49300 149 143 143 49297 146 146 146 49300 149 143 143 49297 146 146 146 49300 149 143 143 49297 146 146 146 146 148 143 143 49297 146 146 146 146 146 143 143 143 145 49296 146 146 146 32913 143 143 143 143 145 145 49296 146 16528 143 143 143 143 143 143 4899 4499 4599 4499 4799 5199 5799 6499 5099 4999 4799 4799 5099 5399 5899 7099 5199 5099 4999 5099 5799 5899 6399 6899 5199 5099 5099 5199 7099 6999 7099 6799 5199 5199 5199 5099 6099 6999 6599 7399 5299 5199 5199 5199 5299 5399 5699 6699 5499 5199 5099 5199 5199 5299 5399 5499 5499 5399 5199 5199 5199 5099 5199 5199
0 1 16 16 4 64 64 146 146 16528 32913 143 143 143 143 146 146 146 146 16528 143 143 143 146 146 146 146 146 16528 143 143 146 146 146 146 146 146 16528 143 146 146 146 146 146 146 146 16528 146 146 146 146 146 146 146 146 32916 146 146 146 146 146 146 146 149 16531 146 146 146 146 146 146 5699 5499 5399 5299 5199 5199 5199 5199 5999 5699 5499 5499 5199 5199 5199 5099 6099 5999 5699 5699 5599 5399 5299 5299 6199 6099 5899 5699 5699 5599 5599 5299 6499 6199 6199 5999 5899 5699 5599 5599 6799 6499 6299 6199 6099 5999 5699 5599 7099 6799 6799 6599 6499 6099 5999 5799 7299 7299 7099 6799 6599 6499 6299 6099
0 1 16 24 4 64 64 149 149 16531 32916 146 146 146 146 149 149 149 149 16531 146 146 146 149 149 149 149 149 16531 32916 32916 149 149 149 149 149 149 149 149 149 149 149 149 149 149 149 149 149 149 149 149 149 149 149 149 149 149 149 149 149 149 149 149 149 149 149 149 149 149 149 149 7699 7599 7199 7099 6899 6599 6499 6299 7799 7799 7599 7499 7199 6999 6799 6699 8199 8099 7999 7699 7599 7399 7099 6999 8499 8299 8199 7999 7799 7599 7499 7199 8799 8599 8399 8199 8199 8099 7999 7699 8699 8699 8599 8599 8399 8299 8199 8099 8799 8699 8699 8799 8799 8599 8665 8599 9199 9099 9099 8899 8899 9199 9099 8899
0 1 16 32 4 1 64 149 9399 9399 9299 9299 9299 9399 9399 9299 9599 9599 9599 9599 9599 9599 9532 9499 9699 9632 9699 9699 9799 9999 10098 9999 9999 9999 9999 10098 10132 10298 10298 10398 10265 10398 10298 10398 10498 10532 10598 10765 10398 10498 10598 10798 10998 10898 10965 10998 10498 10732 11065 11098 11298 11298 11165 11198 10898 11098 11332 11298 11632 11532 11798 11532
0 1 16 40 4 1 64 149 11398 11298 11665 11698 11765 11898 11832 11898 11598 11598 11798 11865 12098 12198 12198 12232 11898 11998 12098 12298 12398 12498 12598 12698 12132 12332 12465 12598 12798 12898 12932 13032 12598 12632 12898 13098 13198 13232 13431 13465 12998 13098 13232 13298 13598 13598 13698 13731 13498 13698 13765 13765 13898 14098 14098 14198 13798 14198 14298 14298 14398 14431 14498 14498
0 1 16 48 4 1 64 149 14298 14498 14665 14698 14731 14698 14698 14698 14598 14898 14998 15098 15031 14831 14898 14698 14798 15065 15198 15131 15298 15198 15198 15098 15098 15198 15298 15298 15398 15398 15331 15298 15231 15465 15565 15498 15498 15531 15531 15565 15431 15498 15598 15598 15498 15598 15531 15498 15498 15565 15498 15598 15565 15565 15598 15598 15498 15598 15565 15498 15431 15598 15598 15598
0 1 16 56 4 1 64 149 15498 15465 15565 15498 15598 15598 15598 15598 15398 15498 15498 15498 15531 15598 15598 15598 15265 15465 15498 15498 15398 15331 15498 15598 14898 15365 15498 15498 15498 15398 15498 15498 14165 14598 14998 15331 15465 15498 15465 15498 13498 14065 14398 14965 15265 15431 15498 15398 12698 13132 13798 14398 15098 15265 15365 15398 11898 12498 12998 13598 14298 14965 15165 15165
0 1 16 64 4 1 64 149 11498 11932 12498 12598 13398 13898 14465 14498 11198 11432 11698 11998 12498 12898 13265 13298 10998 11098 11465 11432 11632 12098 12132 12398 10798 10898 10898 10898 11298 11498 11498 11665 10498 10398 10398 10432 10398 10798 10898 10998 10098 10098 10165 9999 10098 10098 10198 10498 9899 9699 9699 9899 9599 9599 9699 10198 9499 9399 9399 9432 9565 9599 9599 9699
0 1 16 72 4 64 64 149 149 149 149 149 149 149 149 149 149 149 149 149 149 149 149 149 149 149 149 149 149 149 149 149 149 149 149 149 149 149 149 149 149 149 149 149 149 149 149 147 49299 149 149 149 149 149 149 146 146 49299 149 149 149 149 149 146 146 49300 149 149 149 149 149 9199 9199 9199 9199 9299 9499 9499 9599 8799 8799 8799 8999 9199 9199 9299 9599 8599 8699 8799 8799 8999 9099 9099 9399 8399 8399 8299 8699 8599 9099 9199 9199 8099 7899 7999 8299 8499 8799 9099 9099 7499 7499 7599 7899 8299 8499 8899 8999 7199 7199 7199 7499 7899 8399 8699 8699 6999 6899 6999 7299 7699 8099 8299 8599
0 1 16 80 4 64 64 146 146 146 49299 149 149 149 149 146 146 146 146 49299 149 149 149 146 146 146 146 146 49299 149 149 146 146 146 146 146 49300 149 149 146 146 146 146 146 49300 149 149 146 146 146 146 146 32915 149 149 146 146 146 146 49300 149 149 149 146 146 146 146 49300 149 149 149 6699 6799 6799 7099 7499 7699 8199 8299 6599 6599 6799 6899 7299 7599 7699 8099 6499 6399 6599 6799 6899 7199 7599 7999 6199 6499 6299 6699 6699 7099 7499 7999 6099 6199 6299 6499 6899 6899 7399 7899 5899 6299 6199 6599 6799 6999 7399 7699 5699 6099 6399 6799 6899 7199 7399 7799 5699 6099 6499 6799 7199 7399 7699 7899
0 1 16 88 4 64 64 146 146 146 146 49300 149 149 149 146 146 146 146 146 49299 149 149 146 146 146 146 146 146 148 148 146 146 146 146 146 146 146 146 146 146 146 146 146 146 146 146 146 146 146 146 146 146 146 146 146 146 146 146 146 146 146 146 146 146 146 146 146 146 146 146 5599 6099 6499 6799 7299 7399 7799 7899 5599 6199 6499 6799 7299 7499 7599 7899 5699 6199 6499 6899 7199 7399 7499 7599 5699 6099 6399 6799 7299 7399 7599 7599 5799 6099 6499 6799 7199 7399 7299 7199 5799 5999 6499 6999 7399 7299 7199 7099 5799 6099 6399 6699 6899 7099 6999 6899 5799 5999 6299 6799 6699 6799 6799 6699
0 1 16 96 4 64 64 146 146 146 146 146 146 146 146 146 146 146 146 146 146 146 146 146 146 146 146 146 146 146 146 146 146 146 144 49296 146 146 49296 145 145 145 143 143 145 145 49297 143 143 143 143 143 143 143 143 143 143 143 143 143 143 143 143 143 143 143 143 143 143 143 143 5799 6199 6199 6599 6599 6499 6399 6399 5799 5999 6199 6299 6199 6199 6199 5999 5799 5899 5999 5999 5999 6099 6099 5999 5699 5599 5699 5599 5599 5599 5699 5599 5399 5299 5399 5399 5399 5499 5499 5499 4999 4999 4999 4799 4999 4999 5199 5299 4699 4699 4799 4999 4999 4999 4899 5199 4399 4599 4799 4699 4699 4899 4999 4999
0 1 16 104 4 1 64 143 4299 4299 4599 4599 4699 4699 4999 4999 4099 4299 4499 4499 4699 4799 4899 4999 4199 4299 4199 4199 4499 4699 4699 4899 4199 4199 4299 4299 4299 4499 4699 4699 4199 4099 4199 4099 4199 4299 4499 4699 3999 4199 4199 4099 4299 4299 4499 4599 3999 4099 3999 3999 3999 4299 4299 4599 3899 3899 3999 4199 4199 4199 4299 4599
0 1 16 112 4 64 64 49293 143 143 143 143 143 143 143 49294 143 143 143 143 143 143 143 140 32909 143 143 143 143 143 143 49294 143 143 143 143 143 143 143 49294 143 143 143 143 143 143 143 49294 143 143 143 143 143 143 143 49294 143 143 143 143 143 143 143 49294 143 143 143 143 143 143 143 3799 3799 4099 3999 3999 4199 4199 4299 3599 3699 3899 3899 4099 3999 4099 4299 3599 3799 3699 3799 3899 4099 4199 4299 3499 3699 3799 3899 3999 3999 4099 4299 3499 3599 3899 3899 3999 4199 4299 4299 3599 3799 3899 3999 3999 4099 4299 4199 3599 3599 3799 3999 3999 4299 4199 4499 3599 3699 3899 3899 4099 4299 4299 4199
0 1 16 120 4 64 64 49294 143 143 143 143 143 143 143 49294 143 143 143 143 143 143 143 140 49293 143 143 143 143 143 143 140 140 49293 143 143 143 143 143 140 140 140 49293 143 143 143 143 140 140 140 140 142 49293 143 143 140 140 140 140 140 49294 143 143 140 140 140 140 140 140 142 49293 3399 3699 3899 3999 4199 4299 4299 4299 3599 3699 3899 3999 3999 3999 4099 4299 3499 3599 3699 3899 3999 4199 4199 4099 3599 3399 3599 3799 3899 3999 3999 3999 3399 3599 3599 3599 3699 3899 3999 4099 3299 3399 3599 3399 3599 3699 3799 3999 3099 3299 3499 3599 3599 3499 3599 3899 3199 3099 3199 3199 3399 3599 3499 3599
0 1 24 0 4 64 64 140 140 140 140 140 140 140 140 140 140 140 140 140 140 140 140 140 140 140 140 140 140 140 140 140 140 140 140 140 140 140 140 32910 140 140 140 140 140 140 140 32913 16526 140 140 140 32910 32910 32910 146 146 146 146 146 16528 32913 32913 32916 32916 32916 32916 32916 32916 32916 32916 3599 3599 3599 3599 3599 3599 3599 3599 3599 3599 3599 3599 3599 3599 3599 3599 3599 3599 3599 3599 3599 3599 3599 3599 3599 3599 3599 3599 3599 3599 3599 3599 3599 3599 3599 3599 3599 3599 3599 3599 3599 3599 3599 3599 3599 3599 3599 3599 4999 3499 3599 3599 3599 3599 3599 3599 5799 5899 5699 5899 5699 5499 5199 5099
0 1 24 8 4 64 64 149 149 149 149 149 149 149 149 149 149 149 149 149 149 149 149 149 149 149 149 149 149 149 149 148 148 148 148 148 148 49299 149 146 146 146 146 146 146 146 148 146 146 146 146 146 146 146 146 146 146 146 146 146 146 146 146 145 145 145 145 145 145 49296 146 6899 7299 7299 7499 7499 7199 6499 6499 7999 8499 8499 8299 8099 8199 8599 8799 8199 8699 9099 9099 8699 8799 8599 8799 7299 7399 7399 7499 7399 7499 7499 7599 7199 6999 7199 7199 7399 7299 7399 7299 6099 6399 7199 6999 7399 7099 7399 7099 5599 5699 5999 6299 6599 5399 6199 6399 5399 5399 5299 5299 5199 5099 5099 4899
0 1 24 16 4 64 64 143 143 143 143 143 143 143 145 143 143 143 143 143 143 143 143 143 143 143 143 143 143 143 143 143 143 143 143 143 143 143 143 32913 143 143 143 143 143 143 143 146 16528 143 143 143 143 143 143 146 146 16528 32913 143 143 143 143 146 146 146 146 16528 32913 143 143 4999 5099 5099 5099 4899 4999 4799 4599 5099 4899 5099 4899 4799 4799 4599 4899 5099 4999 4899 4999 4899 4899 4899 4799 5199 5099 5099 4999 4999 5099 4799 4999 5499 5299 4999 5099 5099 4999 4899 4899 5499 5399 5299 5199 5199 4999 5099 5099 5699 5599 5499 5299 5299 5199 5199 5099 5799 5699 5599 5599 5599 5299 5299 5199
0 1 24 24 4 64 64 146 146 146 146 146 146 16528 32913 146 146 146 146 146 146 146 146 32916 146 146 146 146 146 146 146 149 16531 32916 146 146 146 146 146 149 149 149 16531 146 146 146 146 149 149 149 149 16531 32916 146 146 149 149 149 149 149 149 16531 146 149 149 149 149 149 149 149 16531 6199 6099 5999 5699 5599 5599 5399 5299 6399 6299 6199 5899 5899 5699 5599 5599 6799 6599 6432 6299 6099 5899 5899 5699 7199 6999 6899 6599 6299 6299 6199 6099 7699 7199 7099 6999 6799 6599 6399 6099 7999 7899 7699 7299 7199 6999 6699 6399 8399 8099 7999 7899 7599 7199 6999 6699 8699 8699 8399 8099 8099 7699 7199 7199
0 1 24 32 4 1 64 149 9299 9199 8899 8599 8299 7899 7799 7399 9599 9399 9199 9099 8699 8399 8199 7799 9899 9699 9499 9499 9299 8899 8599 8299 10298 10198 10098 9699 9499 9299 8932 8699 10698 10498 10398 10398 10098 9699 9399 9299 10998 10898 10798 10798 10498 10198 10065 9499 11398 11398 11398 11198 10998 10598 10465 9999 11765 11698 11765 11598 11398 11198 10998 10498
0 1 24 40 4 1 64 149 11998 11998 11898 11798 11798 11398 11098 10898 12498 12332 12398 12198 12132 11732 11398 10998 12698 12732 12798 12598 12432 12165 11832 11498 13032 13098 12932 12898 12698 12498 12198 11798 13398 13232 13165 13132 13198 12865 12598 12298 13831 13698 13498 13531 13398 13032 12898 12598 14098 14098 13931 13698 13598 13465 13098 12932 14498 14298 14098 13998 13898 13731 13332 12998
0 1 24 48 4 1 64 149 14598 14498 14298 14231 14098 13898 13598 13198 14798 14598 14498 14398 14398 14098 13798 13332 14998 14731 14765 14598 14498 14265 13898 13498 15098 15098 15098 14798 14598 14498 13931 13598 15398 15298 15198 15098 14798 14498 14098 13698 15498 15565 15398 15298 15131 14731 14465 13931 15598 15498 15498 15498 15365 15198 14698 14265 15565 15598 15598 15598 15565 15365 15031 14498
0 1 24 56 4 1 64 149 15565 15598 15498 15598 15565 15398 15165 14731 15598 15598 15598 15598 15565 15431 15331 15198 15498 15531 15598 15598 15565 15565 15565 15298 15398 15565 15598 15598 15598 15598 15498 15498 15498 15498 15598 15598 15598 15598 15598 15565 15465 15365 15498 15498 15598 15598 15598 15565 15398 15398 15498 15498 15498 15465 15498 15531 15198 15198 15298 15498 15398 15465 15465 15331
0 1 24 64 4 1 64 149 14598 14831 14965 15098 15265 15198 15431 15398 13398 13598 13731 14398 14698 15065 15298 15431 12265 12532 12965 13498 13931 14531 15031 15098 11732 12032 12398 12898 13465 13898 14598 14931 11132 11298 11732 12398 12898 13365 13898 14298 10598 10932 11398 11698 12198 12698 13298 13698 10265 10498 10898 11298 11698 12098 12598 13098 9999 10198 10432 10898 11098 11498 11998 12532
0 1 24 72 4 1 64 149 9699 10098 9999 10432 10865 11298 11798 11998 9499 9732 9999 10298 10698 11098 11398 11698 9499 9499 9799 10198 10598 10998 11498 11665 9299 9499 9499 9965 10398 10898 11098 11498 9199 9399 9599 9899 10298 10698 10998 11098 9099 9199 9399 9899 10198 10565 10698 10698 8999 9199 9499 9799 10165 10198 10298 10298 8899 9099 9299 9899 9999 10198 10098 10198
0 1 24 80 4 1 64 149 8499 8999 9399 9599 9699 9699 9965 9999 8699 8999 9299 9599 9699 9799 9599 9599 8399 8999 9199 9499 9599 9399 9299 9299 8299 8599 8999 9199 9299 9199 9299 8999 8299 8399 8899 9099 9199 9099 8999 8899 8199 8399 8599 8899 8899 8799 8499 8499 8099 8199 8299 8499 8499 8499 8299 8399 7999 8199 8299 8199 8099 8099 8199 8099
0 1 24 88 4 64 64 149 149 149 149 149 149 149 149 149 149 149 149 147 49299 149 149 148 148 148 148 146 146 49299 149 146 146 146 146 146 146 49300 149 146 146 146 146 146 146 146 148 146 146 146 146 146 146 146 146 146 146 146 146 146 146 146 146 146 146 146 146 146 146 146 146 7999 8099 7999 7899 7899 7899 7799 7899 7899 7899 7899 7699 7599 7599 7499 7699 7499 7599 7499 7399 7399 7299 7399 7499 7499 7399 7299 7299 6999 6999 7299 7299 7199 7099 7099 6999 6899 6999 6999 7199 6899 6799 6999 6699 6699 6999 6999 6999 6699 6599 6799 6599 6399 6699 6799 6899 6499 6299 6399 6399 6499 6599 6799 6899
0 1 24 96 4 64 64 146 146 146 146 146 146 146 146 146 146 146 146 146 146 146 146 146 146 146 146 146 146 146 146 146 146 146 146 146 146 146 146 146 146 146 146 146 146 146 146 145 145 49296 146 146 146 146 146 143 143 49297 146 146 146 146 146 143 143 143 49296 146 146 146 146 6099 6299 6299 6199 6299 6499 6699 6899 6099 5999 5999 6099 6399 6399 6599 6799 5899 5899 6099 5999 6199 6299 6599 6599 5599 5699 5899 6199 5999 6199 6299 6499 5499 5799 5599 5799 5999 6099 6299 6399 5499 5499 5499 5599 5899 6199 6099 6199 5399 5399 5399 5599 5699 5999 5999 6099 5199 5299 5399 5499 5599 5699 5799 6199
0 1 24 104 4 64 64 143 143 143 49297 146 146 146 146 143 143 143 49297 146 146 146 146 143 143 143 49297 146 146 146 146 143 143 143 143 145 49296 146 146 143 143 143 143 143 143 145 145 143 143 143 143 143 143 143 143 143 143 143 143 143 143 143 143 143 143 143 143 143 143 143 143 5099 5099 5299 5399 5499 5699 5799 5799 4999 4899 5299 5299 5499 5599 5599 5699 4899 4899 5099 5299 5299 5699 5799 5699 4899 4899 4899 5099 5399 5499 5599 5699 4699 4999 4899 5199 5399 5499 5499 5499 4699 4799 4999 5099 5299 5399 5499 5599 4599 4799 4999 5199 5299 5399 5499 5399 4699 4899 4899 5099 5199 5399 5299 5399
0 1 24 112 4 1 64 143 4599 4599 4899 5099 5299 5399 5399 5399 4499 4699 4899 5099 5099 5299 5299 5299 4399 4699 4999 4899 5199 5299 5099 5099 4499 4699 4999 4999 5099 4999 5099 4899 4599 4799 4899 4999 4899 4899 4899 4999 4499 4699 4899 4899 4999 4999 4999 4799 4399 4699 4699 4899 4999 4899 4999 4799 4399 4799 4699 4599 4699 4699 4699 4599
0 1 24 120 4 64 64 143 143 143 143 143 143 143 143 143 143 143 143 143 143 143 143 143 143 143 143 143 143 143 143 143 143 143 143 143 143 143 143 143 143 143 143 143 143 143 143 143 143 143 143 141 142 142 49293 143 143 141 142 140 140 140 49294 143 143 16526 140 140 140 140 140 4099 4399 4599 4599 4499 4399 4399 4399 4199 4299 4299 4299 4299 4299 4299 4299 4299 4299 4299 4299 4199 4099 4099 4199 4199 4199 4199 3999 4099 3999 3899 3999 4099 4099 3999 3999 3999 3999 3899 3999 3999 4199 3999 3899 3799 3699 3699 3699 3899 3999 3799 3799 3799 3699 3599 3599 3399 3899 3699 3599 3599 3599 3599 3599
0 1 32 0 4 64 64 140 140 140 140 140 140 140 140 140 140 140 140 140 140 140 140 140 140 140 140 140 140 140 140 140 140 140 140 140 140 140 140 140 140 140 140 140 140 32910 49294 32910 32910 32910 32910 140 49294 49297 32915 32913 32913 32913 32912 146 49300 149 149 32916 32916 32916 32916 32916 49300 149 149 3599 3599 3599 3599 3599 3599 3599 3599 3599 3599 3599 3599 3599 3599 3599 3599 3599 3599 3599 3599 3599 3599 3599 3599 3599 3599 3599 3599 3599 3599 3599 3599 3599 3599 3599 3599 3599 3599 3599 3599 3599 3599 3599 3599 3599 3599 3599 3599 3599 3599 3599 3599 3599 3599 3799 5499 5099 5299 5099 5199 5199 5799 6799 7899
0 1 32 8 4 64 64 149 149 149 149 149 146 149 149 149 149 149 149 149 16532 148 148 149 149 149 149 147 146 146 146 149 149 147 148 146 146 146 146 148 148 146 146 146 146 146 146 146 146 146 146 146 146 144 145 146 146 146 144 145 145 143 143 146 144 145 143 143 143 143 143 6499 6699 6999 6799 6899 7099 7599 7699 9099 9199 8799 8099 7699 7499 7399 7499 8099 8499 8599 7799 7299 6599 6999 7299 7799 7699 7499 7299 6699 6399 6499 6499 7099 7299 6899 7099 6299 6499 5799 5999 7199 6499 7299 6699 6399 5799 5499 5199 6999 5299 6699 5499 5099 4799 4399 4299 5699 4799 4899 4599 4499 4299 4299 4199
0 1 32 16 4 64 64 145 143 143 143 143 143 143 143 143 143 143 143 143 143 143 143 143 143 143 143 143 143 143 143 143 143 143 143 143 143 143 143 143 143 143 143 143 143 143 143 143 143 143 143 143 143 143 143 143 143 143 143 143 143 143 143 143 143 143 143 143 143 143 143 4799 4799 4799 4599 4499 4599 4599 4299 4799 4799 4799 4799 4799 4799 4599 4599 4699 4699 4799 4899 4899 4799 4699 4799 4799 4599 4799 4699 4799 4799 4799 4699 4799 4999 4899 4999 4799 4799 4799 4799 4899 4799 4799 4899 4799 4799 4899 4999 5099 4999 4899 4999 4799 4899 4899 4899 5099 5099 4999 5099 4999 4899 4899 4999
0 1 32 24 4 64 64 143 143 143 143 143 143 143 143 16528 32913 143 143 143 143 143 143 146 146 16528 143 143 143 143 143 146 146 146 16528 32913 143 143 143 146 146 146 146 146 16528 32913 143 146 146 146 146 146 146 146 16528 146 146 146 146 146 146 146 146 146 146 146 146 146 146 146 146 5299 5199 5099 5099 4899 5099 5099 4999 5299 5399 5299 5099 5199 5199 5099 4999 5599 5599 5299 5299 5299 5199 5099 5099 5999 5699 5499 5499 5399 5299 5299 5199 6099 5899 5799 5499 5499 5399 5299 5399 6499 6099 5999 5799 5799 5499 5599 5499 6399 6299 6199 5999 5899 5799 5799 5599 6899 6599 6299 6299 6199 5899 5899 5799
0 1 32 32 4 64 64 16531 146 146 146 146 146 146 146 149 16531 32916 146 146 146 146 146 149 149 149 16531 146 146 146 146 149 149 149 149 16531 32916 146 146 149 149 149 149 149 149 16531 146 149 149 149 149 149 149 149 16531 149 149 149 149 149 149 149 149 149 149 149 149 149 149 149 149 7399 6999 6666 6699 6399 6099 6099 5899 7599 7399 6899 6799 6799 6299 6299 5999 7999 7599 7399 7099 6899 6699 6599 6399 8199 7899 7765 7299 7199 6999 6632 6499 8699 8399 8199 7799 7499 7299 7099 6799 9299 8799 8599 8299 7899 7699 7399 7099 9599 9199 8999 8699 8299 8099 7799 7399 10098 9699 9499 9265 8699 8499 8199 7799
0 1 32 40 4 1 64 149 10465 10098 9699 9499 8999 8732 8565 8265 10632 10498 10198 9932 9499 9265 8699 8499 10998 10898 10498 10198 9699 9499 9265 8832 11498 11298 10898 10498 10165 9799 9499 9299 11898 11532 11098 10632 10498 10165 9732 9599 12232 11965 11498 11098 10732 10532 10265 9899 12332 12098 11898 11398 11098 10598 10498 10365 12765 12465 11865 11698 11298 11032 10565 10498
0 1 32 48 4 1 64 149 12932 12465 12265 11965 11598 11298 11098 10732 12998 12632 12398 12132 11998 11598 11398 11098 13098 12698 12565 12298 11965 11832 11532 11398 13198 12898 12698 12398 12298 11998 12098 11765 13232 12898 12732 12665 12365 12298 11998 11998 13498 13198 12932 12698 12598 12432 12332 12098 13898 13498 13165 12998 12698 12698 12532 12398 14265 13931 13498 13298 13065 12998 12732 12598
0 1 32 56 4 1 64 149 14431 14198 13898 13598 13198 13098 12965 12732 14698 14331 14098 13831 13598 13232 13132 13132 14865 14531 14298 13998 13798 13598 13265 13132 15198 14898 14565 14298 13931 13698 13598 13298 15398 15298 14898 14598 14198 13831 13698 13498 15431 15465 15198 14731 14398 14098 13898 13798 15498 15598 15365 14898 14598 14365 14065 13898 15498 15598 15431 15198 14631 14398 14298 13898
0 1 32 64 4 1 64 149 15398 15465 15398 15098 15131 14698 14431 14131 15431 15498 15498 15298 15298 15031 14698 14498 15298 15465 15498 15465 15398 15298 15031 14731 15265 15298 15398 15398 15465 15465 15298 15031 14998 15198 15365 15298 15398 15398 15498 15365 14298 14598 14898 15165 15298 15398 15398 15298 13531 13998 14398 14831 15098 15231 15231 15198 13165 13232 13998 14198 14398 14698 14698 15031
0 1 32 72 4 1 64 149 12598 12898 13032 13565 13598 13831 14098 14131 11998 12398 12598 12732 13132 13198 13298 13598 11998 12065 12198 12298 12598 12632 12798 13198 11598 11598 11532 11598 11998 12232 12432 12698 11098 11198 11098 11398 11598 11965 12265 12398 10798 10798 10898 10998 11198 11598 11798 11998 10398 10398 10498 10798 11165 11232 11498 11698 10098 10098 10198 10665 10898 10898 11098 11398
0 1 32 80 4 1 64 149 9899 9999 9832 10298 10698 10698 10898 11098 9499 9499 9799 9899 10098 10598 10665 10698 9299 9399 9399 9599 9899 10098 10198 10298 8999 9099 9399 9299 9599 9699 9999 9999 8899 8899 9099 9299 9399 9699 9699 9799 8499 8599 8999 9199 9399 9399 9399 9299 8299 8599 8899 8999 9299 9199 9199 9199 8399 8499 8499 8899 9099 9199 9199 9199
0 1 32 88 4 64 64 149 149 149 149 149 149 149 149 149 149 149 149 149 149 149 149 149 149 149 149 149 149 149 149 149 149 149 149 149 149 149 149 49299 149 149 149 149 149 149 147 49300 149 149 149 149 149 149 16532 146 148 148 148 148 148 148 146 146 146 146 146 146 146 146 146 8099 8299 8499 8699 8899 8899 8999 8899 7899 8199 8399 8599 8799 8899 8899 8799 7799 7899 8099 8399 8499 8799 8599 8299 7699 7899 8099 8299 8499 8299 8299 8099 7399 7599 7999 8099 8199 8099 7999 7599 7299 7499 7899 7899 7899 7899 7699 7399 7299 7299 7599 7499 7499 7499 7199 6899 7099 7199 7199 7299 7399 7099 6899 6899
0 1 32 96 4 64 64 146 146 146 146 146 146 146 146 146 146 146 146 146 146 146 146 146 146 146 146 146 146 146 146 146 146 146 146 146 146 146 146 146 146 146 146 146 146 146 146 146 146 146 146 146 146 146 146 146 146 146 146 146 146 146 146 146 146 146 146 146 146 144 145 6899 6999 7199 7199 6899 6799 6599 6599 6899 6899 6999 6799 6699 6599 6399 6399 6699 6899 6699 6599 6499 6499 6299 6299 6499 6599 6699 6499 6399 6199 6199 5899 6499 6499 6399 6399 5999 5999 5899 5899 6399 6399 6299 6099 5999 5799 5599 5699 6199 6399 6099 6199 5899 5899 5599 5699 5999 6199 6199 6099 5799 5699 5499 5299
0 1 32 104 4 64 64 146 146 146 146 146 144 143 143 146 146 146 146 144 143 143 143 146 146 146 144 143 143 143 143 146 144 145 143 143 143 143 143 145 143 143 143 143 143 143 143 143 143 143 143 143 143 143 143 143 143 143 143 143 143 143 143 143 143 143 143 143 143 143 143 5999 6099 6099 5799 5699 5499 5299 5299 5899 5999 5799 5699 5399 5299 4899 4999 5899 5899 5699 5499 5199 4999 4999 4899 5699 5599 5399 5199 4899 4899 4999 4999 5599 5599 5399 5199 4899 4999 4799 4899 5499 5499 5299 5299 4999 4899 4699 4799 5499 5399 5199 5099 4999 4899 4799 4699 5399 5399 5199 5099 4999 4699 4699 4699
0 1 32 112 4 1 64 143 5299 5299 5199 4899 4899 4699 4499 4399 5199 5099 4999 4999 4499 4599 4399 4499 5099 4899 4999 4799 4599 4399 4099 4299 4999 4899 4899 4599 4399 4299 4299 4299 4899 4999 4599 4699 4299 4299 4299 4299 4699 4599 4699 4399 4299 4299 4199 4099 4599 4499 4499 4099 4299 4099 4199 3999 4599 4599 4299 4299 4099 3999 3999 3999
0 1 32 120 4 64 64 143 143 143 143 143 143 143 143 143 143 143 143 143 143 143 143 143 143 143 143 143 143 143 143 143 143 143 143 143 143 143 143 143 143 143 143 143 143 143 143 143 143 143 143 143 143 143 143 143 143 143 143 143 143 143 143 49293 143 143 143 143 143 143 143 4299 4299 4199 4099 4199 4199 4099 4099 4299 4299 4199 4099 3999 4099 4199 4099 4199 4099 4099 4199 4099 4199 4099 3999 3999 4099 4199 4199 3999 4099 4099 3999 3999 3999 3999 4099 3999 3999 3999 4099 3799 3799 3899 4099 4199 3999 3999 3999 3799 3899 3899 4099 4099 3999 3999 3899 3799 3699 3899 3899 3899 3799 3899 3799
0 1 40 0 4 64 64 140 140 140 140 32909 143 32912 32915 140 140 140 32909 32913 32912 32915 149 140 32910 32909 32912 146 32915 149 149 32909 32913 32912 32916 32915 149 149 149 49297 32916 32915 149 149 149 149 149 149 149 149 149 149 149 149 149 149 149 149 149 149 149 147 148 149 149 149 149 149 147 146 146 3599 3599 3599 3599 3599 3599 3599 4399 3599 3599 3599 3599 3599 3599 4399 5199 3599 3599 3599 3599 3599 4499 5599 7099 3599 3599 3599 3699 4599 5899 7499 8199 3599 3599 3999 5199 6299 7199 7999 7999 3699 4999 6299 7199 7699 7999 7999 7799 6899 7699 7699 7999 8699 7799 7499 7099 8799 8999 7899 9299 8099 7499 6799 7199
0 1 40 8 4 64 64 149 149 147 148 148 146 146 146 148 148 146 146 146 146 146 146 146 146 146 146 146 146 146 146 146 146 146 146 146 144 145 145 146 146 144 145 145 143 143 143 145 145 143 143 143 143 143 143 143 143 143 143 143 143 143 143 143 143 143 143 143 143 143 143 7599 7699 7499 7499 6999 7399 6599 7199 7499 7499 7499 7399 7299 7099 7199 7299 7399 7399 7499 6899 6599 6399 7099 7299 7399 6699 6999 5899 5799 5299 4699 4099 5699 5799 5399 4799 4399 4199 3999 3899 4799 4399 4099 3999 3899 3899 3899 3799 4099 4199 3999 4099 4099 3999 3999 3999 4299 4099 4099 4199 4099 4099 4099 4199
0 1 40 16 4 1 64 143 4399 4299 4299 4199 4099 4199 4299 4299 4599 4399 4399 4399 4299 4299 4299 4299 4899 4899 4699 4599 4499 4599 4399 4499 4699 4699 4599 4599 4699 4499 4499 4599 4799 4599 4699 4799 4799 4799 4599 4499 4899 4799 4799 4799 4799 4999 4799 4599 4899 4899 5099 4899 4799 4899 4899 4999 5099 5099 4899 4999 5099 4999 4899 4899
0 1 40 24 4 64 64 143 143 143 143 143 143 143 143 143 143 143 143 143 143 143 143 143 143 143 143 143 143 143 143 143 143 143 143 143 143 143 143 143 143 143 143 143 143 143 143 143 143 143 143 143 143 143 143 16528 32913 143 143 143 143 143 143 146 146 16528 32913 143 143 143 143 5099 5099 4899 5099 5099 4999 5099 5099 5099 4999 5099 5099 5099 4899 5099 5099 5099 4899 4999 5099 5099 4999 5099 4999 5199 5099 5099 5099 5099 5099 5099 5099 5199 5299 5099 5099 5199 5099 5099 4899 5299 5399 5299 5299 5199 5199 5099 4999 5499 5499 5299 5399 5299 5299 5099 5299 5599 5599 5599 5499 5399 5499 5499 5499
0 1 40 32 4 64 64 146 146 146 146 16528 143 143 143 146 146 146 146 146 16528 32913 143 146 146 146 146 146 146 146 16528 146 146 146 146 146 146 146 146 146 146 146 146 146 146 146 146 146 146 146 146 146 146 146 146 16531 32916 146 146 146 146 146 146 149 149 16531 146 146 146 146 146 5899 5799 5599 5599 5599 5499 5299 5499 6099 5999 5799 5766 5599 5599 5499 5499 6199 5899 6099 5799 5799 5599 5599 5499 6399 6099 6199 5999 5899 5799 5799 5499 6699 6499 6399 6099 5999 6099 5799 5799 6999 6699 6666 6399 6199 6199 5932 5899 7365 7199 6799 6699 6499 6399 6299 6299 7499 7299 7099 6999 6699 6499 6399 6399
0 1 40 40 4 64 64 149 149 149 16531 146 146 146 146 149 149 149 149 16531 32916 146 146 149 149 149 149 149 149 16531 32916 149 149 149 149 149 149 149 149 149 149 149 149 149 149 149 149 149 149 149 149 149 149 149 149 149 149 149 149 149 149 149 149 149 149 149 149 149 149 149 149 7899 7699 7332 7199 6999 6999 6799 6499 8299 8099 7799 7499 7299 7199 6999 6799 8532 8399 8299 7732 7599 7465 7199 7099 8799 8532 8399 7999 7899 7799 7332 7199 9399 8932 8599 8399 8199 7999 7799 7699 9699 9465 8932 8965 8632 8399 8132 7899 10132 9799 9499 9365 9099 8799 8599 8399 10198 10098 9899 9699 9499 9299 8899 8632
0 1 40 48 4 1 64 149 10665 10198 10298 9899 9699 9499 9365 8932 10898 10598 10432 10298 10098 9799 9499 9365 11098 10998 10798 10598 10398 10098 9699 9499 11432 11198 11098 10832 10698 10398 9999 9865 11732 11498 11298 11198 10965 10598 10398 10032 11998 11798 11498 11198 11165 10698 10498 10298 12165 11965 11598 11398 11198 10798 10698 10498 12298 12098 11865 11598 11398 11098 10832 10765
0 1 40 56 4 1 64 149 12598 12298 12065 11632 11498 11298 11198 11065 12732 12598 12398 11898 11765 11432 11198 11198 13065 12732 12498 12198 12032 11798 11665 11498 13132 12898 12765 12432 12198 12098 11898 11798 13398 13198 12998 12798 12432 12198 12198 12098 13598 13531 13365 13132 12898 12698 12598 12565 13798 13698 13598 13498 13198 12932 12798 12632 13798 13798 13731 13698 13498 13232 13198 12998
0 1 40 64 4 1 64 149 14265 13998 13931 13965 13731 13631 13332 13232 14498 14398 14298 14231 14065 13865 13598 13332 14765 14698 14665 14298 14198 14098 13798 13898 15031 14898 14665 14665 14665 14398 14198 14098 15298 15198 15065 14798 14931 14765 14731 14365 15398 15465 15298 15231 15265 15098 14998 14665 15298 15365 15398 15398 15465 15465 15365 15231 15098 15165 15298 15398 15298 15298 15398 15398
0 1 40 72 4 1 64 149 14431 14698 15031 15131 15231 15265 15265 15298 13831 14298 14498 14731 14698 14798 14698 14865 13498 13598 13798 13998 13998 13998 14098 14231 12798 12932 12898 12932 13098 13298 13265 13398 12332 12498 12498 12598 12532 12698 12798 13165 12298 12198 12198 12032 11998 12132 12298 12432 11998 11898 11832 11698 11798 11698 12065 11998 11498 11765 11598 11598 11598 11598 11698 11765
0 1 40 80 4 1 64 149 10998 11265 11298 11198 10998 11098 11398 11098 10698 10698 10698 10698 10698 10798 10632 10798 10198 10198 10098 10198 10198 10165 10298 10298 9799 9899 9799 9699 9799 9899 9699 9832 9499 9399 9399 9332 9399 9399 9399 9499 9399 9299 9099 9099 9099 8999 9199 9299 9099 8999 8899 8899 8899 8999 9065 8999 8999 8999 8899 8799 8599 8699 8899 8899
0 1 40 88 4 64 64 149 149 149 149 149 149 149 149 149 149 149 149 149 149 149 149 149 149 149 149 149 149 149 149 149 149 149 149 149 149 149 149 148 148 49299 149 149 149 149 149 146 146 146 49299 149 149 149 149 146 146 146 49300 149 149 149 149 146 146 146 49300 149 149 149 149 8899 8899 8499 8599 8599 8699 8799 8899 8399 8299 8299 8499 8299 8399 8599 8899 8199 8099 8199 8299 8199 8299 8399 8599 7699 7699 7699 7699 7999 8299 8399 8599 7499 7399 7399 7299 7699 8099 8399 8599 7199 6999 7099 7499 7599 7999 8299 8699 6899 6899 6899 7199 7499 7999 8399 8499 6599 6699 6899 6899 7299 7799 8099 8299
0 1 40 96 4 64 64 146 146 146 146 148 49299 149 149 146 146 146 146 146 49300 149 149 146 146 146 146 146 146 49299 149 146 146 146 146 146 146 49300 149 146 146 146 146 146 146 146 49299 146 146 146 146 146 146 146 146 146 146 146 146 146 146 146 49300 145 49296 146 146 146 146 146 49300 6499 6499 6699 6899 6999 7299 7599 8099 6399 6399 6499 6699 6699 7099 7599 7799 6199 6299 6399 6499 6699 6999 7299 7599 6099 6299 6399 6399 6699 6799 7199 7399 5999 6099 6199 6399 6499 6599 6999 7299 5599 5699 5699 6099 6299 6499 6699 6899 5499 5699 5599 5899 5999 6299 6699 6799 5299 5399 5499 5699 5699 6299 6399 6699
0 1 40 104 4 64 64 143 143 145 32912 146 146 146 146 143 143 49297 146 146 146 146 146 143 143 49297 146 146 146 146 146 143 143 49297 146 146 146 146 146 143 143 49297 146 146 146 146 146 143 143 49297 146 146 146 146 146 143 143 143 49296 146 146 146 146 143 143 143 143 49296 146 146 146 5299 5399 5299 5499 5599 5999 6399 6799 4999 5099 5399 5499 5599 5999 6499 6699 4899 5099 5199 5399 5699 6099 6499 6799 4999 5099 5199 5499 5599 6199 6399 6599 4999 4899 5199 5399 5699 6099 6199 6599 4799 4999 4899 5399 5699 5999 6299 6499 4699 4799 4899 5299 5499 5799 6099 6399 4699 4799 4899 5099 5399 5599 5999 6199
0 1 40 112 4 64 64 143 143 143 143 49297 146 146 146 143 143 143 143 49297 146 146 146 143 143 143 143 143 145 49296 146 143 143 143 143 143 143 143 49296 143 143 143 143 143 143 143 49297 143 143 143 143 143 143 143 143 143 143 143 143 143 143 143 143 143 143 143 143 143 143 143 143 4599 4699 4999 4899 5199 5499 5799 5999 4599 4499 4799 4999 5199 5499 5699 5599 4599 4599 4699 4999 5299 5199 5499 5499 4299 4499 4699 4999 4999 5199 5299 5399 4299 4299 4799 4799 4899 4899 5399 5299 4099 4299 4599 4699 4899 4999 5099 5199 4199 4099 4099 4699 4699 4999 5099 5099 4099 4199 4299 4299 4699 4799 4999 5199
0 1 40 120 4 64 64 143 143 143 143 143 143 143 143 143 143 143 143 143 143 143 143 143 143 143 143 143 143 143 143 143 143 143 143 143 143 143 143 143 143 143 143 143 143 143 143 143 143 143 143 143 143 143 143 143 49293 143 143 143 143 143 143 143 16526 49293 143 143 143 143 143 3999 3999 4199 4299 4199 4599 4799 5099 3999 4099 3999 4199 4199 4299 4699 4899 3999 3999 3999 3999 4199 4199 4199 4499 3999 3999 3899 3899 4099 4199 4299 4499 4199 3899 3899 3899 3799 4199 4199 4099 4099 3899 3799 3799 3899 4099 4299 4299 3899 3799 3799 3899 3799 4099 4099 4299 3899 3799 3699 3699 3899 3999 4299 4299
0 1 48 0 4 64 64 149 149 149 149 16532 146 146 146 149 149 149 147 146 146 146 144 149 149 147 146 146 146 146 16529 149 149 16532 146 146 146 144 143 149 147 146 146 146 144 143 143 147 146 146 146 144 143 143 143 146 146 146 144 143 143 143 143 146 146 144 143 143 143 143 143 5199 6499 8099 7699 7399 7399 6199 5799 6999 7999 8099 7499 7499 7399 5799 5399 8299 8699 7599 7499 7499 6499 5899 5099 8899 8199 7399 7499 7199 5899 5399 4599 7999 7399 7499 7399 6199 5399 4499 4099 7399 7399 7399 6799 5099 4399 4199 3999 7199 7099 7199 4799 4299 4099 4099 3999 6899 7099 5499 4199 3999 4199 3999 3999
0 1 48 8 4 64 64 146 146 16529 143 143 143 143 143 146 144 143 143 143 143 143 143 144 143 143 143 143 143 143 143 143 143 143 143 143 143 143 143 143 143 143 143 143 143 143 143 143 143 143 143 143 143 143 143 143 143 143 143 143 143 143 143 143 143 143 143 143 143 143 143 7099 6299 4199 3999 4099 3999 3999 3999 6699 4499 3999 3999 3999 3999 3999 3999 4499 4199 3999 4099 4099 4199 3999 3999 4099 3899 4099 3999 3999 3899 3999 3999 3999 4099 3899 3899 3999 3899 4099 3999 3899 3899 3999 3799 4099 3999 3799 3999 3999 3899 3799 3899 4099 3799 4099 3999 3999 4099 4099 3999 3999 3999 4099 3999
0 1 48 16 4 1 64 143 4299 4199 4199 4299 4099 4199 4199 4099 4299 4099 4099 4099 4299 4199 4299 4199 4399 4499 4499 4399 4299 4399 4299 4199 4499 4499 4399 4499 4599 4499 4599 4499 4499 4599 4599 4599 4599 4599 4499 4499 4699 4599 4699 4499 4599 4499 4599 4699 4899 4999 4999 4699 4799 4699 4699 4599 4999 4899 4899 4899 4999 4999 4899 4899
0 1 48 24 4 1 64 143 5099 5099 4899 5099 4899 4999 5099 4899 4999 5099 5099 5099 5099 4999 5099 5099 5099 4999 4999 5099 5199 5099 5099 5099 4999 5099 5099 5199 5199 5299 5199 5199 5099 4999 5099 4999 5199 5199 5299 5199 5099 4999 5199 5199 5199 5199 5399 5199 5299 5199 5199 5399 5199 5199 5299 5199 5299 5499 5399 5299 5199 5199 5299 5399
0 1 48 32 4 64 64 143 143 143 143 143 143 143 143 143 143 143 143 143 143 143 143 32913 32913 32913 143 143 143 143 143 146 146 146 16528 32913 32913 143 143 146 146 146 146 146 146 16528 32913 146 146 146 146 146 146 146 146 146 146 146 146 146 146 146 146 146 146 146 146 146 146 146 146 5299 5299 5499 5399 5299 5299 5299 5399 5599 5399 5399 5299 5499 5499 5499 5499 5599 5599 5499 5399 5499 5599 5599 5499 5599 5599 5599 5599 5599 5599 5499 5599 5799 5799 5799 5599 5499 5599 5499 5599 5899 5899 5899 5799 5799 5799 5599 5599 5999 6099 5932 5899 5799 5899 5899 5799 6299 6199 6099 5899 5932 6099 6099 5899
0 1 48 40 4 64 64 146 146 146 146 146 146 146 146 146 146 146 146 146 146 146 146 146 146 146 146 146 146 146 146 16531 32916 146 146 146 146 146 146 149 149 16531 32916 146 146 146 146 149 149 149 149 16531 32916 32916 146 149 149 149 149 149 149 149 16531 149 149 149 149 149 149 149 149 6499 6399 6399 6199 6199 5999 6099 6099 6765 6499 6499 6499 6399 6399 6399 6399 6999 6899 6799 6499 6532 6499 6599 6399 7199 7099 6999 6899 6699 6899 6799 6799 7332 7299 7199 6999 6999 6999 6999 6899 7799 7699 7499 7199 7299 7165 7099 6999 8299 7999 7765 7699 7499 7499 7332 7299 8499 8299 8199 8199 7799 7799 7799 7599
0 1 48 48 4 1 64 149 8799 8599 8499 8265 8132 8199 8099 7899 9099 8799 8632 8532 8499 8399 8199 8132 9399 8932 8899 8799 8799 8632 8599 8565 9499 9499 9132 8999 8999 8932 8932 8799 9899 9765 9499 9499 9399 9465 9499 9365 10032 9799 9899 9799 9799 9899 9765 9699 10398 10198 10198 10265 10198 10198 10198 10198 10698 10498 10432 10432 10565 10698 10698 10598
0 1 48 56 4 1 64 149 10798 10698 10698 10732 10732 10998 11098 11098 11198 11098 11165 11165 11198 11298 11398 11398 11398 11332 11332 11332 11332 11598 11598 11798 11698 11698 11598 11632 11798 11998 11998 12132 12065 11998 11998 11998 12032 11998 12265 12298 12465 12398 12398 12532 12298 12398 12465 12565 12698 12598 12598 12598 12498 12732 12865 12798 12965 12798 12798 12798 12798 12898 12898 12998
0 1 48 64 4 1 64 149 13132 12998 12998 12898 12998 12932 13165 13198 13232 13165 13098 12965 13098 13198 13198 13232 13598 13332 13165 13198 13298 13398 13498 13598 13698 13531 13465 13265 13398 13598 13598 13598 14265 13865 13731 13731 13798 13898 13898 13898 14598 14231 14131 14165 14331 14098 14231 14265 15098 14798 14698 14698 14565 14598 14498 14398 15398 15365 15198 15065 14998 15065 14698 14498
0 1 48 72 4 1 64 149 15298 15365 15365 15298 15365 15198 14798 14598 14998 15265 15398 15365 15298 15098 14798 14698 14465 14765 14965 15098 15131 15098 14531 14398 13798 14165 14398 14498 14498 14398 14298 14298 13232 13598 13765 13698 13698 13798 13898 13898 12798 12898 12932 12998 12932 13198 13332 13565 12198 12198 12398 12498 12498 12798 13132 13398 11798 11798 11798 11998 12032 12298 12498 13098
0 1 48 80 4 1 64 149 11198 11198 11498 11365 11598 11798 12298 12698 10798 10798 10898 10732 11198 11698 11898 12432 10398 10198 10598 10798 10898 11298 11798 12298 9999 9999 10298 10498 10832 11298 11698 12098 9699 9699 9899 10198 10798 11098 11665 11998 9399 9499 9999 10232 10698 11198 11398 11798 9299 9399 9699 10198 10698 10998 11598 11798 9299 9399 9799 10098 10698 11098 11498 11698
0 1 48 88 4 1 64 149 9199 9299 9799 9999 10598 10898 11465 11798 8999 9199 9799 9899 10665 10898 11298 11432 8999 9199 9699 9899 10398 10965 11265 11398 8999 9299 9699 9999 10398 10798 11098 11198 8999 9099 9599 9899 10398 10598 10798 10998 8999 9099 9699 9899 10298 10398 10898 10698 8999 8999 9599 9899 10298 10498 10698 10598 8799 8999 9099 9499 9799 10298 10398 10398
0 1 48 96 4 64 64 149 149 149 149 149 149 149 149 149 149 149 149 149 149 149 149 149 149 149 149 149 149 149 149 149 149 149 149 149 149 149 149 149 149 149 149 149 149 149 149 32915 149 149 149 149 149 149 149 149 149 149 149 149 149 149 149 149 149 149 149 149 149 149 149 8299 8599 8899 9099 9499 9799 10098 10198 8099 8299 8599 8799 9099 9499 9599 9799 7899 8099 8399 8699 8799 9099 9299 9499 7799 7799 7999 8132 8499 8699 8899 9099 7399 7699 7899 8099 8199 8599 8699 8999 7499 7599 7799 7899 8199 8199 8699 8799 7299 7599 7799 7999 8199 8499 8499 8699 7299 7699 7799 7999 8099 8199 8499 8499
0 1 48 104 4 64 64 49299 149 149 149 149 149 149 149 146 148 49299 149 149 149 149 149 146 146 49300 149 149 149 149 149 146 146 49300 149 149 149 149 149 146 146 146 49299 149 149 149 149 146 146 146 49300 149 149 149 149 146 146 146 146 148 49299 149 149 146 146 146 146 146 146 148 49299 7199 7399 7799 7899 8099 8199 8499 8699 7099 7399 7499 7599 7899 8099 8199 8599 6999 7099 7399 7399 7699 7799 7999 8099 6799 6999 7199 7499 7699 7999 7899 8199 6699 6799 7099 7399 7499 7699 7799 8099 6699 6899 7099 7299 7599 7699 7699 7799 6499 6799 6799 7099 7299 7599 7499 7699 6299 6599 6699 6899 7199 7199 7299 7299
0 1 48 112 4 64 64 146 146 146 146 146 146 146 146 146 146 146 146 146 146 146 146 146 146 146 146 146 146 146 146 146 146 146 146 146 146 146 146 146 146 146 146 146 146 146 146 49296 146 146 146 146 146 146 146 49297 146 146 49296 146 146 146 146 143 145 145 143 145 49296 146 146 6199 6299 6499 6699 6699 6899 6899 7199 6099 6199 6299 6499 6599 6599 6799 6799 5799 6199 6299 6199 6399 6499 6599 6799 5599 5799 5899 5999 6099 6199 6499 6599 5599 5799 5899 5999 5999 6099 6499 6499 5399 5499 5599 5699 5799 5999 6299 6299 5399 5499 5699 5599 5599 5799 6199 6099 5399 5299 5499 5499 5499 5599 5599 5899
0 1 48 120 4 64 64 143 143 143 143 143 143 145 145 143 143 143 143 143 143 143 143 143 143 143 143 143 143 143 143 143 143 143 143 143 143 143 143 143 143 143 143 143 143 143 143 143 143 143 143 143 143 143 143 143 143 143 143 143 143 143 143 143 143 143 143 143 143 143 143 5199 5399 5399 5399 5499 5499 5499 5499 4999 5199 5199 5399 5299 5399 5399 5199 4899 4999 4899 5099 5099 5299 5099 4999 4699 4499 4899 4999 4999 4999 4999 4999 4699 4699 4799 4799 4999 4899 4699 4499 4499 4599 4599 4599 4699 4599 4499 4399 4399 4599 4599 4699 4699 4699 4399 4299 4299 4499 4499 4599 4599 4499 4199 4299
0 1 56 0 4 64 64 16529 143 143 143 143 143 143 143 143 143 143 143 143 143 143 143 143 143 143 143 143 143 143 143 143 143 143 143 143 143 143 143 143 143 143 143 143 143 143 143 143 143 143 143 143 143 143 143 143 143 143 143 143 143 143 143 143 143 143 143 143 143 143 143 4499 4099 3999 3999 3999 3999 3999 3999 4499 3999 3999 3999 3999 3999 3999 3999 4199 4099 3999 3999 3999 3999 3999 3999 3999 3999 3999 3999 3999 3999 3999 3999 3999 3999 3999 3999 3999 3999 3999 3999 3999 3999 3999 3999 3999 3999 3999 3999 3999 3999 3999 3999 3999 3999 3999 3999 3999 3999 3999 3999 3999 3999 3999 3999
0 1 56 8 4 1 1 143 3999
0 1 56 16 4 1 64 143 4199 4099 3999 4099 3999 3999 3999 3999 4199 4199 4199 4099 4199 4099 3999 4199 4299 4299 4299 4099 4099 4299 4299 4099 4499 4399 4399 4299 4299 4299 4299 4099 4599 4499 4399 4399 4499 4499 4299 4299 4499 4499 4599 4599 4499 4599 4499 4399 4699 4699 4599 4699 4599 4499 4499 4499 4799 4999 4899 4699 4499 4799 4599 4499
0 1 56 24 4 1 64 143 4799 4899 4899 4899 4699 4899 4699 4699 5099 4999 4999 4999 4999 4799 4899 4799 5099 4999 5099 4999 5099 4899 4999 4899 4899 5099 4999 5099 4899 5099 5099 5099 5199 5199 5099 5099 5099 5099 4999 5099 5199 5199 4999 5299 5299 5199 5199 5299 5299 5299 5399 5399 5199 5199 5199 5199 5199 5399 5299 5199 5199 5199 5299 5299
0 1 56 32 4 64 64 143 143 143 143 143 143 143 143 143 143 143 143 143 143 143 143 143 143 143 143 143 143 143 143 143 32913 32913 32913 32913 32913 32913 32913 32912 146 146 146 146 146 146 146 146 146 146 146 146 146 146 146 146 146 146 146 146 146 146 146 146 146 146 146 146 146 146 146 5199 5299 5199 5299 5499 5199 5199 5199 5299 5199 5199 5499 5299 5299 5299 5299 5499 5499 5499 5499 5499 5499 5399 5399 5499 5599 5499 5499 5599 5499 5499 5499 5599 5599 5499 5599 5599 5599 5599 5499 5499 5599 5699 5699 5699 5699 5699 5699 5799 5899 5899 5899 5799 5899 5999 5799 5899 5899 5999 6099 6099 6199 5999 6099
0 1 56 40 4 64 64 146 146 146 146 146 146 146 146 146 146 146 146 146 146 146 146 146 146 146 146 146 146 146 146 146 146 146 146 146 146 146 146 146 146 146 146 146 146 146 146 146 146 146 146 32916 32916 32916 32915 32916 32916 32916 32915 149 149 149 149 149 149 149 149 149 149 149 149 6099 5999 5999 6099 6199 6199 6199 6299 6199 6099 6199 6299 6399 6299 6399 6399 6499 6499 6499 6299 6599 6399 6399 6699 6632 6599 6699 6599 6599 6799 6799 6899 6899 6899 6899 6799 6899 6899 7099 7099 7099 7199 6999 7099 7099 7199 7399 7399 7199 7299 7499 7432 7299 7299 7499 7599 7599 7499 7365 7299 7599 7699 7799 7799
0 1 56 48 4 1 64 149 7799 7699 7699 7899 7732 7699 7799 7999 8199 8099 7999 7999 7999 7899 8099 8265 8499 8399 8399 8232 8299 8199 8299 8399 8799 8799 8699 8599 8399 8599 8599 8499 9099 9099 8999 8899 8865 8799 8799 8799 9699 9532 9499 9399 9299 9099 9032 9399 10198 10065 9899 9799 9599 9399 9499 9599 10665 10432 10398 10398 9999 9899 9899 10065
0 1 56 56 4 1 64 149 10998 10865 10665 10698 10498 10498 10298 10198 11398 11398 11165 11098 10632 10598 10698 10698 11798 11532 11398 11032 11132 10832 10998 11032 12098 11932 11765 11498 11298 11198 11198 11198 12465 12198 12098 11898 11598 11498 11498 11598 12432 12565 12365 12198 12098 11898 11898 11898 12798 12732 12398 12298 12298 12332 12132 12298 12965 12965 12698 12598 12565 12332 12298 12232
0 1 56 64 4 1 64 149 13198 13098 12965 12732 12798 12665 12432 12565 13198 13098 12998 12998 12665 12698 12798 12765 13298 13165 13165 12865 12898 12898 12998 12965 13565 13198 13132 12998 12965 12898 12898 12998 13698 13498 13498 13165 13098 12998 13065 12998 14065 13798 13365 13431 13232 13198 13098 12998 14265 13898 13698 13498 13332 13332 13298 13298 14398 13931 13731 13698 13698 13698 13731 13698
0 1 56 72 4 1 64 149 14398 14365 14198 13898 13898 13898 13898 13898 14398 14398 14498 14398 14298 14265 14331 14198 14365 14331 14398 14398 14298 14498 14298 14365 14298 14398 14498 14398 14398 14498 14398 14398 13998 14298 14498 14398 14298 14398 14498 14365 13765 14265 14298 14298 14298 14298 14298 13998 13698 14065 14198 14231 14098 14198 14098 13798 13398 13598 13698 13865 13798 13798 13698 13498
0 1 56 80 4 1 64 149 13065 13298 13298 13465 13498 13332 13298 13265 12698 12865 12998 12898 12798 13065 12798 12698 12565 12498 12598 12498 12498 12498 12398 12198 12498 12498 12598 12398 12298 12232 11998 11798 12132 12398 12198 12198 12298 12065 11732 11498 12098 12198 12198 12365 11898 11732 11565 11298 11798 11898 11998 11932 11698 11565 11165 11098 11898 11965 11998 11865 11665 11065 10898 10732
0 1 56 88 4 1 64 149 11698 11698 11498 11565 11132 10898 10632 10498 11398 11498 11432 11198 10898 10865 10498 10298 11298 11298 11098 10898 10798 10598 10398 9899 11098 11098 10798 10698 10498 10298 9932 9632 10832 10798 10698 10398 10232 9899 9665 9399 10798 10598 10598 10198 9699 9599 9499 9165 10598 10332 10298 9899 9399 9199 8999 8799 10298 10165 9799 9499 9299 8899 8799 8299
0 1 56 96 4 1 64 149 10298 9832 9499 9199 8999 8699 8299 7932 9799 9699 9499 9199 8799 8499 7999 7799 9499 9599 9565 9099 8999 8299 8199 7899 9499 9499 9199 9099 8799 8199 8099 8099 8999 9199 9099 9099 8699 8199 8099 8099 8899 8899 9099 8899 8599 8299 8099 7999 8899 8999 8999 8699 8699 8399 8099 7899 8899 8899 8699 8699 8599 8199 8099 7899
0 1 56 104 4 64 64 149 149 149 149 149 149 149 149 149 149 149 149 149 149 149 147 149 149 149 149 149 149 147 146 149 149 149 149 149 149 16532 146 149 149 149 149 149 149 16532 146 149 149 149 149 149 147 146 146 149 149 149 147 148 146 146 146 149 149 147 146 146 146 146 146 8699 8699 8699 8599 8399 8199 8099 7799 8699 8699 8599 8299 8299 8099 7799 7499 8299 8399 8499 8099 8099 7799 7499 7299 8099 8099 8099 8199 7999 7799 7599 7299 7999 8099 7999 8099 7899 7699 7599 7199 7899 7899 7899 7799 7699 7599 7399 7099 7699 7799 7699 7499 7399 7399 7299 7099 7599 7699 7499 7499 7299 7299 7099 6899
0 1 56 112 4 64 64 148 148 146 146 146 146 146 146 146 146 146 146 146 146 146 146 146 146 146 146 146 146 146 146 146 146 146 146 146 146 146 146 146 146 146 146 146 146 146 146 146 146 146 146 146 146 146 146 146 146 146 146 146 146 146 146 146 144 145 145 145 145 49296 146 7299 7399 7299 7199 7099 7099 6799 6899 7099 7099 7199 7099 7099 6899 6699 6599 6899 6799 6799 6799 6799 6699 6499 6499 6699 6599 6499 6499 6699 6299 6299 6299 6499 6499 6399 6299 6099 6099 6099 6199 6199 6199 6099 5999 5799 5699 5799 5799 6199 6099 5799 5699 5599 5799 5699 5599 5899 5599 5599 5399 5399 5399 5399 5499
0 1 56 120 4 64 64 145 143 143 143 143 143 143 145 143 143 143 143 143 143 143 143 143 143 143 143 143 143 143 143 143 143 143 143 143 143 143 143 143 143 143 143 143 143 143 143 143 143 143 143 143 143 143 143 143 143 143 143 143 143 143 143 143 143 143 143 143 143 143 143 5499 5299 5299 5299 5199 5199 5399 5399 5099 4999 4999 4999 4999 4799 4999 5099 4999 4999 4799 4899 4799 4699 4999 4799 4999 4699 4699 4699 4599 4799 4699 4899 4599 4499 4599 4399 4599 4699 4699 4499 4199 4099 4099 4299 4299 4299 4399 4599 4299 4099 4099 4299 4299 4299 4299 4199 4299 4199 4099 3999 3999 3999 4099 4099
0 1 64 0 4 1 1 143 3999
0 1 64 8 4 1 1 143 3999
0 1 64 16 4 1 64 143 3999 3999 3999 3999 3999 3999 3999 3999 4099 3999 3999 3999 3899 3899 3899 3899 4299 4199 4099 4199 4199 4199 3999 4099 4299 4299 4199 4299 4099 4299 4199 4199 4199 4199 4299 4199 4199 4299 4099 4299 4399 4299 4399 4299 4299 4499 4399 4299 4599 4499 4399 4499 4399 4499 4499 4299 4599 4499 4499 4599 4499 4499 4499 4599
0 1 64 24 4 1 64 143 4599 4499 4699 4499 4699 4599 4499 4499 4899 4899 4799 4799 4799 4699 4699 4599 4999 4899 4899 4899 4899 4899 4799 4899 4999 4899 4899 4899 4999 4999 4899 4999 4999 5099 4899 5199 5199 4899 4999 4999 5199 5199 5099 5299 5199 4999 4999 5099 5199 5199 5399 5099 5199 4999 5199 4899 5299 5399 5299 5199 5199 5199 5199 5299
0 1 64 32 4 64 64 143 143 143 143 143 143 143 143 143 143 143 143 143 32913 32913 143 143 143 32913 32913 32912 146 146 16528 32913 32912 146 146 146 146 146 146 146 146 146 146 146 146 146 146 146 146 146 146 146 146 146 146 146 146 146 146 146 146 146 146 146 146 146 146 146 146 146 146 5299 5399 5199 5199 5199 5199 5199 5299 5299 5399 5399 5299 5499 5299 5399 5299 5499 5499 5499 5399 5499 5499 5499 5499 5499 5399 5499 5399 5399 5499 5699 5599 5599 5599 5599 5699 5699 5699 5699 5699 5699 5699 5699 5899 5699 5799 5799 5999 5899 5799 5799 5799 5899 5999 6099 5999 6099 5999 5999 5899 6099 6099 6199 6199
0 1 64 40 4 64 64 146 146 146 146 146 146 146 146 146 146 146 146 146 146 146 146 146 146 146 146 32916 32916 32916 32916 146 146 32916 32915 149 149 149 149 32916 32915 149 149 149 149 149 149 149 149 149 149 149 149 149 149 149 149 149 149 149 149 149 149 149 149 149 149 149 149 149 149 6299 6499 6299 6499 6399 6299 6499 6599 6499 6499 6599 6699 6599 6499 6699 6899 6799 6799 6799 6799 6799 6799 6799 6999 6899 7099 6999 6999 7299 7099 7199 7399 7199 7199 7399 7199 7399 7699 7599 7699 7399 7499 7599 7699 7799 7899 7999 7999 7599 7899 7799 7999 7999 8199 8199 8299 7899 7899 7899 8199 8299 8299 8499 8599
0 1 64 48 4 1 64 149 8099 8099 8199 8299 8299 8499 8599 8599 8299 8399 8399 8399 8499 8699 8599 8699 8399 8399 8299 8499 8499 8599 8899 8832 8499 8499 8699 8599 8699 8799 8899 8899 8899 8799 8899 8899 8999 8799 8999 9299 9132 9099 9132 9099 9399 9299 9399 9299 9599 9499 9499 9599 9699 9699 9699 9799 9899 9832 9799 9899 9899 10098 10098 10098
0 1 64 56 4 1 64 149 10232 10365 10198 10198 10198 10298 10498 10598 10698 10698 10598 10598 10598 10598 10698 10998 10998 10798 10698 10732 10998 11165 11098 11098 11298 11198 11198 11298 11332 11398 11398 11498 11598 11532 11598 11598 11865 11898 11598 11832 11998 11965 11832 11832 11898 11932 11898 11998 12198 12198 12298 12265 12165 12165 12198 12132 12598 12398 12398 12265 12198 12232 12198 12098
0 1 64 64 4 1 64 149 12598 12598 12598 12432 12565 12565 12265 12198 12798 12698 12865 12732 12532 12665 12432 12632 12832 12832 12898 12898 12932 12765 12698 12698 13065 12965 12998 12898 12798 12798 12632 12698 13098 13098 13198 13198 13232 12998 12832 12798 13198 13298 13465 13498 13565 13198 13098 12832 13498 13598 13698 13698 13831 13498 13132 13165 13598 13798 13798 13898 13865 13765 13465 13198
0 1 64 72 4 1 64 149 13898 13965 13898 13931 13965 13898 13598 13332 14031 14165 14031 14131 13998 13998 13765 13498 14431 14265 14198 14198 14031 13898 13698 13531 14331 14198 14198 14265 14165 13965 13731 13565 14198 14198 14298 14198 13898 13865 13498 13498 13898 13898 14098 13765 13531 13398 13365 13032 13765 13698 13565 13298 13298 13098 12898 12798 13498 13298 13032 12998 13198 12798 12598 12398
0 1 64 80 4 1 64 149 12998 12832 12798 12665 12432 12365 12032 11932 12665 12565 12298 12198 11998 11698 11632 11698 12065 12198 11832 11632 11565 11365 11365 11265 11598 11498 11532 11198 11198 11098 11032 10998 11198 10998 11198 10998 10998 10898 10798 10832 10998 10732 10798 10798 10765 10732 10798 10798 10732 10732 10698 10698 10598 10498 10532 10698 10398 10498 10398 10498 10498 10498 10498 10665
0 1 64 88 4 1 64 149 10398 10298 10132 10198 10298 10398 10398 10498 10098 9999 9965 9999 10098 10198 10398 10598 9899 9799 9799 9832 9999 10265 10398 10398 9599 9499 9332 9665 9899 10098 10298 10398 9199 9099 9199 9299 9532 9899 10098 10098 8899 8699 8899 8932 9399 9665 9799 10065 8499 8499 8599 8599 8832 9299 9732 9799 8232 8299 8332 8599 8899 8999 9199 9399
0 1 64 96 4 64 64 149 149 149 149 149 149 149 149 149 149 149 149 149 149 149 149 149 149 149 149 149 149 149 149 149 149 49299 149 149 149 149 149 149 149 16532 49299 149 149 149 149 149 149 16532 146 148 49299 149 149 149 147 146 146 146 146 49299 149 149 16532 146 146 146 146 146 49299 7999 8099 8299 8132 8699 8799 8999 9099 7799 7899 8099 8199 8299 8499 8599 8699 7799 7799 7799 7899 8165 8132 8232 8399 7799 7599 7532 7632 7899 7965 7999 7999 7799 7699 7399 7399 7499 7699 7799 7999 7799 7699 7499 7399 7299 7299 7599 7699 7799 7599 7399 7299 7199 7299 7199 7399 7699 7399 7199 7032 6999 6899 7099 7299
0 1 64 104 4 64 64 147 146 146 146 146 146 146 146 146 146 146 146 146 146 146 146 146 146 146 146 146 146 146 146 146 146 146 146 146 146 146 146 146 146 146 146 146 146 146 146 146 146 146 146 146 146 146 146 146 146 146 146 146 146 146 146 146 146 146 146 146 146 144 49296 7399 7099 6899 6899 6799 6799 6899 6899 7099 6799 6699 6599 6599 6599 6599 6999 6799 6499 6399 6399 6399 6199 6399 6599 6799 6499 6299 6199 6099 6099 6199 6299 6699 6499 5999 5999 6099 6199 5999 6199 6699 6499 5999 5899 5699 5899 5999 5999 6799 6399 6099 5699 5599 5799 5699 5699 6599 6399 5999 5899 5599 5699 5599 5599
0 1 64 112 4 64 64 146 146 146 146 144 145 143 143 146 146 146 146 16529 143 143 143 146 146 146 146 16529 143 143 143 146 146 146 146 16529 143 143 143 146 146 146 146 16529 143 143 143 146 146 146 146 16529 143 143 143 146 146 146 146 16529 143 143 143 146 146 146 144 143 143 143 143 6499 6199 5999 5799 5599 5499 5499 5499 6399 6099 5999 5899 5499 5299 5199 5199 6199 6199 6099 5799 5499 5199 5099 4999 6099 6199 5999 5599 5299 4899 4999 4999 5999 5999 5699 5699 5199 4799 4899 4899 5899 5899 5799 5599 5399 5099 4999 4499 5599 5799 5799 5699 5299 5399 4999 4499 5699 5599 5699 5499 5399 5199 4999 4699
0 1 64 120 4 64 64 145 145 145 143 143 143 143 143 143 143 143 143 143 143 143 143 143 143 143 143 143 143 143 143 143 143 143 143 143 143 143 141 143 143 143 143 143 143 141 140 143 143 143 143 143 143 16526 140 143 143 143 143 143 141 140 140 143 143 143 143 141 140 140 140 5499 5499 5299 5299 5099 4999 4599 4099 5399 5299 5399 5099 4999 4699 4299 3999 4999 5099 4999 4999 4699 4499 4299 3899 4899 4999 4799 4799 4599 4199 4099 3699 4699 4699 4699 4699 4299 4099 3799 3499 4499 4499 4499 4299 3999 3899 3599 3399 4299 4299 4299 3999 3899 3599 3399 3299 3999 3999 4099 3899 3399 3399 3299 2999
0 1 72 0 4 1 1 143 3999
0 1 72 8 4 1 1 143 3999
0 1 72 16 4 1 64 143 3999 3999 3999 3999 3999 3999 3999 3999 4099 3999 3999 3999 3999 3999 3999 3999 3999 4199 3999 4199 3999 4099 4099 4099 4099 4199 4199 4099 3999 4099 4199 4199 4299 4199 4099 4299 4299 4299 4199 4299 4299 4299 4499 4199 4299 4399 4299 4299 4299 4199 4299 4299 4299 4299 4299 4399 4399 4599 4499 4599 4399 4499 4599 4399
0 1 72 24 4 1 64 143 4399 4599 4599 4499 4599 4599 4599 4799 4699 4599 4799 4599 4699 4499 4599 4699 4899 4699 4799 4799 4899 4799 4699 4699 4999 4999 4999 4799 4999 4799 4899 4999 4999 4999 4999 4899 4999 4899 4999 4999 5099 5099 5099 5099 4899 5099 5099 4999 5099 5099 5099 5099 4999 5099 5099 4999 5299 5199 5199 5199 5099 5199 5299 5199
0 1 72 32 4 64 64 143 143 143 143 143 143 143 143 143 143 143 143 32913 32913 32913 32912 32913 32913 32913 32912 146 146 146 146 146 146 146 146 146 146 146 146 146 146 146 146 146 146 146 146 146 146 146 146 146 146 146 146 146 146 146 146 146 146 146 146 146 146 146 146 146 146 146 32916 5299 5399 5299 5199 5399 5199 5399 5299 5299 5499 5299 5399 5499 5499 5499 5499 5499 5499 5499 5499 5499 5499 5599 5599 5599 5599 5599 5599 5599 5799 5799 5699 5799 5799 5799 5999 5799 5999 5999 5899 5799 5899 5999 5999 5999 6099 6099 6399 6099 6199 6299 6399 6299 6199 6499 6399 6299 6499 6599 6299 6599 6499 6599 6799
0 1 72 40 4 64 64 146 146 146 32916 32916 32916 32915 149 146 146 32915 149 149 149 149 149 32916 32915 149 149 149 149 149 149 149 149 149 149 149 149 149 149 149 149 149 149 149 149 149 149 149 149 149 149 149 149 149 149 149 149 149 149 149 149 149 149 149 149 149 149 149 149 149 149 6599 6599 6699 6799 6899 6899 6999 6999 6899 6899 6999 7099 6999 7199 7299 7499 7099 7299 7099 7299 7699 7599 7699 7899 7599 7499 7599 7699 7799 7999 7999 8299 7699 7899 7799 8099 8299 8599 8799 8899 8199 8299 8299 8499 8599 8799 9099 9299 8399 8599 8699 8699 9099 9199 9399 9899 8799 8899 8899 9099 9199 9399 9899 10098
0 1 72 48 4 1 64 149 8699 8832 9199 9299 9599 9699 9899 10198 8799 9199 9299 9399 9499 9899 9999 10598 8999 9265 9299 9499 9599 10098 10198 10598 9299 9399 9399 9599 9899 10198 10398 10798 9399 9499 9599 9599 9999 10198 10498 10798 9399 9499 9599 9799 10198 10098 10498 10898 9865 9799 9832 9899 10098 10298 10498 10898 10265 10398 10198 10198 10198 10498 10698 10898
0 1 72 56 4 1 64 149 10532 10598 10532 10598 10598 10598 10898 11198 11098 10998 11065 11065 11065 10998 11098 11132 11298 11198 11198 11198 11198 11198 11232 11298 11598 11598 11598 11498 11565 11598 11598 11865 11898 11898 11965 11798 11798 11865 11798 11998 12098 11998 11898 11998 11932 12065 12098 12265 12132 12198 12298 12198 12198 12098 12298 12298 12298 12298 12098 12098 12132 12198 12298 12565
0 1 72 64 4 1 64 149 12398 12398 12398 12298 12232 12332 12298 12632 12598 12598 12598 12432 12498 12498 12565 12598 12598 12798 12698 12598 12665 12665 12498 12598 12698 12632 12598 12532 12632 12498 12498 12532 12898 12698 12698 12598 12498 12532 12632 12765 12898 12898 12698 12665 12465 12765 12698 12698 12932 12898 12732 12598 12632 12965 12865 12798 13098 12865 12798 12632 12798 12898 12798 12798
0 1 72 72 4 1 64 149 13198 13098 12965 12965 12898 12998 12798 12765 13198 13132 12932 12898 12832 12765 12598 12398 13465 13198 12932 12898 12832 12798 12565 12132 13398 13098 12965 12798 12698 12498 12098 11898 13198 13065 12798 12698 12598 12198 11798 11532 13065 12798 12665 12432 12165 11998 11698 11398 12698 12698 12565 12432 12098 11865 11498 11265 12532 12398 12365 12165 11798 11598 11298 11032
0 1 72 80 4 1 64 149 11998 11965 12032 11798 11432 11298 11098 10998 11698 11765 11598 11498 11198 11098 10998 10965 11232 11298 11298 11098 10832 10865 10765 10798 11065 11032 11065 10898 10698 10498 10532 10765 10832 10865 10798 10765 10665 10465 10465 10598 10798 10698 10765 10598 10665 10398 10332 10398 10498 10598 10498 10432 10298 10298 10298 10198 10532 10498 10198 10165 10098 10098 9999 10098
0 1 72 88 4 1 64 149 10498 10498 10298 9999 9999 9899 9899 9932 10565 10398 10265 9999 9799 9699 9899 9999 10398 10398 10098 9899 9799 9799 9765 9799 10265 10198 9999 9732 9799 9799 9632 9799 9999 9999 9865 9599 9465 9399 9465 9599 10065 9999 9499 9399 9099 9199 9299 9432 9699 9765 9499 9099 8832 8965 9199 9399 9299 9399 9132 8899 8832 9065 9099 9232
0 1 72 96 4 1 64 149 9099 9199 8899 8799 8799 8899 8999 9165 8699 8699 8699 8699 8699 8699 8999 9265 8399 8599 8399 8399 8599 8799 8999 9099 8132 8199 8399 8499 8599 8699 8899 9199 8099 8199 8299 8299 8599 8699 8899 9199 7899 7999 8099 8299 8399 8599 8799 8799 7699 8099 8099 8199 8199 8465 8599 8599 7565 7699 7999 7999 8199 8199 8099 8199
0 1 72 104 4 64 64 49299 149 149 149 149 149 149 149 146 148 49299 149 149 149 149 149 146 146 146 148 148 49299 149 149 146 146 146 146 146 146 148 49299 146 146 146 146 146 146 146 146 146 146 146 146 146 146 146 146 146 146 146 146 146 146 146 146 146 146 146 146 146 146 146 146 7299 7599 7699 7799 7799 7899 7899 8099 6999 7299 7599 7599 7799 7699 7799 7999 6699 6699 6899 7299 7499 7499 7499 7699 6399 6599 6899 6999 7299 7399 7499 7599 6099 6399 6599 6899 6899 7099 7199 7199 6199 6299 6299 6499 6799 6799 7299 7199 5999 6099 6199 6199 6599 6799 6799 6899 5599 5899 5899 6199 6399 6599 6599 6499
0 1 72 112 4 64 64 49296 146 146 146 146 146 146 146 49297 146 146 146 146 146 146 146 143 145 49296 146 146 146 146 146 143 143 143 145 145 145 145 145 143 143 143 143 143 143 143 143 143 143 143 143 143 143 143 143 143 143 143 143 143 143 143 143 143 143 143 143 143 143 143 143 5499 5499 5599 6099 6099 6299 6299 6299 5099 5399 5699 5799 6099 5999 6099 6099 4999 5299 5199 5599 5799 5799 5799 5699 4799 4999 5199 5399 5499 5299 5299 5299 4599 4899 4999 4999 5199 5199 5299 5199 4699 4399 4699 4799 4899 4699 4999 4999 4399 4299 4299 4099 4599 4699 4699 4999 4299 3899 3799 3999 4099 4399 4699 4799
0 1 72 120 4 64 64 143 143 143 143 143 143 143 143 143 143 143 143 143 143 143 143 141 49293 143 143 143 143 143 143 140 49294 143 143 143 143 143 143 140 140 49293 143 143 143 143 143 140 140 140 49293 143 143 143 143 140 140 140 140 49293 143 143 143 140 140 140 140 140 32909 143 143 3999 3899 3899 3999 4299 4299 4699 4499 3799 3899 3899 4099 4199 4099 4599 4799 3799 3799 3699 3899 4099 4299 4599 4699 3699 3799 3499 3899 3899 4099 4299 4499 3599 3599 3599 3599 3899 4099 4299 4599 3299 3499 3399 3599 3599 3899 4199 4299 3199 3199 3299 3499 3599 3799 3999 4199 3199 3099 3099 3299 3599 3599 3699 3899
0 1 80 0 4 1 1 143 3999
0 1 80 8 4 1 1 143 3999
0 1 80 16 4 1 64 143 3999 3999 3999 3999 3999 3999 3999 3999 3999 3999 3999 3999 3999 3999 3999 3999 3999 3999 3999 3999 3999 3999 3999 3999 4199 3999 4199 4099 4099 4199 4099 4299 4099 4299 4299 4299 4299 4299 4299 4499 4299 4299 4299 4399 4299 4399 4499 4399 4499 4399 4399 4599 4599 4499 4499 4399 4499 4499 4699 4599 4599 4599 4499 4599
0 1 80 24 4 64 64 143 143 143 143 143 143 143 143 143 143 143 143 143 143 143 143 143 143 143 143 143 143 143 143 143 143 143 143 143 143 143 143 143 143 143 143 143 143 143 143 143 143 143 143 143 143 32913 32912 143 143 143 143 32913 32912 146 146 143 32913 32913 32912 146 146 146 146 4599 4599 4699 4599 4799 4699 4699 4699 4799 4899 4799 4899 4999 4799 4799 4999 4799 4899 4999 4999 4999 4999 4899 4999 4799 4999 4999 4999 4899 4999 5199 5099 4999 4999 4999 4899 5199 5099 5299 5199 5099 5099 5199 5399 5199 5499 5399 5499 5199 5199 5199 5399 5499 5499 5399 5599 5199 5399 5399 5399 5499 5599 5599 5799
0 1 80 32 4 64 64 32912 146 146 146 146 146 146 146 146 146 146 146 146 146 146 146 146 146 146 146 146 146 146 146 146 146 146 146 146 146 146 146 146 146 146 146 146 32916 32916 32915 146 146 146 32916 32915 149 149 149 146 146 32915 149 149 149 149 149 32916 32915 149 149 149 149 149 149 5399 5499 5599 5599 5599 5699 5899 5899 5599 5499 5799 5699 5699 5799 6099 6099 5599 5699 5899 5899 6099 6199 6299 6299 5799 5999 6099 6099 6399 6499 6599 6799 6199 6199 6299 6499 6599 6799 6999 7099 6499 6399 6599 6699 6999 7099 7299 7399 6499 6699 6899 6999 7299 7399 7899 7899 6899 7199 7199 7499 7699 7799 8099 8299
0 1 80 40 4 1 64 149 7099 7499 7499 7699 7999 8299 8599 8599 7799 7799 8099 8299 8599 8899 8999 9099 8099 8299 8499 8899 8999 9199 9299 9399 8499 8699 9099 9299 9599 9799 9799 9999 9099 9299 9499 9699 10198 10298 10498 10598 9699 9799 10298 10598 10598 10798 10898 10998 10198 10498 10798 11098 11398 11498 11498 11498 10498 10898 11098 11498 11898 11998 12098 12198
0 1 80 48 4 1 64 149 10798 11098 11498 11898 12198 12398 12698 12698 10798 11198 11498 12198 12598 12698 12998 13098 10998 11298 11498 12298 12498 13098 13298 13498 10998 11498 11698 12098 12598 12898 13298 13598 10998 11498 11698 12098 12498 12898 13198 13698 11098 11398 11698 12065 12398 12598 12998 13598 10998 11598 11698 11798 12098 12498 12998 13298 11098 11565 11798 11798 12098 12198 12598 12932
0 1 80 56 4 1 64 149 11298 11665 11898 11998 12098 12365 12532 12698 11332 11498 11898 11932 12198 12298 12598 12898 11398 11698 11798 12098 12232 12465 12298 12598 11865 11998 11932 12298 12298 12498 12498 12765 11998 12032 11998 12198 12298 12398 12398 12698 12398 12198 12398 12298 12332 12532 12698 12798 12398 12532 12365 12398 12598 12598 12698 12698 12598 12598 12565 12665 12598 12798 12798 12865
0 1 80 64 4 1 64 149 12698 12632 12398 12598 12698 12732 12798 12798 12598 12598 12498 12598 12698 12632 12698 12798 12598 12598 12532 12498 12698 12698 12698 12698 12565 12598 12632 12665 12632 12665 12565 12498 12632 12532 12598 12498 12298 12498 12498 12665 12698 12598 12432 12398 12398 12398 12498 12465 12698 12432 12398 12298 12465 12398 12432 12498 12698 12532 12098 12165 12198 12265 12232 12465
0 1 80 72 4 1 64 149 12498 12298 12098 12098 12098 12098 12398 12465 12198 11998 11798 11798 11898 11965 12165 12565 11998 11865 11732 11532 11632 11898 11965 12232 11765 11598 11332 11398 11398 11732 11832 12198 11298 11298 11198 11198 11265 11598 11798 12032 11198 11098 11098 11098 11198 11665 11798 11965 10998 10932 10932 10998 11198 11398 11565 11798 10898 10832 10832 10898 11098 11298 11598 11698
0 1 80 80 4 1 64 149 10898 10832 10798 10898 11065 11232 11565 11798 10898 10798 10898 10998 11098 11198 11465 11865 10798 10798 10898 10998 11032 11232 11598 11865 10698 10798 10898 10998 11265 11432 11732 11898 10598 10665 10765 10965 11265 11398 11498 11698 10365 10398 10298 10465 10832 11198 11665 11798 10298 10365 10098 10332 10765 11098 11432 11665 10198 10198 10298 10398 10498 10798 10998 11398
0 1 80 88 4 1 64 149 10098 10165 10198 10298 10498 10698 10898 10965 10098 10132 10198 10198 10298 10498 10698 10898 9999 9999 10198 10365 10498 10598 10698 10798 9765 10065 10198 10398 10598 10598 10598 10598 9899 9999 10198 10398 10498 10498 10598 10498 9699 9899 9932 10465 10398 10565 10465 10132 9699 9799 9999 10198 10398 10298 10198 10098 9599 9799 9965 10198 10365 10198 10165 9899
0 1 80 96 4 1 64 149 9299 9699 9632 9999 9932 9999 9799 9799 9499 9499 9599 9699 9799 9699 9499 9399 9399 9399 9399 9499 9499 9199 9199 9099 9099 9299 9199 9299 8899 8899 8832 8899 9099 9299 9199 8999 8899 8632 8699 8699 8999 8899 8999 8799 8699 8699 8699 8699 8799 8799 8699 8599 8599 8199 8399 8399 8399 8499 8399 8299 8199 8199 8099 8099
0 1 80 104 4 64 64 149 149 149 149 149 149 149 149 149 149 149 149 149 149 149 149 149 149 149 147 148 49299 149 149 149 149 147 146 146 146 148 49299 148 148 146 146 146 146 146 49300 146 146 146 146 146 146 146 32915 146 146 146 146 146 146 49300 149 146 146 146 146 146 146 49300 149 8099 8099 8199 8099 7999 8099 7932 8099 8099 7899 7899 7899 7699 7699 7732 7699 7699 7799 7699 7599 7599 7499 7599 7699 7599 7699 7399 7299 7299 7299 7299 7299 7199 7199 6999 6799 6799 6899 6999 7099 7199 6799 6699 6699 6799 6799 6699 7199 6899 6799 6599 6599 6599 6599 6899 7199 6399 6399 6199 6399 6399 6499 6799 7099
0 1 80 112 4 64 64 146 146 146 146 146 146 49300 149 146 146 146 146 146 146 146 49299 146 49296 146 146 146 146 146 49300 145 49297 146 146 146 146 146 146 143 49297 146 146 146 146 146 146 143 32912 146 146 146 146 146 146 49297 146 146 146 146 146 146 146 49297 146 146 146 146 146 146 146 5999 5999 5999 5999 6199 6499 6799 7299 5899 5799 5799 5899 5999 6399 6799 7099 5699 5499 5499 5799 5899 6399 6599 6999 5399 5399 5499 5799 5699 6299 6599 6999 5099 5299 5499 5799 5899 6199 6599 6999 4999 5399 5599 5699 6099 6399 6599 6899 4799 5399 5599 5999 6099 6399 6599 6799 4999 5299 5699 6099 6099 6399 6499 6899
0 1 80 120 4 64 64 143 49296 146 146 146 146 146 146 143 143 49296 146 146 146 146 146 143 143 49297 146 146 146 146 146 143 143 143 145 49296 146 146 146 143 143 143 143 143 49296 146 146 143 143 143 143 143 49297 146 146 143 143 143 143 143 49297 146 146 143 143 143 143 143 49297 146 146 4999 5399 5499 5799 6199 6099 6499 6599 4799 5399 5299 5599 5899 5999 6099 6499 4899 5099 5299 5599 5699 5799 5999 6299 4899 4999 5399 5499 5499 5599 5899 5999 4699 4999 5199 5299 5299 5499 5599 5699 4599 4799 4999 5099 5299 5299 5599 5699 4299 4699 4699 4999 4899 5199 5499 5799 4199 4199 4699 4899 4899 5399 5499 5799
0 1 88 0 4 1 1 143 3999
0 1 88 8 4 1 1 143 3999
0 1 88 16 4 1 64 143 3999 3999 3999 3999 3999 3999 3999 3999 3999 3999 3999 3999 3999 3999 4099 4099 3999 4199 4099 4099 4099 4199 4199 4199 4199 4299 4299 4299 4099 4499 4399 4299 4099 4299 4299 4299 4399 4499 4499 4399 4399 4499 4599 4599 4599 4599 4499 4399 4499 4399 4599 4699 4699 4699 4799 4699 4599 4799 4799 4699 4699 4799 4899 4799
0 1 88 24 4 64 64 143 143 143 143 143 143 143 143 143 143 143 143 143 143 143 143 143 143 143 143 143 143 32913 32912 143 143 32913 32913 32913 32912 146 146 32913 32912 146 146 146 146 146 146 146 146 146 146 146 146 146 146 146 146 146 146 146 146 146 146 146 146 146 146 146 146 146 146 4699 4899 4899 4899 4899 4999 5199 4999 4899 4899 4799 4999 5199 5099 5199 5299 4799 4999 4999 5099 5099 5399 5199 5299 4999 5099 5199 5399 5199 5299 5399 5599 5199 5399 5299 5299 5599 5599 5599 5699 5499 5599 5599 5799 5699 5699 5899 5899 5599 5699 5699 5799 5999 5999 6099 6099 5899 5899 5899 6199 6099 5999 6299 6199
0 1 88 32 4 64 64 146 146 146 146 146 146 146 146 146 146 146 146 146 146 146 146 146 146 146 146 146 146 146 146 32916 32916 32916 32916 146 32916 32916 32916 149 149 149 149 32915 149 149 149 149 149 149 149 149 149 149 149 149 149 149 149 149 149 149 149 149 149 149 149 149 149 149 149 5999 6099 6199 6399 6399 6399 6399 6299 6099 6199 6399 6499 6499 6599 6599 6599 6499 6599 6599 6799 6799 6899 6999 6899 6799 6899 7099 7099 7099 6999 7099 7099 7199 7299 7399 7399 7499 7499 7299 7399 7599 7699 7699 7699 7599 7599 7699 7799 7999 7999 8099 8099 8099 7999 7999 7999 8299 8499 8299 8299 8199 8299 8299 8099
0 1 88 40 4 1 64 149 8799 8899 8799 8499 8599 8532 8699 8599 9199 9199 9199 8999 8899 8999 8899 8799 9599 9399 9399 9399 9299 9299 9099 9099 9999 10098 9699 9799 9699 9399 9399 9299 10598 10398 10298 10198 9999 9899 9799 9899 10998 10798 10898 10698 10498 10098 10198 10098 11398 11498 11198 11098 10898 10598 10698 10698 11998 11798 11898 11598 11498 11198 11198 11198
0 1 88 48 4 1 64 149 12698 12498 12298 12098 11898 11898 11798 11798 12998 12998 12798 12798 12698 12432 12465 12298 13498 13298 13498 13198 13132 13098 12898 12898 13698 13998 13998 13898 13898 13498 13665 13398 14098 14098 14298 14298 14198 14098 14098 14098 13798 14398 14398 14398 14398 14498 14798 14798 13598 13998 14298 14498 14731 14798 14998 15165 13398 13731 14265 14398 14865 15065 15298 15398
0 1 88 56 4 1 64 149 12998 13698 13798 14198 14598 14998 15565 15631 13098 13232 13631 14198 14598 15098 15698 15998 12898 13198 13598 14298 14665 15131 15865 16265 12898 13098 13631 14031 14598 14998 15798 16198 12998 13232 13665 14031 14498 15065 15731 16131 12998 13232 13665 13998 14398 14831 15198 15831 12998 13198 13531 13798 14498 14665 14931 15465 12998 13098 13332 13698 14031 14331 14731 15198
0 1 88 64 4 1 64 149 12832 12965 13232 13531 14031 14331 14598 14865 12898 13098 13332 13498 13931 14231 14431 14798 12798 12998 13365 13598 13898 14265 14631 14831 12698 12865 13132 13631 13998 14465 14665 14931 12698 12932 13298 13698 14298 14565 14698 14798 12698 13065 13332 13698 14131 14465 14631 14698 12765 12965 13431 13698 13998 14298 14398 14565 12698 12998 13298 13598 13898 14098 14331 14431
0 1 88 72 4 1 64 149 12798 12898 13298 13631 13898 14065 14165 14431 12798 12898 13198 13498 13698 13865 14098 14365 12598 12898 13098 13265 13498 13698 13931 14198 12598 12832 12965 13032 13298 13498 13698 13998 12298 12498 12698 12898 12998 13198 13565 13831 12098 12332 12598 12732 12932 13198 13598 13931 11998 12198 12565 12632 13165 13498 13898 14198 11932 12265 12598 13032 13498 13898 14298 14531
0 1 88 80 4 1 64 149 12032 12498 13232 13498 13898 14098 14431 14631 12398 13132 13365 13598 13931 14098 14265 14398 12565 13132 13398 13498 13765 13765 13865 13898 12298 12765 12998 13165 13198 13265 13398 13498 12032 12265 12498 12632 12898 12965 13132 13232 11898 12165 12298 12398 12632 12798 12998 13198 11798 11865 11998 12198 12232 12498 12932 13098 11598 11498 11598 11698 12098 12198 12498 12998
0 1 88 88 4 1 64 149 11198 11198 11432 11398 11498 11765 12198 12498 11098 11098 11365 11198 11365 11598 11998 12198 10798 10898 11265 11198 11298 11398 11632 11898 10698 10898 11098 11098 11132 11498 11398 11398 10498 10598 10898 11098 11198 11265 11298 11398 10398 10398 10598 10865 10898 11098 10998 11198 10098 10198 10298 10498 10698 10998 10998 11298 9899 9999 10198 10398 10565 10598 10598 10898
0 1 88 96 4 1 64 149 9799 9799 9799 10198 10298 10365 10398 10698 9599 9699 9699 9799 9799 9899 10098 10432 9099 9199 9299 9499 9699 9899 10098 10498 8899 8999 8899 9099 9499 9599 10298 10498 8599 8699 8799 8999 9199 9499 10098 10498 8699 8699 8699 8899 9199 9599 9999 10498 8199 8299 8699 8899 9199 9799 10198 10498 8099 8199 8599 8799 9199 9599 10198 10698
0 1 88 104 4 1 64 149 7999 8099 8599 8799 9199 9499 9899 10298 7699 8099 8599 8799 9199 9599 9899 10198 7799 7999 8599 8899 9199 9599 9799 9999 7599 7999 8599 8699 9199 9299 9799 9999 7399 8099 8499 8799 9099 9299 9699 9899 7499 7999 8499 8699 9099 9399 9399 9699 7499 7999 8499 8699 8799 8999 9099 9299 7699 7999 8499 8599 8799 8799 8799 8999
0 1 88 112 4 64 64 149 149 149 149 149 149 149 149 149 149 149 149 149 149 149 149 149 149 149 149 149 149 149 149 49299 149 149 149 149 149 149 149 49300 149 149 149 149 149 149 149 146 49299 149 149 149 149 149 149 146 146 49299 149 149 149 149 149 146 146 49300 149 149 149 149 149 7699 7899 8099 8299 8599 8599 8599 8899 7499 7899 7999 8199 8299 8299 8499 8499 7599 7699 7999 8199 8099 8299 8299 8699 7499 7599 7799 7799 7999 7999 8299 8499 7399 7599 7699 7799 7799 7899 8299 8599 7299 7399 7499 7699 7799 7799 8099 8399 7099 7399 7599 7599 7699 7899 7999 8099 6999 7199 7299 7499 7699 7799 7899 7999
0 1 88 120 4 64 64 146 146 146 49299 149 149 149 149 146 146 146 146 49299 149 149 149 146 146 146 146 146 148 148 148 146 146 146 146 146 146 146 146 146 146 146 146 146 146 146 146 146 146 146 146 146 146 146 146 146 146 146 146 146 146 146 146 146 146 146 146 146 146 146 146 6899 7099 7299 7499 7599 7699 7899 7899 6699 6899 7199 7199 7499 7599 7699 7699 6399 6499 6799 6799 7199 7299 7599 7299 6299 6399 6599 6799 7099 7199 7299 7199 6099 6099 6499 6799 6999 7099 7199 7299 5899 6099 6399 6699 6799 6999 6999 6899 5999 6199 6399 6499 6799 6899 6699 6799 5999 6199 6299 6499 6599 6499 6699 6599
0 1 96 0 4 1 1 143 3999
0 1 96 8 4 1 64 143 3999 3999 3999 3999 3999 3999 3999 3999 3999 3999 3999 3999 3999 3999 3999 3999 3999 3999 3999 3999 3999 3999 3999 3999 3999 3999 3999 3999 3999 3999 3999 3999 3999 3999 3999 3999 3999 3999 3999 3999 3999 3999 3999 3999 3999 3999 3999 4099 3999 3999 3999 3999 3999 3999 4099 4099 3999 3999 3999 3999 4099 4099 4199 4299
0 1 96 16 4 1 64 143 3999 4099 4099 4099 4199 4299 4399 4299 4199 4199 4099 4299 4399 4499 4499 4499 4199 4299 4499 4399 4599 4499 4399 4599 4199 4399 4499 4499 4599 4599 4699 4699 4399 4399 4599 4699 4699 4699 4899 4799 4499 4699 4699 4799 4899 4999 4899 4999 4699 4799 4799 4999 4999 5099 5099 5099 4899 4999 4999 5099 5199 5099 5099 5299
0 1 96 24 4 64 64 143 143 143 143 32913 32913 32913 32912 32913 32913 32913 32912 146 146 146 146 146 146 146 146 146 146 146 146 146 146 146 146 146 146 146 146 146 146 146 146 146 146 146 146 146 146 146 146 146 146 146 146 146 146 146 146 146 146 146 146 146 146 146 146 146 146 146 146 4999 4899 5299 5199 5199 5299 5199 5299 5199 5399 5099 5199 5299 5399 5599 5599 5399 5399 5299 5599 5599 5699 5699 5899 5599 5699 5699 5699 5699 5899 5899 6099 5599 5799 5799 5799 5899 6099 6099 6199 5999 5999 5899 5899 6099 6099 6199 6299 5999 5999 5999 6099 6199 6099 6299 6399 6299 6199 6299 6199 6199 6499 6499 6599
0 1 96 32 4 64 64 146 146 146 146 146 146 146 146 146 146 146 146 146 146 146 32915 146 146 146 32916 32916 32916 32915 149 32916 32916 32915 149 149 149 149 149 149 149 149 149 149 149 149 149 149 149 149 149 149 149 149 149 149 149 149 149 149 149 149 149 149 149 149 149 149 149 149 149 6299 6399 6399 6299 6599 6599 6899 6799 6699 6699 6799 6799 6699 6899 6999 7099 6799 6999 6899 6899 7099 7099 7299 7399 6999 6999 7199 7099 7399 7399 7499 7599 7299 7499 7499 7499 7699 7799 7899 7999 7699 7699 7799 7799 7999 7932 8099 8299 7999 7899 7999 7999 8199 8299 8399 8599 8099 8199 8199 8399 8399 8499 8799 8999
0 1 96 40 4 1 64 149 8399 8599 8499 8699 8899 8899 9299 9299 8799 8899 9099 9099 9299 9399 9599 9799 9099 9299 9299 9499 9499 9999 10098 10198 9399 9299 9699 9899 9899 10232 10598 10865 9999 9899 10098 10198 10465 10698 11098 11398 10098 10232 10598 10698 10798 11098 11398 11598 10698 10898 11298 11232 11498 11732 11898 12165 11398 11398 11698 11865 12198 12298 12498 12398
0 1 96 48 4 1 64 149 11898 11998 12198 12598 12698 12798 12798 12898 12498 12598 12698 12898 13098 13298 13265 12898 12932 13098 13198 13398 13498 13698 13498 13298 13698 13698 13798 13798 13831 13798 13698 13498 14298 14198 14198 14265 14365 14165 13831 13698 14598 14798 14798 14531 14431 14298 14098 14065 15231 15198 15098 14898 14698 14498 14231 14098 15431 15498 15498 15365 14998 14631 14331 14198
0 1 96 56 4 1 64 149 15865 15898 15898 15698 15398 15031 14598 14598 16198 16198 16198 15998 15798 15431 15098 14831 16331 16398 16365 16265 16165 15898 15598 15198 16365 16398 16398 16398 16331 16265 15965 15565 16331 16498 16498 16498 16531 16465 16331 15898 16098 16331 16365 16398 16465 16498 16465 16231 15831 15998 16098 16198 16265 16298 16431 16265 15498 15698 15798 15898 15831 15998 16098 16131
0 1 96 64 4 1 64 149 15365 15431 15598 15765 15631 15698 15798 15931 15231 15298 15498 15431 15598 15598 15665 15731 15031 15298 15331 15398 15498 15498 15598 15665 15131 15231 15331 15365 15431 15498 15598 15698 14965 15098 15198 15365 15398 15465 15598 15698 14798 15031 15065 15231 15298 15398 15598 15698 14665 14898 14931 15131 15231 15365 15498 15698 14665 14731 14898 15098 15198 15331 15498 15698
0 1 96 72 4 1 64 149 14598 14665 14798 15031 15198 15331 15498 15698 14498 14598 14698 14798 15098 15298 15398 15631 14431 14565 14698 14898 15098 15265 15498 15731 14231 14431 14531 14898 15131 15398 15698 15965 14198 14498 14698 15031 15365 15665 15931 16231 14298 14698 14998 15298 15598 15865 16031 16331 14598 14898 15265 15431 15598 15731 16031 16165 14798 15165 15231 15331 15398 15531 15598 15798
0 1 96 80 4 1 64 149 14865 14898 14931 15031 15031 14965 15065 15331 14498 14498 14465 14498 14565 14598 14665 15165 13931 13998 13931 14031 14231 14431 14531 15031 13498 13598 13665 13898 14231 14431 14665 15098 13498 13531 13765 13898 14098 14365 14698 15165 13398 13498 13598 13931 14098 14231 14698 15265 13298 13498 13631 13898 14098 14198 14765 15398 13098 13365 13565 13998 13998 14298 14798 15298
0 1 96 88 4 1 64 149 12698 13032 13365 13498 13965 14298 14865 15298 12398 12698 12698 13098 13431 14065 14798 15398 11998 12165 12198 12498 13198 13798 14498 15265 11898 11732 12098 12498 12932 13665 14165 15098 11498 11798 11998 12432 12932 13498 13998 14598 11432 11598 12098 12498 12998 13398 13798 14198 11398 11698 11898 12465 12998 13298 13698 13898 11098 11798 12198 12498 12798 13298 13598 13765
0 1 96 96 4 1 64 149 11098 11498 11898 12498 12898 13365 13498 13698 10698 11598 11898 12398 12798 13198 13332 13398 10898 11598 12098 12298 12765 13098 13398 13298 10998 11398 11698 12098 12498 13065 12798 12932 10798 11498 11698 11998 12398 12598 12598 12698 10798 11298 11498 11598 11898 11998 12298 12398 10798 11098 11298 11398 11598 11898 11998 12198 10798 10898 11098 11198 11298 11598 11998 12098
0 1 96 104 4 1 64 149 10498 10698 10898 11198 11298 11598 11898 11998 10498 10598 10798 11098 11098 11398 11598 11898 10298 10398 10698 10798 10898 11298 11798 11898 10198 10498 10598 10798 10798 11298 11798 11898 10098 10298 10498 10798 10698 11098 11498 11898 9999 10298 10498 10698 10698 11298 11498 11698 9499 9999 10298 10598 10798 10898 11198 11598 9299 9599 9999 10298 10398 10398 10598 11198
0 1 96 112 4 1 64 149 8899 9299 9799 9999 9999 10198 10398 10798 8999 9199 9499 9699 9799 9999 9999 10398 8899 9299 9399 9599 9599 9599 9799 9999 8999 9199 9299 9199 9299 9299 9499 9699 8799 8999 8999 8999 8999 9199 9299 9399 8599 8799 8699 8499 8799 8899 8899 9199 8499 8499 8499 8299 8399 8599 8799 8999 8099 8099 8099 7999 8199 8399 8599 8899
0 1 96 120 4 64 64 149 149 149 149 149 149 149 149 149 149 149 149 149 149 149 149 148 49299 149 149 149 149 149 149 146 146 49299 149 149 149 149 149 146 146 146 49299 149 149 149 149 146 146 146 49300 149 149 149 149 146 146 146 49300 149 149 149 149 146 146 146 49300 149 149 149 149 7999 7899 7899 7999 7899 8299 8599 8799 7699 7699 7699 7699 7899 8099 8499 8699 7499 7499 7499 7699 7699 8099 8299 8599 7199 7199 7199 7399 7699 7799 8199 8499 6899 6799 6999 7399 7399 7899 8199 8299 6799 6699 6799 7199 7299 7699 7999 8099 6799 6699 6899 7099 7299 7699 8099 8099 6599 6599 6699 7199 7499 7799 8099 7999
0 1 104 0 4 1 64 143 3999 3999 3999 3999 3999 3999 3999 3999 3999 3999 3999 3999 3999 3999 3999 3999 3999 3999 3999 3999 3999 3999 3999 3999 3999 3999 3999 3999 3999 3999 3999 3999 3999 3999 3999 3999 3999 3999 3999 3999 3999 3999 3999 3999 3999 3999 3999 3999 3999 3999 3999 3999 3999 3999 3999 3999 3999 3999 3999 3999 3999 3999 3999 4099
0 1 104 8 4 1 64 143 3999 3999 3999 3999 3999 4099 4099 4099 3999 3999 3999 3999 3999 4199 4099 4299 3999 3999 4099 3999 4099 4199 4299 4399 3999 3999 3999 3999 4099 4199 4399 4499 3999 4199 4199 4199 4199 4199 4499 4399 4099 4299 4199 4199 4499 4499 4499 4699 4099 4199 4299 4399 4599 4599 4699 4799 4299 4299 4399 4599 4499 4799 4799 4999
0 1 104 16 4 64 64 143 143 143 143 143 143 143 143 143 143 143 143 143 143 143 32913 143 143 143 143 143 143 49297 146 143 143 143 143 143 32913 32912 146 143 143 143 143 32912 146 146 146 143 143 143 32912 146 146 146 146 143 143 32912 146 146 146 146 146 32913 32912 146 146 146 146 146 146 4299 4499 4399 4799 4799 4799 4899 5099 4599 4599 4699 4699 4899 4999 5099 5199 4499 4699 4799 4799 4999 4899 5199 5199 4699 4799 4999 4999 5099 5199 5399 5299 4999 4999 4999 4899 5199 5299 5399 5599 4999 4999 5099 5199 5399 5499 5699 5799 5199 5199 5499 5399 5599 5799 5899 5899 5399 5499 5599 5599 5899 5999 5999 6099
0 1 104 24 4 64 64 146 146 146 146 146 146 146 146 146 146 146 146 146 146 146 146 146 146 146 146 146 146 146 146 146 146 146 146 146 146 146 49300 146 146 146 146 146 146 146 32915 146 146 146 146 146 32916 32915 149 146 146 146 146 32915 149 149 149 146 146 32916 32915 149 149 149 149 5599 5599 5599 5799 5899 6099 6099 6399 5599 5699 5999 5999 6099 6199 6399 6599 5799 5999 6099 6299 6199 6399 6599 6899 6099 6299 6199 6399 6599 6499 6699 6799 6199 6399 6399 6599 6599 6699 6899 7299 6299 6499 6599 6599 6799 7099 7299 7399 6499 6599 6899 6832 6999 7299 7599 7599 6599 6999 6899 7199 7299 7499 7699 7699
0 1 104 32 4 64 64 32916 32915 149 149 149 149 149 149 149 149 149 149 149 149 149 149 149 149 149 149 149 149 149 149 149 149 149 149 149 149 149 149 149 149 149 149 149 149 149 149 149 149 149 149 149 149 149 149 149 149 149 149 149 149 149 149 149 149 149 149 149 149 149 149 6899 6999 7399 7399 7499 7899 7899 8299 7299 7299 7599 7699 7899 7899 8199 8299 7499 7699 7699 7899 8032 8299 8499 8599 7899 7999 8099 8132 8299 8399 8799 8999 8199 8199 8299 8499 8499 8799 8999 9099 8299 8399 8599 8899 8899 9032 9299 9399 8799 8999 8999 9099 9199 9465 9499 9699 9299 9199 9299 9299 9399 9499 9799 9965
0 1 104 40 4 1 64 149 9665 9599 9699 9799 9899 9799 10098 10198 9999 10098 10198 10098 10265 10198 10498 10598 10498 10565 10598 10365 10198 10498 10698 10898 10898 10898 10798 10698 10698 10698 10998 11098 11365 11098 11098 10898 10998 11265 11232 11498 11832 11465 11498 11398 11198 11565 11532 11898 12065 11965 11798 11532 11532 11698 11932 12198 12398 12265 11965 11865 12098 12098 12298 12565
0 1 104 48 4 1 64 149 12598 12598 12398 12198 12365 12532 12698 12898 12898 12798 12698 12598 12665 12898 13232 13298 13298 12798 12998 12932 13165 13332 13498 13698 13298 13132 13198 13398 13498 13598 13831 14065 13598 13398 13365 13498 13698 13898 14098 14331 13731 13565 13598 13631 13798 14098 14298 14598 13931 13731 13765 13798 13831 14031 14498 14798 14265 14098 13931 13998 14098 14198 14565 14998
0 1 104 56 4 1 64 149 14398 14198 14031 14198 14265 14331 14698 14998 14565 14398 14265 14365 14565 14631 14731 15031 14831 14598 14631 14598 14598 14698 14731 15131 15231 14798 14798 14798 14698 14731 14898 15131 15531 15131 14965 14898 14898 14998 15165 15331 15665 15298 15231 15198 15198 15365 15498 15598 15898 15565 15565 15531 15498 15465 15698 15831 15998 15831 15765 15765 15698 15798 15998 16198
0 1 104 64 4 1 64 149 15998 15931 15865 15965 16031 16098 16265 16498 15931 16065 15998 16031 16198 16398 16565 16798 15898 16165 16098 16198 16398 16598 16864 17198 15865 16098 16298 16365 16565 16931 17298 17731 15865 15998 16298 16598 16898 17331 17831 18398 15865 16098 16331 16698 17198 17731 18298 18998 15898 16131 16465 16898 17331 18064 18798 19498 15898 16198 16498 17064 17798 18498 19264 19931
0 1 104 72 4 1 64 149 15931 16265 16598 17298 18031 18964 19798 20297 15965 16231 16864 17564 18331 19298 20064 20597 16031 16531 17164 17831 18631 19498 20431 21164 16398 16831 17331 18098 18898 19698 20531 21297 16598 17131 17598 18198 18964 19698 20397 21097 16698 17131 17598 18231 18764 19564 20231 20731 16531 16998 17464 17898 18498 19164 19798 20531 16198 16631 17131 17598 18098 18698 19398 20031
0 1 104 80 4 1 64 149 15731 16298 16798 17098 17531 18164 18898 19464 15565 16098 16531 16798 17064 17598 18098 18598 15598 15998 16298 16565 16798 16998 17431 17731 15598 15898 16231 16198 16365 16498 16665 16998 15631 15865 15831 15965 15831 15898 16098 16231 15631 15798 15865 15698 15498 15498 15498 15731 15598 15698 15631 15398 15131 15098 15198 15198 15598 15598 15465 15198 14931 14898 14931 14998
0 1 104 88 4 1 64 149 15631 15731 15431 15098 14865 14865 14831 14831 15498 15498 15298 14931 14598 14598 14698 14698 15498 15598 15165 14731 14665 14698 14598 14598 15431 15365 14698 14431 14531 14598 14498 14598 15165 14798 14431 14398 14398 14331 14498 14398 14665 14465 14298 14198 14198 14098 14198 13998 13931 13898 13998 13898 13798 13798 13798 13665 13698 13798 13698 13598 13598 13298 13298 12898
0 1 104 96 4 1 64 149 13698 13598 13498 13398 13198 13098 12898 12598 13398 13498 13565 13398 13298 12898 12498 12198 13398 13398 13398 13398 13198 12898 12498 12198 13398 13398 13398 13365 13398 12898 12398 12198 12898 13032 13098 13198 13098 13098 12498 11998 12898 12998 13232 13298 13098 12998 12498 12098 12698 12898 12998 13298 12998 12898 12298 11998 12698 12898 13198 13298 13098 12798 12398 11998
0 1 104 104 4 1 64 149 12598 12998 13198 13198 13098 12798 12498 12098 12498 12998 13198 13298 12898 12998 12598 12198 12398 12798 12898 12832 12798 12598 12398 12098 12398 12598 12798 12798 12798 12498 12198 11998 12198 12498 12598 12498 12598 12498 12198 11798 11998 12198 12498 12498 12498 12298 12098 11898 11998 11898 12298 12298 12498 12298 12098 11698 11598 11698 11998 12198 12098 12198 11998 11898
0 1 104 112 4 1 64 149 11298 11498 11598 11798 11898 11898 11898 11698 10698 11098 11398 11498 11898 11898 11698 11698 10298 10698 11098 11398 11698 11798 11598 11298 9999 10298 10798 11198 11298 11398 11398 11198 9799 9999 10398 10598 11098 11098 11098 11198 9399 9699 10098 10298 10798 10598 10798 10698 9299 9599 9899 10098 10398 10598 10498 10698 9199 9299 9499 9899 9999 10198 10298 10398
0 1 104 120 4 1 64 149 9099 9299 9599 9499 9699 9999 9999 10498 8999 9299 9299 9399 9599 9499 9899 9999 8899 9099 9299 9299 9199 9299 9299 9699 8799 8799 8999 8899 8899 9099 9099 9299 8499 8599 8699 8899 8799 8699 8799 8799 8399 8599 8599 8599 8499 8599 8599 8699 8199 8499 8499 8499 8299 8299 8299 8599 8099 8399 8399 8099 8299 8199 8299 8499
0 1 112 0 4 1 64 143 3999 3999 3999 3999 3999 3999 3999 3999 3999 3999 3999 3999 3999 3999 3999 4199 3999 3999 3999 3999 3999 3999 4199 4199 3999 3999 3999 3999 3999 4099 4299 4299 3999 3999 3999 3999 4099 4099 4199 4499 3999 3999 4099 4199 4099 4299 4299 4599 3999 4099 4199 4299 4299 4399 4399 4599 4199 4299 4299 4299 4399 4599 4599 4899
0 1 112 8 4 64 64 143 143 143 143 143 143 143 143 143 143 143 143 143 143 143 143 143 143 143 143 143 143 143 32913 143 143 143 143 143 143 32912 146 143 143 143 143 143 32912 146 146 143 143 143 143 32912 146 146 146 143 143 143 32912 146 146 146 146 143 143 32912 146 146 146 146 146 4299 4299 4399 4399 4499 4699 4899 4799 4299 4399 4599 4499 4699 4799 4899 4999 4399 4499 4399 4699 4799 4899 4999 5099 4399 4599 4699 4799 4899 4999 5199 5299 4499 4699 4899 4999 4999 5299 5199 5299 4699 4799 4899 5099 5199 5299 5499 5699 4899 4899 5099 5199 5399 5499 5699 5799 4999 4999 5299 5199 5499 5799 5899 5999
0 1 112 16 4 64 64 143 32912 146 146 146 146 146 146 32912 146 146 146 146 146 146 146 146 146 146 146 146 146 146 146 146 146 146 146 146 146 146 146 146 146 146 146 146 146 146 49300 146 146 146 146 146 146 146 49300 146 146 146 146 146 146 32916 32915 146 146 146 146 146 32915 149 149 5199 5399 5299 5599 5899 5899 5999 6199 5299 5399 5499 5899 5999 5999 6099 6499 5399 5499 5799 5899 5999 6099 6399 6399 5699 5899 5999 5999 5999 6299 6399 6599 5899 5899 5899 6099 6399 6399 6599 6899 5799 5899 6099 6399 6499 6699 6799 6899 6099 6099 6399 6499 6699 6899 7099 7199 6199 6299 6599 6699 6799 7199 7299 7499
0 1 112 24 4 64 64 146 146 146 32916 32915 149 149 149 146 146 49300 149 149 149 149 149 32916 32916 32915 149 149 149 149 149 149 149 149 149 149 149 149 149 149 149 149 149 149 149 149 149 149 149 149 149 149 149 149 149 149 149 149 149 149 149 149 149 149 149 149 149 149 149 149 149 6399 6599 6699 6899 7099 7199 7499 7699 6699 6699 6799 7199 7299 7499 7699 7799 6899 7099 7299 7499 7699 7599 7799 8099 7199 7299 7499 7499 7699 7799 8199 8399 7299 7699 7499 7799 8099 8299 8299 8499 7499 7799 7899 7999 8299 8299 8399 8632 7699 8099 8199 8399 8499 8499 8999 8999 8099 8199 8332 8499 8599 8799 9099 9099
0 1 112 32 4 1 64 149 8299 8499 8599 8632 8999 8999 9099 9299 8499 8632 8899 8999 8999 9099 9399 9599 8965 8999 9099 9199 9199 9332 9499 9499 9032 9299 9232 9399 9432 9599 9799 9899 9299 9499 9499 9699 9799 9799 9999 9999 9599 9699 9699 9899 9999 10098 10032 10198 9899 10298 10098 10198 10198 10198 10398 10398 10098 10398 10565 10498 10498 10298 10298 10532
0 1 112 40 4 1 64 149 10598 10698 10598 10698 10698 10698 10765 10798 10798 10798 10832 10998 10898 10798 10932 11098 10998 11098 11198 11198 11098 11198 11298 11332 11298 11498 11598 11332 11365 11365 11498 11698 11598 11698 11698 11598 11698 11765 11798 11998 11898 11932 12198 11898 11898 11932 12065 12365 12298 12298 12498 12365 12198 12298 12332 12598 12598 12632 12598 12498 12498 12532 12698 12965
0 1 112 48 4 1 64 149 12965 12832 12898 12798 12698 12798 12898 13332 13232 13098 13065 12932 13032 13098 13398 13698 13498 13398 13332 13498 13565 13698 13731 14031 13931 13831 13965 14098 14198 14231 14231 14531 14331 14398 14598 14865 14998 14931 14998 14998 14798 15065 15131 15298 15331 15298 15298 15398 14998 15331 15365 15431 15431 15531 15565 15498 15331 15465 15498 15565 15565 15598 15598 15598
0 1 112 56 4 1 64 149 15331 15431 15598 15598 15598 15598 15598 15598 15298 15565 15598 15598 15598 15565 15598 15631 15298 15498 15598 15531 15598 15598 15598 15598 15398 15598 15665 15698 15698 15698 15798 15798 15598 15798 15965 15831 15898 15965 15931 15898 15731 15965 15931 16098 16098 16165 15998 15965 15998 16165 16198 16298 16331 16398 16331 16231 16298 16331 16498 16598 16698 16731 16698 16598
0 1 112 64 4 1 64 149 16498 16864 16998 17198 17231 17298 17198 17064 17098 17364 17698 17964 18098 18098 17964 17798 17631 18098 18498 18798 18931 18931 18798 18698 18231 18864 19398 19631 19731 19764 19631 19498 18998 19598 19998 20264 20397 20531 20497 20431 19598 20131 20497 20897 20997 21131 21231 21097 20164 20597 20931 21264 21531 21797 21897 21664 20631 21031 21464 21697 22131 22197 22231 22064
0 1 112 72 4 1 64 149 20931 21397 21697 22097 22297 22564 22531 22497 21197 21631 21997 22331 22564 22664 22597 22464 21597 22031 22297 22531 22797 22697 22731 22431 21731 22164 22397 22531 22697 22597 22497 22297 21697 22164 22431 22497 22597 22497 22264 22064 21564 21964 22231 22364 22197 22097 21897 21631 21131 21531 21797 21931 21797 21631 21497 21164 20597 20964 21164 21264 21231 21097 20931 20597
0 1 112 80 4 1 64 149 19864 20197 20397 20531 20497 20297 20131 19798 19064 19364 19664 19664 19731 19564 19298 19064 18098 18398 18698 18698 18664 18598 18398 18198 17331 17531 17698 17731 17698 17664 17564 17498 16531 16798 16898 16898 16898 16864 16898 16998 15998 16031 16098 16131 16098 16165 16465 16431 15498 15598 15698 15598 15698 15798 15931 16131 14998 15298 15331 15331 15365 15431 15698 15898
0 1 112 88 4 1 64 149 14898 15098 15098 15098 15098 15198 15165 15465 14865 14898 14898 14898 14865 14931 14965 14798 14698 14798 14765 14865 14898 14798 14698 14365 14598 14665 14698 14698 14498 14298 13998 13631 14665 14665 14698 14598 14298 13898 13565 13032 14165 14165 14198 14098 13698 13531 13165 12632 13531 13298 13332 13398 13032 12798 12698 12265 12765 12632 12632 12498 12498 12398 12265 12165
0 1 112 96 4 1 64 149 12298 12198 12198 12198 12098 11998 11798 11598 11998 11798 11732 11898 11698 11698 11598 11465 11798 11598 11398 11698 11432 11532 11365 10998 11598 11498 11298 11198 11098 10898 10998 10898 11532 11198 10998 10898 10798 10798 10598 10698 11665 11198 10898 10632 10498 10298 10198 10098 11498 11098 10598 10398 10198 10098 9799 9799 11598 11198 10598 10398 10198 9899 9799 9599
0 1 112 104 4 1 64 149 11898 11298 10898 10398 10198 9999 9699 9299 11798 11298 11098 10798 10398 10098 9699 9299 11898 11398 11298 10998 10598 10298 9799 9399 11898 11398 11398 10998 10598 10198 9799 9399 11798 11298 11098 10698 10498 10098 9699 9399 11398 11098 10698 10498 10098 9899 9599 9399 11598 10998 10498 10198 9799 9599 9499 8999 11498 10798 10498 10098 9599 9199 9199 8899
0 1 112 112 4 1 64 149 11398 10798 10498 10098 9599 9299 9099 8999 11298 10898 10598 10098 9699 9299 9099 8899 11198 10698 10498 10198 9899 9499 9199 8999 11098 10698 10598 10098 9999 9499 9299 9099 10998 10798 10298 10198 9999 9699 9399 9199 10698 10598 10398 10198 9999 9999 9599 9199 10598 10498 10398 10398 10098 9999 9699 9199 10498 10398 10598 10398 10198 9999 9599 9299
0 1 112 120 4 1 64 149 10398 10498 10498 10398 10298 10098 9699 9199 10198 10498 10398 10298 10298 10098 9699 9399 9999 10098 10298 10398 10198 10198 9999 9499 9699 9999 9899 10198 10298 10198 9899 9599 9199 9499 9899 9999 10098 9999 9999 9599 9199 9399 9599 9799 9999 9999 9699 9299 8799 8999 9299 9599 9699 9699 9499 9199 8499 8699 8899 9299 9399 9499 9399 9299
0 1 120 0 4 64 64 143 143 143 143 143 143 143 143 143 143 143 143 143 143 143 143 143 143 143 143 143 143 143 143 143 143 143 143 143 143 143 32912 143 143 143 143 143 143 49297 146 143 143 143 143 143 32913 32912 146 143 143 143 143 32912 146 146 146 143 143 143 49297 146 146 146 146 3999 4299 4299 4499 4499 4599 4899 4999 4199 4299 4399 4599 4699 4799 4999 4999 4299 4299 4399 4699 4899 4899 4999 5099 4299 4499 4499 4699 4899 5099 5099 5199 4599 4599 4699 4799 4999 4999 5199 5499 4699 4699 4899 4999 4999 5299 5399 5599 4699 4799 4999 4999 5199 5299 5499 5599 4899 4999 5099 5199 5299 5499 5799 5699
0 1 120 8 4 64 64 143 143 32913 32912 146 146 146 146 143 49297 146 146 146 146 146 146 32913 32912 146 146 146 146 146 146 146 146 146 146 146 146 146 146 146 146 146 146 146 146 146 146 146 146 146 146 146 146 146 146 146 146 146 146 146 146 146 32915 146 146 146 146 146 146 32915 149 4999 5099 5099 5199 5399 5699 5799 5999 5099 5299 5199 5299 5599 5699 5699 6099 5099 5199 5599 5699 5699 5799 5999 6299 5399 5599 5599 5899 5999 6099 6399 6499 5699 5899 5999 5999 6099 6299 6499 6699 5799 5999 6099 6199 6299 6599 6599 6899 6099 6099 6199 6499 6499 6799 6799 7199 6099 6299 6499 6599 6799 6799 7299 7399
0 1 120 16 4 64 64 146 146 146 146 32916 32915 149 149 146 146 146 49300 149 149 149 149 146 146 32916 32915 149 149 149 149 32916 32915 149 149 149 149 149 149 149 149 149 149 149 149 149 149 149 149 149 149 149 149 149 149 149 149 149 149 149 149 149 149 149 149 149 149 149 149 149 149 6399 6499 6599 6599 6799 7399 7399 7599 6499 6699 6599 7099 7299 7499 7599 7899 6799 6899 6899 7299 7599 7699 7799 8099 6799 6999 7299 7499 7599 7999 8399 8499 6999 7199 7499 7799 7899 8199 8399 8865 7199 7699 7799 7899 8099 8699 8899 8832 7399 7699 7799 8199 8499 8799 8899 9299 7599 7799 8399 8499 8599 8899 9265 9499
0 1 120 24 4 1 64 149 7899 8199 8499 8499 8999 9299 9399 9599 8199 8399 8499 8599 8999 9399 9799 9699 8499 8699 8799 9099 9199 9499 9999 10198 8699 8599 9099 9099 9599 9799 9999 10298 8699 8999 9099 9399 9565 9899 10198 10598 8999 9099 9299 9699 9899 10198 10432 10898 9099 9099 9499 9699 9999 10498 10798 10998 9199 9399 9499 9799 10298 10598 10898 11398
0 1 120 32 4 1 64 149 9499 9599 9799 10098 10298 10632 11098 11432 9399 9899 9999 10198 10598 10898 11298 11698 9799 9899 10098 10398 10798 10998 11498 11898 9999 10098 10098 10732 10798 11265 11532 11998 9999 10298 10498 10765 11098 11398 11732 12198 10298 10398 10532 10998 11298 11698 11998 12298 10498 10598 10898 11098 11398 11898 12065 12432 10698 10932 10998 11332 11598 11898 12198 12598
0 1 120 40 4 1 64 149 10898 11098 11198 11398 11632 11998 12398 12798 11132 11398 11432 11498 11965 12198 12532 13032 11598 11598 11898 11898 12098 12332 12698 13098 11798 11998 12198 12298 12398 12565 12898 13298 12198 12298 12498 12498 12598 12832 13132 13398 12565 12598 12698 12598 12798 13165 13465 13698 12798 12798 12898 12965 13032 13332 13698 13965 12998 12998 13165 13265 13398 13665 13865 14031
0 1 120 48 4 1 64 149 13498 13631 13698 13798 13831 13931 14098 14498 13898 14131 14198 14298 14398 14598 14698 14898 14298 14498 14631 14798 14998 15098 15398 15365 14698 14798 14998 15198 15431 15565 15498 15598 15098 15198 15465 15498 15565 15598 15531 15598 15398 15431 15531 15598 15598 15598 15598 15598 15531 15498 15598 15565 15598 15698 15698 15698 15598 15598 15598 15631 15698 15698 15698 15698
0 1 120 56 4 1 64 149 15598 15631 15698 15698 15598 15698 15698 15698 15631 15631 15698 15598 15565 15698 15698 15698 15698 15698 15698 15698 15698 15698 15698 15665 15665 15698 15698 15698 15698 15598 15698 15665 15798 15798 15798 15698 15698 15631 15698 15698 15998 15998 15965 15831 15798 15798 15765 15831 16131 16131 16098 15998 15898 15998 15998 16098 16498 16498 16365 16231 16265 16298 16365 16531
0 1 120 64 4 1 64 149 16998 16964 16731 16665 16665 16665 16831 16998 17664 17498 17331 17298 17398 17398 17498 17464 18498 18231 18164 18198 18198 18164 17998 17798 19398 19198 19098 19098 19064 18898 18464 17998 20364 20164 19998 19931 19664 19131 18498 18031 21031 20864 20564 20397 19931 19298 18698 18064 21531 21264 20964 20697 20131 19364 18964 18498 21797 21431 21031 20564 19931 19431 19198 18798
0 1 120 72 4 1 64 149 22131 21597 21031 20397 19798 19564 19298 18864 22097 21497 20864 20264 19764 19331 19098 18664 22097 21497 20897 20497 19898 19331 18898 18598 21964 21431 20964 20397 19998 19498 18931 18598 21697 21264 20764 20297 19964 19498 18831 18498 21331 20931 20464 20064 19598 19231 18698 18298 20897 20464 19864 19464 19064 18664 18264 17898 20231 19864 19298 18631 18231 17831 17764 17398
0 1 120 80 4 1 64 149 19431 19231 18631 18031 17598 17164 17164 16798 18698 18464 17898 17431 16931 16631 16398 16231 17998 17631 17298 16931 16598 16131 15898 15798 17398 17131 16798 16598 16265 15965 15631 15565 16931 16731 16631 16565 16198 15765 15598 15398 16431 16698 16498 16398 16298 15798 15431 15098 16365 16398 16398 16298 16065 15631 15131 14798 16098 16098 16198 16165 15865 15365 14698 14231
0 1 120 88 4 1 64 149 15498 15731 15631 15565 15465 14798 14098 13698 14965 14898 14898 14798 14498 14131 13698 12998 13965 14031 14098 13798 13698 13298 12932 12398 13431 13398 13198 13098 12865 12698 12432 12032 12832 12798 12665 12598 12365 12198 11998 11765 12398 12198 12098 12098 11898 11898 11498 11098 11998 11698 11698 11498 11598 11398 11098 10898 11798 11598 11398 11098 11098 10998 10698 10598
0 1 120 96 4 1 64 149 11498 11098 10998 10798 10765 10698 10498 10365 10998 10998 10698 10498 10332 10198 10198 9799 10998 10898 10432 10298 10198 9999 9899 9799 10598 10498 10298 9999 9899 9799 9599 9699 10498 10198 10198 9799 9599 9499 9399 9299 9999 9899 9699 9499 9399 9499 9199 9199 9599 9599 9399 9399 9399 9299 8999 9199 9399 9299 9099 9299 9032 8999 8999 8799
0 1 120 104 4 64 64 149 149 149 149 149 149 149 149 149 149 149 149 149 149 149 149 149 149 149 149 149 149 149 149 149 149 149 149 149 149 149 149 149 149 149 149 149 149 149 149 149 149 149 149 149 149 147 148 149 149 149 149 149 147 146 146 149 149 149 149 147 146 146 146 9199 8999 8999 8999 8799 8899 8799 8699 9099 8999 8899 8799 8799 8599 8699 8399 9099 9099 8899 8799 8699 8399 8199 8099 9299 9099 8999 8899 8699 8399 8299 7899 9299 9099 8999 8799 8599 8199 7999 7799 9199 8999 8799 8499 8299 7899 7599 7299 8999 8699 8399 8299 7899 7499 7299 7199 8799 8599 8099 7899 7599 7199 7099 6899
0 1 120 112 4 64 64 149 149 149 149 16532 146 146 146 149 149 149 149 16532 146 146 146 149 149 149 147 146 146 146 146 149 149 149 16531 146 146 146 146 149 149 149 149 16532 146 146 146 149 149 149 149 16531 146 146 146 149 149 149 149 149 16532 146 146 149 149 149 149 149 16532 146 146 8699 8499 8199 7699 7399 6999 6799 6599 8699 8599 8099 7699 7199 6699 6699 6499 8899 8399 8199 7599 7099 6799 6499 6299 8899 8599 7999 7399 7099 6599 6399 6299 8999 8399 7999 7399 7199 6799 6399 6099 8999 8499 7999 7699 7399 6899 6599 6099 8899 8599 7999 7699 7499 6899 6699 6299 8899 8599 8099 7899 7699 7199 6899 6599
0 1 120 120 4 64 64 149 149 149 149 149 16532 146 146 149 149 149 149 149 16531 146 146 149 149 149 149 149 149 16532 146 149 149 149 149 149 149 16532 146 149 149 149 149 149 149 16532 146 149 149 149 149 149 147 146 146 149 149 149 149 149 16532 146 146 149 149 149 149 149 16532 146 146 8799 8499 8299 8099 7799 7499 7099 6799 9099 8799 8599 8099 7999 7599 7199 6899 9299 8999 8599 8199 7899 7599 7399 6799 9199 8899 8599 8199 7899 7699 7499 6799 9299 8799 8499 7999 7999 7699 7499 7199 8799 8599 8099 7899 7899 7499 7499 7099 8799 8599 8099 7799 7699 7599 7499 7199 8799 8599 8199 7799 7699 7299 7199 6799
0 2 0 0 4 1 64 140 2199 2299 2599 2399 2299 2499 2599 2299 2299 2399 2399 2299 2399 2399 2399 2399 2199 2199 2199 1999 2199 2399 2299 2199 2199 2199 2199 1999 2199 2199 1999 2199 1999 2199 2199 2199 1999 2099 1999 2099 2199 2199 1999 2099 1999 1899 1999 1999 1999 1999 1999 1999 1999 1899 1899 1799 2099 1899 2099 1999 1799 1899 1899 1799
0 2 0 8 4 1 64 140 1899 1899 1899 1799 1899 1899 1899 1799 1899 1699 1699 1899 1899 1899 1899 1899 1699 1699 1699 1899 2099 1899 1899 1899 1899 1899 1699 1699 1699 1699 1799 1799 1699 1799 1699 1799 1899 1699 1899 1699 1699 1899 1899 1899 1899 1699 1899 1799 1699 1699 1699 1699 1899 1799 1899 1799 1699 1699 1499 1599 1799 1699 1799 1899
0 2 0 16 4 1 64 140 1499 1499 1499 1699 1699 1699 1699 1699 1599 1499 1599 1499 1599 1699 1499 1699 1599 1699 1499 1499 1499 1699 1699 1499 1499 1599 1499 1499 1499 1499 1499 1499 1599 1499 1499 1599 1499 1599 1599 1499 1499 1599 1499 1499 1499 1599 1499 1599 1299 1399 1499 1599 1599 1499 1499 1499 1599 1299 1299 1599 1399 1399 1499 1499
0 2 0 24 4 1 64 140 1499 1399 1499 1599 1499 1499 1499 1699 1499 1499 1399 1299 1399 1599 1399 1299 1299 1299 1299 1399 1299 1499 1399 1599 1199 1399 1299 1299 1299 1299 1599 1499 799 1199 1099 1299 1399 1399 1299 1499 799 799 999 1199 1299 1299 1299 1499 599 599 799 799 999 1199 1399 1399 599 599 799 799 799 699 1199 1299
0 2 0 32 4 1 64 140 699 799 799 799 799 799 899 999 799 799 799 799 799 799 799 999 699 799 799 799 799 799 799 799 799 799 599 799 599 799 699 599 799 799 799 799 799 599 799 799 599 799 799 799 799 699 799 799 699 699 699 799 799 699 599 799 599 599 599 699 699 799 799 799
0 2 0 40 4 1 64 140 499 599 699 799 799 599 799 799 399 399 799 799 699 599 699 799 499 499 499 599 599 599 599 599 399 499 699 599 799 599 599 599 399 399 399 499 599 699 499 399 399 399 499 399 499 499 399 399 499 399 399 499 499 399 499 499 499 399 499 499 499 399 399 599
0 2 0 48 4 1 64 140 399 299 499 499 399 499 399 399 299 399 399 399 399 399 399 399 299 399 399 399 399 399 399 299 399 399 399 399 399 399 299 399 399 399 299 299 399 399 399 399 299 399 399 299 399 399 299 399 199 199 299 299 299 199 399 299 299 199 299 299 299 399 199 299
0 2 0 56 4 1 64 140 299 299 299 299 299 299 399 299 199 299 299 299 299 299 299 299 99 199 199 199 99 199 99 99 99 99 99 99 99 0 99 199 0 0 0 0 99 199 299 199 0 0 0 99 0 0 199 199 0 0 0 0 0 0 0 99 0 0 0 0 0 0 0 0
0 2 0 64 4 1 1 140 0
0 2 0 72 4 1 1 140 0
0 2 0 80 4 1 1 140 0
0 2 0 88 4 1 1 140 0
0 2 0 96 4 1 64 140 0 0 0 0 0 0 0 0 0 0 0 0 0 0 0 0 0 0 0 0 0 0 0 0 0 0 0 0 0 0 0 0 0 0 0 0 0 0 0 0 0 0 0 0 0 0 0 0 0 0 0 0 0 0 0 0 299 299 99 99 299 99 99 99
0 2 0 104 4 64 64 140 140 140 140 140 140 140 140 140 140 140 140 140 140 140 140 140 140 140 140 140 140 140 140 140 140 140 140 140 140 140 140 140 140 140 140 140 140 140 140 0 0 0 0 0 0 0 0 0 0 0 0 0 0 0 0 0 0 0 0 0 0 0 0 999 799 799 799 799 799 699 599 999 999 899 999 799 799 799 999 799 999 999 999 999 799 799 699 899 899 899 799 999 999 799 799 999 999 999 999 999 799 999 799 0 0 0 0 0 0 0 0 0 0 0 0 0 0 0 0 0 0 0 0 0 0 0 0
0 2 0 112 4 1 1 0 0
0 2 0 120 4 1 1 0 0
0 2 8 0 4 1 64 140 2499 2399 2699 2699 2699 2899 2999 2999 2399 2499 2599 2499 2699 2699 2799 2999 2399 2399 2399 2499 2399 2499 2699 2699 2299 2399 2299 2599 2599 2299 2699 2699 2199 2199 2399 2399 2499 2599 2399 2699 1999 2199 2199 2399 2399 2299 2399 2399 1999 2199 2199 2199 2299 2299 2499 2399 1899 2199 2199 2199 2099 2199 2399 2399
0 2 8 8 4 1 64 140 1899 1899 1999 2199 1999 2199 2199 2199 1899 1799 2099 2199 2199 2199 2199 2199 1799 1899 1799 1799 2199 1999 2199 2199 1899 1899 1899 1899 1899 1999 1899 1799 1899 1999 1899 1899 1799 1899 1999 1999 1799 1799 1899 1899 1799 1899 1899 1799 1699 1699 1899 1799 1699 1699 1899 1799 1699 1699 1799 1699 1899 1699 1699 1699
0 2 8 16 4 1 64 140 1699 1799 1899 1699 1699 1799 1699 1799 1799 1899 1899 1799 1899 1799 1899 1699 1499 1699 1799 1699 1699 1699 1699 1699 1599 1499 1699 1699 1699 1699 1699 1899 1499 1599 1499 1699 1499 1899 1699 1899 1499 1499 1499 1699 1699 1699 1699 1699 1599 1499 1499 1799 1699 1499 1699 1699 1599 1499 1499 1499 1599 1499 1599 1699
0 2 8 24 4 1 64 140 1599 1499 1499 1499 1599 1499 1499 1499 1499 1499 1499 1699 1699 1699 1499 1599 1299 1499 1499 1499 1499 1499 1499 1599 1499 1499 1499 1499 1499 1499 1599 1499 1299 1599 1299 1499 1599 1499 1599 1699 1299 1499 1399 1499 1599 1499 1699 1499 1399 1299 1599 1399 1499 1599 1499 1599 1599 1499 1599 1499 1299 1699 1599 1599
0 2 8 32 4 1 64 140 999 1399 1399 1499 1599 1299 1299 1299 1199 1199 999 1299 1499 1499 1399 1299 999 999 1199 999 999 1399 1499 1599 799 899 899 1199 999 1099 999 1199 799 999 899 999 799 999 999 1099 699 799 799 699 699 999 1099 899 799 799 599 799 599 799 799 799 799 799 799 799 699 799 799 799
0 2 8 40 4 1 64 140 799 699 699 699 799 599 599 799 799 799 799 799 599 799 799 699 599 699 799 799 799 699 699 799 599 699 699 799 599 799 799 799 599 699 699 799 799 799 599 799 499 799 599 699 599 799 699 599 499 499 499 599 599 599 599 399 599 599 399 499 499 499 399 399
0 2 8 48 4 1 64 140 399 399 499 499 399 399 399 499 499 499 399 499 399 399 399 399 399 399 299 399 399 399 499 499 299 399 399 399 299 499 399 399 399 399 299 399 399 499 499 399 299 399 399 399 399 399 299 299 299 399 399 299 299 399 399 399 399 299 399 399 399 399 299 399
0 2 8 56 4 1 64 140 299 199 299 399 399 399 299 399 299 299 199 399 399 399 399 399 299 399 199 399 399 399 399 299 399 299 299 399 399 399 399 399 399 399 399 299 299 299 399 399 299 299 399 399 299 399 399 399 199 299 199 299 199 199 299 199 0 0 0 0 0 0 0 0
0 2 8 64 4 1 1 140 0
0 2 8 72 4 1 1 140 0
0 2 8 80 4 1 1 140 0
0 2 8 88 4 1 1 140 0
0 2 8 96 4 1 64 140 0 0 0 0 0 0 0 0 0 0 0 0 0 0 0 0 0 0 0 0 0 0 0 0 0 0 0 0 0 0 0 0 0 0 0 0 0 0 0 0 0 0 0 0 0 0 0 0 0 0 0 0 0 0 0 0 199 99 199 0 0 0 0 0
0 2 8 104 4 64 64 140 140 140 140 140 140 140 140 140 140 140 140 140 140 140 140 140 140 140 140 140 140 140 140 140 140 140 140 140 140 140 140 140 140 140 140 140 140 140 140 0 0 0 0 0 0 0 0 0 0 0 0 0 0 0 0 0 0 0 0 0 0 0 0 699 399 499 399 399 299 299 199 799 799 599 599 499 499 399 399 799 799 799 699 799 599 499 399 799 799 799 799 599 699 499 399 799 999 799 599 799 599 599 599 0 0 0 0 0 0 0 0 0 0 0 0 0 0 0 0 0 0 0 0 0 0 0 0
0 2 8 112 4 1 1 0 0
0 2 8 120 4 1 1 0 0
0 2 16 0 4 1 64 140 3099 3199 3299 3199 3199 3499 3399 3599 2999 2799 2899 2999 3099 3099 3099 3199 2999 2999 2999 2999 2999 2999 3099 3199 2699 2899 2999 2999 2799 2799 2999 2999 2699 2699 2699 2899 2799 2799 2999 2999 2499 2699 2699 2699 2699 2699 2799 2899 2499 2499 2499 2499 2499 2699 2699 2699 2399 2399 2399 2399 2399 2599 2499 2499
0 2 16 8 4 1 64 140 2199 2399 2399 2299 2299 2399 2499 2299 2099 2299 2199 2199 2199 2399 2299 2399 2199 2199 2199 1999 2199 2299 2399 2199 1899 1899 1899 2099 2099 2099 2199 2199 1999 2099 1899 1799 1799 1899 1999 1999 1899 2099 1899 1899 1699 1699 1899 1999 1699 1699 1699 1899 1899 1799 1899 1799 1799 1899 1699 1799 1799 1799 1899 1899
0 2 16 16 4 1 64 140 1899 1699 1699 1699 1899 1799 1799 1899 1799 1799 1699 1899 1899 1899 1799 1899 1699 1899 1799 1699 1899 1799 1899 1899 1799 1699 1899 1699 1699 1699 1699 1799 1799 1799 1699 1799 1899 1699 1699 1799 1899 1699 1799 1699 1699 1699 1699 1899 1799 1699 1899 1699 1799 1799 1699 1699 1699 1599 1699 1699 1699 1799 1699 1799
0 2 16 24 4 1 64 140 1699 1699 1699 1899 1699 1899 1899 1899 1699 1699 1799 1699 1699 1699 1899 1699 1499 1699 1699 1799 1699 1699 1899 1899 1499 1699 1499 1699 1699 1799 1699 1799 1499 1599 1499 1699 1699 1699 1699 1899 1699 1499 1599 1499 1699 1699 1799 1699 1599 1499 1499 1699 1599 1599 1699 1499 1499 1499 1499 1699 1599 1499 1599 1699
0 2 16 32 4 1 64 140 1499 1499 1599 1499 1499 1499 1699 1499 1599 1499 1599 1499 1699 1499 1499 1599 1599 1699 1599 1499 1699 1499 1599 1499 1399 1499 1499 1699 1499 1499 1499 1499 1099 1099 1499 1599 1599 1599 1599 1599 1099 999 1199 1399 1399 1499 1499 1499 999 999 999 999 1199 1199 1099 1399 799 799 799 1099 999 1199 1199 1199
0 2 16 40 4 1 64 140 699 799 799 699 999 699 999 1099 599 799 599 799 699 599 799 799 699 799 699 799 799 699 599 699 799 599 699 699 799 799 799 799 799 799 799 799 699 699 599 799 799 799 799 799 599 799 799 799 699 599 599 799 799 799 799 799 499 599 599 799 599 799 699 599
0 2 16 48 4 1 64 140 499 599 499 599 599 799 699 799 399 499 499 499 499 599 599 799 499 399 399 599 499 599 699 599 499 399 499 399 399 599 599 799 499 499 499 499 399 599 599 599 499 399 399 399 499 599 499 499 399 499 399 399 499 499 499 499 399 399 499 399 499 399 399 499
0 2 16 56 4 1 64 140 399 399 399 499 399 499 499 499 299 399 399 399 499 499 399 399 299 299 299 399 299 399 499 399 299 399 399 399 399 399 399 499 299 299 399 399 399 499 399 399 399 399 399 399 299 399 399 399 299 199 299 199 199 299 199 99 0 0 0 0 0 0 0 0
0 2 16 64 4 1 1 140 0
0 2 16 72 4 1 1 140 0
0 2 16 80 4 1 1 140 0
0 2 16 88 4 1 1 140 0
0 2 16 96 4 1 1 140 0
0 2 16 104 4 64 64 140 140 140 140 140 140 140 140 140 140 140 140 140 140 140 140 140 140 140 140 140 140 140 140 140 140 140 140 140 140 140 140 140 140 140 140 140 140 140 140 0 0 0 0 0 0 0 0 0 0 0 0 0 0 0 0 0 0 0 0 0 0 0 0 299 99 99 99 199 0 0 0 299 199 199 99 99 99 0 0 399 299 199 199 99 99 99 0 399 299 399 199 199 99 99 99 399 399 299 399 199 299 0 99 0 0 0 0 0 0 0 0 0 0 0 0 0 0 0 0 0 0 0 0 0 0 0 0
0 2 16 112 4 1 1 0 0
0 2 16 120 4 1 1 0 0
0 2 24 0 4 64 64 142 142 140 140 140 140 140 140 140 140 140 140 140 140 140 140 140 140 140 140 140 140 140 140 140 140 140 140 140 140 140 140 140 140 140 140 140 140 140 140 140 140 140 140 140 140 140 140 140 140 140 140 140 140 140 140 140 140 140 140 140 140 140 140 3399 3599 3399 3599 3599 3599 3599 3599 3099 3099 3299 3299 3299 3299 3399 3499 3099 3299 3299 3199 3199 3199 3299 3299 3099 2999 3099 3099 3099 2999 3099 3199 2999 2999 2799 2899 2999 2999 2999 3199 2899 2899 2799 2799 2899 2999 2999 2999 2699 2699 2699 2699 2799 2799 2799 2999 2499 2499 2499 2699 2799 2799 2899 2799
0 2 24 8 4 1 64 140 2499 2599 2599 2499 2499 2799 2799 2699 2599 2399 2399 2499 2599 2499 2699 2699 2399 2399 2399 2399 2299 2499 2499 2499 2099 2199 2399 2399 2299 2499 2499 2599 2199 2199 2399 2399 2399 2399 2499 2499 1999 2199 2199 2399 2499 2399 2399 2499 1999 2099 2099 2199 2399 2399 2299 2299 1899 1999 2199 2199 2199 2399 2399 2399
0 2 24 16 4 1 64 140 1899 1999 2199 1999 1999 2199 2199 2199 1899 2099 2199 2099 2199 1999 2199 1999 1799 1899 1999 1999 2099 2199 2199 2199 1899 1799 2099 1899 1999 2199 2099 1999 1899 1899 1899 1999 1999 1999 1999 1999 1799 1799 1899 1899 1799 1999 1999 1999 1899 1899 1899 1799 1899 1899 1899 1899 1899 1899 1699 1699 1999 1899 1799 1899
0 2 24 24 4 1 64 140 1799 1699 1699 1699 1899 1899 1799 1999 1799 1899 1899 1899 1799 1899 1999 1999 1699 1899 1799 1799 1899 1899 1899 1999 1699 1699 1899 1899 1799 1899 1999 1999 1699 1899 1699 1699 1799 1799 1999 1999 1799 1699 1899 1899 1799 2099 1999 1899 1699 1699 1899 1899 1899 1899 1899 1899 1699 1899 1899 1699 1899 1899 1899 1799
0 2 24 32 4 1 64 140 1699 1799 1699 1799 1699 1799 1699 1699 1599 1499 1699 1699 1699 1699 1899 1799 1499 1699 1799 1799 1899 1699 1699 1899 1499 1499 1699 1699 1699 1899 1699 1799 1499 1499 1599 1699 1799 1699 1699 1799 1499 1699 1499 1699 1599 1599 1599 1699 1499 1499 1699 1599 1499 1599 1599 1499 1399 1299 1599 1599 1599 1499 1499 1599
0 2 24 40 4 1 64 140 899 1099 1299 1299 1599 1499 1699 1499 999 999 899 1099 1099 1399 1499 1499 799 999 1199 1199 1099 1199 1199 1199 799 699 1099 999 1099 1199 1199 1099 799 999 999 999 899 1099 1099 1199 799 599 999 999 1099 999 1199 1199 799 799 799 799 999 999 899 1099 599 599 799 799 799 999 999 899
0 2 24 48 4 1 64 140 799 799 599 799 799 799 899 999 699 799 599 699 699 799 799 599 799 799 799 799 799 799 799 799 799 599 799 799 599 599 799 599 599 799 799 799 799 799 799 799 499 599 799 799 799 799 799 799 499 599 799 599 799 799 799 599 399 499 599 799 799 799 799 699
0 2 24 56 4 1 64 140 499 499 499 499 799 799 799 699 399 499 399 499 599 799 799 699 399 499 499 399 599 699 699 799 399 399 499 499 599 599 799 799 399 399 599 599 599 599 799 799 299 499 499 499 699 399 799 799 299 299 399 399 399 399 299 299 0 0 0 0 0 0 0 0
0 2 24 64 4 1 1 140 0
0 2 24 72 4 1 1 140 0
0 2 24 80 4 1 1 140 0
0 2 24 88 4 1 1 140 0
0 2 24 96 4 1 64 140 0 0 0 0 0 0 0 0 0 0 0 0 0 0 0 0 0 0 0 0 0 0 0 0 0 0 0 0 0 0 0 0 0 0 0 0 0 199 99 99 0 0 0 0 0 0 0 99 0 0 0 0 0 0 0 199 0 0 0 0 0 0 0 0
0 2 24 104 4 64 64 140 140 140 140 140 140 140 140 140 140 140 140 140 140 140 140 140 140 140 140 140 140 140 140 140 140 140 140 140 140 140 140 140 140 140 140 140 140 140 140 0 0 0 0 0 0 0 0 0 0 0 0 0 0 0 0 0 0 0 0 0 0 0 0 0 0 0 0 0 0 0 0 0 0 0 0 0 0 0 0 0 0 0 0 0 0 0 0 0 0 0 0 0 0 0 0 99 0 0 0 0 0 0 0 0 0 0 0 0 0 0 0 0 0 0 0 0 0 0 0 0 0 0 0 0 0 0 0
0 2 24 112 4 1 1 0 0
0 2 24 120 4 1 1 0 0
0 2 32 0 4 64 64 140 142 142 142 142 142 142 142 140 140 140 140 140 140 140 140 140 140 140 140 140 140 140 140 140 140 140 140 140 140 140 140 140 140 140 140 140 140 140 140 140 140 140 140 140 140 140 140 140 140 140 140 140 140 140 140 140 140 140 140 140 140 140 140 3499 3599 3599 3699 3699 3599 3599 3699 3499 3599 3599 3499 3599 3599 3399 3599 3199 3299 3399 3499 3599 3599 3499 3399 3099 3099 3299 3299 3399 3599 3599 3299 3299 3199 3199 3299 3399 3299 3299 3099 2999 3199 3199 3099 3299 3099 3099 3099 2999 2899 3199 3299 3199 3099 2999 2999 2899 2799 2999 3099 2999 2999 2999 2799
0 2 32 8 4 1 64 140 2799 2899 2799 2799 2899 2999 2999 2899 2699 2699 2799 2999 2999 2899 2999 2999 2699 2699 2699 2899 2999 2799 2999 2999 2599 2699 2699 2799 2899 2899 2899 2899 2399 2499 2699 2699 2699 2999 2799 2799 2499 2499 2499 2699 2699 2699 2699 2699 2599 2599 2299 2299 2599 2599 2699 2699 2299 2299 2499 2499 2499 2299 2399 2599
0 2 32 16 4 1 64 140 2299 2399 2399 2299 2499 2399 2499 2599 2199 2199 2299 2499 2499 2399 2399 2299 1999 2199 2399 2399 2499 2499 2499 2599 2199 2399 2399 2399 2299 2599 2599 2499 2199 2199 2399 2399 2399 2399 2599 2599 2199 2199 2199 2199 2299 2199 2299 2299 2099 2199 2199 2199 2299 2399 2299 2299 1999 1999 1999 2299 2399 2399 2399 2299
0 2 32 24 4 1 64 140 1999 1999 2099 1999 2399 2399 2399 2399 2199 2199 2199 2199 2199 2199 2199 2299 2199 2199 2199 2199 2199 2199 2199 1999 2199 1999 1999 2099 2199 2099 2299 2199 2099 2199 2199 2199 1999 2099 2199 2199 1999 1999 2099 2099 1999 2099 1999 1999 1899 1799 1799 1799 1899 1799 1899 2099 1799 1899 1899 1699 1899 1899 1899 1799
0 2 32 32 4 1 64 140 1799 1799 1699 1899 1699 1899 1799 1799 1899 1699 1699 1699 1899 1799 1699 1699 1899 1899 1899 1699 1899 1799 1699 1699 1799 1699 1699 1699 1699 1699 1699 1899 1799 1699 1799 1899 1899 1699 1699 1699 1699 1699 1699 1699 1699 1699 1699 1699 1699 1799 1699 1699 1699 1799 1899 1899 1599 1699 1699 1699 1699 1799 1699 1899
0 2 32 40 4 1 64 140 1699 1499 1499 1699 1699 1699 1699 1699 1499 1499 1699 1699 1699 1699 1699 1699 1599 1499 1499 1499 1499 1699 1699 1699 1099 1299 1699 1499 1499 1699 1699 1699 1099 1099 1399 1599 1499 1699 1699 1699 1099 1099 1099 1099 1399 1599 1499 1499 1199 1099 1099 1199 1099 1099 1299 1299 1199 1199 1199 1199 999 1099 1199 1099
0 2 32 48 4 1 64 140 1099 999 1099 899 999 1099 1199 1199 899 1099 999 1199 999 1099 1099 1199 899 1099 999 1099 999 999 1199 999 799 899 1199 1199 999 1199 999 1199 699 699 799 899 1199 999 1099 999 799 799 999 899 999 999 999 999 799 799 799 999 899 799 999 999 799 799 799 599 699 799 799 799
0 2 32 56 4 1 64 140 599 599 799 799 799 799 799 799 699 799 799 799 799 799 599 799 799 799 699 699 799 799 799 799 799 799 799 799 799 799 699 799 799 599 599 599 799 799 799 599 799 799 799 599 799 799 799 599 399 299 299 499 499 499 399 399 0 0 0 0 0 0 0 0
0 2 32 64 4 1 1 140 0
0 2 32 72 4 1 1 140 0
0 2 32 80 4 1 1 140 0
0 2 32 88 4 1 1 140 0
0 2 32 96 4 1 64 140 0 0 0 0 0 0 0 0 0 0 0 0 0 0 0 0 0 0 0 0 0 0 0 0 0 0 0 0 0 0 0 0 199 299 399 399 399 499 499 399 99 99 299 399 399 399 699 799 199 199 199 399 299 399 399 599 99 0 199 199 399 499 499 399
0 2 32 104 4 64 64 140 140 140 140 140 140 140 140 140 140 140 140 140 140 140 140 140 140 140 140 140 140 140 140 140 140 140 140 140 140 140 140 140 140 140 140 140 140 140 140 0 0 0 0 0 0 0 0 0 0 0 0 0 0 0 0 0 0 0 0 0 0 0 0 99 0 199 199 399 299 499 399 0 0 99 99 299 299 399 499 0 99 99 199 399 399 499 499 0 99 99 199 199 399 399 499 0 0 99 199 199 199 399 399 0 0 0 0 0 0 0 0 0 0 0 0 0 0 0 0 0 0 0 0 0 0 0 0
0 2 32 112 4 1 1 0 0
0 2 32 120 4 1 1 0 0
0 2 40 0 4 64 64 142 140 49294 143 143 143 143 143 140 140 49294 143 143 143 143 143 140 140 140 142 142 49293 143 143 140 140 140 140 140 49294 143 143 140 140 140 140 140 140 142 49293 140 140 140 140 140 140 140 49294 140 140 140 140 140 140 140 140 140 140 140 140 140 140 140 140 3699 3599 3599 3799 3899 3999 4099 4099 3599 3499 3599 3699 3899 3699 3899 4099 3399 3399 3599 3399 3499 3599 3799 3899 3299 3299 3499 3399 3599 3599 3699 3899 3099 3299 3199 3499 3399 3599 3399 3699 2999 3199 3199 3099 3199 3299 3599 3599 2899 2999 2999 2999 3099 3199 3299 3599 2999 2899 2799 2799 2899 3099 3199 3399
0 2 40 8 4 1 64 140 2999 2999 2899 2799 2799 2999 3099 3399 2899 2999 2999 2799 2999 2999 3199 3199 2799 2799 2999 2799 2999 3199 2999 3099 2899 2799 2999 2999 2799 2899 2799 2999 2699 2899 2999 2999 2899 2799 2999 2899 2699 2799 2799 2899 2799 2999 2899 2799 2699 2699 2699 2899 2999 2999 2799 2899 2699 2699 2799 2699 2899 2799 2799 2799
0 2 40 16 4 1 64 140 2699 2699 2599 2899 2899 2799 2899 2699 2399 2699 2699 2699 2699 2899 2899 2699 2399 2499 2499 2699 2699 2699 2699 2699 2499 2499 2499 2699 2499 2599 2599 2699 2399 2499 2299 2499 2599 2299 2399 2499 2299 2399 2599 2299 2499 2399 2499 2599 2399 2299 2599 2599 2299 2399 2499 2499 2399 2399 2399 2399 2599 2399 2299 2499
0 2 40 24 4 1 64 140 2299 2399 2399 2399 2399 2399 2399 2299 2399 2199 2199 2199 2299 2399 2299 2399 2199 2199 2299 2199 2299 2199 2199 2399 2199 1999 2199 2199 2199 2199 2199 2299 2199 2199 2199 2199 2199 1999 2099 2199 1899 1999 2199 2299 2199 2199 2199 1999 1899 2099 1999 2199 2199 2199 2199 2199 1899 2099 2099 1999 2099 1999 1999 2199
0 2 40 32 4 1 64 140 1799 1899 1799 2099 2099 1999 1999 1999 1799 1899 1899 2099 1999 1999 2199 2199 1899 1899 1899 1899 1899 1999 1999 2199 1699 1699 1699 1999 1899 1999 1999 2099 1799 1699 1899 1899 1899 1999 2099 1999 1699 1799 1799 1899 1899 1799 1799 1899 1699 1699 1899 1799 1799 1799 1699 1699 1699 1799 1699 1699 1699 1699 1699 1899
0 2 40 40 4 1 64 140 1899 1699 1899 1899 1699 1799 1699 1899 1899 1699 1699 1899 1699 1699 1899 1799 1799 1799 1699 1699 1699 1899 1699 1699 1799 1699 1799 1699 1699 1699 1899 1699 1699 1699 1699 1499 1699 1499 1499 1699 1499 1499 1499 1499 1499 1599 1599 1499 1499 1499 1499 1499 1499 1699 1499 1499 1399 1499 1799 1599 1599 1499 1499 1499
0 2 40 48 4 1 64 140 1199 1299 1399 1699 1599 1499 1499 1299 1199 1199 1099 1399 1499 1599 1599 1599 899 1199 1199 1199 1099 1299 1399 1399 999 999 999 999 999 799 1199 1099 899 1199 899 799 999 799 799 799 899 799 699 699 599 799 799 699 799 799 799 799 599 599 699 699 799 699 699 799 799 799 799 699
0 2 40 56 4 1 64 140 599 799 799 799 599 599 699 399 799 799 799 799 599 499 399 499 599 799 599 599 599 399 399 399 699 699 599 599 499 499 499 499 599 599 599 699 399 399 399 499 799 499 599 499 499 399 399 399 299 299 299 399 399 299 199 299 0 0 0 0 0 0 0 0
0 2 40 64 4 1 1 140 0
0 2 40 72 4 1 1 140 0
0 2 40 80 4 1 1 140 0
0 2 40 88 4 1 1 140 0
0 2 40 96 4 1 64 140 0 0 0 0 0 0 0 0 0 0 0 0 0 0 0 0 0 0 0 0 0 0 0 0 0 0 0 0 0 0 0 0 299 399 299 99 0 0 0 0 799 799 799 799 799 999 699 899 699 699 999 799 799 999 999 899 699 799 799 699 799 999 899 899
0 2 40 104 4 64 64 140 140 140 140 140 140 140 140 140 140 140 140 140 140 140 140 140 140 140 140 140 140 140 140 140 140 140 140 140 140 140 140 140 140 140 140 140 140 140 140 0 0 0 0 0 0 0 0 0 0 0 0 0 0 0 0 0 0 0 0 0 0 0 0 799 799 799 999 999 699 999 999 599 699 799 999 999 799 999 999 599 599 799 799 799 799 999 899 599 599 799 899 999 799 799 999 699 799 799 799 799 799 899 999 0 0 0 0 0 0 0 0 0 0 0 0 0 0 0 0 0 0 0 0 0 0 0 0
0 2 40 112 4 1 1 0 0
0 2 40 120 4 1 1 0 0
0 2 48 0 4 64 64 143 143 143 143 143 143 143 143 143 143 143 143 143 143 143 143 143 143 143 143 143 143 143 143 143 143 143 143 143 143 143 143 143 143 143 143 143 143 141 142 143 143 143 143 143 143 16526 140 142 142 142 142 142 142 140 140 140 140 140 140 140 140 140 140 4299 4199 4199 4299 4199 4299 4099 4099 4199 4199 4199 4299 4199 4299 4099 4199 4099 3999 4199 3999 3999 3999 3899 3899 3799 3799 3999 4099 4099 3999 3899 3899 3799 3899 3899 4099 3999 3799 3699 3799 3599 3899 3899 3799 3899 3899 3699 3599 3599 3499 3399 3599 3599 3699 3599 3599 3499 3399 3599 3599 3399 3499 3399 3399
0 2 48 8 4 1 64 140 3499 3399 3399 3099 3199 3099 3199 3099 3199 3299 3299 3099 3099 2999 2999 3299 2999 2999 3199 3099 2999 2999 2999 2999 2899 2999 2899 2999 2999 2999 2999 2999 2899 2999 2999 2999 2799 2899 2899 2999 2999 2999 2999 2899 2799 2899 2899 2899 2899 2799 2799 2899 2699 2699 2699 2899 2899 2899 2899 2899 2699 2699 2699 2699
0 2 48 16 4 1 64 140 2899 2799 2799 2699 2699 2699 2699 2699 2899 2799 2799 2599 2699 2699 2699 2699 2799 2799 2899 2699 2699 2699 2499 2699 2699 2699 2699 2699 2499 2499 2599 2699 2699 2499 2499 2599 2599 2599 2599 2399 2399 2499 2499 2399 2599 2599 2599 2299 2299 2299 2399 2399 2599 2599 2399 2399 2499 2299 2499 2499 2599 2499 2399 2499
0 2 48 24 4 1 64 140 2299 2399 2299 2399 2299 2599 2399 2499 2299 2499 2399 2399 2399 2299 2399 2399 2399 2399 2399 2399 2399 2299 2399 2399 2299 2399 2299 2399 2399 2399 2399 2399 2199 2199 2199 2399 2399 2199 2299 2199 2399 2399 2399 2399 2399 2199 2399 2199 2199 2099 2199 2199 2199 2199 2199 2199 2199 2199 2199 2199 2199 2099 2199 2199
0 2 48 32 4 1 64 140 2199 2199 1999 2199 2099 1999 2199 2199 2099 2299 2199 2199 1999 2199 2099 2199 2199 2199 2199 1999 2199 1999 2199 2199 2099 2199 1999 2199 2299 1999 1999 2199 1999 2099 2199 2199 1999 2199 2199 2199 1899 1899 1999 1999 1999 2099 2099 1999 1899 1899 1999 2099 2099 2099 1999 1899 1799 1799 1899 1899 1799 1799 1899 1799
0 2 48 40 4 1 64 140 1899 1699 1699 1699 1899 1899 1899 1899 1799 1899 1899 1899 1899 1899 1899 1699 1799 1799 1699 1699 1799 1699 1899 1699 1899 1899 1699 1799 1699 1699 1699 1699 1699 1699 1699 1599 1699 1499 1599 1599 1699 1799 1499 1499 1599 1499 1599 1499 1699 1499 1499 1499 1499 1599 1699 1499 1499 1499 1599 1699 1499 1499 1499 1599
0 2 48 48 4 1 64 140 1499 1499 1599 1399 1299 1399 1499 1599 1499 1299 1499 1299 1299 1599 1499 1399 1499 1299 1299 1299 1299 1299 1599 1299 1099 1399 1399 1199 1299 1299 1399 1299 1099 1099 1199 1099 1199 1199 1099 1199 799 899 1099 1199 1199 1199 1199 1099 799 799 699 1199 1199 999 1099 1299 799 599 799 599 799 1099 1199 1199
0 2 48 56 4 1 64 140 599 599 799 799 799 799 899 999 499 599 599 699 599 499 799 799 399 499 499 499 599 699 799 799 499 399 399 399 599 599 799 799 499 399 499 499 599 799 799 799 399 499 499 599 599 499 799 799 299 299 299 399 399 399 299 399 0 0 0 0 0 0 0 0
0 2 48 64 4 1 1 140 0
0 2 48 72 4 1 1 140 0
0 2 48 80 4 1 1 140 0
0 2 48 88 4 1 1 140 0
0 2 48 96 4 1 64 140 0 0 0 0 0 0 0 0 0 0 0 0 0 0 0 0 0 0 0 0 0 0 0 0 0 0 0 0 0 0 0 0 0 0 0 0 0 0 0 0 899 999 899 899 899 999 799 999 999 899 999 999 899 999 899 799 799 899 899 999 999 999 999 999
0 2 48 104 4 64 64 140 140 140 140 140 140 140 140 140 140 140 140 140 140 140 140 140 140 140 140 140 140 140 140 140 140 140 140 140 140 140 140 140 140 140 140 140 140 140 140 0 0 0 0 0 0 0 0 0 0 0 0 0 0 0 0 0 0 0 0 0 0 0 0 999 899 799 999 999 799 999 999 999 799 899 699 899 999 799 999 999 899 799 999 999 899 899 699 999 999 999 999 799 999 999 899 999 799 999 999 799 999 999 999 0 0 0 0 0 0 0 0 0 0 0 0 0 0 0 0 0 0 0 0 0 0 0 0
0 2 48 112 4 1 1 0 0
0 2 48 120 4 1 1 0 0
0 2 56 0 4 64 64 143 143 143 143 143 143 143 143 143 143 141 142 142 142 142 142 143 141 140 140 140 140 140 140 143 16526 140 140 140 140 140 140 142 140 140 140 140 140 140 140 140 140 140 140 140 140 140 140 140 140 140 140 140 140 140 140 140 140 140 140 140 140 140 140 3999 3899 3899 3999 3899 3799 3899 3899 3999 3899 3699 3799 3699 3799 3799 3699 3699 3799 3599 3499 3599 3599 3599 3599 3899 3699 3599 3599 3599 3399 3499 3099 3699 3799 3399 3599 3399 3399 3299 3199 3599 3599 3499 3399 3299 3099 3099 3099 3399 3599 3399 3299 3299 3299 3099 2999 3399 3499 3499 3299 3299 3199 3099 2799
0 2 56 8 4 1 64 140 3299 3499 3299 3199 3199 2999 3099 2899 3199 3299 3099 3199 2999 2999 2999 2999 3199 3299 3199 3199 3199 2999 2999 2999 2999 2999 3099 2999 2999 2999 2999 2899 2999 2999 3199 2999 2999 2799 2999 2699 2799 2999 2999 2999 2999 2899 2799 2599 2899 2999 2799 2899 2799 2699 2699 2699 2899 2699 2899 2699 2599 2499 2499 2699
0 2 56 16 4 1 64 140 2699 2699 2499 2699 2799 2699 2699 2499 2699 2699 2699 2499 2599 2499 2499 2599 2699 2499 2599 2599 2499 2599 2499 2599 2499 2499 2499 2499 2399 2499 2499 2499 2399 2499 2399 2599 2599 2399 2399 2399 2399 2399 2299 2399 2399 2399 2399 2299 2499 2399 2399 2399 2399 2399 2399 2299 2399 2399 2399 2399 2199 2199 2199 2299
0 2 56 24 4 1 64 140 2399 2399 2299 2299 2199 2199 2199 2199 2199 2199 2199 2199 2199 2399 2399 2199 2199 2199 2199 2399 2199 2199 2399 2199 2399 2199 2299 2399 2399 2199 2299 2399 2199 2199 2199 2099 2199 2199 2199 2199 2299 2199 2199 2199 1999 2199 2199 2199 2199 2199 2199 2199 1999 2199 2199 1999 2199 2199 2199 2199 1999 2099 2099 1999
0 2 56 32 4 1 64 140 2199 2199 1999 2199 2199 1999 2099 2199 2199 2199 2199 2199 2199 2199 2099 1899 1999 2099 1999 1999 2199 2099 1999 1999 2199 2199 1999 1999 1999 2099 1999 1899 2199 2199 2199 1999 1999 1899 1999 2099 1999 1999 1999 1999 1899 1899 1799 1899 2099 1999 1899 1799 2099 1699 1699 1699 1799 1899 1899 1799 1899 1699 1699 1899
0 2 56 40 4 1 64 140 1899 1799 1799 1899 1699 1699 1699 1799 1699 1699 1899 1699 1799 1899 1699 1899 1699 1699 1699 1699 1699 1699 1699 1699 1699 1699 1899 1699 1699 1699 1699 1699 1499 1499 1699 1599 1499 1599 1699 1699 1699 1499 1499 1599 1499 1499 1599 1699 1499 1499 1499 1799 1699 1499 1499 1699 1499 1499 1499 1599 1599 1499 1699 1899
0 2 56 48 4 1 64 140 1299 1499 1299 1699 1599 1699 1599 1499 1499 1499 1399 1499 1499 1599 1699 1499 1299 1299 1399 1599 1499 1499 1699 1599 1299 1299 1499 1299 1499 1599 1599 1499 1099 1399 1499 1399 1499 1499 1499 1499 1399 1199 1399 1399 1299 1499 1699 1499 1199 1299 1199 1399 1599 1599 1599 1499 1199 1199 1199 1399 1299 1499 1499 1599
0 2 56 56 4 1 64 140 1199 1099 1099 1299 1399 1399 1699 1699 999 1199 1299 1299 1599 1499 1699 1499 599 999 1399 1299 1299 1599 1299 1499 699 599 899 1399 1499 1499 1599 1499 799 799 999 1199 1099 1499 1699 1499 799 699 799 799 999 999 1099 1499 499 499 399 499 499 499 499 699 0 0 0 0 0 0 0 99
0 2 56 64 4 1 1 140 0
0 2 56 72 4 1 1 140 0
0 2 56 80 4 1 1 140 0
0 2 56 88 4 1 1 140 0
0 2 56 96 4 1 64 140 0 0 0 0 0 0 0 0 0 0 0 0 0 0 0 0 0 0 0 0 0 0 0 0 0 0 0 0 0 0 0 0 0 0 0 0 0 0 0 0 899 799 999 999 999 999 999 999 999 899 999 999 999 999 999 999 999 999 999 999 799 999 999 999
0 2 56 104 4 64 64 140 140 140 140 140 140 140 140 140 140 140 140 140 140 140 140 140 140 140 140 140 140 140 140 140 140 140 140 140 140 140 140 140 140 140 140 140 140 140 140 0 0 0 0 0 0 0 0 0 0 0 0 0 0 0 0 0 0 0 0 0 0 0 0 999 899 899 999 999 899 799 999 999 699 999 799 999 899 799 999 899 999 899 899 899 999 999 999 899 799 999 999 999 999 999 899 999 999 999 999 999 899 899 899 0 0 0 0 0 0 0 0 0 0 0 0 0 0 0 0 0 0 0 0 0 0 0 0
0 2 56 112 4 1 1 0 0
0 2 56 120 4 1 1 0 0
0 2 64 0 4 64 64 143 143 141 142 140 140 140 140 142 142 140 140 140 140 140 140 140 140 140 140 140 140 140 140 140 140 140 140 140 140 140 140 140 140 140 140 140 140 140 140 140 140 140 140 140 140 140 140 140 140 140 140 140 140 140 140 140 140 140 140 140 140 140 140 3899 3899 3799 3599 3599 3199 2799 2999 3599 3599 3599 3299 3099 3099 2999 2999 3499 3299 3099 3299 3199 2899 2799 2899 3299 3099 3099 2999 2899 2799 2899 2899 2999 2999 2999 2899 2899 2899 2699 2999 2999 2899 2899 2899 2899 2899 2799 2999 2999 2799 2899 2799 2799 2899 2699 2899 2899 2899 2899 2699 2699 2799 2899 2899
0 2 64 8 4 1 64 140 2799 2799 2799 2699 2699 2699 2799 2999 2899 2899 2799 2699 2899 2799 2999 2899 2899 2899 2699 2699 2799 2899 2899 2999 2799 2699 2699 2699 2699 2799 2999 2999 2699 2699 2699 2699 2699 2699 2899 3099 2699 2699 2599 2499 2699 2799 2799 3199 2599 2399 2399 2499 2399 2699 2799 2999 2499 2599 2499 2399 2499 2699 2699 2799
0 2 64 16 4 1 64 140 2399 2499 2599 2499 2499 2699 2499 2699 2599 2599 2399 2299 2599 2699 2699 2699 2399 2599 2399 2399 2499 2699 2699 2699 2499 2399 2399 2399 2499 2699 2699 2699 2399 2399 2399 2299 2599 2699 2699 2899 2299 2399 2399 2499 2299 2699 2799 2899 2399 2299 2299 2399 2499 2699 2499 2899 2399 2399 2399 2299 2499 2499 2699 2899
0 2 64 24 4 1 64 140 2399 2299 2399 2399 2499 2399 2699 2699 2299 2399 2399 2399 2399 2499 2499 2499 2199 2399 2599 2299 2299 2299 2599 2499 2199 2199 2399 2199 2399 2399 2399 2599 2199 2199 2199 2199 2499 2399 2499 2299 2199 2099 2399 2399 2199 2399 2399 2499 2199 2199 2199 2199 2399 2399 2299 2599 2199 1999 2199 2199 2199 2399 2399 2399
0 2 64 32 4 1 64 140 1999 1999 2199 2199 2199 2299 2399 2399 1899 2199 1999 2199 2199 2399 2399 2299 1999 1999 2199 2199 2199 2199 2399 2399 1899 1899 2099 2199 2199 2199 2399 2399 1899 2099 1999 2099 2199 2199 2299 2299 1899 1899 1899 1899 2099 2199 2199 2199 1899 1899 1899 2099 2199 2199 1999 2199 1699 1699 1799 2099 2199 1999 2199 1999
0 2 64 40 4 1 64 140 1799 1699 1899 2099 2099 2299 2199 2199 1699 1699 1899 1899 2099 2199 2199 1999 1899 1699 1799 1899 1999 2199 2199 2199 1699 1799 1899 1999 2199 2199 2199 2199 1699 1799 1899 1899 1799 1999 2099 2199 1699 1699 1799 1899 1999 1899 1899 1899 1699 1699 1799 1899 1899 1899 1899 1999 1899 1899 1699 1799 1699 1899 1699 1699
0 2 64 48 4 1 64 140 1699 1899 1699 1699 1699 1699 1699 1699 1499 1699 1699 1699 1699 1699 1699 1799 1499 1599 1699 1899 1699 1699 1799 1699 1499 1499 1699 1499 1699 1699 1699 1699 1599 1499 1699 1699 1499 1699 1799 1699 1699 1499 1699 1699 1699 1699 1699 1699 1599 1599 1599 1699 1699 1699 1699 1699 1499 1699 1599 1599 1699 1699 1599 1699
0 2 64 56 4 1 64 140 1499 1699 1499 1499 1599 1699 1599 1599 1699 1499 1499 1599 1499 1599 1699 1599 1499 1599 1599 1599 1499 1499 1699 1499 1399 1499 1499 1499 1699 1599 1599 1499 1599 1499 1499 1699 1499 1499 1599 1499 1499 1499 1499 1299 1499 1499 1299 1499 999 999 999 899 999 1199 999 1199 199 399 399 499 499 499 599 499
0 2 64 64 4 1 64 140 0 0 0 199 499 399 399 399 0 0 0 0 0 399 399 399 0 0 0 0 0 0 199 399 0 0 0 0 0 0 0 0 0 0 0 0 0 0 0 0 0 0 0 0 0 0 0 0 0 0 0 0 0 0 0 0 0 0 0 0 0 0 0 0
0 2 64 72 4 1 1 140 0
0 2 64 80 4 1 1 140 0
0 2 64 88 4 1 1 140 0
0 2 64 96 4 1 64 140 0 0 0 0 0 0 0 0 0 0 0 0 0 0 0 0 0 0 0 0 0 0 0 0 0 0 0 0 0 0 0 0 0 0 0 0 0 0 0 0 999 999 999 999 699 999 999 999 999 999 799 999 999 899 899 999 999 899 999 999 999 999 999 999
0 2 64 104 4 64 64 140 140 140 140 140 140 140 140 140 140 140 140 140 140 140 140 140 140 140 140 140 140 140 140 140 140 140 140 140 140 140 140 140 140 140 140 140 140 140 140 0 0 0 0 0 0 0 0 0 0 0 0 0 0 0 0 0 0 0 0 0 0 0 0 999 899 999 799 899 999 799 899 999 799 899 999 999 999 999 999 999 899 999 999 899 899 999 999 799 999 999 999 999 899 999 999 799 799 999 899 999 999 999 899 0 0 0 0 0 0 0 0 0 0 0 0 0 0 0 0 0 0 0 0 0 0 0 0
0 2 64 112 4 1 1 0 0
0 2 64 120 4 1 1 0 0
0 2 72 0 4 64 64 140 140 140 140 49294 143 143 143 140 140 140 140 49294 143 143 143 140 140 140 140 32909 143 143 143 140 140 140 49294 143 143 143 143 140 140 140 49294 143 143 143 143 140 140 140 49294 143 143 143 143 140 140 140 49294 143 143 143 143 140 140 140 49294 143 143 143 143 2799 2999 3299 3299 3399 3599 3799 3999 2999 3099 3199 3099 3599 3799 3899 3999 2999 2999 3099 3299 3599 3699 3999 4199 2799 2999 3099 3299 3599 3799 4199 4199 2799 2999 3299 3299 3499 3899 4099 4299 2999 2999 3199 3299 3599 3899 3999 4299 2999 3199 3199 3299 3599 3899 3999 4299 2799 3299 3199 3299 3599 3899 4099 4299
0 2 72 8 4 64 64 140 140 140 49294 143 143 143 143 140 140 140 49294 143 143 143 143 140 140 140 49294 143 143 143 143 140 140 140 32909 143 143 143 143 140 140 49294 143 143 143 143 143 140 140 49294 143 143 143 143 143 140 140 140 49293 143 143 143 143 140 140 140 49294 143 143 143 143 2999 3199 3299 3399 3699 3899 4099 4299 3299 3199 3299 3599 3799 4099 3999 4299 3099 3299 3399 3599 3799 3899 3999 4299 3299 3199 3299 3499 3799 3999 4199 4299 3199 3299 3299 3599 3799 3999 4199 4099 3199 3099 3299 3599 3899 3999 4099 4099 2899 2999 3199 3399 3599 3899 3999 3999 2999 2999 3199 3499 3599 3899 3899 4199
0 2 72 16 4 64 64 140 140 140 140 49293 143 143 143 140 140 140 140 140 49293 143 143 140 140 140 140 140 49294 143 143 140 140 140 140 140 49294 143 143 140 140 140 140 140 140 142 142 140 140 140 140 140 140 140 140 140 140 140 140 140 140 140 140 140 140 140 140 140 140 140 140 2799 2999 3099 3299 3599 3599 3899 3999 2799 2999 3099 3099 3499 3599 3699 3999 2799 2999 3099 3299 3599 3599 3699 3899 2799 2999 3099 3099 3599 3399 3599 3899 2999 2799 3299 3199 3299 3499 3599 3599 2899 2999 3099 3299 3199 3299 3299 3499 2799 2899 2999 2799 2999 2999 3099 3099 2699 2899 2999 2899 2999 2999 3199 3199
0 2 72 24 4 1 64 140 2699 2799 2699 2799 2799 2999 2999 3199 2699 2699 2699 2799 2799 2799 2799 2899 2499 2699 2699 2899 2799 2899 2899 2999 2499 2699 2699 2799 2899 2799 2899 2899 2599 2499 2699 2699 2799 2799 2899 2999 2399 2699 2699 2699 2899 2899 2799 2899 2499 2599 2699 2699 2699 2899 2799 2799 2499 2399 2499 2699 2699 2699 2699 2899
0 2 72 32 4 1 64 140 2499 2499 2399 2599 2699 2699 2699 2699 2499 2499 2499 2399 2699 2699 2699 2699 2499 2499 2399 2399 2399 2499 2499 2499 2299 2299 2399 2599 2599 2499 2599 2599 2299 2399 2599 2399 2499 2499 2299 2499 2399 2299 2399 2499 2499 2399 2499 2399 2199 2399 2299 2299 2399 2399 2299 2299 2199 2399 2399 2299 2299 2299 2299 2399
0 2 72 40 4 1 64 140 2199 2199 2399 2299 2199 2199 2399 2399 2199 2199 2199 2099 2199 2199 2199 2199 1999 2199 2199 2199 1999 2199 2199 2199 2199 2199 1999 2099 1999 1999 2199 2199 2099 2099 2099 1999 1999 1999 2099 1999 1999 1999 1999 2099 1899 1899 1999 1999 1799 1899 1799 1799 1899 1899 1899 1899 1899 1899 1699 1699 1699 1799 1899 1699
0 2 72 48 4 1 64 140 1799 1799 1799 1799 1699 1799 1899 1699 1699 1699 1699 1699 1699 1899 1699 1699 1699 1699 1699 1699 1799 1699 1699 1699 1899 1799 1699 1699 1699 1499 1699 1699 1699 1899 1899 1699 1699 1699 1699 1499 1899 1699 1699 1699 1899 1699 1699 1699 1699 1699 1699 1699 1699 1599 1499 1599 1699 1699 1699 1699 1499 1499 1699 1599
0 2 72 56 4 1 64 140 1699 1599 1499 1499 1499 1499 1499 1499 1499 1699 1499 1599 1499 1599 1499 1499 1699 1599 1599 1499 1599 1299 1299 1399 1499 1499 1599 1599 1599 1499 1599 1299 1499 1499 1599 1399 1499 1699 1299 1299 1499 1299 1399 1299 1599 1499 1499 1199 899 1199 899 999 999 1199 1199 999 599 499 499 499 399 499 399 399
0 2 72 64 4 1 64 140 499 399 399 399 499 399 499 499 499 399 399 399 499 499 399 399 399 399 499 499 399 499 399 499 399 499 499 499 399 399 499 499 0 99 399 399 399 399 499 399 0 0 0 0 399 499 399 499 0 0 0 0 0 0 299 499 0 0 0 0 0 0 0 99
0 2 72 72 4 1 1 140 0
0 2 72 80 4 1 1 140 0
0 2 72 88 4 1 1 140 0
0 2 72 96 4 1 64 140 0 0 0 0 0 0 0 0 0 0 0 0 0 0 0 0 0 0 0 0 0 0 0 0 0 0 0 0 0 0 0 0 0 0 0 0 0 0 0 0 999 999 899 999 999 899 999 899 999 999 899 999 999 999 899 899 699 999 799 999 999 899 999 899
0 2 72 104 4 64 64 140 140 140 140 140 140 140 140 140 140 140 140 140 140 140 140 140 140 140 140 140 140 140 140 140 140 140 140 140 140 140 140 140 140 140 140 140 140 140 140 0 0 0 0 0 0 0 0 0 0 0 0 0 0 0 0 0 0 0 0 0 0 0 0 999 999 999 999 899 999 999 799 999 999 999 999 899 999 799 899 799 999 899 899 999 899 999 999 999 999 999 899 899 999 799 899 899 999 799 999 899 999 999 999 0 0 0 0 0 0 0 0 0 0 0 0 0 0 0 0 0 0 0 0 0 0 0 0
0 2 72 112 4 1 1 0 0
0 2 72 120 4 1 1 0 0
0 2 80 0 4 64 64 143 143 143 143 143 49297 146 146 143 143 143 143 143 32912 146 146 143 143 143 143 49297 146 146 146 143 143 143 143 49297 146 146 146 143 143 143 143 49297 146 146 146 143 143 143 143 49297 146 146 146 143 143 143 143 49297 146 146 146 143 143 143 143 49297 146 146 146 4299 4299 4699 4899 4999 5399 5499 5799 4299 4599 4599 4999 5099 5299 5599 5799 4299 4699 4799 5099 5299 5499 5599 5899 4399 4699 4799 5099 5399 5599 5799 5999 4499 4699 4999 5199 5299 5599 5699 6099 4499 4699 4899 5099 5399 5499 5799 5899 4599 4699 4999 5199 5399 5499 5599 5899 4599 4699 4999 5099 5399 5499 5699 5799
0 2 80 8 4 64 64 143 143 143 143 143 49296 146 146 143 143 143 143 143 143 145 49296 143 143 143 143 143 143 143 143 143 143 143 143 143 143 143 143 143 143 143 143 143 143 143 143 143 143 143 143 143 143 143 143 143 143 143 143 143 143 143 143 143 143 143 143 143 143 143 143 4599 4599 4999 5199 5299 5499 5599 5699 4599 4499 4999 5099 5199 5299 5399 5599 4599 4599 4799 4999 4899 5099 5299 5399 4399 4499 4599 4699 4999 4999 5099 5199 4199 4399 4599 4799 4599 4899 4899 5099 4199 4299 4299 4799 4699 4799 4999 4899 4299 4099 4499 4599 4599 4699 4799 4699 4099 4099 4299 4499 4499 4399 4299 4299
0 2 80 16 4 64 64 143 143 143 143 143 143 143 143 143 143 143 143 143 143 143 143 143 143 143 143 143 143 143 143 143 143 143 143 143 143 143 143 49293 143 143 143 143 143 143 143 140 142 142 142 49293 143 143 141 140 140 140 140 140 142 142 140 140 140 140 140 140 140 140 140 3999 4299 4099 4299 4299 4199 4299 4299 3999 4199 4099 4299 4199 4299 4299 4199 3999 3999 3999 4199 4299 4299 4299 3999 3899 3899 3899 3999 3999 4199 3999 4099 3399 3599 3899 3899 3899 3899 3899 3899 3599 3499 3699 3699 3699 3699 3899 3799 3599 3399 3599 3499 3599 3599 3599 3599 3199 3499 3599 3399 3599 3599 3599 3599
0 2 80 24 4 1 64 140 3299 3099 3099 3299 3399 3399 3499 3299 2999 2999 3199 3299 3199 3299 3199 3099 2999 2799 3199 3199 3199 3199 3199 3199 2899 2799 2999 2999 3199 3199 3199 3099 2999 2899 2999 2999 2999 2999 2899 2999 2799 2799 2999 2999 2799 2999 2999 2999 2799 2899 2999 2799 2799 2899 2899 2799 2699 2699 2799 2899 2799 2899 2799 2699
0 2 80 32 4 1 64 140 2699 2699 2699 2699 2699 2699 2799 2799 2699 2699 2699 2799 2599 2699 2699 2699 2499 2699 2499 2699 2499 2599 2699 2699 2499 2699 2499 2499 2499 2499 2499 2699 2399 2599 2499 2399 2599 2499 2399 2499 2599 2399 2399 2399 2399 2599 2499 2599 2399 2399 2299 2299 2599 2399 2399 2299 2299 2399 2399 2399 2399 2299 2299 2399
0 2 80 40 4 1 64 140 2199 2299 2199 2199 2199 2299 2399 2399 1999 1999 2199 2199 2199 2199 2399 2399 2299 1999 2099 2099 1999 2199 2199 2199 2199 2199 2199 2299 2199 2199 1999 2199 1999 1999 2199 2099 1999 1999 2099 2199 1999 1999 1999 2099 1799 1899 2199 2199 1799 1899 1899 1899 1899 2099 1999 2099 1799 1799 1699 1699 1899 1899 1899 1999
0 2 80 48 4 1 64 140 1799 1899 1799 1699 1899 1899 1899 1899 1799 1699 1899 1899 1799 1799 1699 1899 1899 1899 1899 1899 1699 1899 1799 1899 1699 1699 1699 1699 1899 1799 1799 1699 1699 1699 1699 1899 1699 1699 1899 1699 1699 1699 1699 1699 1699 1699 1699 1699 1499 1599 1699 1499 1599 1499 1499 1499 1499 1499 1699 1599 1499 1499 1499 1499
0 2 80 56 4 1 64 140 1599 1499 1499 1699 1499 1699 1599 1499 1499 1399 1599 1499 1699 1599 1499 1599 1299 1299 1599 1399 1399 1299 1399 1299 1299 1399 1399 1399 1299 1599 1399 1399 1299 1199 1399 1199 1099 1099 1299 1399 1199 1099 1399 1099 1399 1199 1199 1099 999 799 599 799 799 599 699 799 499 399 499 499 499 499 399 499
0 2 80 64 4 1 64 140 499 399 499 499 399 399 299 499 499 499 399 499 499 399 499 399 399 499 499 499 499 399 499 399 499 399 499 499 499 499 399 399 499 499 499 499 499 499 499 499 399 499 499 399 399 399 399 499 399 399 499 399 399 499 399 499 299 399 499 399 399 399 499 499
0 2 80 72 4 1 64 140 0 199 499 499 399 499 499 399 0 0 0 399 399 499 399 399 0 0 0 0 99 299 499 399 0 0 0 0 0 0 199 499 0 0 0 0 0 0 0 0 0 0 0 0 0 0 0 0 0 0 0 0 0 0 0 0 0 0 0 0 0 0 0 0
0 2 80 80 4 1 1 140 0
0 2 80 88 4 1 1 140 0
0 2 80 96 4 1 64 140 0 0 0 0 0 0 0 0 0 0 0 0 0 0 0 0 0 0 0 0 0 0 0 0 0 0 0 0 0 0 0 0 0 0 299 399 299 499 599 599 999 899 999 999 999 999 999 999 999 999 899 899 999 899 999 999 799 999 899 999 999 999 899 999
0 2 80 104 4 64 64 140 140 140 140 140 140 140 140 140 140 140 140 140 140 140 140 140 140 140 140 140 140 140 140 140 140 140 140 140 140 140 140 140 140 140 140 140 140 140 140 0 0 0 0 0 0 0 0 0 0 0 0 0 0 0 0 0 0 0 0 0 0 0 0 799 999 899 899 999 999 999 999 999 899 999 999 999 999 799 799 999 999 999 899 999 999 999 999 999 999 899 999 899 799 999 899 999 999 899 899 999 999 999 999 0 0 0 0 0 0 0 0 0 0 0 0 0 0 0 0 0 0 0 0 0 0 0 0
0 2 80 112 4 1 1 0 0
0 2 80 120 4 1 1 0 0
0 2 88 0 4 64 64 146 146 146 146 146 146 146 146 146 146 146 146 146 146 146 146 146 146 146 146 146 146 146 146 146 146 146 146 146 146 146 146 146 146 146 146 146 146 146 146 146 146 146 146 146 146 144 49296 146 146 146 146 146 144 143 49297 146 146 146 146 144 143 143 143 6099 6099 6399 6399 6399 6199 6199 6399 5999 5999 6199 6099 6299 6199 6199 6099 5999 5999 6199 5999 5999 5999 5999 6099 5999 6199 6199 6199 6099 5899 5899 5899 6199 6099 6099 6099 5999 5799 5599 5699 5999 6199 6099 6099 5899 5699 5599 5599 5999 6199 6099 5899 5699 5599 5499 5299 5999 5999 6199 5899 5599 5499 5299 5299
0 2 88 8 4 64 64 146 146 146 144 143 143 143 143 146 146 144 143 143 143 143 143 145 145 143 143 143 143 143 143 143 143 143 143 143 143 143 143 143 143 143 143 143 143 143 143 143 143 143 143 143 143 143 143 143 143 143 143 143 143 143 143 143 143 143 143 143 143 143 143 5899 5899 5899 5599 5499 5399 5099 5099 5599 5699 5599 5499 5399 5099 4999 4899 5499 5499 5399 5299 5099 4899 4799 4999 5299 5299 5099 4899 4899 4599 4499 4699 4999 5099 4999 4899 4699 4699 4499 4799 4899 4899 4699 4699 4699 4699 4599 4499 4699 4699 4499 4299 4399 4399 4599 4699 4299 4299 4299 4299 4299 4199 4399 4699
0 2 88 16 4 64 64 143 143 143 143 143 143 143 143 143 143 143 143 143 143 143 143 143 143 143 143 143 143 143 143 143 143 143 143 143 143 143 143 143 143 143 143 143 143 143 143 142 142 49293 143 143 143 143 143 140 140 49294 143 143 143 143 143 140 140 140 49293 143 143 143 143 4099 4199 4299 4199 4299 4299 4499 4699 4199 3999 4199 4199 4299 4299 4199 4699 4099 3999 4099 4199 4199 4099 4199 4599 3899 3799 3899 4199 4199 4099 4299 4299 3899 3899 3799 3899 3999 3999 4299 4299 3799 3699 3699 3799 3899 4099 4199 4299 3599 3499 3599 3799 3899 3999 4199 4299 3599 3599 3599 3699 3799 3999 4099 4099
0 2 88 24 4 64 64 140 140 140 140 49293 143 143 143 140 140 140 140 49294 143 143 143 140 140 140 140 140 49293 143 143 140 140 140 140 140 49294 143 143 140 140 140 140 140 140 142 49293 140 140 140 140 140 140 140 140 140 140 140 140 140 140 140 140 140 140 140 140 140 140 140 140 3299 3399 3599 3599 3799 3799 3899 3999 3099 3199 3499 3499 3399 3599 3899 3899 3099 3299 3199 3099 3499 3599 3599 3899 3199 3099 3299 3199 3299 3599 3599 3899 2799 2999 2799 3199 3199 3299 3399 3599 2999 2999 2999 2999 2999 3099 3499 3599 2799 2999 2999 2999 2899 3299 3099 3599 2699 2799 2999 2999 2999 3199 3099 3199
0 2 88 32 4 1 64 140 2799 2899 2799 2799 3099 3299 3199 3099 2899 2899 2899 2799 2999 3199 3099 3099 2699 2799 2799 2799 2999 2899 3199 2999 2699 2699 2699 2699 2899 2999 2999 2899 2599 2499 2699 2699 2899 2899 2799 2999 2499 2499 2699 2699 2699 2699 2699 2699 2599 2499 2399 2499 2699 2699 2699 2699 2299 2499 2599 2399 2499 2299 2599 2499
0 2 88 40 4 1 64 140 2299 2399 2299 2399 2399 2399 2399 2399 2299 2399 2399 2199 2199 2199 2399 2299 2199 2199 2199 2299 2399 2199 2199 2199 2199 2399 2199 2399 2199 1999 2099 2199 2199 2199 2199 2199 2199 2199 1999 1999 1999 2199 2199 2199 2199 2199 2199 1999 1999 1999 1999 2099 2099 2099 1999 1799 2099 1799 2099 1999 2099 1899 2099 1999
0 2 88 48 4 1 64 140 1899 1899 1899 1899 1899 1899 1899 1899 1699 1899 1699 1699 1899 1699 1899 1899 1799 1899 1699 1699 1899 1699 1699 1899 1699 1899 1699 1699 1899 1699 1799 1699 1699 1899 1899 1699 1699 1499 1499 1699 1699 1699 1599 1699 1699 1499 1499 1599 1499 1499 1499 1499 1499 1499 1599 1499 1499 1699 1499 1499 1499 1699 1499 1499
0 2 88 56 4 1 64 140 1699 1499 1599 1499 1499 1499 1599 1599 1599 1599 1499 1399 1499 1499 1499 1399 1299 1599 1599 1499 1299 1499 1299 1199 1399 1399 1299 1399 1399 1299 1199 1099 1099 1299 1199 1199 1399 1299 1399 1299 1199 1299 1099 1399 1099 1199 1199 1199 799 799 799 799 699 999 999 999 499 399 499 399 399 499 499 499
0 2 88 64 4 1 64 140 499 499 399 399 399 499 499 499 499 399 399 499 399 399 399 499 499 499 399 299 499 499 499 499 499 499 499 399 399 399 399 399 499 399 399 499 399 499 399 499 499 499 399 399 499 499 499 499 399 399 399 399 399 399 399 499 499 499 499 499 499 399 499 399
0 2 88 72 4 1 64 140 499 399 399 399 499 499 399 499 499 399 499 399 499 399 499 399 499 399 399 399 499 499 499 499 399 499 399 399 499 399 499 399 299 399 399 499 499 399 399 399 0 0 399 399 399 399 399 499 0 0 0 99 399 499 499 499 0 0 0 0 0 99 499 499
0 2 88 80 4 1 64 140 0 0 0 0 0 0 0 299 0 0 0 0 0 0 0 0 0 0 0 0 0 0 0 0 0 0 0 0 0 0 0 0 0 0 0 0 0 0 0 0 0 0 0 0 0 0 0 0 0 0 0 0 0 0 0 0 0 0 0 0 0 0 0 0
0 2 88 88 4 1 1 140 0
0 2 88 96 4 1 64 140 0 0 0 0 0 0 0 0 0 0 0 0 0 0 0 0 0 0 0 0 0 0 0 0 0 0 0 0 0 0 0 0 799 799 899 899 999 899 999 999 999 999 799 999 899 999 899 799 999 999 999 999 899 999 899 799 699 899 999 999 999 899 999 899
0 2 88 104 4 64 64 140 140 140 140 140 140 140 140 140 140 140 140 140 140 140 140 140 140 140 140 140 140 140 140 140 140 140 140 140 140 140 140 140 140 140 140 140 140 140 140 0 0 0 0 0 0 0 0 0 0 0 0 0 0 0 0 0 0 0 0 0 0 0 0 799 799 999 999 999 999 999 999 999 999 999 999 799 999 999 899 999 999 999 999 999 999 899 999 999 999 999 999 999 999 999 999 699 999 999 899 999 899 999 999 0 0 0 0 0 0 0 0 0 0 0 0 0 0 0 0 0 0 0 0 0 0 0 0
0 2 88 112 4 1 1 0 0
0 2 88 120 4 1 1 0 0
0 2 96 0 4 64 64 146 146 146 49300 149 149 149 149 146 146 146 49300 149 149 149 149 146 146 146 49300 149 149 149 149 146 146 146 146 49299 149 149 149 146 146 146 146 146 148 148 148 146 146 146 146 146 146 146 146 146 146 146 146 146 146 146 146 49296 146 146 146 146 146 146 146 6399 6599 6699 7199 7399 7799 7899 7999 6399 6599 6799 7199 7499 7799 7999 7999 6199 6499 6899 7299 7499 7699 7899 7899 6099 6399 6899 7099 7299 7599 7699 7699 5799 6099 6499 6699 7099 7299 7599 7399 5599 5799 6299 6599 6899 7199 7399 7499 5499 5699 5999 6299 6599 6799 7199 7199 5399 5499 5799 5999 6499 6699 7099 7099
0 2 96 8 4 64 64 49297 146 146 146 146 146 146 146 49297 146 146 146 146 146 146 146 49297 146 146 146 146 146 146 146 49297 146 146 146 146 146 146 146 143 49296 146 146 146 146 146 146 143 49297 146 146 146 146 146 146 143 143 49296 146 146 146 146 146 143 143 49297 146 146 146 146 146 5399 5499 5699 6099 6399 6799 6799 6899 5099 5399 5699 5999 6199 6599 6799 6699 5199 5399 5699 5999 6199 6399 6599 6699 4999 5399 5699 5899 5999 6399 6399 6499 4799 5199 5499 5699 5899 6099 6299 6299 4999 5199 5399 5699 5799 5999 6099 6199 4999 5099 5299 5599 5699 5699 5999 6099 4999 5299 5299 5499 5699 5699 5799 5899
0 2 96 16 4 64 64 143 143 49297 146 146 146 146 146 143 143 143 145 49296 146 146 146 143 143 143 143 143 145 145 145 143 143 143 143 143 143 143 143 143 143 143 143 143 143 143 143 143 143 143 143 143 143 143 143 143 143 143 143 143 143 143 143 143 143 143 143 143 143 143 143 4899 5099 5199 5499 5799 5699 5799 5899 4899 4899 5199 5399 5499 5499 5699 5799 4699 4999 5099 5199 5399 5399 5399 5299 4699 4899 4999 5099 5099 5299 5299 5199 4599 4699 4699 4999 4899 4999 5099 5099 4299 4699 4699 4999 4899 4899 5099 5099 4299 4399 4599 4699 4899 4899 4999 4899 4299 4299 4399 4699 4499 4899 4999 4999
0 2 96 24 4 64 64 143 143 143 143 143 143 143 143 143 143 143 143 143 143 143 143 143 143 143 143 143 143 143 143 143 143 143 143 143 143 143 143 143 143 143 143 143 143 143 143 142 142 49293 143 143 141 142 49293 140 140 140 142 142 140 140 140 140 140 140 140 140 140 140 140 4299 4199 4299 4499 4699 4699 4799 4699 4199 4299 4299 4099 4399 4399 4699 4499 3899 4199 4299 4299 4299 4199 4299 4299 3899 3999 3999 4199 4199 4099 4099 4299 3699 3899 3799 3899 3899 4199 4099 3999 3599 3699 3699 3699 3899 3799 3699 3699 3399 3599 3599 3599 3399 3599 3599 3599 3399 3499 3399 3399 3299 3299 3299 3299
0 2 96 32 4 1 64 140 3199 3299 3299 3299 3299 3199 3099 3099 3099 3199 3199 3199 3199 3299 3299 3199 3199 3199 3099 3199 3199 2999 2999 2999 2899 2999 2999 2999 2899 2999 2799 2799 2899 2899 2899 2899 2899 2799 2699 2699 2699 2699 2699 2699 2699 2699 2699 2699 2699 2699 2499 2499 2499 2499 2499 2499 2399 2299 2499 2399 2299 2499 2499 2399
0 2 96 40 4 1 64 140 2399 2399 2399 2299 2399 2299 2399 2399 2299 2399 2199 2199 2199 2199 2399 2299 1999 1999 2199 2199 2199 2199 2199 2199 2199 2199 2199 2099 1899 2099 2099 2099 1899 1999 1799 1699 1799 1899 1799 2199 1799 1899 1899 1899 1699 1699 1899 1899 1899 1899 1899 1699 1799 1699 1899 1899 1899 1699 1699 1699 1699 1699 1699 1799
0 2 96 48 4 1 64 140 1799 1699 1899 1699 1699 1899 1699 1699 1699 1699 1699 1699 1699 1699 1699 1899 1899 1799 1599 1699 1699 1699 1699 1599 1799 1699 1599 1699 1699 1699 1699 1699 1499 1499 1499 1599 1499 1599 1599 1699 1499 1699 1499 1499 1599 1499 1499 1499 1499 1699 1699 1499 1599 1599 1599 1499 1499 1499 1499 1499 1499 1599 1499 1499
0 2 96 56 4 1 64 140 1399 1599 1399 1499 1399 1299 1399 1499 1299 1399 1399 1299 1299 1099 1299 1499 1299 1399 1099 1099 1399 1399 1299 1199 1199 1099 1099 1299 1199 1099 1199 1099 1099 1099 1199 1299 1099 1199 1399 1399 1199 1099 999 1199 1099 1199 1099 1099 799 799 799 599 799 799 999 799 399 499 399 399 499 399 399 499
0 2 96 64 4 1 64 140 499 499 299 399 499 499 499 499 399 499 499 499 499 399 499 499 499 499 499 499 499 399 399 499 399 499 499 499 399 499 399 399 399 399 399 499 399 499 499 399 399 399 499 399 499 499 499 499 399 399 399 399 399 499 499 399 499 499 399 399 399 499 499 399
0 2 96 72 4 1 64 140 499 399 499 499 399 499 499 499 399 499 499 499 499 399 499 399 399 499 499 399 399 399 399 499 499 399 399 399 399 399 399 399 399 499 499 499 499 399 399 399 399 399 499 499 399 399 399 499 399 499 499 499 499 399 399 399 499 399 499 399 499 399 399 399
0 2 96 80 4 1 64 140 399 499 499 399 499 399 499 399 0 399 399 499 499 499 399 499 0 0 0 299 399 499 399 499 0 0 0 0 0 299 399 399 0 0 0 0 0 0 0 199 0 0 0 0 0 0 0 0 0 0 0 0 0 0 0 0 0 0 0 0 0 0 0 0
0 2 96 88 4 1 64 140 0 0 0 0 0 0 0 0 0 0 0 0 0 0 0 0 0 0 0 0 0 0 0 0 0 0 0 0 0 0 0 0 0 0 0 0 0 0 0 0 0 0 0 0 0 0 0 0 0 0 0 0 0 0 0 0 0 0 0 0 0 0 199 199
0 2 96 96 4 1 64 140 0 0 0 0 99 199 299 399 0 0 0 0 0 0 99 299 0 0 0 0 0 0 0 0 0 0 0 0 0 0 0 0 899 899 999 999 799 899 799 899 899 999 999 899 899 999 899 999 999 999 999 899 999 999 899 999 999 799 999 999 999 999 999 999
0 2 96 104 4 64 64 140 140 140 140 140 140 140 140 140 140 140 140 140 140 140 140 140 140 140 140 140 140 140 140 140 140 140 140 140 140 140 140 140 140 140 140 140 140 140 140 0 0 0 0 0 0 0 0 0 0 0 0 0 0 0 0 0 0 0 0 0 0 0 0 999 899 999 999 899 799 999 999 999 899 999 999 999 899 999 899 999 999 999 999 899 999 899 999 999 999 899 799 999 999 999 999 699 799 899 999 899 999 899 999 0 0 0 0 0 0 0 0 0 0 0 0 0 0 0 0 0 0 0 0 0 0 0 0
0 2 96 112 4 1 1 0 0
0 2 96 120 4 1 1 0 0
0 2 104 0 4 64 64 149 149 149 149 149 149 149 149 149 149 149 149 149 149 149 149 149 149 149 149 49299 149 149 149 149 149 147 148 146 49299 149 149 148 148 146 146 146 146 148 49299 146 146 146 146 146 146 146 146 146 146 146 146 146 146 146 146 146 146 146 146 146 146 146 146 8099 8099 8299 8099 8099 8099 8199 8199 8199 7999 7999 7999 7799 7899 7999 8099 8099 7999 7799 7699 7599 7599 7799 7999 7699 7699 7599 7499 7199 7199 7399 7699 7499 7499 7099 7099 6899 6799 6999 7199 7599 7399 7199 6799 6699 6899 6699 6799 7299 6899 6799 6799 6599 6599 6599 6599 7099 6999 6699 6899 6599 6499 6499 6499
0 2 104 8 4 64 64 146 146 146 146 146 146 146 146 146 146 146 146 146 146 146 146 146 146 146 146 146 146 146 146 146 146 146 146 146 146 146 146 146 146 146 146 146 144 145 145 146 146 146 146 146 16529 143 143 146 146 146 146 144 143 143 143 146 146 146 144 143 143 143 143 6899 6799 6699 6499 6399 6299 6199 6399 6699 6899 6599 6399 6299 6099 6099 6299 6599 6499 6499 6399 6199 5999 6099 5999 6599 6299 6299 6199 5999 5699 5599 5799 6299 6299 6199 6199 5799 5599 5399 5299 6399 6199 6299 5999 5799 5499 5299 4999 6299 6199 6199 5899 5599 5299 4899 4999 5999 5799 5699 5599 5499 5399 4899 4899
0 2 104 16 4 64 64 146 146 144 143 143 143 143 143 144 145 143 143 143 143 143 143 143 143 143 143 143 143 143 143 143 143 143 143 143 143 143 143 143 143 143 143 143 143 143 143 143 143 143 143 143 143 143 143 143 143 143 143 143 143 143 143 143 143 143 143 143 143 143 143 5799 5699 5599 5399 5399 5099 4999 4899 5499 5499 5299 5099 4999 4999 4899 4699 5399 5199 5199 4999 4999 4899 4699 4599 5299 4999 4899 4799 4799 4799 4399 4299 4999 4899 4799 4599 4699 4299 4299 4099 4899 4999 4799 4599 4499 4299 4299 4299 4999 4699 4599 4599 4299 4299 4199 4099 4699 4699 4599 4299 4099 4299 4199 4099
0 2 104 24 4 64 64 143 143 143 143 143 143 143 143 143 143 143 143 143 143 143 143 143 143 143 143 143 143 143 143 143 143 143 143 143 143 143 143 143 143 143 143 143 141 142 49293 143 143 141 142 142 140 140 140 142 142 140 140 140 140 140 140 140 140 140 140 140 140 140 140 4599 4599 4499 4299 4299 4099 4099 4099 4699 4399 4299 4199 4299 4199 4199 4099 4299 4399 4299 4199 4199 4199 4099 4099 4199 4299 4299 3999 3999 3999 3899 3799 4199 3999 4099 3999 3899 3799 3699 3699 3799 3899 3799 3699 3799 3599 3599 3499 3599 3599 3399 3599 3399 3599 3599 3599 3299 3299 3299 3299 3299 3299 3099 3299
0 2 104 32 4 1 64 140 3199 3099 3099 3299 3099 3199 3199 3099 2899 2999 2999 2899 2999 2999 2999 2999 2899 2899 2899 2999 2999 2899 2999 2999 2799 2999 2999 2899 2999 2799 2899 2799 2899 2799 2899 2999 2899 2699 2699 2799 2699 2799 2699 2699 2699 2699 2699 2699 2499 2699 2699 2699 2699 2699 2699 2599 2299 2499 2499 2499 2499 2499 2499 2399
0 2 104 40 4 1 64 140 2399 2399 2399 2499 2599 2499 2399 2299 2299 2199 2299 2399 2499 2399 2299 2199 2199 2199 2399 2299 2399 2599 2199 1999 2199 2199 2399 2399 2399 2299 2299 2199 1999 2199 2099 2199 2199 2199 2199 2199 1999 1999 2199 1999 2199 2099 2199 2099 1799 1999 2199 2099 2199 2199 2199 2099 1899 1899 1799 1899 1999 1999 1999 2099
0 2 104 48 4 1 64 140 1699 1899 1899 1899 1899 1799 1899 1899 1699 1699 1699 1699 1899 1799 1699 1699 1799 1899 1899 1899 1799 1699 1799 1799 1699 1699 1799 1799 1899 1699 1799 1699 1899 1699 1699 1699 1699 1599 1699 1699 1499 1699 1699 1799 1699 1499 1699 1499 1599 1599 1799 1499 1499 1499 1699 1599 1499 1699 1499 1599 1499 1499 1499 1499
0 2 104 56 4 1 64 140 1499 1599 1699 1499 1699 1599 1399 1499 1599 1299 1399 1599 1399 1299 1499 1499 1399 1499 1499 1599 1499 1299 1399 1299 1399 1399 1499 1299 1499 1299 1299 1399 1299 1199 1399 1399 1499 1399 1399 1399 1099 1099 1099 1099 1099 1099 1199 1099 799 799 799 799 899 799 799 999 499 399 399 399 399 499 399 499
0 2 104 64 4 1 64 140 499 399 399 499 499 499 499 399 399 399 499 399 499 499 499 399 499 499 399 399 399 499 499 399 499 399 499 499 499 399 499 399 499 499 499 399 399 399 399 499 499 399 399 399 399 399 399 399 499 399 499 399 399 399 499 399 399 399 499 499 399 499 499 499
0 2 104 72 4 1 64 140 499 399 399 499 399 499 399 499 399 399 499 499 399 399 399 399 399 499 499 499 499 399 499 399 499 399 499 499 399 499 399 399 399 399 399 399 499 499 399 499 499 499 499 399 399 499 499 399 399 399 399 499 499 499 399 499 499 499 399 499 399 399 399 499
0 2 104 80 4 1 64 140 399 499 399 499 499 499 499 399 399 499 499 499 399 499 499 399 499 499 399 499 499 399 499 399 399 499 399 399 399 499 399 499 299 499 499 499 499 499 499 399 0 0 399 399 499 399 499 399 0 0 0 0 399 499 399 499 0 0 0 0 0 0 199 499
0 2 104 88 4 1 64 140 0 0 0 0 0 0 0 0 0 0 0 0 0 0 0 0 0 0 0 0 0 0 0 0 0 0 0 0 0 0 0 0 0 0 0 0 0 0 0 0 0 0 0 0 0 199 199 299 0 0 0 99 199 399 399 399 199 399 299 399 399 399 499 499
0 2 104 96 4 1 64 140 499 499 499 399 499 499 499 399 399 399 399 399 399 399 499 399 0 0 0 0 0 0 0 0 0 0 0 0 0 0 0 0 999 899 999 799 899 999 899 999 899 999 999 999 899 999 999 999 999 999 899 999 999 999 999 899 799 999 999 999 999 899 899 999
0 2 104 104 4 64 64 140 140 140 140 140 140 140 140 140 140 140 140 140 140 140 140 140 140 140 140 140 140 140 140 140 140 140 140 140 140 140 140 140 140 140 140 140 140 140 140 0 0 0 0 0 0 0 0 0 0 0 0 0 0 0 0 0 0 0 0 0 0 0 0 999 899 999 999 999 999 999 999 999 799 999 899 999 999 999 999 999 999 999 999 999 999 999 999 999 999 999 999 899 799 999 999 899 799 999 999 999 999 999 999 0 0 0 0 0 0 0 0 0 0 0 0 0 0 0 0 0 0 0 0 0 0 0 0
0 2 104 112 4 1 1 0 0
0 2 104 120 4 1 1 0 0
0 2 112 0 4 64 64 149 149 149 149 149 149 149 149 149 149 149 149 149 149 149 149 149 149 149 149 149 149 149 149 149 149 149 149 149 149 149 149 149 149 149 149 149 149 149 149 148 49299 149 149 149 149 149 149 146 146 148 148 49299 149 149 149 146 146 146 146 49300 149 149 149 8399 8599 8799 8899 9199 9199 9199 9099 8299 8599 8699 8799 8899 8999 8999 9099 8199 8299 8399 8499 8899 8699 8899 8899 7899 7999 8199 8299 8499 8499 8599 8799 7499 7699 7899 7899 7999 8199 8099 8499 7299 7399 7499 7699 7699 7799 7999 8099 6899 7099 7199 7499 7499 7399 7699 7899 6799 6799 6999 7099 7399 7499 7699 7899
0 2 112 8 4 64 64 146 146 146 146 146 49299 149 149 146 146 146 146 146 146 148 148 146 146 146 146 146 146 146 146 144 49296 146 146 146 146 146 146 143 143 49296 146 146 146 146 146 143 143 49297 146 146 146 146 146 143 143 143 49296 146 146 146 146 143 143 143 49297 146 146 146 146 6499 6699 6699 6899 7299 7299 7599 7699 6299 6499 6499 6499 6799 7099 7599 7599 6099 6099 6099 6199 6699 6799 7199 7399 5599 5599 5599 5899 6099 6499 6799 7099 5299 5299 5399 5499 5699 6099 6499 6799 4899 4999 5099 5199 5699 5799 6299 6599 4999 4899 4799 5199 5499 5699 6199 6499 4799 4899 4899 5099 5299 5599 5999 6299
0 2 112 16 4 64 64 143 143 143 49297 146 146 146 146 143 143 143 143 49296 146 146 146 143 143 143 143 49297 146 146 144 143 143 143 143 143 145 145 143 143 143 143 143 143 143 143 143 143 143 143 143 143 143 143 143 143 143 143 143 143 143 143 143 143 143 143 143 143 143 143 143 4699 4699 4799 4999 5399 5699 5899 5999 4699 4699 4699 4999 5399 5499 5599 5799 4599 4699 4699 4999 5199 5399 5699 5499 4399 4599 4699 4799 4899 5299 5399 5199 4299 4599 4599 4999 4999 4899 4999 4999 4299 4299 4499 4899 4999 4999 4799 4599 4099 4299 4599 4799 4899 4899 4599 4499 4199 4299 4299 4599 4599 4699 4599 4099
0 2 112 24 4 64 64 143 143 143 143 143 143 143 143 143 143 143 143 143 143 143 143 143 143 143 143 143 143 143 143 143 143 143 143 143 143 143 143 143 143 49293 143 143 143 143 141 142 142 140 49293 143 143 141 140 140 140 140 140 142 142 140 140 140 140 140 140 140 140 140 140 4199 4099 4299 4299 4499 4299 4299 4299 4199 3999 4199 4299 4299 4199 4099 4099 3999 3999 3999 3999 3999 3999 4199 3999 3899 3799 3899 3899 3999 4099 3999 3899 3799 3899 3799 3699 3899 3899 3899 3699 3599 3599 3599 3699 3699 3899 3599 3599 3599 3399 3599 3399 3599 3599 3399 3599 3199 3299 3299 3499 3299 3299 3299 3099
0 2 112 32 4 1 64 140 3299 3099 3199 3099 3099 3199 3099 3199 3199 2999 3099 3099 3199 3199 2999 2999 2999 2999 2999 3199 2999 2799 2799 2999 2999 2799 3199 3199 2999 2999 2899 2799 2899 2799 2999 2899 2899 2999 2899 2799 2699 2899 2699 2699 2899 2799 2699 2799 2699 2699 2799 2699 2499 2599 2499 2599 2499 2499 2499 2599 2399 2399 2399 2299
0 2 112 40 4 1 64 140 2399 2399 2299 2499 2199 2199 1999 2199 2399 2399 2399 2199 1999 1999 2199 2199 2199 2199 2199 2199 1899 2099 1999 1799 2199 2199 1899 1799 1799 1899 1699 1899 2199 2099 1999 1699 1799 1899 1699 1799 1899 1899 1799 1899 1699 1699 1899 1799 1999 1899 1699 1899 1699 1799 1699 1699 1799 1799 1899 1899 1899 1699 1699 1899
0 2 112 48 4 1 64 140 1799 1699 1899 1699 1699 1699 1699 1699 1799 1699 1699 1499 1599 1499 1599 1499 1699 1899 1499 1699 1499 1599 1699 1699 1699 1699 1699 1499 1499 1599 1599 1499 1599 1499 1599 1599 1699 1499 1599 1399 1699 1599 1599 1599 1499 1499 1599 1299 1499 1599 1499 1499 1499 1499 1299 1299 1499 1499 1599 1499 1399 1199 1299 1099
0 2 112 56 4 1 64 140 1499 1499 1399 1199 1299 1199 1099 1199 1299 1399 1099 1099 1199 1099 1199 1099 1299 1399 1099 1199 1199 1099 999 999 1199 1199 1199 1199 1099 999 1099 1099 1399 1399 1099 1199 1199 999 1199 1199 1199 1199 1099 1099 1199 999 1199 1099 899 799 799 799 799 799 799 799 399 399 499 399 399 399 499 399
0 2 112 64 4 1 64 140 499 499 399 499 399 499 499 399 399 399 399 399 399 399 499 399 399 499 499 499 499 399 399 399 499 399 499 399 399 399 499 399 499 399 499 399 499 399 399 399 499 499 399 499 399 499 499 499 499 399 399 399 499 499 499 499 399 499 499 399 399 499 399 399
0 2 112 72 4 1 64 140 499 399 299 499 499 399 399 399 499 499 399 399 399 499 499 399 499 399 499 399 499 399 399 499 499 399 399 499 499 499 399 499 399 399 499 399 499 399 399 499 499 499 399 499 499 499 399 399 399 499 499 399 399 399 499 499 399 399 499 499 399 399 399 399
0 2 112 80 4 1 64 140 399 399 399 399 399 399 499 399 399 399 399 499 499 499 399 499 399 499 499 499 399 399 399 399 399 499 399 499 499 499 399 399 499 499 499 499 399 299 499 399 499 499 399 499 399 399 499 399 499 399 399 399 399 399 399 499 499 499 399 399 499 499 399 399
0 2 112 88 4 1 64 140 99 399 399 399 499 499 399 499 0 0 0 99 399 499 399 499 0 0 0 0 0 0 99 99 0 0 0 199 199 99 299 299 0 99 199 299 399 499 399 399 399 399 299 399 399 499 499 399 399 499 399 399 399 399 399 399 499 499 399 499 499 399 499 499
0 2 112 96 4 1 64 140 399 399 399 499 399 399 399 499 399 399 499 499 499 499 399 499 0 0 0 0 0 0 0 0 0 0 0 0 0 0 0 0 999 999 999 999 999 899 899 999 899 899 899 999 999 999 999 899 899 999 999 799 899 999 899 999 799 899 999 999 899 799 999 999
0 2 112 104 4 64 64 140 140 140 140 140 140 140 140 140 140 140 140 140 140 140 140 140 140 140 140 140 140 140 140 140 140 140 140 140 140 140 140 140 140 140 140 140 140 140 140 0 0 0 0 0 0 0 0 0 0 0 0 0 0 0 0 0 0 0 0 0 0 0 0 999 999 999 999 899 999 999 999 999 999 999 899 999 999 999 899 999 999 999 999 999 999 999 999 999 799 899 999 999 799 899 999 899 999 999 999 999 999 899 999 0 0 0 0 0 0 0 0 0 0 0 0 0 0 0 0 0 0 0 0 0 0 0 0
0 2 112 112 4 1 1 0 0
0 2 112 120 4 1 1 0 0
0 2 120 0 4 64 64 149 149 149 149 147 146 146 146 149 149 149 149 16531 146 146 146 149 149 149 149 149 16531 146 146 149 149 149 149 149 149 16532 146 149 149 149 149 149 149 16532 146 149 149 149 149 149 149 16532 146 149 149 149 149 149 149 16532 146 149 149 149 149 149 149 16532 146 8799 8599 8099 7699 7499 7099 6799 6599 8799 8599 8099 7699 7099 6799 6499 6199 8799 8599 8199 7799 7499 6799 6699 6299 8799 8799 8399 8099 7699 7199 6899 6499 8699 8499 8599 8199 8099 7699 7499 6899 8599 8599 8299 8099 8099 7699 7499 6899 8199 8199 8199 7999 7999 7699 7499 6899 7999 7999 7999 7999 7999 7699 7399 7199
0 2 120 8 4 64 64 149 149 149 149 147 148 146 146 148 148 148 148 146 146 146 146 146 146 146 146 146 146 146 146 146 146 146 146 146 146 146 146 146 146 146 146 146 146 146 146 146 146 146 146 146 146 146 146 146 146 146 146 146 146 146 146 146 146 146 146 146 146 146 146 7799 7999 7999 7799 7599 7599 7499 7199 7499 7599 7499 7599 7599 7399 7399 7199 7299 7199 7199 7199 7099 7199 7199 7299 7199 6999 6699 6799 6699 6799 7099 7299 6899 6799 6499 6399 6299 6599 6799 6899 6699 6699 6399 6099 6099 6099 6399 6599 6599 6499 6199 5999 5899 5999 6199 6399 6299 6199 5699 5699 5499 5699 5799 5999
0 2 120 16 4 64 64 146 146 144 145 145 49296 146 146 144 145 143 143 143 143 49296 146 143 143 143 143 143 143 143 49296 143 143 143 143 143 143 143 143 143 143 143 143 143 143 143 143 143 143 143 143 143 143 143 143 143 143 143 143 143 143 143 143 143 143 143 143 143 143 143 143 6199 5699 5499 5399 5399 5299 5599 5899 5599 5399 5099 4999 4999 5199 5399 5599 5399 4899 4899 4699 4899 4999 5099 5299 4999 4899 4699 4599 4699 4799 4999 5099 4699 4699 4599 4499 4499 4699 4799 4999 4599 4599 4599 4399 4399 4699 4799 4999 4299 4299 4199 4099 4299 4499 4799 4999 4299 4299 4299 4099 4099 4399 4699 4899
0 2 120 24 4 64 64 143 143 143 143 143 143 143 143 143 143 143 143 143 143 143 143 143 143 143 143 143 143 143 143 143 143 143 143 143 143 143 143 142 142 49293 143 143 143 143 143 140 140 140 49293 143 143 143 143 140 140 140 49294 143 143 143 143 140 140 140 140 49293 143 143 143 4299 3999 3999 4099 4299 4399 4699 4799 3999 3899 3899 3899 3999 4299 4599 4899 3999 3899 3699 3799 4099 4299 4799 4999 3899 3899 3899 3799 3999 4299 4499 4899 3699 3799 3599 3799 3999 4299 4299 4699 3599 3599 3599 3799 3699 3999 4199 4199 3499 3399 3599 3499 3799 3899 3999 4099 3199 3099 3299 3399 3399 3699 3899 4199
0 2 120 32 4 64 64 140 140 140 140 49294 143 143 143 140 140 140 140 49294 143 143 143 140 140 140 140 140 142 49293 143 140 140 140 140 140 140 49294 143 140 140 140 140 140 140 49294 143 140 140 140 140 140 140 140 49293 140 140 140 140 140 140 140 140 140 140 140 140 140 140 140 140 3199 3099 3299 3299 3599 3599 3799 3999 3199 2999 3099 3099 3299 3399 3899 3899 2999 2999 3199 3299 3199 3399 3599 3699 2899 2899 2999 2999 3299 3099 3599 3799 2699 2899 2799 2999 2999 3099 3499 3599 2699 2699 2699 2799 2999 3099 3299 3599 2499 2699 2699 2799 2799 3099 3299 3599 2499 2399 2499 2699 2899 3199 3199 3499
0 2 120 40 4 1 64 140 2399 2299 2399 2599 2799 2999 3199 3299 2199 2199 2299 2599 2699 2899 2799 3199 2099 2199 2399 2599 2499 2699 2899 2999 1999 2199 2199 2399 2299 2599 2699 2699 1899 1999 2199 2199 2299 2599 2399 2699 1899 1899 2099 2199 2199 2399 2499 2499 1799 1699 1899 1899 2099 2199 2299 2499 1899 1699 1699 1899 1899 2199 2199 2399
0 2 120 48 4 1 64 140 1699 1699 1699 1799 1899 1799 2099 2199 1499 1499 1599 1699 1699 1699 1999 2199 1499 1499 1599 1499 1799 1799 1699 1899 1499 1599 1499 1599 1699 1699 1699 1699 1399 1399 1299 1699 1599 1499 1699 1699 1399 1299 1399 1299 1499 1599 1499 1499 1099 1299 1199 1199 1199 1099 1199 1599 1199 899 1199 999 899 1199 1199 1399
0 2 120 56 4 1 64 140 1099 1099 999 999 1099 899 899 1099 1199 1199 899 899 799 999 999 999 999 999 999 699 799 799 999 999 1199 1099 999 999 799 699 999 899 999 999 999 999 699 799 999 999 999 999 999 799 699 799 799 799 799 799 799 699 799 799 799 799 499 499 399 499 399 399 399 399
0 2 120 64 4 1 64 140 499 399 499 499 499 399 499 499 399 399 499 399 399 399 499 499 499 399 499 399 399 399 499 499 499 499 399 499 399 499 399 399 499 499 499 499 499 499 499 399 499 399 499 499 399 399 499 499 399 399 499 399 399 499 499 499 499 499 399 399 399 499 499 399
0 2 120 72 4 1 64 140 499 399 499 499 399 499 399 399 499 399 499 399 499 499 399 399 399 399 499 399 399 499 399 399 499 399 399 399 499 399 399 399 399 399 499 399 499 399 399 399 399 399 499 499 399 399 399 399 399 399 499 399 399 399 299 399 499 399 499 399 399 399 399 399
0 2 120 80 4 1 64 140 399 499 399 299 299 399 399 399 499 499 399 399 399 299 399 399 499 299 299 299 399 399 299 399 399 399 399 299 399 399 399 299 499 399 399 399 399 399 399 299 299 399 399 299 299 399 299 199 399 399 299 299 399 399 299 199 399 299 299 399 299 199 299 299
0 2 120 88 4 1 64 140 299 399 299 399 399 299 399 399 399 399 399 399 499 599 499 499 299 399 699 799 799 599 499 399 199 299 399 599 799 699 599 399 299 399 399 299 499 599 499 499 399 399 399 399 299 299 399 399 399 399 399 399 399 299 199 199 399 399 299 399 299 299 299 199
0 2 120 96 4 1 64 140 399 399 399 399 399 299 299 199 399 399 399 299 399 399 299 299 0 0 0 0 0 0 0 0 0 0 0 0 0 0 0 0 999 999 999 999 799 699 999 999 899 999 999 999 899 799 899 999 899 999 999 999 799 699 999 999 899 999 999 999 999 799 899 999
0 2 120 104 4 64 64 140 140 140 140 140 140 140 140 140 140 140 140 140 140 140 140 140 140 140 140 140 140 140 140 140 140 140 140 140 140 140 140 140 140 140 140 140 140 140 140 0 0 0 0 0 0 0 0 0 0 0 0 0 0 0 0 0 0 0 0 0 0 0 0 999 999 899 799 899 899 699 799 999 899 999 999 999 999 999 799 999 899 999 999 999 999 999 999 999 999 999 999 999 999 999 999 899 999 999 999 999 999 999 899 0 0 0 0 0 0 0 0 0 0 0 0 0 0 0 0 0 0 0 0 0 0 0 0
0 2 120 112 4 1 1 0 0
0 2 120 120 4 1 1 0 0
1 -2 0 0 4 1 1 0 0
1 -2 0 8 4 1 1 0 0
1 -2 0 16 4 64 64 0 0 0 0 0 0 0 0 0 0 0 0 0 0 0 0 0 0 0 0 0 0 0 0 0 0 0 0 0 0 0 0 0 0 0 0 0 0 0 0 140 140 140 140 140 140 140 140 140 140 140 140 140 140 140 140 140 140 140 140 140 140 140 140 0 0 0 0 0 0 0 0 0 0 0 0 0 0 0 0 0 0 0 0 0 0 0 0 0 0 0 0 0 0 0 0 0 0 0 0 0 0 0 0 799 799 799 799 799 799 999 799 499 399 599 599 699 599 799 799 0 199 99 199 99 299 399 399
1 -2 0 24 4 1 64 140 0 0 0 0 0 0 0 199 0 0 0 0 0 0 0 0 0 0 0 0 0 0 0 0 0 0 0 0 0 0 0 0 0 0 0 0 0 0 0 0 0 0 0 0 0 0 0 0 0 0 0 0 0 0 0 0 0 0 0 0 0 0 0 0
1 -2 0 32 4 1 1 140 0
1 -2 0 40 4 1 1 140 0
1 -2 0 48 4 1 1 140 0
1 -2 0 56 4 1 1 140 0
1 -2 0 64 4 1 1 140 0
1 -2 0 72 4 1 1 140 0
1 -2 0 80 4 1 1 140 0
1 -2 0 88 4 1 1 140 0
1 -2 0 96 4 1 1 140 0
1 -2 0 104 4 1 1 140 0
1 -2 0 112 4 1 1 140 0
1 -2 0 120 4 1 1 140 0
1 -2 8 0 4 1 1 0 0
1 -2 8 8 4 1 1 0 0
1 -2 8 16 4 64 64 0 0 0 0 0 0 0 0 0 0 0 0 0 0 0 0 0 0 0 0 0 0 0 0 0 0 0 0 0 0 0 0 0 0 0 0 0 0 0 0 140 140 140 140 140 140 140 140 140 140 140 140 140 140 140 140 140 140 140 140 140 140 140 140 0 0 0 0 0 0 0 0 0 0 0 0 0 0 0 0 0 0 0 0 0 0 0 0 0 0 0 0 0 0 0 0 0 0 0 0 0 0 0 0 999 999 799 699 999 799 799 799 799 799 799 799 699 899 999 899 499 499 599 799 799 799 899 799
1 -2 8 24 4 1 64 140 0 199 299 299 399 499 699 799 0 0 0 0 199 0 299 299 0 0 0 0 0 0 0 0 0 0 0 0 0 0 0 0 0 0 0 0 0 0 0 0 0 0 0 0 0 0 0 0 0 0 0 0 0 0 0 0 0 0 0 0 0 0 0 0
1 -2 8 32 4 1 1 140 0
1 -2 8 40 4 1 1 140 0
1 -2 8 48 4 1 1 140 0
1 -2 8 56 4 1 1 140 0
1 -2 8 64 4 1 1 140 0
1 -2 8 72 4 1 1 140 0
1 -2 8 80 4 1 1 140 0
1 -2 8 88 4 1 1 140 0
1 -2 8 96 4 1 1 140 0
1 -2 8 104 4 1 1 140 0
1 -2 8 112 4 1 1 140 0
1 -2 8 120 4 1 1 140 0
1 -2 16 0 4 1 1 0 0
1 -2 16 8 4 1 1 0 0
1 -2 16 16 4 64 64 0 0 0 0 0 0 0 0 0 0 0 0 0 0 0 0 0 0 0 0 0 0 0 0 0 0 0 0 0 0 0 0 0 0 0 0 0 0 0 0 140 140 140 140 140 140 140 140 140 140 140 140 140 140 140 140 140 140 140 140 140 140 140 140 0 0 0 0 0 0 0 0 0 0 0 0 0 0 0 0 0 0 0 0 0 0 0 0 0 0 0 0 0 0 0 0 0 0 0 0 0 0 0 0 799 999 799 899 799 799 999 999 799 799 899 799 999 799 999 999 799 999 899 999 799 799 999 799
1 -2 16 24 4 1 64 140 999 799 799 799 799 999 799 799 399 599 599 699 599 699 699 799 0 99 299 199 299 399 499 499 0 0 0 0 0 0 99 99 0 0 0 0 0 0 0 0 0 0 0 0 0 0 0 0 0 0 0 0 0 0 0 0 0 0 0 0 0 0 0 0
1 -2 16 32 4 1 1 140 0
1 -2 16 40 4 1 1 140 0
1 -2 16 48 4 1 1 140 0
1 -2 16 56 4 1 1 140 0
1 -2 16 64 4 1 1 140 0
1 -2 16 72 4 1 1 140 0
1 -2 16 80 4 1 1 140 0
1 -2 16 88 4 1 1 140 0
1 -2 16 96 4 1 1 140 0
1 -2 16 104 4 1 1 140 0
1 -2 16 112 4 1 1 140 0
1 -2 16 120 4 1 1 140 0
1 -2 24 0 4 1 1 0 0
1 -2 24 8 4 1 1 0 0
1 -2 24 16 4 64 64 0 0 0 0 0 0 0 0 0 0 0 0 0 0 0 0 0 0 0 0 0 0 0 0 0 0 0 0 0 0 0 0 0 0 0 0 0 0 0 0 140 140 140 140 140 140 140 140 140 140 140 140 140 140 140 140 140 140 140 140 140 140 140 140 0 0 0 0 0 0 0 0 0 0 0 0 0 0 0 0 0 0 0 0 0 0 0 0 0 0 0 0 0 0 0 0 0 0 0 0 0 0 0 0 799 799 699 699 799 799 799 699 699 799 799 799 799 799 799 799 699 999 699 699 799 699 799 999
1 -2 24 24 4 1 64 140 699 799 799 799 799 699 799 799 799 799 699 799 799 599 799 799 699 599 599 799 799 799 799 799 199 299 399 499 599 499 599 599 0 0 0 0 99 199 199 399 0 0 0 0 0 0 0 0 0 0 0 0 0 0 0 0 0 0 0 0 0 0 0 0
1 -2 24 32 4 1 1 140 0
1 -2 24 40 4 1 1 140 0
1 -2 24 48 4 1 1 140 0
1 -2 24 56 4 1 1 140 0
1 -2 24 64 4 1 1 140 0
1 -2 24 72 4 1 1 140 0
1 -2 24 80 4 1 1 140 0
1 -2 24 88 4 1 1 140 0
1 -2 24 96 4 1 1 140 0
1 -2 24 104 4 1 1 140 0
1 -2 24 112 4 1 1 140 0
1 -2 24 120 4 1 1 140 0
1 -2 32 0 4 1 1 0 0
1 -2 32 8 4 1 1 0 0
1 -2 32 16 4 64 64 0 0 0 0 0 0 0 0 0 0 0 0 0 0 0 0 0 0 0 0 0 0 0 0 0 0 0 0 0 0 0 0 0 0 0 0 0 0 0 0 140 140 140 140 140 140 140 140 140 140 140 140 140 140 140 140 140 140 140 140 140 140 140 140 0 0 0 0 0 0 0 0 0 0 0 0 0 0 0 0 0 0 0 0 0 0 0 0 0 0 0 0 0 0 0 0 0 0 0 0 0 0 0 0 799 799 799 799 899 799 999 799 999 699 799 899 799 999 799 799 799 699 999 799 899 799 699 999
1 -2 32 24 4 1 64 140 799 799 999 799 999 999 999 999 799 799 799 799 799 799 799 699 599 699 599 799 799 799 699 699 599 799 799 799 799 799 799 799 399 499 499 499 499 599 799 799 0 0 99 99 199 199 399 399 0 0 0 0 0 0 0 99 0 0 0 0 0 0 0 0
1 -2 32 32 4 1 1 140 0
1 -2 32 40 4 1 1 140 0
1 -2 32 48 4 1 1 140 0
1 -2 32 56 4 1 1 140 0
1 -2 32 64 4 1 1 140 0
1 -2 32 72 4 1 1 140 0
1 -2 32 80 4 1 1 140 0
1 -2 32 88 4 1 1 140 0
1 -2 32 96 4 1 1 140 0
1 -2 32 104 4 1 1 140 0
1 -2 32 112 4 1 1 140 0
1 -2 32 120 4 1 1 140 0
1 -2 40 0 4 1 1 0 0
1 -2 40 8 4 1 1 0 0
1 -2 40 16 4 64 64 0 0 0 0 0 0 0 0 0 0 0 0 0 0 0 0 0 0 0 0 0 0 0 0 0 0 0 0 0 0 0 0 0 0 0 0 0 0 0 0 140 140 140 140 140 140 140 140 140 140 140 140 140 140 140 140 140 140 140 140 140 140 140 140 0 0 0 0 0 0 0 0 0 0 0 0 0 0 0 0 0 0 0 0 0 0 0 0 0 0 0 0 0 0 0 0 0 0 0 0 0 0 0 0 799 999 799 799 999 699 899 899 799 999 799 999 799 899 799 799 799 999 899 799 999 699 799 899
1 -2 40 24 4 1 64 140 799 799 999 799 799 999 899 699 799 799 799 799 799 699 799 799 799 799 799 799 799 799 799 799 799 799 599 799 599 799 799 799 699 599 799 799 799 799 799 799 399 599 599 599 799 599 799 799 0 199 399 299 499 399 399 599 0 0 0 0 99 199 199 399
1 -2 40 32 4 1 1 140 0
1 -2 40 40 4 1 1 140 0
1 -2 40 48 4 1 1 140 0
1 -2 40 56 4 1 1 140 0
1 -2 40 64 4 1 1 140 0
1 -2 40 72 4 1 1 140 0
1 -2 40 80 4 1 1 140 0
1 -2 40 88 4 1 1 140 0
1 -2 40 96 4 1 1 140 0
1 -2 40 104 4 1 1 140 0
1 -2 40 112 4 1 1 140 0
1 -2 40 120 4 1 1 140 0
1 -2 48 0 4 1 1 0 0
1 -2 48 8 4 1 1 0 0
1 -2 48 16 4 64 64 0 0 0 0 0 0 0 0 0 0 0 0 0 0 0 0 0 0 0 0 0 0 0 0 0 0 0 0 0 0 0 0 0 0 0 0 0 0 0 0 140 140 140 140 140 140 140 140 140 140 140 140 140 140 140 140 140 140 140 140 140 140 140 140 0 0 0 0 0 0 0 0 0 0 0 0 0 0 0 0 0 0 0 0 0 0 0 0 0 0 0 0 0 0 0 0 0 0 0 0 0 0 0 0 899 999 999 999 799 499 99 0 799 799 699 699 699 499 199 0 799 899 799 799 799 799 399 0
1 -2 48 24 4 1 64 140 899 799 799 999 799 799 399 199 799 999 799 899 799 999 599 199 799 899 999 999 799 799 799 299 699 699 599 699 799 599 799 499 799 799 799 599 699 599 799 599 799 699 799 599 699 799 799 599 599 799 699 799 599 799 699 599 399 499 699 799 799 799 799 699
1 -2 48 32 4 1 64 140 0 0 199 399 499 699 599 799 0 0 0 0 199 0 299 299 0 0 0 0 0 0 0 199 0 0 0 0 0 0 0 0 0 0 0 0 0 0 0 0 0 0 0 0 0 0 0 0 0 0 0 0 0 0 0 0 0 0 0 0 0 0 0 0
1 -2 48 40 4 1 1 140 0
1 -2 48 48 4 1 1 140 0
1 -2 48 56 4 1 1 140 0
1 -2 48 64 4 1 1 140 0
1 -2 48 72 4 1 1 140 0
1 -2 48 80 4 1 1 140 0
1 -2 48 88 4 1 1 140 0
1 -2 48 96 4 1 1 140 0
1 -2 48 104 4 1 1 140 0
1 -2 48 112 4 1 1 140 0
1 -2 48 120 4 1 1 140 0
1 -2 56 0 4 1 1 0 0
1 -2 56 8 4 1 1 0 0
1 -2 56 16 4 64 1 0 0 0 0 0 0 0 0 0 0 0 0 0 0 0 0 0 0 0 0 0 0 0 0 0 0 0 0 0 0 0 0 0 0 0 0 0 0 0 0 140 140 140 140 140 140 140 140 140 140 140 140 140 140 140 140 140 140 140 140 140 140 140 140 0
1 -2 56 24 4 1 64 140 0 0 0 0 0 0 0 0 0 0 0 0 0 0 0 0 0 0 0 0 0 0 0 0 0 0 0 0 0 0 0 0 0 0 0 0 0 0 0 0 199 0 0 0 0 0 0 0 399 0 0 0 0 0 0 0 599 99 0 0 0 0 0 0
1 -2 56 32 4 1 64 140 599 199 0 0 0 0 0 0 499 299 0 0 0 0 0 0 99 99 199 0 0 0 0 0 0 0 0 0 0 0 0 0 0 0 0 0 0 0 0 0 0 0 0 0 0 0 0 0 0 0 0 0 0 0 0 0 0 0 0 0 0 0 0 0
1 -2 56 40 4 1 1 140 0
1 -2 56 48 4 1 1 140 0
1 -2 56 56 4 1 1 140 0
1 -2 56 64 4 1 1 140 0
1 -2 56 72 4 1 1 140 0
1 -2 56 80 4 1 1 140 0
1 -2 56 88 4 1 1 140 0
1 -2 56 96 4 1 1 140 0
1 -2 56 104 4 1 1 140 0
1 -2 56 112 4 1 1 140 0
1 -2 56 120 4 1 1 140 0
1 -2 64 0 4 1 1 0 0
1 -2 64 8 4 1 1 0 0
1 -2 64 16 4 64 1 0 0 0 0 0 0 0 0 0 0 0 0 0 0 0 0 0 0 0 0 0 0 0 0 0 0 0 0 0 0 0 0 0 0 0 0 0 0 0 0 140 140 140 140 140 140 140 140 140 140 140 140 140 140 140 140 140 140 140 140 140 140 140 140 0
1 -2 64 24 4 1 1 140 0
1 -2 64 32 4 1 1 140 0
1 -2 64 40 4 1 1 140 0
1 -2 64 48 4 1 1 140 0
1 -2 64 56 4 1 1 140 0
1 -2 64 64 4 1 1 140 0
1 -2 64 72 4 1 1 140 0
1 -2 64 80 4 1 1 140 0
1 -2 64 88 4 1 1 140 0
1 -2 64 96 4 1 1 140 0
1 -2 64 104 4 1 1 140 0
1 -2 64 112 4 1 1 140 0
1 -2 64 120 4 1 1 140 0
1 -2 72 0 4 1 1 0 0
1 -2 72 8 4 1 1 0 0
1 -2 72 16 4 64 64 0 0 0 0 0 0 0 0 0 0 0 0 0 0 0 0 0 0 0 0 0 0 0 0 0 0 0 0 0 0 0 0 0 0 0 0 0 0 0 0 140 140 140 140 140 140 140 140 140 140 140 140 140 140 140 140 140 140 140 140 140 140 140 140 0 0 0 0 0 0 0 0 0 0 0 0 0 0 0 0 0 0 0 0 0 0 0 0 0 0 0 0 0 0 0 0 0 0 0 0 0 0 0 0 0 399 999 999 899 999 899 999 0 299 899 999 699 899 999 999 0 99 799 999 999 799 999 799
1 -2 72 24 4 1 64 140 0 0 699 799 699 899 999 999 0 0 399 799 799 999 999 899 0 0 99 799 799 999 899 999 0 0 0 499 799 699 699 799 0 0 0 299 799 999 699 799 0 0 0 199 699 799 799 999 0 0 0 0 399 999 899 799 0 0 0 0 99 799 699 799
1 -2 72 32 4 1 64 140 0 0 0 0 199 599 799 799 0 0 0 0 0 299 799 999 0 0 0 0 0 199 499 799 0 0 0 0 0 199 399 799 0 0 0 0 0 0 199 599 0 0 0 0 0 0 99 499 0 0 0 0 0 0 0 99 0 0 0 0 0 0 0 0
1 -2 72 40 4 1 1 140 0
1 -2 72 48 4 1 1 140 0
1 -2 72 56 4 1 1 140 0
1 -2 72 64 4 1 1 140 0
1 -2 72 72 4 1 1 140 0
1 -2 72 80 4 1 1 140 0
1 -2 72 88 4 1 1 140 0
1 -2 72 96 4 1 1 140 0
1 -2 72 104 4 1 1 140 0
1 -2 72 112 4 1 1 140 0
1 -2 72 120 4 1 1 140 0
1 -2 80 0 4 1 1 0 0
1 -2 80 8 4 1 1 0 0
1 -2 80 16 4 64 64 0 0 0 0 0 0 0 0 0 0 0 0 0 0 0 0 0 0 0 0 0 0 0 0 0 0 0 0 0 0 0 0 0 0 0 0 0 0 0 0 140 140 140 140 140 140 140 140 140 140 140 140 140 140 140 140 140 140 140 140 140 140 140 140 0 0 0 0 0 0 0 0 0 0 0 0 0 0 0 0 0 0 0 0 0 0 0 0 0 0 0 0 0 0 0 0 0 0 0 0 0 0 0 0 999 999 999 999 999 999 999 799 899 999 999 999 999 999 799 899 999 899 999 999 999 799 999 999
1 -2 80 24 4 1 64 140 999 899 999 999 999 999 999 999 999 999 899 999 999 899 999 999 999 999 999 999 999 899 999 999 799 799 799 999 899 999 999 999 799 999 799 699 999 699 799 799 899 799 899 799 999 999 999 699 799 799 999 799 999 799 799 799 799 999 799 799 999 799 999 899
1 -2 80 32 4 1 64 140 799 799 799 999 799 799 799 999 899 799 999 999 899 799 999 999 899 999 799 799 799 999 799 799 999 799 699 799 799 799 999 799 599 999 999 999 999 899 999 799 799 799 799 599 799 699 799 799 399 299 399 299 199 399 399 499 0 0 0 0 0 0 0 99
1 -2 80 40 4 1 1 140 0
1 -2 80 48 4 1 1 140 0
1 -2 80 56 4 1 1 140 0
1 -2 80 64 4 1 1 140 0
1 -2 80 72 4 1 1 140 0
1 -2 80 80 4 1 1 140 0
1 -2 80 88 4 1 1 140 0
1 -2 80 96 4 1 1 140 0
1 -2 80 104 4 1 1 140 0
1 -2 80 112 4 1 1 140 0
1 -2 80 120 4 1 1 140 0
1 -2 88 0 4 1 1 0 0
1 -2 88 8 4 1 1 0 0
1 -2 88 16 4 64 64 0 0 0 0 0 0 0 0 0 0 0 0 0 0 0 0 0 0 0 0 0 0 0 0 0 0 0 0 0 0 0 0 0 0 0 0 0 0 0 0 140 140 140 140 140 140 140 140 140 140 140 140 140 140 140 140 140 140 140 140 140 140 140 140 0 0 0 0 0 0 0 0 0 0 0 0 0 0 0 0 0 0 0 0 0 0 0 0 0 0 0 0 0 0 0 0 0 0 0 0 0 0 0 0 799 999 799 199 0 0 0 0 999 999 999 799 299 0 0 0 999 999 999 999 799 399 99 0
1 -2 88 24 4 1 64 140 999 999 999 899 699 799 599 299 999 999 999 999 999 999 999 799 899 999 899 999 999 999 999 999 899 999 999 999 899 999 999 999 899 999 899 999 999 999 899 999 799 799 999 999 799 999 999 799 799 799 799 899 799 899 899 999 799 999 999 699 799 799 699 899
1 -2 88 32 4 1 64 140 699 999 799 899 899 799 899 999 799 799 899 799 799 899 999 799 999 999 799 799 999 799 799 999 799 699 799 699 999 799 999 799 999 999 899 799 999 999 799 799 699 999 799 999 999 799 699 999 399 799 799 799 699 699 999 899 99 99 299 399 599 799 799 799
1 -2 88 40 4 1 64 140 0 0 0 0 99 199 399 599 0 0 0 0 0 0 0 0 0 0 0 0 0 0 0 0 0 0 0 0 0 0 0 0 0 0 0 0 0 0 0 0 0 0 0 0 0 0 0 0 0 0 0 0 0 0 0 0 0 0 0 0 0 0 0 0
1 -2 88 48 4 1 1 140 0
1 -2 88 56 4 1 1 140 0
1 -2 88 64 4 1 1 140 0
1 -2 88 72 4 1 1 140 0
1 -2 88 80 4 1 1 140 0
1 -2 88 88 4 1 1 140 0
1 -2 88 96 4 1 1 140 0
1 -2 88 104 4 1 1 140 0
1 -2 88 112 4 1 1 140 0
1 -2 88 120 4 1 1 140 0
1 -2 96 0 4 1 1 0 0
1 -2 96 8 4 1 1 0 0
1 -2 96 16 4 64 1 0 0 0 0 0 0 0 0 0 0 0 0 0 0 0 0 0 0 0 0 0 0 0 0 0 0 0 0 0 0 0 0 0 0 0 0 0 0 0 0 140 140 140 140 140 140 140 140 140 140 140 140 140 140 140 140 140 140 140 140 140 140 140 140 0
1 -2 96 24 4 1 64 140 0 0 0 0 0 0 0 0 199 0 0 0 0 0 0 0 799 299 0 0 0 0 0 0 999 699 399 0 0 0 0 0 799 999 599 399 0 0 0 0 999 999 899 799 399 0 0 0 899 999 999 999 699 399 199 0 999 699 999 899 999 799 499 99
1 -2 96 32 4 1 64 140 999 999 899 899 999 899 799 499 899 999 999 999 899 899 899 799 799 799 699 699 899 799 999 999 999 899 699 999 899 799 999 999 999 999 999 699 799 799 799 899 799 799 899 999 799 799 799 799 999 799 999 799 799 999 799 799 999 799 899 699 899 999 799 899
1 -2 96 40 4 1 64 140 699 699 799 699 999 899 999 999 299 399 499 799 799 999 899 799 0 0 299 199 499 599 799 799 0 0 0 0 0 299 399 399 0 0 0 0 0 0 0 199 0 0 0 0 0 0 0 0 0 0 0 0 0 0 0 0 0 0 0 0 0 0 0 0
1 -2 96 48 4 1 1 140 0
1 -2 96 56 4 1 1 140 0
1 -2 96 64 4 1 1 140 0
1 -2 96 72 4 1 1 140 0
1 -2 96 80 4 1 1 140 0
1 -2 96 88 4 1 1 140 0
1 -2 96 96 4 1 1 140 0
1 -2 96 104 4 1 1 140 0
1 -2 96 112 4 1 1 140 0
1 -2 96 120 4 1 1 140 0
1 -2 104 0 4 1 1 0 0
1 -2 104 8 4 1 1 0 0
1 -2 104 16 4 64 1 0 0 0 0 0 0 0 0 0 0 0 0 0 0 0 0 0 0 0 0 0 0 0 0 0 0 0 0 0 0 0 0 0 0 0 0 0 0 0 0 140 140 140 140 140 140 140 140 140 140 140 140 140 140 140 140 140 140 140 140 140 140 140 140 0
1 -2 104 24 4 1 1 140 0
1 -2 104 32 4 1 64 140 99 0 0 0 0 0 0 0 499 99 0 0 0 0 0 0 899 399 0 0 0 0 0 0 999 799 499 99 0 0 0 0 999 999 799 499 199 0 0 0 999 899 899 799 599 99 0 0 899 799 999 899 899 499 99 0 999 799 999 999 999 999 699 99
1 -2 104 40 4 1 64 140 799 799 699 799 999 999 799 499 799 999 799 799 799 999 899 799 799 799 799 999 999 799 899 999 499 599 599 799 999 899 899 999 99 299 399 499 799 799 799 999 0 0 0 199 299 499 599 799 0 0 0 0 0 0 299 499 0 0 0 0 0 0 0 99
1 -2 104 48 4 1 1 140 0
1 -2 104 56 4 1 1 140 0
1 -2 104 64 4 1 1 140 0
1 -2 104 72 4 1 1 140 0
1 -2 104 80 4 1 1 140 0
1 -2 104 88 4 1 1 140 0
1 -2 104 96 4 1 1 140 0
1 -2 104 104 4 1 1 140 0
1 -2 104 112 4 1 1 140 0
1 -2 104 120 4 1 1 140 0
1 -2 112 0 4 1 1 0 0
1 -2 112 8 4 1 1 0 0
1 -2 112 16 4 64 64 0 0 0 0 0 0 0 0 0 0 0 0 0 0 0 0 0 0 0 0 0 0 0 0 0 0 0 0 0 0 0 0 0 0 0 0 0 0 0 0 140 140 140 140 140 140 140 140 140 140 140 140 140 140 140 140 140 140 140 140 140 140 140 140 0 0 0 0 0 0 0 0 0 0 0 0 0 0 0 0 0 0 0 0 0 0 0 0 0 0 0 0 0 0 0 0 0 0 0 0 0 0 0 0 0 0 0 0 0 0 199 599 0 0 0 0 0 0 0 0 0 0 0 0 0 0 0 0
1 -2 112 24 4 1 1 140 0
1 -2 112 32 4 1 1 140 0
1 -2 112 40 4 1 64 140 199 0 0 0 0 0 0 0 499 99 0 0 0 0 0 0 799 399 99 0 0 0 0 0 999 999 399 0 0 0 0 0 799 799 799 399 199 0 0 0 899 799 799 999 499 0 0 0 599 799 799 799 699 399 99 0 199 599 799 999 899 799 399 99
1 -2 112 48 4 1 64 140 0 99 399 799 799 699 699 399 0 0 0 99 399 799 699 799 0 0 0 0 0 0 0 0 0 0 0 0 0 0 0 0 0 0 0 0 0 0 0 0 0 0 0 0 0 0 0 0 0 0 0 0 0 0 0 0 0 0 0 0 0 0 0 0
1 -2 112 56 4 1 1 140 0
1 -2 112 64 4 1 1 140 0
1 -2 112 72 4 1 1 140 0
1 -2 112 80 4 1 1 140 0
1 -2 112 88 4 1 1 140 0
1 -2 112 96 4 1 1 140 0
1 -2 112 104 4 1 1 140 0
1 -2 112 112 4 1 1 140 0
1 -2 112 120 4 1 1 140 0
1 -2 120 0 4 1 1 0 0
1 -2 120 8 4 1 1 0 0
1 -2 120 16 4 64 64 0 0 0 0 0 0 0 0 0 0 0 0 0 0 0 0 0 0 0 0 0 0 0 0 0 0 0 0 0 0 0 0 0 0 0 0 0 0 0 0 140 140 140 140 140 140 140 140 140 140 140 140 140 140 140 140 140 140 140 140 140 140 140 140 0 0 0 0 0 0 0 0 0 0 0 0 0 0 0 0 0 0 0 0 0 0 0 0 0 0 0 0 0 0 0 0 0 0 0 0 0 0 0 0 799 999 999 799 999 999 999 999 699 999 899 999 999 999 999 799 0 699 799 999 899 899 999 999
1 -2 120 24 4 1 64 140 0 0 499 799 999 799 999 999 0 0 99 499 999 999 799 799 0 0 0 199 699 799 899 999 0 0 0 0 199 699 999 999 0 0 0 0 0 299 799 999 0 0 0 0 0 0 199 699 0 0 0 0 0 0 0 199 0 0 0 0 0 0 0 0
1 -2 120 32 4 1 1 140 0
1 -2 120 40 4 1 1 140 0
1 -2 120 48 4 1 64 140 199 0 0 0 0 0 0 0 599 99 0 0 0 0 0 0 0 0 0 0 0 0 0 0 0 0 0 0 0 0 0 0 0 0 0 0 0 0 0 0 0 0 0 0 0 0 0 0 0 0 0 0 0 0 0 0 0 0 0 0 0 0 0 0
1 -2 120 56 4 1 1 140 0
1 -2 120 64 4 1 1 140 0
1 -2 120 72 4 1 1 140 0
1 -2 120 80 4 1 1 140 0
1 -2 120 88 4 1 1 140 0
1 -2 120 96 4 1 1 140 0
1 -2 120 104 4 1 1 140 0
1 -2 120 112 4 1 1 140 0
1 -2 120 120 4 1 1 140 0
1 -1 0 0 4 1 1 140 0
1 -1 0 8 4 1 64 140 0 0 0 0 0 0 0 0 99 0 0 0 0 0 0 0 199 0 0 0 0 0 0 0 199 199 0 0 0 0 0 0 299 299 199 99 0 0 0 0 399 299 399 299 99 99 99 0 299 299 299 399 299 99 0 0 399 299 299 299 199 199 199 199
1 -1 0 16 4 1 64 140 399 299 299 399 399 199 299 199 399 399 399 399 299 199 299 299 399 499 399 399 399 399 399 199 499 399 499 399 399 399 399 399 499 499 499 499 399 399 399 399 599 599 399 499 399 399 299 399 499 499 499 499 499 499 499 399 699 799 599 699 499 399 499 499
1 -1 0 24 4 1 64 140 599 599 799 699 499 499 599 399 599 599 599 799 799 599 499 399 799 599 799 799 599 799 699 499 599 699 799 699 799 599 599 699 699 699 799 799 599 599 699 599 799 699 699 799 799 699 599 599 799 799 799 799 699 799 799 799 799 699 799 799 699 799 799 799
1 -1 0 32 4 1 64 140 799 699 799 799 799 799 799 799 699 799 799 799 799 799 599 799 699 799 799 699 799 799 799 699 799 699 699 799 799 799 799 599 999 999 999 799 799 799 799 799 999 999 799 999 799 799 999 799 699 799 799 999 999 799 799 799 599 799 999 999 999 799 799 799
1 -1 0 40 4 1 64 140 999 899 799 799 799 899 999 799 1199 1199 999 899 899 799 799 999 1799 1399 1199 999 999 999 799 999 2199 1999 1699 1299 1199 999 999 999 2199 2199 1799 1699 1399 1199 999 999 2199 2299 2099 2099 1699 1499 1099 999 2499 2199 2199 1999 1999 1699 1499 1499 2499 2499 2299 1999 1999 2099 1899 1699
1 -1 0 48 4 1 64 140 2599 2599 2599 2299 2199 2099 2199 2199 2699 2499 2499 2499 2399 2199 1999 1999 2799 2799 2599 2499 2299 2199 2399 2199 2799 2799 2799 2599 2699 2499 2399 2199 2899 2999 2799 2799 2599 2399 2699 2399 2999 2899 2999 2899 2799 2599 2599 2599 3099 2899 2999 2999 2799 2799 2599 2599 3299 3099 3099 3099 2899 2799 2599 2599
1 -1 0 56 4 64 64 140 140 140 140 140 140 140 140 140 140 140 140 140 140 140 140 140 140 140 140 140 140 140 140 140 140 140 140 140 140 140 140 140 140 140 140 140 140 140 140 16526 140 140 140 140 140 140 140 16525 32910 140 140 140 140 140 140 143 143 16525 140 140 140 140 140 3299 3199 3199 3099 3099 2899 2699 2599 3299 3299 3199 3099 3099 2899 2899 2799 3499 3499 3299 3299 3099 2899 2999 2799 3499 3299 3399 3199 3099 2899 2899 2999 3499 3399 3299 3399 3099 2899 2999 2999 3799 3499 3399 3299 2999 3099 2999 3099 3799 3699 3299 3399 3299 3199 3299 3199 3699 3799 3499 3299 3399 3399 3199 3299
1 -1 0 64 4 64 64 143 143 143 16525 140 140 140 140 143 143 143 143 16525 32910 32910 32909 143 143 143 143 143 143 143 143 143 143 143 143 143 143 143 143 143 143 143 143 143 143 143 143 143 143 143 143 143 143 143 143 143 143 143 143 143 143 143 143 143 143 143 143 143 143 143 143 3699 3899 3699 3699 3599 3499 3499 3499 3899 3899 3899 3799 3799 3699 3599 3799 3899 3899 3899 3899 3699 3799 3799 3699 4199 4099 4099 3899 3799 4099 3899 3999 4499 4199 3999 3932 3999 4099 3999 4099 4499 4199 4099 3999 3999 3999 3999 4099 4699 4499 4399 4099 3999 3999 4199 4299 4699 4699 4399 4399 4199 4399 4299 4499
1 -1 0 72 4 64 64 143 143 143 143 143 143 143 143 143 143 143 143 143 143 143 143 143 143 143 143 143 143 143 143 143 143 143 143 143 143 143 143 32913 32913 32913 143 143 143 143 143 146 146 146 16529 143 143 143 143 146 146 146 16528 32913 143 143 143 146 146 146 146 146 16528 143 143 4732 4699 4699 4499 4399 4499 4299 4399 4799 4699 4699 4699 4499 4499 4399 4299 4999 4999 4699 4699 4599 4499 4599 4399 5199 4999 4999 4999 4732 4699 4699 4499 5399 5499 5199 4999 4999 4799 4699 4699 5599 5399 5399 5266 4932 4932 4799 4699 5799 5599 5699 5399 5399 5366 5199 4599 5999 5899 5732 5599 5399 5399 4999 4999
1 -1 0 80 4 64 64 146 146 146 146 146 146 16528 143 146 146 146 146 146 146 146 16529 146 146 146 146 146 146 146 16528 16531 146 146 146 146 146 146 146 149 16531 146 146 146 146 146 146 149 149 16531 146 146 146 146 146 149 149 149 16531 146 146 146 146 149 149 149 149 16531 146 146 146 6366 6099 5899 5866 5699 5499 5299 5199 6299 6199 6099 5799 5866 5699 5499 5399 6632 6499 6232 6166 5832 5899 5699 5432 7065 6699 6399 6199 6099 6066 5832 5599 7332 6999 6899 6432 6232 6199 6066 5799 7865 7599 7099 6799 6499 6232 6299 6099 8365 7799 7265 7065 6699 6499 6399 6366 8665 8199 7865 7499 6899 6965 6532 6499
1 -1 0 88 4 64 64 149 149 149 149 149 16531 146 146 149 149 149 149 149 149 16531 32916 149 149 149 149 149 149 149 149 149 149 149 149 149 149 149 149 149 149 149 149 149 149 149 149 149 149 149 149 149 149 149 149 149 149 149 149 149 149 149 149 149 149 149 149 149 149 149 149 9232 8599 8099 7799 7399 7099 6732 6799 9699 9032 8565 8199 7699 7399 7132 6999 9932 9632 8999 8499 8199 7899 7465 7199 10398 9999 9665 9032 8599 8399 8165 7699 10332 10265 9999 9765 9299 9065 8465 8199 10498 10465 10265 9999 9865 9499 9165 8632 10698 10665 10398 10298 10232 10098 9699 9199 10698 10698 10665 10598 10565 10398 10132 9799
1 -1 0 96 4 1 64 149 10732 10698 10698 10798 10632 10498 10465 10198 10598 10632 10798 10832 10965 10765 10598 10565 10298 10565 10765 10798 10998 10798 10798 10698 9999 10365 10665 10698 10698 10898 10965 10898 9599 9999 10365 10498 10698 10698 10798 10898 9132 9599 9865 10265 10565 10598 10798 10798 8999 9199 9565 9799 10165 10432 10665 10865 8599 8899 9099 9299 9699 10165 10398 10632
1 -1 0 104 4 1 64 149 8299 8599 8899 8965 9299 9565 9899 10165 7999 8299 8432 8699 8899 8999 9399 9599 7965 8199 8299 8399 8532 8799 8999 9199 7899 7999 8132 8299 8565 8499 8799 8899 7832 8032 7999 8199 8532 8399 8465 8699 7799 7899 7999 8099 8199 8265 8399 8465 7765 7699 7999 8165 8199 8332 8299 8299 7665 7832 7832 8032 8199 8365 8299 8199
1 -1 0 112 4 64 64 149 149 149 149 149 149 149 149 149 149 149 149 149 149 149 149 49299 149 149 149 149 149 149 149 49300 149 149 149 149 149 149 149 49300 149 149 149 149 149 149 149 146 49299 149 149 149 149 149 149 146 146 148 49299 149 149 149 149 146 146 146 49300 149 149 149 149 7499 7765 7899 7932 8099 8199 8165 8132 7499 7699 7899 7899 8099 8165 8099 8132 7399 7499 7865 7899 7999 8032 8099 8165 7399 7399 7799 7799 7899 8065 7999 7999 7299 7399 7699 7799 7899 7999 7999 7999 7199 7299 7665 7699 7799 7965 7965 7999 7299 7299 7499 7632 7565 7899 7965 7999 7099 7299 7399 7499 7499 7799 7799 7999
1 -1 0 120 4 64 64 146 146 146 32915 149 149 149 149 146 146 49300 149 149 149 149 149 146 146 49300 149 149 149 149 149 146 146 146 148 49299 149 149 149 146 146 146 146 49300 149 149 149 146 146 146 146 146 49299 149 149 146 146 146 146 146 49300 149 149 146 146 146 146 146 49300 149 149 6899 7199 7332 7632 7665 7765 7899 7999 6632 7099 7299 7432 7499 7765 7765 7799 6699 6899 7199 7399 7699 7699 7765 7699 6399 6699 7099 7299 7499 7499 7699 7699 6399 6599 6699 7199 7299 7499 7799 7799 6299 6499 6899 7099 7199 7399 7665 7699 6199 6299 6799 6899 7165 7299 7399 7699 5732 5999 6399 6599 6999 7199 7399 7699
1 -1 8 0 4 1 1 140 0
1 -1 8 8 4 1 64 140 0 0 0 0 0 0 0 0 0 0 0 0 0 0 0 0 0 0 0 0 0 0 0 0 0 0 0 0 0 0 0 0 0 0 0 0 0 0 0 0 0 0 0 0 0 0 0 0 0 0 0 0 0 0 0 0 199 0 0 0 0 0 0 0
1 -1 8 16 4 1 64 140 99 99 0 0 0 0 0 0 199 199 99 199 0 0 0 0 299 299 199 199 0 0 0 0 299 299 299 299 199 199 99 0 399 399 399 399 199 199 199 199 399 399 399 299 299 299 199 199 299 399 399 399 299 299 299 399 399 399 399 299 299 399 299 199
1 -1 8 24 4 1 64 140 399 499 499 299 299 399 399 399 499 499 399 399 399 299 299 299 399 499 399 399 499 499 399 499 499 599 599 499 399 399 399 399 699 599 599 399 699 499 299 499 799 699 699 599 499 599 399 499 699 699 599 599 799 699 599 599 699 799 799 599 799 599 599 799
1 -1 8 32 4 1 64 140 799 799 799 599 599 599 599 799 699 799 799 699 799 699 599 799 799 799 799 799 799 799 799 599 799 699 799 799 799 699 699 799 799 799 799 799 799 799 799 699 699 799 799 799 799 699 799 799 799 799 799 799 699 799 799 799 999 799 699 799 599 799 799 799
1 -1 8 40 4 1 64 140 699 799 799 999 699 799 799 799 799 999 799 999 999 799 799 799 799 799 799 699 799 799 899 799 699 999 999 799 799 799 999 799 899 999 999 999 999 799 799 799 799 999 899 899 999 799 799 799 999 899 1099 999 999 999 899 899 1799 1499 1399 1099 799 999 999 999
1 -1 8 48 4 1 64 140 2099 1899 1499 1399 1099 999 999 899 2199 2199 2099 1799 1599 999 1199 999 2199 2199 2099 1799 1599 1299 1099 1199 2199 2199 2199 1899 1699 1499 1399 1199 2199 2199 2199 1799 1999 1799 1699 1599 2399 2199 2199 1999 1799 1899 1899 1699 2699 2399 2299 1999 2199 2099 1799 1799 2599 2699 2299 2399 2399 2199 1899 1899
1 -1 8 56 4 1 64 140 2499 2599 2599 2299 2299 2199 2099 1799 2799 2599 2699 2599 2399 2399 2199 2199 2799 2799 2799 2699 2399 2299 2399 2099 2999 2799 2799 2699 2499 2199 2199 2199 2899 2999 2799 2699 2699 2399 2399 2199 3099 3099 2999 2899 2599 2399 2499 2399 3099 2899 3099 2799 2799 2699 2599 2499 3199 3199 3099 3099 2799 2799 2699 2599
1 -1 8 64 4 64 64 32910 32910 140 140 140 140 140 140 143 143 16525 32910 140 140 140 140 143 143 143 143 16525 140 140 140 143 143 143 143 143 16526 140 140 143 143 143 143 143 16525 140 140 143 143 143 143 143 143 16526 140 143 143 143 143 143 143 16526 140 143 143 143 143 143 143 16526 140 3499 3299 3199 3099 2899 2799 2799 2599 3599 3799 3699 3399 3299 2999 2799 2699 3699 3999 3799 3799 3599 3199 3099 2799 3999 3899 4099 3899 3799 3599 3199 2999 3999 4199 4099 4199 4099 3799 3399 3099 4132 4299 4399 4199 4199 3799 3499 2899 4399 4499 4299 4299 4199 4099 3799 3199 4332 4399 4299 4199 4199 3899 3799 3499
1 -1 8 72 4 64 64 143 143 143 143 143 143 16526 140 143 143 143 143 143 143 16526 140 143 143 143 143 143 143 16526 140 143 143 143 143 143 143 16526 140 143 143 143 143 143 143 16526 140 143 143 143 143 143 141 32910 32910 143 143 143 143 143 143 143 143 143 143 143 143 143 143 143 143 4399 4299 4399 4399 4199 4099 3799 3599 4399 4499 4299 4099 4099 3899 3799 3599 4399 4299 4299 4299 4099 3899 3799 3599 4299 4299 4499 4399 3999 3899 3799 3699 4599 4299 4399 4199 3999 3999 3799 3499 4699 4499 4399 4199 4199 3799 3799 3799 4499 4599 4399 4299 4199 3799 3799 3799 4699 4699 4666 4299 4199 3999 3899 4099
1 -1 8 80 4 64 64 143 143 143 143 143 143 143 143 143 143 143 143 143 143 143 143 32913 32913 32913 143 143 143 143 143 146 146 146 16528 143 143 143 143 146 146 146 146 16528 143 143 143 146 146 146 146 146 16528 32913 32913 146 146 146 146 146 146 146 146 146 146 146 146 146 146 146 146 4999 4832 4599 4399 4299 4299 4299 4399 5199 5199 4899 4599 4532 4299 4399 4399 5399 5399 5199 4999 4799 4399 4599 4599 5532 5499 5499 5466 5099 4999 4799 4899 5866 5866 5799 5499 5399 5299 4899 5099 6099 6099 5899 5866 5599 5399 5399 5199 6232 6299 6299 6099 5799 5632 5599 5499 6499 6399 6299 6199 5999 5899 5799 5699
1 -1 8 88 4 64 64 146 146 146 146 146 146 146 146 146 146 146 146 146 146 146 146 16531 146 146 146 146 146 146 146 149 16531 146 146 146 146 146 146 149 149 16531 32916 146 146 146 146 149 149 149 149 16531 146 146 146 149 149 149 149 149 16532 146 146 149 149 149 149 149 16532 146 146 6666 6499 6499 6499 6299 6099 6099 5999 7065 6799 6699 6599 6399 6399 6099 6099 7099 7065 6699 6599 6599 6599 6399 6299 7499 7299 7165 6999 7099 6899 6765 6399 7699 7432 7399 7199 7099 7099 6832 6699 8299 7865 7632 7565 7299 7199 7099 6799 8732 8499 8299 7799 7599 7299 7365 6999 9465 9199 8499 8099 8099 7432 7199 6999
1 -1 8 96 4 64 64 149 149 149 149 149 16532 146 146 149 149 149 149 149 16532 146 146 149 149 149 149 149 16532 146 146 149 149 149 149 149 16531 146 146 149 149 149 149 149 149 16532 146 149 149 149 149 149 149 16532 146 149 149 149 149 149 149 16531 146 149 149 149 149 149 149 149 16531 9865 9499 8999 8565 8099 7599 7299 7099 10365 9965 9499 8665 8265 7599 7199 6999 10565 10132 9699 9032 8499 7599 7299 6899 10798 10532 9965 9199 8399 7632 7199 6899 10798 10565 9999 9299 8599 7665 7365 6932 10798 10532 10065 9399 8665 7765 7332 7099 10798 10598 10032 8999 8399 7899 7499 7265 10765 10598 9999 9199 8432 8165 7565 7299
1 -1 8 104 4 1 64 149 10332 10098 9665 9132 8765 8332 7999 7399 9799 9599 9599 9265 8965 8599 8199 7899 9299 9399 9365 9032 9065 8899 8599 8299 9099 9099 9099 9099 8999 8999 8965 8599 8799 8899 8999 9099 9165 8999 8965 8865 8599 8799 8899 8999 8999 8999 8999 8899 8365 8599 8865 8899 8899 9065 9132 8932 8232 8532 8665 8899 8799 8999 8899 8999
1 -1 8 112 4 1 64 149 8099 8232 8532 8599 8765 8965 9032 9132 8232 8299 8365 8399 8532 8732 8899 8999 8132 8132 8165 8232 8399 8599 8632 8999 8099 8099 8165 8199 8232 8399 8599 8999 8032 8099 8032 8099 8232 8299 8499 8965 8099 8099 7999 7999 8199 8232 8499 8832 8065 8099 8099 8065 8132 8199 8399 8832 8165 8065 8099 8099 8099 8065 8299 8632
1 -1 8 120 4 1 64 149 7899 8099 8165 7999 7999 8099 8165 8399 7932 7999 7999 7999 7999 8099 8099 8232 7899 7999 7999 7999 7999 7999 7999 8099 7899 7899 7965 7999 7999 7999 7799 7899 7799 7865 7632 7899 7999 7899 7865 7965 7632 7799 7799 7932 7899 7899 7899 7899 7632 7599 7799 7965 7899 7732 7799 7732 7665 7699 7565 7899 7799 7765 7732 7799
1 -1 16 0 4 1 1 140 0
1 -1 16 8 4 1 1 140 0
1 -1 16 16 4 1 64 140 0 0 0 0 0 0 0 0 0 0 0 0 0 0 0 0 0 0 0 0 0 0 0 0 0 0 0 0 0 0 0 0 199 0 0 0 0 0 0 0 99 199 199 0 99 0 0 0 299 199 299 99 99 99 0 0 399 199 199 199 199 99 0 0
1 -1 16 24 4 1 64 140 299 299 299 199 199 99 99 0 299 399 399 299 199 199 199 199 299 399 299 399 299 299 199 199 399 299 399 399 299 199 199 199 499 399 399 399 399 399 299 199 499 499 499 399 299 399 399 199 499 399 499 399 399 399 299 399 499 499 499 499 499 399 299 399
1 -1 16 32 4 1 64 140 599 799 499 499 399 399 499 399 599 699 699 599 499 399 499 499 599 799 599 599 399 599 599 399 799 599 699 699 599 599 499 599 799 799 599 699 499 599 499 399 799 799 599 699 799 699 599 799 599 599 699 799 699 599 599 699 599 599 799 799 799 799 599 599
1 -1 16 40 4 1 64 140 599 799 599 799 799 799 799 599 799 799 799 799 799 599 699 599 799 599 799 799 599 799 799 699 799 799 699 599 799 699 799 799 999 799 799 699 799 799 799 699 999 999 799 799 799 799 599 699 799 799 999 999 699 799 799 799 799 899 999 799 999 799 799 799
1 -1 16 48 4 1 64 140 999 699 999 999 999 799 799 799 899 999 799 999 999 799 999 799 999 999 899 999 999 999 999 799 999 999 999 999 999 699 699 899 1199 1099 999 899 999 899 799 999 1599 1299 1099 1399 1199 699 799 799 1899 1699 1599 1499 1099 999 999 799 1699 1699 1699 1699 1299 1399 999 999
1 -1 16 56 4 1 64 140 1799 1699 1899 1699 1699 1599 1299 1099 1799 2099 1899 1899 1799 1799 1399 1399 2199 1999 1899 1899 1899 1499 1699 1499 2199 2199 1999 1899 1699 1799 1699 1299 2199 1999 2099 1999 1699 1899 1699 1599 1999 2099 1999 2099 1699 1799 1599 1399 2299 2099 2199 1999 1699 1899 1699 1499 2499 2199 2099 2099 1699 1699 1799 1599
1 -1 16 64 4 1 64 140 2499 2099 2199 1999 1799 1699 1699 1899 2499 2499 2199 2199 1899 1899 1699 1599 2499 2399 2299 2199 2199 2099 1799 1699 2799 2499 2499 2299 2199 1899 1699 1699 2699 2699 2499 2399 2099 1999 1999 1899 2799 2799 2499 2399 2299 2199 2199 1899 2999 2799 2599 2599 2499 2299 2399 1999 3099 2999 2799 2599 2399 2499 2299 2199
1 -1 16 72 4 64 64 140 140 140 140 140 140 140 140 140 140 140 140 140 140 140 140 140 140 140 140 140 140 140 140 140 140 140 140 140 140 140 140 140 140 140 140 140 140 140 140 32910 140 140 140 140 140 140 140 143 16525 32910 140 140 140 140 140 143 143 143 16525 140 140 140 140 3299 2899 2799 2899 2599 2499 2499 2099 3299 3299 2999 2899 2799 2799 2499 2399 3199 3299 2999 2999 2799 2799 2399 2399 3299 3199 3099 3099 2899 2999 2799 2499 3399 3499 3199 3199 3099 2999 2799 2699 3499 3399 3299 3199 3099 2999 2899 2799 3699 3599 3499 3499 3299 3099 3099 2999 3999 3699 3799 3699 3199 3299 3099 2999
1 -1 16 80 4 64 64 143 143 143 143 16525 140 140 140 143 143 143 143 143 16525 140 140 143 143 143 143 143 143 16525 32910 143 143 143 143 143 143 143 143 143 143 143 143 143 143 143 143 143 143 143 143 143 143 143 143 16528 143 143 143 143 143 143 143 146 16528 32913 143 143 143 143 143 3999 3999 3899 3699 3499 3299 3299 2999 4299 4099 4099 3999 3799 3699 3199 3199 4599 4499 4399 4199 3899 3799 3599 3499 4699 4599 4599 4499 4099 4099 3799 3599 5099 4799 4799 4399 4499 4199 4099 3899 5199 5199 4799 4699 4399 4399 4199 4199 5399 5399 5099 4899 4699 4599 4299 4399 5599 5399 5099 5099 4799 4899 4499 4499
1 -1 16 88 4 64 64 146 146 146 16529 143 143 143 143 146 146 146 16528 143 143 143 143 146 146 146 146 16529 143 143 143 146 146 146 146 16529 143 143 143 146 146 146 146 16529 143 143 143 146 146 146 146 16529 143 143 143 146 146 146 146 16529 143 143 143 146 146 146 146 16529 143 143 143 5799 5599 5299 5399 4799 4999 4899 4599 5999 5799 5699 5399 5399 5199 4899 4899 6099 5999 5799 5599 5299 5399 4999 4699 6299 6199 5699 5699 5299 5299 4999 4799 6299 6299 5999 5499 5399 4899 4799 4699 6599 6299 5999 5699 5332 5099 4699 4599 6699 6399 6299 5799 5399 4899 4699 4599 6699 6699 6299 5799 5332 5099 4599 4599
1 -1 16 96 4 64 64 146 146 146 146 16529 143 143 143 146 146 146 146 16529 143 143 143 146 146 146 146 16528 32913 143 143 146 146 146 146 146 146 16528 32913 146 146 146 146 146 146 146 146 146 146 146 146 146 146 146 146 146 146 146 146 146 146 146 146 32916 32916 146 146 146 146 146 146 6899 6499 6299 5899 5299 4999 4599 4599 6632 6399 6299 5699 5499 5099 4899 4599 6599 6299 5832 5699 5399 5199 4899 4899 6532 6399 6099 5799 5499 5399 5232 4899 6699 6499 6399 6199 5699 5799 5499 5299 6732 6699 6599 6399 6199 5999 5899 5799 7099 7099 6632 6699 6399 6199 6199 6066 7199 6932 6899 6832 6599 6666 6399 6399
1 -1 16 104 4 64 64 149 149 16531 32916 146 146 146 146 149 149 149 149 16532 146 146 146 149 149 149 149 16531 146 146 146 149 149 149 149 149 16532 146 146 149 149 149 149 149 16531 32916 32916 149 149 149 149 149 149 149 149 149 149 149 149 149 149 149 149 149 149 149 149 149 149 149 149 7399 7399 7199 7099 6799 6799 6699 6699 7799 7799 7499 7332 7299 7065 6899 6899 8032 7999 7799 7765 7399 7132 6999 7032 8432 8232 8132 7899 7399 7499 7499 7399 8699 8599 8399 8065 7899 7665 7599 7665 8799 8599 8232 7999 7799 7565 7599 7499 8965 8765 8465 8099 7865 7865 7665 7765 8865 8799 8599 8299 7999 8165 7999 7899
1 -1 16 112 4 1 64 149 9032 8999 8899 8665 8399 8399 8132 8199 9199 9165 9199 9232 8965 8899 8799 8599 9232 9532 9765 9532 9399 9399 9365 9032 9465 9732 9999 9999 9965 9899 9865 9765 9365 9799 10198 10098 10165 10298 10165 10365 9299 9832 10032 10198 10298 10565 10598 10632 9199 9599 9965 10198 10298 10532 10832 10898 8999 9365 9799 10198 10298 10598 10865 10832
1 -1 16 120 4 1 64 149 8832 9132 9599 9932 10298 10532 10798 10832 8499 8999 9465 9799 10265 10398 10565 10765 8399 8765 9232 9599 10098 10398 10565 10498 8299 8632 9065 9499 9899 10465 10498 10765 8132 8499 8965 9299 9699 10198 10465 10498 8032 8199 8699 9165 9565 9999 10198 10365 7899 8132 8499 8899 9265 9632 10032 10298 7899 8099 8299 8732 8932 9399 9732 10098
1 -1 24 0 4 1 1 140 0
1 -1 24 8 4 1 1 140 0
1 -1 24 16 4 1 1 140 0
1 -1 24 24 4 1 64 140 0 0 0 0 0 0 0 0 0 0 0 0 0 0 0 0 99 299 199 0 99 0 0 0 99 199 99 99 99 99 99 0 399 299 299 199 199 0 99 0 299 299 399 99 199 199 299 199 399 299 299 299 299 299 399 99 299 399 399 399 399 299 199 99
1 -1 24 32 4 1 64 140 499 399 399 399 399 399 299 299 499 399 399 399 299 399 399 399 499 399 499 499 399 399 399 299 299 499 399 399 499 399 399 399 399 599 399 499 499 299 299 399 799 699 599 699 599 399 499 399 599 599 699 599 599 699 399 499 799 599 799 799 799 499 399 499
1 -1 24 40 4 1 64 140 599 599 599 699 599 499 499 499 699 599 599 699 599 499 499 499 799 799 799 599 599 599 599 599 799 799 799 699 799 599 499 699 799 599 799 599 699 599 699 599 799 799 799 799 799 799 799 599 799 799 799 799 799 599 799 799 799 799 799 799 699 599 599 599
1 -1 24 48 4 1 64 140 799 799 799 599 799 799 799 799 799 799 999 799 699 799 799 799 899 799 799 799 799 799 599 799 899 999 899 999 799 999 799 799 799 699 799 899 799 599 999 899 799 999 699 699 799 699 799 799 799 999 999 799 899 899 999 999 899 699 799 699 799 999 799 899
1 -1 24 56 4 1 64 140 799 799 799 899 999 799 899 699 1199 899 899 799 999 999 899 899 1299 899 999 999 899 799 699 799 1299 1199 999 899 999 799 799 799 1399 1599 1299 1099 1199 799 799 999 1299 1599 1599 1399 1199 1099 999 799 1599 1399 1399 1399 1299 1199 999 999 1599 1499 1499 1499 1499 1299 1099 999
1 -1 24 64 4 1 64 140 1799 1599 1499 1599 1499 1599 1599 1099 1699 1499 1299 1599 1499 1299 1499 1299 1599 1499 1499 1299 1399 1299 1399 1399 1699 1499 1499 1299 1399 1499 1299 1299 1799 1599 1799 1699 1499 1499 1499 1299 1799 1699 1599 1699 1499 1399 1299 1399 1999 1699 1899 1899 1599 1399 1599 1499 2199 1999 1999 1799 1599 1499 1599 1499
1 -1 24 72 4 1 64 140 2199 1999 1899 1899 1799 1499 1499 1499 2499 1999 2199 1899 1899 1799 1499 1499 2499 2199 2199 2199 2099 1699 1699 1499 2599 2599 2399 2299 2199 2099 1899 1799 2799 2499 2599 2299 2399 2199 1999 1999 2799 2799 2799 2799 2799 2499 2399 2399 2999 2799 2999 2899 2899 2799 2799 2399 2899 2899 3099 3199 3099 2899 2899 2499
1 -1 24 80 4 64 64 140 140 140 140 140 140 140 140 140 140 140 140 140 140 140 140 32910 32910 32910 140 140 140 140 140 143 143 143 16526 140 140 140 140 143 143 143 16525 140 140 140 140 143 143 143 143 16526 140 140 140 143 143 143 143 16526 140 140 140 143 143 143 143 16526 140 140 140 2999 2899 3099 3299 3199 3099 3099 2799 3299 3299 3299 3199 3299 3299 3099 2899 3199 3399 3399 3399 3399 3199 3299 3099 3799 3699 3699 3699 3299 3399 3299 3199 3999 3899 3899 3699 3699 3499 3199 3099 4199 4099 3899 3699 3699 3399 3299 3299 4199 4299 4199 3999 3699 3299 3299 3099 4499 4199 4199 4099 3699 3399 3199 3099
1 -1 24 88 4 64 64 143 143 143 143 16526 140 140 140 143 143 143 143 16526 140 140 140 143 143 143 143 16526 140 140 140 143 143 143 143 16526 140 140 140 143 143 143 143 16526 140 140 140 143 143 143 143 16525 32910 32910 140 143 143 143 143 143 143 143 16525 143 143 143 143 143 143 143 143 4299 4499 4399 3999 3499 3199 3199 2899 4399 4499 4399 4099 3799 3399 3099 2899 4599 4299 4299 3899 3799 3199 2899 2899 4599 4499 4199 3999 3799 3299 3299 3099 4599 4399 4099 3899 3799 3699 3299 3199 4599 4399 4099 3899 3799 3699 3499 3399 4499 4299 4099 3799 3799 3799 3799 3599 4399 4299 3999 3999 3899 4099 3999 3799
1 -1 24 96 4 64 64 143 143 143 143 143 143 143 143 143 143 143 143 143 143 143 143 143 143 143 143 143 143 143 143 143 143 143 143 143 143 143 143 16528 32913 143 143 143 143 143 143 146 146 16528 32913 32913 143 143 143 146 146 146 146 146 16528 143 143 146 146 146 146 146 146 16528 32913 4299 4099 4299 4099 4199 4099 4199 4099 4499 4399 4299 4399 4399 4399 4399 4299 4499 4432 4499 4599 4399 4499 4499 4499 5099 5099 4899 4799 4699 4699 4499 4599 5399 5199 5199 5166 4899 4899 4699 4499 5599 5299 5499 5499 5199 5099 4899 4699 5899 5999 5599 5399 5299 5199 5166 4699 6299 6032 5799 5699 5699 5299 5399 5099
1 -1 24 104 4 64 64 146 146 146 146 146 146 146 146 146 146 146 146 146 146 146 146 146 146 146 146 146 146 146 146 146 146 146 146 146 146 146 146 32916 32916 32916 146 146 146 146 146 149 149 149 16531 32916 32916 146 146 149 149 149 149 149 149 16532 146 149 149 149 149 149 149 16531 32916 6699 6499 6199 5899 6066 5899 5599 5499 6899 6599 6399 6399 6199 6199 5999 5899 6999 6799 6699 6599 6599 6599 6199 5999 7299 7099 6899 6699 6965 6599 6599 6466 7499 7199 7199 7099 7199 7199 6899 6599 7599 7299 7499 7199 7299 7199 7299 6899 7799 7865 7699 7599 7499 7299 7399 7199 7932 7999 7999 7999 7699 7699 7399 7099
1 -1 24 112 4 1 64 149 8199 8099 8199 8199 8165 7599 7499 7299 8532 8532 8265 8299 8299 7999 7799 7765 9165 8999 8799 8599 8499 8399 8099 7732 9765 9499 9299 8999 8599 8399 8199 7999 10098 9999 9599 9399 8999 8899 8499 8199 10565 10498 10132 9799 9399 9065 8899 8499 10832 10632 10465 9999 9699 9599 9265 8965 10732 10632 10665 10465 9999 9799 9599 9199
1 -1 24 120 4 1 64 149 10698 10698 10598 10398 10198 9999 9799 9499 10698 10698 10598 10498 10465 10132 10098 9832 10598 10698 10698 10698 10498 10465 10365 10298 10598 10665 10832 10598 10598 10598 10598 10498 10598 10698 10632 10765 10798 10798 10865 10765 10532 10732 10565 10798 10898 10898 10898 10798 10498 10698 10698 10798 10998 10998 10932 10998 10298 10498 10698 10898 10998 11198 11198 11065
1 -1 32 0 4 1 1 140 0
1 -1 32 8 4 1 1 140 0
1 -1 32 16 4 1 1 140 0
1 -1 32 24 4 1 64 140 0 0 0 0 0 0 0 0 0 0 0 0 0 0 0 0 0 0 0 0 0 0 0 0 0 0 0 0 0 0 0 0 0 0 0 0 0 0 0 0 99 0 0 0 0 0 0 0 199 199 99 0 0 0 0 0 199 99 99 0 0 0 0 0
1 -1 32 32 4 1 64 140 99 199 99 299 99 0 0 0 299 299 199 299 199 99 0 0 399 299 299 99 299 199 99 0 199 299 399 399 199 199 299 199 399 299 299 399 299 199 199 199 399 299 399 399 299 299 299 299 499 399 399 399 399 299 399 299 499 499 399 299 399 399 299 299
1 -1 32 40 4 1 64 140 399 399 399 299 399 399 399 299 399 499 399 299 299 399 399 299 699 499 399 499 399 399 299 299 499 599 699 399 399 399 399 299 699 599 399 399 399 399 399 399 699 499 499 599 499 499 399 399 699 599 499 599 499 399 499 399 699 599 699 599 599 599 599 499
1 -1 32 48 4 1 64 140 599 699 799 599 599 499 499 499 799 599 799 599 599 699 499 599 799 799 699 799 799 699 599 499 799 799 799 799 699 599 799 699 599 799 799 599 599 799 599 599 799 599 799 799 799 799 799 599 799 699 799 699 699 699 799 599 899 799 799 799 799 599 799 599
1 -1 32 56 4 1 64 140 799 699 599 799 799 799 799 599 699 699 799 799 799 599 799 699 799 999 799 699 799 599 699 699 799 799 899 699 799 799 599 799 799 799 799 899 799 799 799 799 999 999 799 999 699 799 799 799 899 899 999 799 999 799 799 799 999 1199 899 999 799 799 799 699
1 -1 32 64 4 1 64 140 899 1199 999 899 999 999 699 799 1099 899 1099 899 899 999 799 599 1099 1099 1199 899 999 999 999 999 1099 1199 999 1099 1199 999 899 699 1199 1099 1099 999 999 1099 999 1199 1299 1099 999 899 1099 1099 899 899 1399 1099 1199 999 999 1199 1099 999 1299 1399 1199 999 1099 999 999 1199
1 -1 32 72 4 1 64 140 1299 1399 1299 1099 1099 1199 899 1199 1399 1399 1399 1299 1199 999 899 999 1599 1399 1299 1399 1399 1199 1199 999 1899 1599 1399 1499 1299 1099 1099 1199 1899 1699 1299 1499 1499 1499 1499 1599 2099 1899 1699 1399 1299 1499 1499 1299 2199 1999 1699 1699 1499 1499 1399 1599 2299 1999 2099 1899 1699 1699 1299 1299
1 -1 32 80 4 1 64 140 2499 2199 2099 1899 1899 1699 1499 1599 2499 2599 2299 2199 1799 1899 1699 1499 2799 2499 2399 2199 2199 1899 1699 1699 2999 2699 2499 2399 2099 2099 1699 1699 2999 2799 2499 2199 2199 1999 2199 1899 2899 2799 2499 2399 2199 2199 2199 1999 2999 2799 2499 2399 2199 1999 2199 2099 2999 2799 2399 2499 2299 2199 2199 2099
1 -1 32 88 4 64 64 140 140 140 140 140 140 140 140 140 140 140 140 140 140 140 140 140 140 140 140 140 140 140 140 140 140 140 140 140 140 140 140 140 140 140 140 140 140 140 140 140 140 140 140 140 140 140 140 32910 32910 140 140 140 140 140 140 143 143 16525 32910 140 140 140 140 2999 2799 2499 2399 2299 2199 1999 2199 2799 2799 2799 2499 2499 2399 2399 2199 2999 2799 2699 2799 2799 2499 2499 2299 2999 2999 2899 2799 2799 2799 2799 2699 3099 2999 2999 2999 3099 2899 2999 2799 3199 3099 3099 3099 2899 3099 3099 2899 3399 3299 3199 3299 3099 3099 2999 2999 3499 3499 3699 3499 3399 3299 3099 3099
1 -1 32 96 4 64 64 143 143 143 143 16526 140 140 140 143 143 143 143 16526 140 140 140 143 143 143 141 140 140 140 140 143 143 143 143 16526 140 140 140 143 143 143 143 16525 32910 140 140 143 143 143 143 143 143 16526 140 143 143 143 143 143 143 16525 140 143 143 143 143 143 143 143 16525 4099 3899 3799 3599 3499 3399 3199 2999 4199 4299 3999 3999 3499 3399 3199 3099 4499 4399 3999 3799 3499 3599 3299 3199 4499 4499 4199 3799 3699 3599 3199 3299 4599 4499 4299 4099 3799 3699 3499 3499 4699 4599 4399 4299 3699 3699 3499 3499 4699 4499 4299 4299 3899 3899 3699 3499 4899 4699 4599 4399 4199 3999 3799 3599
1 -1 32 104 4 64 64 16529 143 143 143 143 143 143 143 16528 32913 143 143 143 143 143 143 146 146 16528 32913 143 143 143 143 146 146 146 146 16528 143 143 143 146 146 146 146 146 16528 143 143 146 146 146 146 146 146 16529 143 146 146 146 146 146 146 16528 143 146 146 146 146 146 146 146 16529 5099 5099 4699 4499 4199 3899 3999 3699 5499 5199 4999 4766 4499 4199 3999 3999 5599 5599 5099 4899 4799 4799 4199 4199 6199 5899 5599 5499 5199 4999 4699 4499 6499 6099 5999 5699 5599 5299 4899 4699 6899 6499 5999 5799 5699 5499 5399 5199 6799 6799 6699 5999 5799 5799 5499 5299 7199 6799 6699 6299 5999 5599 5499 5299
1 -1 32 112 4 64 64 16532 146 146 146 146 146 146 16528 16531 146 146 146 146 146 146 146 149 16532 146 146 146 146 146 146 149 16531 32916 146 146 146 146 146 149 149 149 16531 146 146 146 146 149 149 149 149 16531 146 146 146 149 149 149 149 149 16531 146 146 149 149 149 149 149 149 16532 146 7099 7299 6799 6399 6299 5999 5699 5499 7499 7199 6899 6599 6199 5899 5899 5499 7599 7499 7199 6899 6399 6199 5899 5799 7699 7499 6999 6999 6699 6299 5999 5999 7899 7532 7299 7099 6899 6599 6499 6099 8132 7899 7699 7299 7299 6999 6599 6499 8432 8399 7899 7699 7399 7399 6699 6599 8999 8765 8299 7999 7799 7499 6899 6899
1 -1 32 120 4 64 64 149 149 149 149 149 149 16531 146 149 149 149 149 149 149 149 16532 149 149 149 149 149 149 149 16531 149 149 149 149 149 149 149 149 149 149 149 149 149 149 149 149 149 149 149 149 149 149 149 149 149 149 149 149 149 149 149 149 149 149 149 149 149 149 149 149 9299 9099 8799 8399 8099 7799 7565 6999 9699 9399 9299 8999 8499 8099 7599 7299 10065 9799 9399 9199 8799 8199 8099 7399 10298 9999 9899 9499 9299 8499 8199 7499 10632 10298 10132 9699 9199 8799 8399 8165 10698 10398 10098 9899 9565 9199 8799 8599 10698 10432 10298 9999 9699 9499 9132 9099 10898 10698 10598 10132 10065 9699 9399 9299
1 -1 40 0 4 1 1 140 0
1 -1 40 8 4 1 1 140 0
1 -1 40 16 4 1 1 140 0
1 -1 40 24 4 1 1 140 0
1 -1 40 32 4 1 64 140 0 0 0 0 0 0 0 0 0 0 0 0 0 0 0 0 199 0 0 0 0 0 0 0 199 0 0 0 0 0 0 0 199 99 0 0 0 0 0 0 199 99 0 0 0 0 0 0 299 199 0 0 0 0 0 0 199 199 299 99 0 0 0 0
1 -1 40 40 4 1 64 140 399 199 199 299 99 0 0 0 399 199 199 199 199 0 0 199 299 299 299 399 99 199 0 99 299 299 199 299 199 199 99 0 399 399 399 399 199 299 199 199 299 399 299 399 399 199 299 299 399 399 399 299 399 199 299 299 499 299 399 399 399 399 199 299
1 -1 40 48 4 1 64 140 599 499 399 399 299 399 299 299 499 399 499 499 399 299 299 399 599 599 399 499 499 399 399 399 499 599 499 399 399 499 399 299 799 599 399 399 499 399 399 299 799 699 799 499 399 399 399 399 599 599 599 599 699 499 399 399 699 699 699 599 599 599 599 399
1 -1 40 56 4 1 64 140 599 799 599 799 599 499 399 499 699 599 599 799 599 499 399 599 799 599 599 799 599 599 599 499 799 799 599 599 599 599 599 599 799 699 799 599 799 599 599 499 799 699 799 699 699 699 599 799 799 799 799 799 799 599 699 699 699 699 699 799 799 799 699 799
1 -1 40 64 4 1 64 140 699 699 699 799 799 699 799 799 799 799 699 599 799 699 799 799 799 599 799 799 799 799 799 799 799 799 799 799 599 699 799 599 799 999 799 699 699 799 799 599 899 899 999 799 999 799 799 599 1099 1199 899 699 899 899 799 799 1099 899 1099 1199 899 799 999 699
1 -1 40 72 4 1 64 140 999 1099 1199 1199 999 999 799 799 1199 899 1099 1099 899 1099 899 899 899 999 999 999 899 999 999 1199 1099 1099 1199 1199 899 1199 999 999 1399 1199 1099 1099 1199 899 1099 899 1599 1299 1299 1399 1399 1099 1199 1099 1299 1499 1499 1299 1499 1399 1199 1199 1499 1299 1499 1299 1499 1499 1399 1299
1 -1 40 80 4 1 64 140 1499 1499 1299 1599 1299 1399 1599 1299 1499 1599 1499 1399 1399 1499 1499 1299 1899 1699 1799 1499 1499 1399 1599 1599 1899 1899 1699 1699 1599 1399 1399 1599 1899 1899 1699 1599 1299 1299 1499 1299 1699 1799 1699 1499 1599 1699 1499 1599 1999 1899 1899 1799 1699 1699 1599 1499 1899 1899 1899 1699 1899 1699 1899 1699
1 -1 40 88 4 1 64 140 2099 1899 1799 1799 1899 1699 1899 1899 2199 2199 1999 1899 1899 1699 1699 1699 2299 1999 1999 2199 1999 1999 1999 1899 2499 2399 2199 2199 2199 2199 1999 1999 2499 2499 2399 2299 2199 2299 2199 2199 2699 2299 2399 2399 2299 2199 2199 2199 2799 2799 2299 2499 2399 2399 2199 2299 3099 2699 2699 2699 2599 2399 2399 2399
1 -1 40 96 4 1 64 140 2899 2999 2699 2699 2499 2299 2599 2399 2899 2999 2899 2599 2699 2599 2399 2399 3099 2999 2899 2699 2499 2499 2499 2499 3299 3099 2999 2799 2699 2699 2599 2499 3299 3199 3099 3099 2799 2799 2699 2699 3299 3199 3099 3199 2999 2799 2799 2799 3499 3099 3099 3099 2999 2999 2999 2799 3399 3299 3299 3299 3199 3199 2799 2799
1 -1 40 104 4 64 64 16525 140 140 140 140 140 140 140 143 16525 140 140 140 140 140 140 143 143 16525 32910 140 140 140 140 143 143 143 143 16525 140 140 140 143 143 143 143 143 16525 140 140 143 143 143 143 143 143 16525 140 143 143 143 143 143 143 143 16525 143 143 143 143 143 143 143 143 3599 3499 3499 3399 3399 3299 3099 2999 3599 3699 3599 3499 3399 3399 3299 3099 4099 3799 3599 3499 3499 3599 3399 3199 4299 4099 3799 3599 3599 3699 3499 3199 4499 4199 3999 3899 3799 3699 3399 3499 4599 4299 4199 3999 3899 3699 3499 3499 4899 4599 4399 4099 3899 3899 3699 3599 5099 4699 4399 4199 4099 4199 3899 3799
1 -1 40 112 4 64 64 143 143 143 143 143 143 143 143 16528 143 143 143 143 143 143 143 146 16528 143 143 143 143 143 143 146 146 16528 143 143 143 143 143 146 146 146 16528 143 143 143 143 146 146 146 146 16528 143 143 143 146 146 146 146 146 16528 32913 143 146 146 146 146 146 146 146 16529 5299 4799 4599 4299 4099 4199 4099 3899 5399 4999 4999 4599 4299 4299 4099 3999 5399 5199 4899 4999 4599 4399 4099 4199 5699 5599 5399 4999 4799 4799 4699 4499 5999 5699 5199 4999 4999 4799 4799 4799 5899 5999 5799 5599 5099 4999 5099 4999 6399 6199 5899 5699 5499 5099 5299 5199 6499 5999 6099 5899 5899 5499 5399 5299
1 -1 40 120 4 64 64 146 146 146 146 146 146 146 16528 146 146 146 146 146 146 146 146 32916 146 146 146 146 146 146 146 149 16531 32916 146 146 146 146 146 149 149 149 16532 146 146 146 146 149 149 149 16531 146 146 146 146 149 149 149 149 16532 146 146 146 149 149 149 149 16531 146 146 146 6799 6399 5999 5899 5799 5699 5699 5299 6799 6499 6199 6099 5799 5799 5599 5599 6899 6699 6499 6399 6299 6099 5899 5799 7199 6899 6699 6699 6599 6399 6399 6099 7699 7599 7199 6899 6799 6799 6699 6199 8299 7999 7699 7199 6899 6699 6699 6599 8799 8199 7899 7499 7099 7199 6899 6699 8899 8399 8099 8099 7599 7099 6999 7099
1 -1 48 0 4 1 1 140 0
1 -1 48 8 4 1 1 140 0
1 -1 48 16 4 1 1 140 0
1 -1 48 24 4 1 1 140 0
1 -1 48 32 4 1 1 140 0
1 -1 48 40 4 1 64 140 0 0 0 0 0 0 0 0 0 0 0 0 0 0 0 0 0 0 0 0 0 0 0 0 0 0 0 0 0 0 0 0 99 199 0 0 0 0 0 0 0 0 99 0 0 0 0 0 199 0 99 0 0 0 0 0 199 299 299 99 0 0 0 0
1 -1 48 48 4 1 64 140 299 99 199 0 99 0 0 0 399 199 199 299 99 0 0 0 399 299 199 199 199 0 0 0 399 399 199 199 199 99 199 0 399 399 299 299 299 199 99 199 399 399 299 299 299 299 99 0 299 399 399 299 399 299 199 99 399 399 399 399 199 99 199 99
1 -1 48 56 4 1 64 140 399 399 299 399 299 299 299 199 599 399 399 399 399 299 299 199 599 499 399 399 299 399 299 399 599 399 399 499 399 299 399 199 599 599 399 499 399 399 299 399 699 599 699 499 399 299 399 399 799 699 499 499 399 399 399 299 599 599 599 499 499 499 399 399
1 -1 48 64 4 1 64 140 799 799 799 699 399 399 499 399 599 699 699 599 499 499 399 399 599 599 799 499 399 499 499 499 799 799 599 499 599 499 399 499 799 699 799 699 699 599 499 599 799 799 599 699 699 499 599 599 599 699 699 799 599 599 699 799 799 599 599 599 799 699 599 599
1 -1 48 72 4 1 64 140 799 699 799 799 799 799 599 599 799 799 599 799 799 799 799 599 999 799 799 799 599 699 799 799 999 999 699 599 799 799 799 799 1099 999 899 999 799 799 799 799 1099 1199 999 799 799 799 799 799 1199 1199 1099 1099 799 799 599 699 1299 1299 899 899 699 799 799 799
1 -1 48 80 4 1 64 140 1399 1399 1099 1199 999 999 799 799 1399 1299 1099 1199 1199 1099 1099 999 1399 1599 1299 1199 899 1199 1199 999 1499 1499 1299 1399 1099 899 1199 1099 1399 1499 1499 1399 1299 999 999 999 1499 1599 1499 1599 1399 1399 1199 1099 1499 1399 1399 1499 1599 1499 1299 999 1699 1499 1499 1499 1499 1499 1499 1399
1 -1 48 88 4 1 64 140 1699 1499 1699 1599 1499 1499 1299 1399 1899 1699 1699 1699 1699 1299 1399 1599 1899 1799 1899 1699 1799 1699 1499 1299 1999 1999 1799 1899 1699 1699 1499 1599 2399 2199 2099 1799 1899 1899 1699 1699 2299 2199 2199 1899 1999 1799 1699 1799 2399 2199 2199 1999 1999 1799 1899 1699 2199 2299 2199 2199 1999 1799 1899 1699
1 -1 48 96 4 1 64 140 2299 2299 2299 2199 2199 2099 1899 1699 2399 2399 2199 1999 2099 2199 1899 1799 2399 2199 2199 2199 1999 2099 1899 1699 2299 2199 2399 2199 2199 2099 1899 1899 2399 2399 2399 2399 2199 1999 1999 1999 2799 2699 2399 2299 2399 2099 1999 1999 2799 2499 2499 2399 2399 2099 1999 1999 2799 2599 2499 2499 2499 2199 2099 1999
1 -1 48 104 4 64 64 140 140 140 140 140 140 140 140 140 140 140 140 140 140 140 140 140 140 140 140 140 140 140 140 140 140 140 140 140 140 140 140 140 140 140 140 140 140 140 140 140 140 140 140 140 140 140 140 32910 140 140 140 140 140 140 140 143 16525 140 140 140 140 140 140 2899 2799 2599 2499 2299 2299 2299 1999 2999 2899 2599 2299 2299 2299 2299 2099 2999 2999 2499 2599 2599 2399 2399 2299 3199 3099 2599 2699 2399 2399 2399 2199 3199 3099 2999 2699 2699 2399 2599 2399 3299 3099 2899 2999 2699 2699 2699 2399 3499 3099 2999 2899 2899 2799 2499 2499 3599 3399 2999 2999 3099 2799 2799 2699
1 -1 48 112 4 64 64 143 143 16525 140 140 140 140 140 143 143 143 16525 32910 140 140 140 143 143 143 143 143 16525 140 140 143 143 143 143 143 143 16525 140 143 143 143 143 143 143 143 16525 143 143 143 143 143 143 143 143 143 143 143 143 143 143 143 143 143 143 143 143 143 143 143 143 3899 3799 3499 3299 3099 2999 2799 2999 3699 3899 3699 3599 3299 3199 3199 2799 4099 4099 4099 3799 3499 3299 3199 2899 4499 4199 4099 4099 3899 3699 3599 3599 4699 4599 4499 4299 4099 3899 3799 3599 4899 4799 4599 4399 4199 3999 3899 3799 5199 4899 4899 4799 4499 4299 4299 3899 5399 4999 4899 4799 4799 4599 4299 4199
1 -1 48 120 4 64 64 32913 32913 32913 32913 143 143 143 143 146 146 146 146 16529 143 143 143 146 146 146 146 16528 143 143 143 146 146 146 146 146 16528 143 143 146 146 146 146 146 146 16529 143 146 146 146 146 146 146 16528 143 146 146 146 146 146 146 146 16529 146 146 146 146 146 146 146 16529 5499 5499 5299 4899 4999 4899 4599 4499 5499 5599 5499 5299 5199 4899 4699 4599 5799 5699 5699 5699 5499 5199 4899 4799 5899 5799 5799 5799 5499 5499 5099 4999 6099 6099 5899 5899 5799 5599 5499 5199 6499 6499 6099 5999 5799 5699 5599 5199 6599 6499 6199 5999 5999 5899 5599 5499 6599 6699 6399 6099 6199 5999 5699 5299
1 -1 56 0 4 1 1 140 0
1 -1 56 8 4 1 1 140 0
1 -1 56 16 4 1 1 140 0
1 -1 56 24 4 1 1 140 0
1 -1 56 32 4 1 1 140 0
1 -1 56 40 4 1 1 140 0
1 -1 56 48 4 1 64 140 0 0 0 0 0 0 0 0 0 0 0 0 0 0 0 0 0 0 0 0 0 0 0 0 0 0 0 0 0 0 0 0 0 0 0 0 0 0 0 0 0 0 0 0 0 0 0 0 0 0 0 0 0 0 0 0 199 0 0 0 0 0 0 0
1 -1 56 56 4 1 64 140 199 99 0 0 0 0 0 0 199 99 0 0 0 0 0 0 199 99 299 99 0 0 0 0 299 299 199 299 99 0 0 0 299 299 199 199 199 0 0 0 399 399 299 299 199 199 0 0 399 399 399 299 199 199 99 0 299 399 399 399 199 299 0 99
1 -1 56 64 4 1 64 140 399 399 399 399 399 399 99 199 399 399 299 399 399 399 399 199 499 499 299 399 299 399 399 99 499 399 399 399 399 299 299 299 399 399 499 499 399 299 299 299 599 499 499 399 399 299 299 299 499 399 599 399 399 399 399 399 799 499 599 399 399 399 399 299
1 -1 56 72 4 1 64 140 699 599 399 599 399 399 399 399 599 399 499 599 399 399 499 499 599 599 599 599 499 399 399 499 799 799 599 799 499 499 399 499 799 799 599 699 599 599 499 399 799 799 799 799 499 499 599 599 799 599 799 599 599 399 599 599 799 799 799 699 599 499 399 499
1 -1 56 80 4 1 64 140 799 799 799 799 599 599 599 499 799 799 699 799 599 599 699 799 999 999 799 799 699 699 499 499 999 699 599 799 699 799 599 799 799 799 999 799 799 599 799 599 799 999 999 999 599 799 599 599 999 1099 799 799 799 599 599 599 1099 999 799 699 799 799 699 699
1 -1 56 88 4 1 64 140 1099 999 999 999 999 799 599 799 1499 1399 999 999 799 799 799 599 1399 1599 1199 1199 999 899 799 699 1299 1499 1099 899 799 799 799 799 1399 1499 1299 1199 1199 1099 799 599 1499 1499 1399 1099 899 899 799 799 1699 1499 1399 1299 1199 999 899 999 1699 1699 1499 1599 1499 899 1199 999
1 -1 56 96 4 1 64 140 1699 1499 1599 1599 1399 1399 1199 999 1699 1499 1499 1299 1499 1499 1399 899 1699 1799 1499 1499 1499 1299 1099 1199 1699 1699 1499 1499 1299 1299 1199 1099 1899 1699 1499 1299 1499 999 1199 1199 1899 1899 1499 1299 1599 1199 999 999 1799 1799 1699 1699 1599 1399 999 899 1899 1799 1699 1699 1499 1499 1199 899
1 -1 56 104 4 1 64 140 2099 1899 1899 1699 1799 1599 1099 999 2099 2099 1899 1899 1699 1499 1299 999 2299 2199 1899 1799 1699 1399 1299 1199 2199 2199 1999 1899 1799 1599 1499 1199 2299 2099 2099 1999 1899 1699 1599 1299 2399 2399 2299 2299 1899 1999 1599 1599 2499 2399 2299 2299 2199 1899 1999 1499 2499 2499 2599 2299 2199 1899 1899 1399
1 -1 56 112 4 64 64 140 140 140 140 140 140 140 140 140 140 140 140 140 140 140 140 140 140 140 140 140 140 140 140 140 140 140 140 140 140 140 140 32910 140 140 140 140 140 140 140 143 16525 140 140 140 140 140 140 143 143 16526 140 140 140 140 140 143 143 16525 140 140 140 140 140 2799 2499 2699 2399 2199 1999 1799 1599 2799 2799 2499 2499 2199 1999 1999 1799 2899 2899 2799 2399 2399 2199 1899 1799 3099 2899 2799 2699 2599 2199 1999 1899 3299 3299 2899 2799 2699 2299 2099 1999 3499 3099 2899 2799 2699 2499 2199 1999 3899 3499 3199 2899 2799 2699 2299 2099 3999 3899 3299 3299 2899 2699 2599 2499
1 -1 56 120 4 64 64 143 143 143 16525 140 140 140 140 143 143 143 143 16525 140 140 140 143 143 143 143 143 16526 140 140 143 143 143 143 143 16526 140 140 143 143 143 143 143 16525 32910 140 143 143 143 143 143 143 143 16526 143 143 143 143 143 143 143 16526 143 143 143 143 143 143 143 16525 4199 3999 3599 3299 3099 2899 2799 2599 4499 4199 3999 3699 3399 3099 2899 2799 4799 4399 4099 3999 3699 3399 3099 2999 5099 4599 4399 4099 3999 3799 3299 3299 4999 4799 4499 4199 4099 3799 3399 3399 4999 4799 4599 4299 4199 3699 3799 3499 5399 4899 4799 4499 4099 3899 3899 3499 5299 4999 4799 4599 4199 3999 4099 3799
1 -1 64 0 4 1 1 140 0
1 -1 64 8 4 1 1 140 0
1 -1 64 16 4 1 1 140 0
1 -1 64 24 4 1 1 140 0
1 -1 64 32 4 1 1 140 0
1 -1 64 40 4 1 1 140 0
1 -1 64 48 4 1 1 140 0
1 -1 64 56 4 1 64 140 0 0 0 0 0 0 0 0 0 0 0 0 0 0 0 0 0 0 0 0 0 0 0 0 0 0 0 0 0 0 0 0 0 0 0 0 0 0 0 0 0 0 0 0 0 0 0 0 0 0 0 0 0 0 0 0 0 99 0 0 0 0 0 0
1 -1 64 64 4 1 64 140 99 0 0 0 0 0 0 0 199 99 99 0 0 0 0 0 299 199 99 199 0 0 0 0 299 199 199 99 0 0 0 0 299 299 299 99 0 99 0 0 399 399 299 199 199 99 99 0 399 399 399 199 299 199 99 0 399 399 299 299 199 199 199 0
1 -1 64 72 4 1 64 140 399 399 299 299 99 299 199 99 399 299 299 399 299 299 299 299 399 399 399 399 399 399 299 199 399 399 399 299 399 299 299 99 499 499 399 299 399 399 199 99 499 499 299 399 399 399 399 299 499 699 399 399 399 399 399 299 499 699 499 299 299 399 299 399
1 -1 64 80 4 1 64 140 599 499 399 399 399 399 399 299 599 499 399 499 399 399 299 399 499 399 399 399 299 399 399 399 799 599 499 399 399 399 399 399 699 599 699 499 499 399 399 299 599 699 699 499 599 599 399 299 699 599 799 499 399 399 399 399 599 799 799 499 499 499 499 399
1 -1 64 88 4 1 64 140 599 599 799 599 499 599 499 499 499 699 599 599 599 599 499 399 499 599 599 599 599 599 399 499 499 599 699 599 599 599 499 399 799 599 599 699 699 599 599 499 599 599 599 699 699 699 499 399 699 799 599 799 599 799 599 399 699 799 699 599 799 599 799 599
1 -1 64 96 4 1 64 140 799 599 799 699 799 799 799 499 799 599 799 799 599 599 799 599 799 699 799 599 399 799 799 799 799 699 599 599 599 599 799 799 799 799 799 599 699 599 599 599 699 799 799 599 599 599 599 599 999 799 699 599 599 499 399 399 799 699 699 599 599 399 399 299
1 -1 64 104 4 1 64 140 699 799 799 599 599 599 299 399 999 599 799 599 499 599 299 399 999 599 599 599 599 399 499 399 1199 799 699 599 799 399 399 399 999 799 799 699 799 599 699 499 1099 1099 799 799 799 699 599 599 1299 1199 999 799 799 599 699 499 1599 899 899 999 799 799 599 599
1 -1 64 112 4 1 64 140 1399 1199 899 799 899 799 799 799 1599 1299 999 999 799 799 799 699 1599 1399 1199 1099 799 699 599 799 1499 1499 999 1099 899 599 799 599 1699 1599 1299 1299 1099 699 699 599 1599 1599 1299 1299 1299 999 999 599 1899 1699 1699 1499 1299 1399 1299 999 2099 2199 1999 1699 1499 999 1199 1099
1 -1 64 120 4 1 64 140 2399 2299 1999 1799 1599 1299 999 1299 2699 2499 2199 2199 1799 1699 1599 1099 2799 2699 2399 2299 1999 1499 1699 1399 2999 2799 2699 2399 2299 1999 1699 1599 2999 2999 2799 2499 2099 1999 1799 1699 3299 2999 3099 2699 2499 2299 1799 1499 3499 3099 3199 2699 2499 2099 2099 1699 3699 3399 3099 2799 2499 2499 2199 1699
1 -1 72 0 4 1 1 140 0
1 -1 72 8 4 1 1 140 0
1 -1 72 16 4 1 1 140 0
1 -1 72 24 4 1 1 140 0
1 -1 72 32 4 1 1 140 0
1 -1 72 40 4 1 1 140 0
1 -1 72 48 4 1 1 140 0
1 -1 72 56 4 1 1 140 0
1 -1 72 64 4 1 1 140 0
1 -1 72 72 4 1 64 140 0 0 0 0 0 0 0 0 99 0 0 0 0 0 0 0 0 199 0 0 0 0 0 0 199 99 99 0 0 0 0 0 199 199 0 0 0 0 0 0 99 199 99 0 0 0 0 0 299 299 199 199 0 0 0 0 199 299 299 199 0 0 0 0
1 -1 72 80 4 1 64 140 199 299 299 0 0 0 0 0 299 299 299 199 0 0 0 0 399 299 299 0 199 99 199 0 399 399 299 99 199 0 99 0 399 299 299 299 199 199 99 0 399 399 399 199 299 299 99 0 299 299 299 399 299 299 99 199 399 299 399 399 199 199 99 99
1 -1 72 88 4 1 64 140 299 399 399 399 299 199 199 199 399 399 399 399 199 199 199 99 499 399 299 299 199 299 199 0 399 399 399 299 299 199 99 99 499 499 399 399 299 399 299 99 499 399 399 399 399 299 199 199 399 499 499 299 399 299 399 299 599 599 499 299 399 299 399 299
1 -1 72 96 4 1 64 140 499 499 399 499 499 299 399 399 499 599 599 399 499 399 399 299 599 499 399 399 499 499 299 399 599 599 499 399 399 499 399 399 599 799 499 599 499 399 399 399 699 799 699 499 399 399 399 399 599 599 799 499 399 499 499 399 499 599 699 599 499 399 299 299
1 -1 72 104 4 1 64 140 699 599 699 599 599 399 499 399 399 399 499 499 699 499 499 499 299 399 499 599 599 399 499 399 399 399 399 599 799 699 599 399 299 399 399 399 799 399 599 599 399 399 399 499 499 799 499 399 299 399 399 299 399 599 499 499 399 399 399 399 499 499 499 499
1 -1 72 112 4 1 64 140 399 299 399 399 399 499 399 399 499 399 399 399 399 399 399 399 599 499 299 399 399 399 399 399 599 699 399 399 399 399 399 399 599 499 399 399 399 399 399 299 599 599 599 399 399 499 399 299 999 899 899 699 799 799 799 599 799 599 599 499 399 399 299 199
1 -1 72 120 4 1 64 140 899 799 799 599 599 399 299 299 999 799 799 599 699 399 299 299 1199 799 599 599 599 399 399 399 1099 1099 699 599 599 499 299 399 1399 1099 899 699 499 499 399 399 1499 1099 899 899 799 599 399 299 1299 1399 999 899 799 799 599 399 1599 1299 1399 1099 899 899 599 399
1 -1 80 0 4 1 1 140 0
1 -1 80 8 4 1 1 140 0
1 -1 80 16 4 1 1 140 0
1 -1 80 24 4 1 1 140 0
1 -1 80 32 4 1 1 140 0
1 -1 80 40 4 1 1 140 0
1 -1 80 48 4 1 1 140 0
1 -1 80 56 4 1 1 140 0
1 -1 80 64 4 1 1 140 0
1 -1 80 72 4 1 1 140 0
1 -1 80 80 4 1 1 140 0
1 -1 80 88 4 1 64 140 0 0 0 0 0 0 0 0 0 0 0 0 0 0 0 0 0 0 0 0 0 0 0 0 0 0 0 0 0 0 0 0 199 99 0 0 0 0 0 0 99 199 99 0 0 0 0 0 199 199 99 0 0 0 0 0 199 199 99 0 0 0 0 0
1 -1 80 96 4 1 64 140 399 299 99 0 0 0 0 0 299 299 199 99 0 0 0 0 299 199 99 299 0 0 0 0 299 299 199 99 0 0 0 0 299 299 199 199 99 99 0 0 399 299 299 299 99 0 0 0 399 399 299 299 199 199 0 0 399 399 399 99 299 99 99 0
1 -1 80 104 4 1 64 140 399 399 399 299 99 299 0 0 399 399 399 399 199 299 199 99 299 399 399 299 399 299 99 99 399 399 399 399 299 399 199 199 399 399 399 399 199 299 199 199 499 399 399 399 299 199 299 299 599 499 399 399 399 299 299 199 599 499 499 399 299 399 199 199
1 -1 80 112 4 1 64 140 399 499 499 499 399 399 399 399 399 499 499 399 399 399 299 399 399 399 299 399 299 399 399 399 399 399 499 499 399 299 399 399 299 299 499 499 399 399 399 399 399 399 599 599 399 399 399 399 599 699 699 599 699 599 299 299 299 399 299 299 399 599 499 399
1 -1 80 120 4 1 64 140 299 299 399 299 399 399 499 499 299 399 399 199 399 399 399 399 299 199 299 199 299 399 299 399 399 299 299 199 299 199 399 399 399 299 299 299 399 399 199 199 399 299 399 299 299 199 99 99 399 399 399 299 299 299 299 199 299 399 399 399 299 299 399 199
1 -1 88 0 4 1 1 140 0
1 -1 88 8 4 1 1 140 0
1 -1 88 16 4 1 1 140 0
1 -1 88 24 4 1 1 140 0
1 -1 88 32 4 1 1 140 0
1 -1 88 40 4 1 1 140 0
1 -1 88 48 4 1 1 140 0
1 -1 88 56 4 1 1 140 0
1 -1 88 64 4 1 1 140 0
1 -1 88 72 4 1 1 140 0
1 -1 88 80 4 1 1 140 0
1 -1 88 88 4 1 1 140 0
1 -1 88 96 4 1 1 140 0
1 -1 88 104 4 1 64 140 0 0 0 0 0 0 0 0 0 0 0 0 0 0 0 0 0 0 0 0 0 0 0 0 99 0 0 0 0 0 0 0 199 99 0 0 0 0 0 0 199 0 0 0 0 0 0 0 0 99 0 0 0 0 0 0 299 99 0 0 0 0 0 0
1 -1 88 112 4 1 64 140 199 199 0 0 0 0 0 0 299 299 99 0 99 0 0 0 299 199 199 99 0 0 0 0 399 299 199 99 0 99 0 0 299 299 299 199 0 99 0 0 299 399 299 199 199 199 0 0 299 299 299 299 199 99 99 0 399 399 399 299 99 199 0 0
1 -1 88 120 4 1 64 140 499 399 299 399 299 299 99 199 499 399 399 399 399 299 199 99 399 499 399 299 399 399 299 199 299 399 399 299 399 399 199 299 399 399 499 299 399 399 399 299 399 399 399 399 399 399 399 299 199 399 299 499 399 299 299 399 299 399 399 399 399 399 399 399
1 -1 96 0 4 1 1 140 0
1 -1 96 8 4 1 1 140 0
1 -1 96 16 4 1 1 140 0
1 -1 96 24 4 1 1 140 0
1 -1 96 32 4 1 1 140 0
1 -1 96 40 4 1 1 140 0
1 -1 96 48 4 1 1 140 0
1 -1 96 56 4 1 1 140 0
1 -1 96 64 4 1 1 140 0
1 -1 96 72 4 1 1 140 0
1 -1 96 80 4 1 1 140 0
1 -1 96 88 4 1 1 140 0
1 -1 96 96 4 1 1 140 0
1 -1 96 104 4 1 1 140 0
1 -1 96 112 4 1 1 140 0
1 -1 96 120 4 1 64 140 0 0 0 0 0 0 0 0 0 99 0 0 0 0 0 0 99 0 0 0 0 0 0 0 99 0 199 0 0 0 0 0 199 299 99 99 0 0 0 0 299 299 99 0 0 0 0 0 299 299 199 199 99 0 0 0 399 299 199 299 99 0 0 0
1 -1 104 0 4 1 1 140 0
1 -1 104 8 4 1 1 140 0
1 -1 104 16 4 1 1 140 0
1 -1 104 24 4 1 1 140 0
1 -1 104 32 4 1 1 140 0
1 -1 104 40 4 1 1 140 0
1 -1 104 48 4 1 1 140 0
1 -1 104 56 4 1 1 140 0
1 -1 104 64 4 1 1 140 0
1 -1 104 72 4 1 1 140 0
1 -1 104 80 4 1 1 140 0
1 -1 104 88 4 1 1 140 0
1 -1 104 96 4 1 1 140 0
1 -1 104 104 4 1 1 140 0
1 -1 104 112 4 1 1 140 0
1 -1 104 120 4 1 1 140 0
1 -1 112 0 4 1 1 140 0
1 -1 112 8 4 1 1 140 0
1 -1 112 16 4 1 1 140 0
1 -1 112 24 4 1 1 140 0
1 -1 112 32 4 1 1 140 0
1 -1 112 40 4 1 1 140 0
1 -1 112 48 4 1 1 140 0
1 -1 112 56 4 1 1 140 0
1 -1 112 64 4 1 1 140 0
1 -1 112 72 4 1 1 140 0
1 -1 112 80 4 1 1 140 0
1 -1 112 88 4 1 1 140 0
1 -1 112 96 4 1 1 140 0
1 -1 112 104 4 1 1 140 0
1 -1 112 112 4 1 1 140 0
1 -1 112 120 4 1 1 140 0
1 -1 120 0 4 1 1 140 0
1 -1 120 8 4 1 1 140 0
1 -1 120 16 4 1 1 140 0
1 -1 120 24 4 1 1 140 0
1 -1 120 32 4 1 1 140 0
1 -1 120 40 4 1 1 140 0
1 -1 120 48 4 1 1 140 0
1 -1 120 56 4 1 1 140 0
1 -1 120 64 4 1 1 140 0
1 -1 120 72 4 1 1 140 0
1 -1 120 80 4 1 1 140 0
1 -1 120 88 4 1 1 140 0
1 -1 120 96 4 1 1 140 0
1 -1 120 104 4 1 1 140 0
1 -1 120 112 4 1 1 140 0
1 -1 120 120 4 1 1 140 0
1 0 0 0 4 64 64 146 146 146 146 146 146 148 49299 146 146 146 146 146 146 146 146 49296 146 146 146 146 146 146 146 49297 146 146 146 146 146 146 146 143 49296 146 146 146 146 146 146 143 49297 146 146 146 146 146 146 143 143 49296 146 146 146 146 146 143 143 49297 146 146 146 146 146 5499 5899 5999 6499 6865 6999 7099 7465 5299 5699 5999 6399 6599 7065 6999 7232 5299 5599 5799 6199 6499 6899 6899 6999 5099 5299 5866 5999 6199 6599 6699 7065 4799 5299 5499 5799 6099 6299 6599 7099 4799 5099 5299 5799 5799 6199 6499 6899 4699 4999 5199 5599 5799 5899 6399 6999 4599 4699 5199 5399 5799 5999 6499 6599
1 0 0 8 4 64 64 143 143 143 49296 146 146 146 146 143 143 143 49297 146 146 146 146 143 143 143 143 49296 146 146 146 143 143 143 143 143 49296 146 146 143 143 143 143 143 49297 146 146 143 143 143 143 143 49297 146 146 143 143 143 143 143 143 49296 146 143 143 143 143 143 143 49297 146 4299 4399 5099 5299 5599 5899 6199 6499 4399 4332 4599 5099 5299 5699 5999 6299 4299 4299 4332 4999 5299 5399 5699 6199 4299 4299 4399 4499 4999 5199 5599 5799 4399 4299 4299 4499 4899 5199 5566 5799 4299 4299 4399 4499 4899 5199 5399 5699 4199 4299 4299 4299 4699 5099 5199 5599 4099 4199 4499 4299 4699 4899 5099 5399
1 0 0 16 4 64 64 143 143 143 143 143 143 143 49296 143 143 143 143 143 143 143 49297 143 143 143 143 143 143 143 143 143 143 143 143 143 143 143 143 143 143 143 143 143 143 143 143 143 143 143 143 143 143 143 143 143 143 143 143 143 143 143 143 143 143 143 143 143 143 143 143 3999 4099 4399 4499 4499 5099 5199 5299 3999 3999 4099 4299 4299 4699 4899 5299 3999 3999 3999 4099 4299 4299 4899 5099 3999 3999 3999 3999 4199 4299 4699 4899 3999 3999 3999 3999 4099 4399 4399 4699 3999 3999 3999 3999 3999 4299 4499 4699 3999 3999 3999 3999 3999 4099 4299 4599 3999 3999 3999 3999 3999 4099 4299 4499
1 0 0 24 4 1 64 143 3999 3999 3999 3999 3999 4099 4299 4399 3999 3999 3999 3999 3999 4099 4399 4299 3999 3999 3999 3999 3999 4099 4199 4499 3999 3999 3999 3999 3999 4099 4099 4399 3999 3999 3999 3999 3999 4099 4099 4199 3999 3999 3999 3999 3999 4099 4199 4199 3999 3999 3999 3999 4099 4199 3999 4099 3999 3999 3999 3999 4099 4199 4299 4199
1 0 0 32 4 1 64 143 3999 3999 3999 3999 4199 4299 4199 4099 3999 3999 3999 4099 4099 4199 4199 4199 3999 3999 4099 4099 4099 4199 4199 4099 3999 3999 4099 4199 4099 4099 4299 4199 4099 4099 4199 4199 4199 4199 4099 4199 4099 4199 4099 4099 4099 4099 4199 4099 4099 4099 4199 4099 4199 4099 4099 4299 4199 4099 4199 4099 4099 4099 4199 4199
1 0 0 40 4 64 64 143 143 143 143 143 143 143 143 143 143 143 143 141 142 142 142 143 143 141 142 140 32910 32910 32910 141 142 140 140 32909 143 143 143 140 140 32910 32909 143 143 143 143 32910 32909 143 143 143 143 143 143 143 143 143 143 143 143 143 143 143 143 143 143 143 143 143 143 4199 4099 4099 4099 3999 3899 3799 3899 4099 4099 3999 3899 3599 3499 3399 3299 3899 3899 3599 3399 3199 3099 3099 3099 3699 3499 3099 2999 3099 3199 3499 3499 3199 2999 2999 3199 3499 3799 3899 3899 2999 3199 3399 3499 3799 4099 4099 4099 3399 3599 3799 3899 4099 4099 4099 4099 3699 3899 3999 4099 3999 4199 4099 3999
1 0 0 48 4 1 64 143 3799 3999 4099 4099 4099 3999 3999 3999 3999 3999 3999 3999 3999 3999 3999 3999 3999 3999 3999 3999 3999 3999 3999 3999 3999 3999 3999 3999 3999 3999 3999 3999 3999 3999 3999 3999 3999 3999 3999 3999 3999 3999 3999 3999 3999 3999 3999 3999 3999 3999 3999 3999 3999 3999 3999 3999 3999 3999 3999 3999 3999 3999 3999 3999
1 0 0 56 4 1 1 143 3999
1 0 0 64 4 1 1 143 3999
1 0 0 72 4 1 1 143 3999
1 0 0 80 4 1 1 143 3999
1 0 0 88 4 1 64 143 3999 3999 3999 3999 3999 3999 3999 3999 3999 3999 3999 3999 3999 3999 3999 3999 3999 3999 3999 3999 3999 3999 3999 3999 3999 3999 3999 3999 3999 3999 3999 3999 3999 3999 3999 3999 3999 3999 3999 3999 3999 3999 3999 3999 3999 3999 3999 3999 3999 3999 3999 3999 3999 3999 3999 3999 3999 3999 3999 3999 3999 3999 3999 4099
1 0 0 96 4 1 64 143 3999 3999 3999 3999 3999 3999 3999 3999 3999 3999 3999 3999 3999 3999 3999 3999 3999 3999 3999 3999 3999 3999 3999 4199 3999 3999 3999 3999 3999 3999 3999 3999 3999 3999 3999 3999 3999 3999 3999 4199 3999 3999 3999 3999 3999 3999 3999 4099 3999 3999 3999 3999 3999 3999 3999 3999 3999 3999 3999 3999 3999 4099 3999 3999
1 0 0 104 4 1 64 143 3999 3999 3999 3999 3999 3899 3899 3999 3999 3999 3999 3999 3999 3899 3899 4099 3999 3999 3999 3999 4099 3999 3999 4199 3999 3999 3999 3999 3999 3999 4099 4099 3999 3999 3999 3999 4099 4099 3999 4099 3999 3999 3999 4099 4099 4199 4099 4199 3999 3999 3999 3999 4199 4099 3999 4199 3999 3999 3999 3999 4099 3999 4099 4299
1 0 0 112 4 64 64 143 143 143 143 143 143 143 143 143 143 143 143 143 143 143 143 143 143 143 143 143 143 143 143 143 143 143 143 143 143 143 143 143 143 143 143 143 143 143 143 143 143 143 143 143 143 143 143 143 143 143 143 143 143 143 143 143 143 143 143 143 143 143 49297 3999 3999 3999 3999 3999 4099 4099 4299 3999 3999 3999 4199 3999 3999 4199 4499 3999 3999 3999 3999 4199 4299 4499 4599 3999 4199 4099 3999 4199 4299 4499 4499 3999 4199 3999 4199 4299 4299 4399 4799 3999 4199 4199 4099 4299 4599 4799 4999 3999 4199 4099 4099 4399 4699 4999 5099 3999 4199 4199 4299 4599 4699 5099 5299
1 0 0 120 4 64 64 143 143 143 143 143 143 143 49297 143 143 143 143 143 143 143 32912 143 143 143 143 143 143 32912 146 143 143 143 143 143 49297 146 146 143 143 143 143 143 32912 146 146 143 143 143 143 32912 146 146 146 143 143 143 32912 146 146 146 146 143 143 32912 146 146 146 146 146 3999 4199 4199 4499 4699 4899 5299 5399 4199 4299 4299 4599 4799 4999 5299 5499 4299 4299 4599 4699 4999 5299 5299 5399 4299 4499 4699 4699 5099 5299 5599 5599 4399 4599 4799 4999 5199 5599 5599 5699 4399 4899 4999 5199 5299 5499 5499 5799 4899 4799 5099 5299 5599 5599 5699 5899 4899 5199 5199 5399 5599 5899 5999 5999
1 0 8 0 4 64 64 149 149 149 149 149 149 149 149 148 49299 149 149 149 149 149 149 146 146 49299 149 149 149 149 149 146 146 49300 149 149 149 149 149 146 146 49300 149 149 149 149 149 146 146 49300 149 149 149 149 149 146 146 49300 149 149 149 149 149 146 146 146 49299 149 149 149 149 7499 7699 7799 7799 7599 7799 7699 7699 7399 7499 7499 7799 7599 7665 7699 7732 7199 7399 7632 7599 7599 7832 7899 7665 7199 7299 7565 7465 7765 7799 7699 7599 7199 7399 7499 7599 7765 7799 7699 7699 7199 7299 7499 7565 7799 7665 7832 7699 7065 7199 7299 7399 7699 7799 7799 7799 6699 7099 7365 7332 7632 7799 7665 7765
1 0 8 8 4 64 64 146 146 146 49300 149 149 32915 149 146 146 146 146 148 49299 149 149 146 146 146 146 146 49300 149 149 146 146 146 146 146 146 148 32915 146 146 146 146 146 146 49300 149 146 146 146 146 146 146 49300 149 146 146 146 146 146 146 49300 149 146 146 146 146 146 146 146 49299 6699 6999 7199 7299 7665 7699 7532 7599 6432 6599 7099 7199 7399 7565 7532 7599 6399 6399 6899 7099 7299 7399 7532 7732 6199 6499 6865 7099 7065 7465 7632 7532 6099 6399 6632 6965 7099 7299 7565 7665 5899 6199 6599 6932 6999 7199 7399 7532 5799 6166 6332 6599 6732 7099 7199 7365 5699 5999 6399 6399 7099 7099 7199 7232
1 0 8 16 4 64 64 146 146 146 146 146 146 146 49300 146 146 146 146 146 146 146 146 49296 146 146 146 146 146 146 146 143 49296 146 146 146 146 146 146 143 49297 146 146 146 146 146 146 143 143 49296 146 146 146 146 146 143 143 49297 146 146 146 146 146 143 143 143 49296 146 146 146 146 5599 5899 6199 6466 6666 6899 7099 7299 5399 5799 5999 6199 6499 7065 7032 7199 5299 5499 5699 6099 6399 6799 7099 7199 5099 5299 5599 5866 6199 6666 6999 7165 5066 5099 5299 5699 5999 6566 6799 7099 4899 5099 5399 5599 5999 6232 6699 6999 4699 5099 5299 5499 5699 6132 6399 6765 4699 4899 4899 5199 5599 5832 6099 6599
1 0 8 24 4 64 64 143 143 143 49297 146 146 146 146 143 143 143 143 49296 146 146 146 143 143 143 143 49297 146 146 146 143 143 143 143 49297 146 146 146 143 143 143 143 49297 146 146 146 143 143 143 143 143 49296 146 146 143 143 143 143 143 49297 146 146 143 143 143 143 143 143 49296 146 4599 4699 4899 5199 5332 5699 6099 6299 4599 4599 4799 5099 5199 5599 5999 6299 4499 4399 4699 4899 5299 5499 5799 6199 4399 4399 4599 4699 5099 5399 5632 5999 4299 4399 4599 4699 4799 5266 5699 5799 4199 4499 4599 4599 4899 5299 5499 5599 4299 4399 4399 4599 4699 5099 5332 5699 4099 4199 4399 4399 4599 4799 5299 5499
1 0 8 32 4 64 64 143 143 143 143 143 143 49297 146 143 143 143 143 143 143 143 49296 143 143 143 143 143 143 143 143 143 143 143 143 143 143 143 143 143 143 143 143 143 143 143 143 143 143 143 143 143 143 143 143 143 143 143 143 143 143 143 143 143 143 143 143 143 143 143 143 4099 4099 4399 4399 4699 4799 5099 5399 4199 4199 4399 4299 4599 4799 4899 5199 4199 4199 4399 4499 4499 4599 4899 5199 4199 4199 4199 4399 4499 4666 4899 5099 3999 3999 4199 4199 4199 4499 4799 5199 3999 3999 4199 4199 4399 4499 4599 4899 4099 3999 4199 4199 4399 4399 4699 4799 4099 4099 4199 4299 4299 4299 4499 4699
1 0 8 40 4 64 64 143 143 143 143 143 143 143 143 142 142 142 142 142 49293 143 143 32910 32910 32910 32910 32910 32910 140 32909 143 143 143 143 143 143 143 143 143 143 143 143 143 143 143 143 143 143 143 143 143 143 143 143 143 143 143 143 143 143 143 143 143 143 143 143 143 143 143 143 3999 3999 4099 4099 4099 4299 4399 4399 3199 3199 3299 3299 3499 3632 3799 3899 3199 3199 3299 3199 3099 2999 3099 3399 3699 3799 3799 3699 3699 3399 3299 3099 3899 3899 3999 3899 3999 3899 3799 3899 4099 4199 4099 4099 4199 4199 4166 4199 4099 4199 4099 4199 4099 4099 4099 4199 3999 3999 3999 4099 4099 4099 4099 4299
1 0 8 48 4 1 64 143 3999 3999 3999 3999 3999 4099 4099 4099 3999 3999 3999 3999 3999 3999 4099 4299 3999 3999 3999 3999 3999 3999 3999 4199 3999 3999 3999 3999 3999 3999 3999 4099 3999 3999 3999 3999 3999 3999 3999 4099 3999 3999 3999 3999 3999 3999 3999 3999 3999 3999 3999 3999 3999 3999 3999 3999 3999 3999 3999 3999 3999 3999 3999 3999
1 0 8 56 4 1 1 143 3999
1 0 8 64 4 1 64 143 3999 3999 3999 3999 3999 3999 3999 3999 3999 3999 3999 3999 3999 3999 3999 4099 3999 3999 3999 3999 3999 3999 3999 4199 3999 3999 3999 3999 3999 3999 3999 4099 3999 3999 3999 3999 3999 3999 3999 4099 3999 3999 3999 3999 3999 3999 3999 4099 3999 3999 3999 3999 3999 3999 4099 4299 3999 3999 3999 3999 3999 3999 4099 4099
1 0 8 72 4 1 64 143 3999 3999 3999 3999 3999 4099 3999 4099 3999 3999 3999 3999 3999 4099 4099 4299 3999 3999 3999 3999 3999 3899 3999 4099 3999 3999 3999 3999 3999 3899 3899 4099 3999 3999 3999 3999 3899 3899 3999 4299 3999 3999 3999 3999 3899 3899 4099 4199 3999 3999 3999 3899 3699 4099 3899 4199 3999 3999 3999 3799 3799 4099 4099 4299
1 0 8 80 4 1 64 143 3999 3999 3999 3799 3899 3899 4099 4299 3999 4099 4099 3699 3899 3899 4299 4299 3999 3999 4099 3699 3699 4099 4099 4299 3999 3999 4099 3699 3899 3899 4099 4399 3999 3999 4199 3799 3899 4099 4299 4499 3999 4099 3699 3899 3899 3899 4399 4599 3999 3999 3899 3799 3899 3899 4199 4499 3999 4099 3899 3899 3899 4099 4399 4699
1 0 8 88 4 64 64 143 143 143 143 143 143 143 143 143 143 143 143 143 143 143 143 143 143 143 143 143 143 143 143 143 143 143 143 143 143 143 143 143 143 143 143 143 143 143 49297 143 143 143 143 143 143 143 49297 143 143 143 143 143 143 143 143 143 143 143 143 143 143 143 143 3999 3999 3699 3899 3999 4199 4299 4599 3999 3999 3699 3699 3999 4199 4399 4599 3999 3999 3799 3899 3899 4299 4399 4799 4099 3999 4099 3899 3999 4199 4399 4799 3999 3899 3899 3999 3999 4299 4699 4799 4099 3999 3999 3999 3999 4399 4599 4899 4199 3999 3999 3999 4099 4399 4799 4999 3999 4099 3999 3999 4099 4299 4799 4899
1 0 8 96 4 64 64 143 143 143 143 143 143 143 143 143 143 143 143 143 143 143 143 143 143 143 143 143 143 143 143 143 143 143 143 143 143 143 32912 143 143 143 143 143 143 49297 146 143 143 143 143 143 143 49297 146 143 143 143 143 143 143 49297 146 143 143 143 143 143 143 49297 146 3999 3999 3999 3999 4199 4399 4699 4899 3999 3999 3999 4199 4299 4599 4699 4999 3999 3999 3999 4199 4399 4499 4899 5099 3999 4199 4099 4099 4199 4699 4899 4999 4099 4099 4199 4199 4399 4699 4899 5299 3999 3999 4199 4199 4599 4999 4999 5399 3999 4099 4199 4299 4599 4899 5099 5399 4099 4099 4299 4499 4699 4999 5399 5399
1 0 8 104 4 64 64 143 143 143 143 143 143 49297 146 143 143 143 143 143 143 32912 146 143 143 143 143 143 32912 146 146 143 143 143 143 49297 146 146 146 143 143 143 143 49297 146 146 146 143 143 143 143 49297 146 146 146 143 143 143 143 32912 146 146 146 143 143 143 49297 146 146 146 146 4099 4199 4499 4499 4899 4999 5199 5499 4099 4199 4499 4799 4899 5299 5599 5599 3999 4499 4499 4799 4999 5199 5499 5599 4299 4399 4699 4799 5199 5299 5499 5699 4499 4399 4699 5099 5199 5299 5699 5799 4499 4399 4799 5099 5299 5599 5599 5799 4399 4599 4899 5199 5199 5599 5799 5899 4499 4599 4899 5199 5399 5599 5799 6199
1 0 8 112 4 64 64 143 143 143 32912 146 146 146 146 143 143 49297 146 146 146 146 146 143 143 32912 146 146 146 146 146 143 49297 146 146 146 146 146 146 143 49297 146 146 146 146 146 146 143 32912 146 146 146 146 146 146 32912 146 146 146 146 146 146 146 146 146 146 146 146 146 146 49300 4499 4699 5199 5099 5599 5799 5899 6199 4499 4899 5199 5299 5499 5799 5899 6399 4799 4999 5199 5399 5699 5799 6199 6299 5199 5199 5299 5399 5799 5899 6199 6399 5199 5099 5399 5699 5799 5799 6399 6599 5299 5399 5399 5699 5799 5999 6399 6499 5299 5599 5499 5799 5899 6199 6399 6799 5399 5499 5699 5799 5899 6199 6499 6799
1 0 8 120 4 64 64 146 146 146 146 146 146 146 49300 146 146 146 146 146 146 146 49300 146 146 146 146 146 146 32916 32915 146 146 146 146 146 49300 149 149 146 146 146 146 146 49300 149 149 146 146 146 146 146 146 32915 149 146 146 146 146 146 32915 149 149 146 146 146 146 32915 149 149 149 5499 5699 5599 5799 6199 6399 6799 7099 5499 5699 5799 6099 6399 6599 6799 6899 5499 5599 5899 6299 6499 6699 6799 7299 5799 5899 6099 6299 6499 6899 7099 7299 5799 5999 6299 6499 6699 6799 7099 7699 6099 6199 6399 6699 6799 7099 7399 7499 6199 6199 6499 6799 6899 7199 7599 7499 6199 6399 6599 6699 7199 7399 7599 7799
1 0 16 0 4 64 64 149 149 149 149 149 149 149 149 149 149 149 149 149 149 149 149 149 149 149 149 149 149 149 149 149 149 149 149 149 149 149 149 149 49299 149 149 149 149 149 149 149 32915 149 149 149 149 149 149 149 149 32915 149 149 149 149 149 149 149 149 149 149 149 149 149 7732 7999 8132 8432 8865 9165 9532 9899 7765 7732 7999 8199 8432 8899 9199 9632 7732 7665 7899 8065 8399 8599 8999 9399 7599 7699 7699 7965 7932 8365 8799 9199 7599 7599 7665 7799 7899 8132 8665 8999 7699 7599 7599 7699 7699 8032 8365 8699 7699 7599 7565 7599 7699 7999 8199 8432 7699 7699 7665 7565 7699 7765 7999 8132
1 0 16 8 4 64 64 149 149 149 149 149 149 149 149 149 149 149 149 149 149 149 149 149 149 149 149 147 32915 149 149 149 149 149 149 149 149 149 149 149 149 149 149 149 149 149 149 149 149 149 149 149 149 149 149 149 149 149 149 149 149 149 149 149 149 149 149 149 149 149 149 7699 7699 7699 7699 7699 7699 7732 8099 7599 7699 7832 7632 7699 7699 7732 7899 7632 7732 7699 7632 7532 7599 7665 7899 7665 7832 7732 7832 7632 7632 7665 7832 7599 7799 7799 7699 7699 7699 7632 7932 7699 7799 7899 7899 7665 7632 7732 7865 7732 7832 7899 7899 7799 7832 7899 7865 7499 7699 7865 7899 7899 7965 8065 7999
1 0 16 16 4 64 64 149 149 149 149 149 149 149 149 49299 149 149 149 149 149 149 149 146 49299 149 149 149 149 149 149 146 49300 149 149 149 149 149 149 146 49300 149 149 149 149 149 149 146 146 49299 149 149 149 149 149 146 146 49300 149 149 149 149 149 146 146 146 49299 149 149 149 149 7432 7699 7765 7899 7899 7999 7999 8099 7399 7665 7799 7899 7865 7999 7999 8099 7232 7499 7565 7832 7965 7999 7932 8099 7232 7399 7499 7765 7899 7932 7932 8065 7199 7465 7432 7699 7799 7865 7965 7999 7199 7299 7399 7532 7765 7799 7899 7999 6932 7199 7299 7499 7699 7765 7899 7865 6965 7199 7299 7332 7565 7799 7899 7899
1 0 16 24 4 64 64 146 146 146 49300 149 149 149 149 146 146 146 146 49299 149 149 149 146 146 146 146 49300 149 149 149 146 146 146 146 146 49299 149 149 146 146 146 146 146 49300 149 149 146 146 146 146 146 49300 149 149 146 146 146 146 146 146 49299 149 146 146 146 146 146 146 146 49299 6799 6999 7199 7332 7499 7732 7999 7899 6399 6899 7099 7199 7332 7532 7832 7899 6299 6799 6999 7165 7232 7499 7765 7899 6299 6566 6899 6999 7199 7399 7565 7932 6099 6399 6799 6865 7032 7299 7499 7832 6099 6399 6499 6799 7065 7199 7365 7699 6099 6399 6499 6732 6899 7099 7132 7565 5699 6099 6299 6499 6666 7065 7099 7332
1 0 16 32 4 64 64 146 146 146 146 146 146 146 49300 146 146 146 146 146 146 146 146 49296 146 146 146 146 146 146 146 49297 146 146 146 146 146 146 146 49297 146 146 146 146 146 146 146 49297 146 146 146 146 146 146 146 143 49296 146 146 146 146 146 146 143 143 145 145 49296 146 146 146 5699 6266 6199 6399 6599 6999 7099 7365 5532 5799 6099 6399 6699 6832 7099 7199 5399 5632 5999 6199 6499 6865 6899 7199 5199 5499 5799 6199 6399 6666 6899 7099 5199 5399 5799 6099 6299 6599 6799 6999 5099 5299 5699 5899 6166 6399 6632 6799 4999 5099 5399 5699 5899 6099 6299 6499 4766 4899 5099 5299 5599 5599 5732 6099
1 0 16 40 4 64 64 143 143 143 143 143 145 145 49296 143 143 143 143 143 143 143 32912 143 143 143 143 143 143 32912 146 143 143 143 143 143 32912 146 146 143 143 143 143 32912 146 146 146 143 143 143 49297 146 146 146 146 143 143 143 49297 146 146 146 146 143 143 143 143 49296 146 146 146 4399 4299 4599 4799 4899 5199 5399 5599 4099 4099 4299 4499 4699 4932 4966 5399 3799 4099 4199 4499 4799 4899 5199 5399 3799 4099 4199 4499 4799 5166 5299 5499 4099 4199 4399 4799 5099 5299 5599 5699 4199 4299 4666 4999 5299 5499 5699 5999 4199 4599 4699 4999 5466 5699 5732 5999 4499 4499 4799 4999 5299 5499 5699 5999
1 0 16 48 4 64 64 143 143 143 143 143 32912 146 146 143 143 143 143 49297 146 146 146 143 143 143 143 49297 146 146 146 143 143 143 143 143 49296 146 146 143 143 143 143 143 49297 146 146 143 143 143 143 143 49297 146 146 143 143 143 143 143 49297 146 146 143 143 143 143 143 49297 146 146 4499 4499 4699 4999 5199 5399 5599 5999 4499 4499 4699 4899 5099 5399 5532 5699 4399 4599 4599 4899 5099 5366 5699 5699 4399 4399 4599 4699 5099 5199 5399 5699 4299 4399 4599 4599 4899 5099 5499 5699 4199 4399 4599 4799 4899 5199 5499 5699 4199 4199 4399 4699 4899 5199 5399 5699 4199 4199 4566 4699 4899 5099 5499 5699
1 0 16 56 4 64 64 143 143 143 143 143 49297 146 146 143 143 143 143 143 49297 146 146 143 143 143 143 143 143 49296 146 143 143 143 143 143 143 49297 146 143 143 143 143 143 143 49297 146 143 143 143 143 143 143 49297 146 143 143 143 143 143 143 49297 146 143 143 143 143 143 143 49297 146 4099 4399 4399 4799 4899 5099 5399 5699 4199 4099 4499 4599 4899 5199 5199 5699 4199 4199 4499 4499 4699 5099 5199 5499 4199 4299 4399 4399 4799 4999 5199 5399 4099 4299 4499 4399 4799 4999 5099 5299 4099 4299 4399 4599 4799 5099 5299 5499 4199 4299 4399 4599 4699 4999 5099 5399 4299 4299 4599 4499 4699 4899 5099 5399
1 0 16 64 4 64 64 143 143 143 143 143 143 49297 146 143 143 143 143 143 143 49297 146 143 143 143 143 143 143 49297 146 143 143 143 143 143 143 49297 146 143 143 143 143 143 143 49297 146 143 143 143 143 143 143 32912 146 143 143 143 143 143 32912 146 146 143 143 143 143 49297 146 146 146 4199 4199 4499 4499 4899 4999 5199 5499 4099 4299 4399 4599 4699 4999 5099 5499 4299 4099 4399 4499 4699 5099 5299 5399 4299 4299 4399 4499 4699 4999 5299 5666 4299 4299 4399 4599 4699 5099 5399 5599 4199 4299 4399 4599 4899 5099 5499 5499 4299 4199 4599 4699 4899 4999 5399 5499 4199 4099 4399 4699 4899 5199 5499 5699
1 0 16 72 4 64 64 143 143 143 143 49297 146 146 146 143 143 143 143 49297 146 146 146 143 143 143 143 32912 146 146 146 143 143 143 49297 146 146 146 146 143 143 143 49297 146 146 146 146 143 143 143 32912 146 146 146 146 143 143 49297 146 146 146 146 146 143 143 49297 146 146 146 146 146 4299 4299 4599 4699 4999 5299 5699 5799 4099 4199 4399 4699 5199 5399 5499 5899 4199 4399 4499 4699 5299 5399 5799 5999 4199 4399 4499 4799 5299 5499 5799 6099 4299 4499 4699 4899 5199 5699 5799 5999 4199 4499 4899 4999 5299 5699 5799 5999 4299 4599 4799 4999 5499 5599 5899 6299 4399 4599 4799 5099 5699 5699 5999 6299
1 0 16 80 4 64 64 143 143 143 32912 146 146 146 146 143 143 49297 146 146 146 146 146 143 143 49297 146 146 146 146 146 143 143 49297 146 146 146 146 146 143 143 49297 146 146 146 146 146 143 143 49297 146 146 146 146 146 143 143 32912 146 146 146 146 146 143 49297 146 146 146 146 146 146 4399 4699 4899 4999 5599 5799 6099 6399 4499 4799 4899 5199 5499 5799 6299 6499 4599 4799 4899 5299 5699 5899 6299 6499 4799 4899 5099 5399 5599 5899 6399 6599 4599 5099 5199 5499 5899 5999 6499 6999 4799 4999 5199 5499 5999 6099 6499 6899 4699 5099 5199 5499 5899 6299 6599 6799 4799 4999 5299 5499 5899 6199 6499 6799
1 0 16 88 4 64 64 143 49297 146 146 146 146 146 146 143 32912 146 146 146 146 146 49300 49297 146 146 146 146 146 146 49300 32912 146 146 146 146 146 146 49300 146 146 146 146 146 146 146 49300 146 146 146 146 146 146 146 49300 49296 146 146 146 146 146 146 32915 49297 146 146 146 146 146 49300 149 4799 4899 5399 5699 5899 6399 6599 6999 4899 5099 5499 5499 5899 6399 6599 6999 4899 5199 5399 5899 5999 6499 6699 6999 4999 5399 5699 5899 6099 6399 6799 7099 4999 5599 5699 5899 6299 6499 6799 7299 5099 5699 5799 6099 6499 6699 6999 7299 5299 5499 5799 6099 6499 6699 7099 7399 5099 5599 5799 5999 6599 6799 6999 7499
1 0 16 96 4 64 64 49297 146 146 146 146 146 49300 149 49297 146 146 146 146 146 49300 149 32912 146 146 146 146 146 49300 149 146 146 146 146 146 146 32915 149 146 146 146 146 146 49300 149 149 146 146 146 146 146 49300 149 149 146 146 146 146 146 49300 149 149 146 146 146 146 146 49300 149 149 5299 5599 5899 6299 6599 6799 7099 7499 5299 5599 5899 6399 6699 6899 7199 7499 5399 5499 5899 6299 6599 6899 7299 7499 5399 5599 5899 6399 6599 6899 7399 7499 5499 5699 6099 6399 6699 7099 7399 7399 5699 5799 6299 6399 6799 7199 7499 7699 5599 5799 6299 6399 6799 7199 7499 7699 5699 5999 6299 6599 6699 7199 7399 7699
1 0 16 104 4 64 64 146 146 146 146 146 32915 149 149 146 146 146 146 49300 149 149 149 146 146 146 146 49300 149 149 149 146 146 146 146 49300 149 149 149 146 146 146 146 32915 149 149 149 146 146 146 49300 149 149 149 149 146 146 146 49300 149 149 149 149 146 146 146 49300 149 149 149 149 5699 5999 6199 6699 6899 7199 7599 7899 5799 5999 6299 6799 6799 7499 7599 7899 5699 6399 6599 6699 7099 7499 7799 7999 5899 6299 6499 6799 7099 7499 7799 8299 5999 6299 6599 6799 7399 7499 7899 8299 6299 6599 6699 6799 7299 7499 7999 8399 6399 6499 6699 6999 7499 7699 7899 8499 6399 6599 6699 6899 7399 7899 7999 8599
1 0 16 112 4 64 64 146 146 146 49300 149 149 149 149 146 146 146 32915 149 149 149 149 146 146 49300 149 149 149 149 149 146 146 32915 149 149 149 149 149 146 49300 149 149 149 149 149 149 146 32915 149 149 149 149 149 149 32915 149 149 149 149 149 149 149 149 149 149 149 149 149 149 149 6499 6699 6799 7299 7399 7799 7999 8599 6599 6799 6999 7499 7599 7999 8399 8599 6599 6899 7199 7499 7599 7899 8399 8699 6699 6899 7299 7499 7799 7999 8599 8899 6699 6799 7499 7599 7899 8299 8599 9099 6799 7299 7499 7699 7899 8199 8599 9099 6899 7399 7599 7899 7899 8299 8699 9099 6999 7499 7799 7899 8099 8599 8899 9399
1 0 16 120 4 1 64 149 7299 7699 7899 7899 8299 8632 9099 9232 7399 7599 7899 8299 8599 8699 9199 9599 7499 7699 8199 8099 8699 8999 9299 9599 7499 7999 7999 8499 8699 9099 9465 9699 7632 7899 8299 8599 8699 9099 9499 9699 7799 7899 8399 8699 8999 9199 9299 9799 8099 8099 8599 8799 9099 9299 9299 9765 7999 8299 8599 8899 9299 9299 9699 9899
1 0 24 0 4 1 64 149 10265 10398 10665 10898 10998 11098 11098 11032 10098 10398 10598 10898 10998 11198 11232 11132 9899 10298 10565 10898 11098 11198 11432 11332 9699 10298 10498 10832 11032 11198 11332 11365 9499 10065 10532 10832 11098 11365 11398 11498 9199 9832 10365 10798 11165 11465 11598 11598 8899 9599 10298 10665 11165 11398 11698 11698 8599 9299 9999 10732 11032 11565 11765 12032
1 0 24 8 4 1 64 149 8432 9099 9799 10498 10865 11465 11798 11932 8265 8865 9499 10198 10798 11398 11798 12065 8165 8499 9199 9932 10698 11365 11798 12132 7999 8299 8699 9632 10365 11132 11698 12098 7965 8132 8632 9265 10098 10898 11665 12065 7999 8132 8532 8965 9765 10498 11398 11898 7999 8232 8365 8799 9199 9999 10798 11632 8099 8165 8332 8532 8999 9499 10232 11198
1 0 24 16 4 1 64 149 8099 8199 8199 8432 8765 9165 9799 10565 8099 8165 8165 8265 8599 8899 9299 10032 8099 8099 8165 8199 8465 8699 9099 9665 8199 8099 8132 8199 8299 8499 8765 9199 7999 7999 8065 8099 8199 8399 8532 8865 7999 7999 7999 8099 8132 8265 8399 8665 7965 7999 7999 8065 8099 8165 8299 8599 7832 7999 8099 8099 8132 8099 8232 8532
1 0 24 24 4 1 64 149 7899 7899 8032 8099 8099 8099 8199 8399 7899 7899 7899 7999 8032 8199 8299 8432 7965 7899 7899 7932 7999 8065 8199 8399 7965 7999 7899 7999 7999 8099 8165 8265 7899 7999 7999 7999 7999 8032 8132 8299 7899 7999 8099 7999 7999 7999 8099 8165 7799 7965 8032 7999 7999 7999 8099 8165 7632 7932 7999 7965 7999 7999 7999 8099
1 0 24 32 4 64 64 149 149 149 149 149 149 149 149 49299 149 149 149 149 149 149 149 49300 149 149 149 149 149 149 149 49300 149 149 149 149 149 149 149 146 49299 149 149 149 149 149 149 146 146 49299 149 149 149 149 149 146 146 146 49299 149 149 149 149 146 146 146 146 148 148 49299 149 7599 7799 7932 7999 7999 7965 7999 8099 7332 7632 7832 7899 7999 7999 7999 8099 7399 7399 7732 7899 7899 7932 8065 7999 7165 7299 7699 7832 7899 7999 7999 7899 7165 7299 7532 7732 7965 7999 7999 8032 6999 7199 7399 7599 7832 7899 7999 7999 6765 6899 7232 7399 7665 7799 7932 7899 6299 6399 6632 6999 7465 7565 7665 7665
1 0 24 40 4 64 64 146 146 146 146 146 146 146 148 146 146 146 146 146 146 146 146 146 146 146 146 146 146 146 146 146 146 146 146 146 146 146 146 146 146 146 146 146 146 146 146 146 146 146 146 146 146 146 146 146 146 146 146 146 146 146 32915 146 146 146 146 146 146 49300 149 5632 5999 6199 6466 6932 7099 7265 7299 5432 5699 5866 6066 6399 6699 6699 6999 5466 5799 5732 5999 6099 6399 6599 6699 5699 5699 5999 6032 6232 6332 6532 6666 5899 6099 6299 6299 6499 6532 6666 6765 6199 6299 6499 6566 6799 6799 6965 7099 6299 6399 6699 6832 6965 7099 7199 7332 6299 6399 6699 6899 6999 7199 7399 7532
1 0 24 48 4 64 64 146 146 146 146 146 146 32915 149 146 146 146 146 146 49300 149 149 146 146 146 146 146 49300 149 149 146 146 146 146 146 146 49299 149 146 146 146 146 146 146 49300 149 146 146 146 146 146 146 49300 149 146 146 146 146 146 146 146 49299 146 146 146 146 146 146 146 49300 6199 6432 6832 6999 6999 7232 7399 7599 6099 6399 6699 6999 7099 7199 7499 7665 6199 6399 6699 6899 7032 7199 7465 7699 5999 6399 6499 6799 6899 7132 7399 7399 5899 6366 6432 6799 6899 7165 7232 7499 5999 6299 6499 6899 6899 6999 7165 7465 5999 6299 6499 6732 6799 6999 7099 7465 6099 6099 6399 6499 6699 6999 7132 7399
1 0 24 56 4 64 64 146 146 146 146 146 146 146 49300 146 146 146 146 146 146 146 49300 146 146 146 146 146 146 146 49300 146 146 146 146 146 146 146 49300 146 146 146 146 146 146 146 49300 146 146 146 146 146 146 146 49300 146 146 146 146 146 146 146 49300 146 146 146 146 146 146 146 32915 5966 6099 6399 6499 6799 6999 7199 7465 5899 5999 6399 6599 6865 7065 7199 7199 5799 6199 6399 6666 6799 6999 7099 7299 5799 5999 6199 6699 6799 6999 7099 7299 5799 5999 6199 6499 6699 6999 7099 7299 5799 5899 6099 6599 6799 6999 6999 7299 5899 6099 6199 6699 6899 7199 7132 7199 5899 6099 6299 6699 6965 7199 7199 7399
1 0 24 64 4 64 64 146 146 146 146 146 146 49300 149 146 146 146 146 146 146 49300 149 146 146 146 146 146 146 146 32915 146 146 146 146 146 146 32915 149 146 146 146 146 146 32915 149 149 146 146 146 146 49300 149 149 149 146 146 146 146 49300 149 149 149 146 146 146 146 32915 149 149 149 5799 6099 6299 6699 6799 7199 7199 7399 5899 6199 6499 6899 6899 7199 7299 7199 6099 6199 6399 6899 6799 6999 7299 7399 5899 6299 6399 6799 6799 7099 7399 7499 5899 6199 6499 6799 6899 7299 7499 7532 5899 6299 6499 6799 7099 7399 7499 7699 6199 6399 6499 6999 7199 7399 7799 7899 6099 6499 6799 6899 7099 7499 7699 8099
1 0 24 72 4 64 64 146 146 146 49300 149 149 149 149 146 146 146 32915 149 149 149 149 146 146 49300 149 149 149 149 149 146 146 49300 149 149 149 149 149 146 146 49300 149 149 149 149 149 146 146 32915 149 149 149 149 149 146 49300 149 149 149 149 149 149 146 49300 149 149 149 149 149 149 6099 6499 6599 7099 7199 7599 7899 8099 6199 6599 6799 7199 7199 7699 7899 8199 6299 6599 6899 7099 7599 7699 8299 8299 6399 6699 6999 7299 7699 7799 8199 8399 6399 6699 7099 7399 7699 7999 8399 8599 6399 6799 6999 7599 7799 8099 8399 8699 6599 6899 7299 7599 7899 8399 8499 8799 6699 6899 7299 7699 7899 8099 8499 8699
1 0 24 80 4 64 64 146 49300 149 149 149 149 149 149 146 49300 149 149 149 149 149 149 146 49300 149 149 149 149 149 149 146 32915 149 149 149 149 149 149 49300 149 149 149 149 149 149 149 49300 149 149 149 149 149 149 149 49300 149 149 149 149 149 149 149 49300 149 149 149 149 149 149 149 6599 7099 7499 7899 8099 8499 8599 8899 6699 7299 7599 7999 7999 8499 8499 8999 6799 7399 7599 7999 8199 8499 8799 9099 6999 7399 7599 7899 8199 8499 8799 8999 7099 7399 7499 7899 8099 8599 8799 9099 7099 7499 7799 7899 8399 8699 8899 9065 7299 7499 7699 8099 8299 8699 8999 9099 7299 7499 7699 8099 8299 8765 9099 9199
1 0 24 88 4 64 64 32915 149 149 149 149 149 149 149 149 149 149 149 149 149 149 149 149 149 149 149 149 149 149 149 149 149 149 149 149 149 149 149 149 149 149 149 149 149 149 149 149 149 149 149 149 149 149 149 149 149 149 149 149 149 149 149 149 149 149 149 149 149 149 149 7299 7499 7799 8099 8299 8899 8999 9199 7299 7599 8199 8199 8499 8899 9099 9399 7499 7699 7999 8199 8599 8899 9199 9299 7499 7799 7999 8399 8599 8999 9099 9399 7599 8099 7999 8299 8699 8999 9099 9299 7599 7899 8099 8299 8699 8999 9199 9332 7499 7899 8199 8399 8699 8999 9099 9399 7499 7999 8299 8399 8799 9099 9299 9399
1 0 24 96 4 1 64 149 7699 7999 8299 8499 8965 9099 9299 9699 7699 7999 8299 8599 8899 9099 9299 9499 7699 8032 8499 8699 8999 9199 9399 9599 7899 7999 8599 8899 8999 9299 9299 9899 7799 7999 8599 8799 9199 9332 9799 9899 7899 8299 8699 8999 9299 9599 9899 10098 7899 8499 8699 8999 9399 9799 10098 10098 7899 8599 8799 9199 9599 9899 10098 10298
1 0 24 104 4 1 64 149 7999 8699 8999 9399 9599 9899 10098 10298 8399 8799 8999 9465 9699 10098 10198 10598 8699 8999 9299 9499 9799 10098 10398 10798 8499 8799 9399 9399 9799 10298 10332 10798 8699 8999 9399 9599 10198 10232 10565 10798 8799 9132 9499 9799 10198 10132 10698 10832 8899 9399 9699 9999 10198 10398 10765 11065 8799 9399 9699 9999 10132 10598 10798 11098
1 0 24 112 4 1 64 149 9099 9399 9599 9999 10098 10698 10798 11198 9299 9499 9799 10198 10398 10798 10998 11298 9299 9499 9999 10198 10398 10798 11098 11332 9099 9599 9999 10298 10798 10998 11298 11598 9399 9699 10098 10298 10798 11098 11565 11965 9299 9799 10098 10398 10698 11198 11665 12065 9599 9899 10098 10298 10698 11198 11665 11998 9599 9899 10132 10498 10698 11198 11598 11998
1 0 24 120 4 1 64 149 9699 10098 10298 10598 10898 11198 11598 11898 9799 10098 10298 10665 10832 11198 11565 11598 9999 9999 10398 10598 10898 11198 11198 11632 9899 9999 10598 10598 10898 11165 11265 11498 9899 9999 10432 10598 10865 10998 11232 11332 9899 10365 10565 10532 10732 10998 11132 11398 9932 10265 10332 10598 10665 10898 11098 11398 9999 10265 10332 10598 10698 10998 11065 11298
1 0 32 0 4 1 64 149 10898 10698 10598 10532 10198 9999 9799 9399 11065 10798 10632 10498 10298 10098 9999 9665 11098 10965 10698 10598 10498 10298 9999 9699 11098 11032 10798 10598 10598 10398 10098 9899 11365 10965 10965 10632 10665 10232 10465 9999 11398 11298 11098 10798 10698 10432 10365 9899 11598 11498 11198 10965 10898 10598 10198 9999 11798 11532 11298 10932 10898 10598 10298 10165
1 0 32 8 4 1 64 149 11898 11932 11298 11098 10798 10598 10298 10198 12198 12032 11698 11232 10698 10598 10198 10098 12232 12232 11732 11232 10832 10598 10398 10298 12432 12398 11998 11398 10965 10565 10598 10398 12398 12398 12165 11598 11065 10765 10632 10598 12298 12532 12332 11798 11198 10932 10932 10632 12265 12598 12565 11998 11498 11332 10998 10798 12098 12598 12732 12332 11865 11532 11198 10898
1 0 32 16 4 1 64 149 11765 12298 12598 12665 11998 11698 11232 10965 11032 12065 12532 12732 12432 11998 11465 11165 10498 11598 12365 12698 12665 12332 11798 11465 9832 10832 11798 12498 12632 12598 12165 11665 9432 10198 11132 12065 12465 12332 11932 11832 9099 9732 10465 11298 11765 11898 11898 11798 8965 9399 10132 10765 11132 11465 11798 11898 8899 9332 9899 10398 10898 11298 11632 11965
1 0 32 24 4 1 64 149 8765 9132 9699 10198 10698 11265 11565 11798 8565 9099 9599 9999 10498 11065 11498 11865 8565 8999 9399 9799 10298 10798 11465 11732 8499 8899 9232 9699 10098 10598 11098 11698 8365 8699 9099 9465 9832 10398 10998 11665 8432 8665 8932 9265 9699 10232 10898 11498 8299 8465 8765 9132 9465 10098 10698 11332 8165 8432 8599 8899 9365 9832 10498 11198
1 0 32 32 4 1 64 149 8199 8299 8465 8765 9132 9632 10232 10998 8199 8199 8399 8632 8965 9499 10098 10798 8099 8099 8299 8599 8899 9265 9865 10598 7999 8099 8232 8465 8865 9132 9665 10298 8065 8165 8199 8365 8665 8965 9465 10032 8032 8165 8199 8265 8465 8765 9199 9699 7899 7999 8099 8199 8465 8665 9032 9532 7699 7765 7799 7932 8232 8499 8832 9299
1 0 32 40 4 64 64 148 148 49299 149 149 149 149 149 146 146 146 49299 149 149 149 149 146 146 146 49300 149 149 149 149 146 146 146 49300 149 149 149 149 146 146 32916 32915 149 149 149 149 32916 32915 149 149 149 149 149 149 149 149 149 149 149 149 149 149 149 149 149 149 149 149 149 149 7232 7365 7399 7599 7899 8199 8599 9132 6999 6999 7199 7265 7599 7999 8399 8999 6765 6765 6999 7199 7365 7765 8265 8799 6765 6965 6999 7165 7332 7732 8199 8765 6999 7099 7199 7299 7399 7799 8199 8699 7165 7299 7365 7499 7632 7899 8165 8665 7365 7565 7565 7699 7899 7999 8199 8765 7665 7765 7799 7899 8032 8199 8399 8699
1 0 32 48 4 1 64 149 7799 7932 7899 7899 7999 8199 8199 8599 7799 7865 7799 7965 7999 8099 8232 8565 7699 7799 7899 7899 7999 8099 8365 8465 7599 7765 7899 7899 8099 8165 8265 8432 7699 7799 7899 7899 8099 8232 8299 8599 7699 7765 7899 7999 8099 8299 8432 8599 7465 7799 7832 8065 8032 8299 8332 8599 7599 7799 7899 7965 8032 8365 8332 8565
1 0 32 56 4 1 64 149 7599 7799 7899 7999 8199 8299 8332 8599 7599 7799 7899 7999 8099 8299 8465 8599 7499 7699 7999 7999 8199 8299 8499 8532 7499 7799 7932 8032 8132 8399 8499 8532 7499 7865 8165 8265 8199 8565 8599 8732 7599 7899 7999 8099 8299 8599 8599 8799 7399 7999 8099 8199 8465 8332 8599 8699 7399 7799 7999 8299 8399 8599 8599 8799
1 0 32 64 4 1 64 149 7299 7899 8165 8232 8399 8599 8799 8899 7699 7999 8399 8299 8499 8699 8799 8899 7599 7799 8099 8399 8599 8799 8999 8999 7599 8099 8299 8565 8865 8665 8899 9165 7699 8199 8399 8499 8732 8899 8999 9265 8099 8299 8499 8865 8932 8999 9065 9299 7999 8499 8499 8899 8999 9399 9132 9399 8399 8599 8799 8999 9299 9399 9332 9499
1 0 32 72 4 1 64 149 8399 8699 8899 9199 9499 9499 9665 9599 8499 8699 8999 9299 9299 9399 9699 9732 8699 9065 9099 9299 9499 9599 9799 9832 8799 8999 9299 9399 9565 9599 9832 9932 8899 9099 9299 9499 9599 9699 9799 10098 8999 9199 9299 9565 9665 9732 10032 10098 9099 9299 9399 9499 9499 9699 9999 10032 9099 9299 9399 9599 9599 9799 9899 10098
1 0 32 80 4 1 64 149 9299 9199 9499 9599 9699 9799 9899 10098 9199 9299 9399 9599 9699 9899 9932 10165 9199 9299 9299 9599 9699 9899 9899 10132 9265 9399 9399 9599 9732 9899 10065 10098 9299 9399 9499 9765 9899 9899 10098 10232 9299 9499 9599 9799 9899 9899 10098 10232 9299 9599 9599 9865 9799 9932 10165 10298 9599 9499 9699 9999 9865 10098 10198 10398
1 0 32 88 4 1 64 149 9599 9699 9699 9999 10098 10198 10198 10398 9499 9599 9732 9932 10132 10198 10198 10398 9499 9699 9699 10098 10165 10198 10265 10398 9599 9699 9965 10098 10165 10198 10232 10398 9599 9699 9899 10098 10232 10298 10398 10432 9765 9899 9999 10098 10265 10332 10498 10598 9799 9699 9999 10132 10298 10398 10498 10598 9799 9932 9999 10265 10332 10565 10665 10732
1 0 32 96 4 1 64 149 9799 9999 10098 10198 10498 10698 10698 10765 9732 9999 10265 10298 10565 10598 10698 10732 9899 10198 10298 10398 10498 10698 10698 10898 10165 10398 10498 10498 10532 10798 10998 11098 10398 10498 10598 10632 10998 10998 11098 11298 10565 10532 10732 10898 11098 11132 11298 11398 10498 10598 10965 10998 11198 11432 11365 11498 10598 10865 10932 11098 11298 11298 11498 11598
1 0 32 104 4 1 64 149 10598 10998 11098 11165 11398 11632 11732 11798 10798 10998 11198 11298 11532 11798 11832 12065 10798 11198 11232 11498 11765 11798 11998 12165 11032 11198 11498 11598 11798 11832 11998 12198 11098 11198 11332 11698 11798 11898 12065 12232 11198 11265 11432 11765 11798 11998 12198 12365 11232 11465 11598 11798 12065 12098 12198 12498 11465 11698 11698 11832 11998 12098 12265 12498
1 0 32 112 4 1 64 149 11498 11598 11965 12098 12065 12065 12398 12598 11598 11798 12032 12365 12532 12598 12632 12698 11665 12098 12432 12432 12698 12732 12798 12898 11998 12465 12632 12765 12832 12898 12965 13198 12332 12632 12865 12865 12965 13098 13265 13298 12398 12665 12898 13065 13098 13298 13431 13598 12398 12698 12798 12965 13365 13365 13598 13698 12465 12698 12865 12965 13265 13431 13598 13965
1 0 32 120 4 1 64 149 12298 12598 12798 12932 13198 13332 13598 13831 12098 12398 12698 12798 12932 13232 13332 13765 11798 12132 12598 12698 12798 12998 13198 13398 11732 11798 12265 12698 12732 12898 13165 13465 11765 11798 12265 12498 12698 12832 13198 13598 11665 11832 12098 12365 12598 12832 13298 13931 11532 11832 11998 12198 12598 12932 13531 14098 11465 11632 11832 12132 12532 12998 13531 14198
1 0 40 0 4 64 64 149 149 149 149 149 16531 146 146 149 149 149 149 149 149 16532 146 149 149 149 149 149 149 16532 146 149 149 149 149 149 147 146 146 149 149 149 149 149 16531 146 146 149 149 149 149 149 149 16532 146 149 149 149 149 149 149 16532 146 149 149 149 149 149 147 146 146 9099 8899 8299 7899 7599 7465 7099 6899 9399 9099 8499 8199 7732 7599 7199 6999 9399 9099 8699 8399 7799 7699 7299 6899 9499 9199 8799 8399 7899 7599 7199 7299 9665 9199 8899 8399 7899 7399 7399 6999 9732 9199 8899 8399 7832 7599 7399 6899 9599 9299 8799 8465 7999 7699 7199 6999 9699 9299 9099 8399 7932 7599 7299 6799
1 0 40 8 4 64 64 149 149 149 149 149 149 16532 146 149 149 149 149 149 149 16531 146 149 149 149 149 149 149 149 16532 149 149 149 149 149 149 149 16532 149 149 149 149 149 149 149 16531 149 149 149 149 149 149 149 149 149 149 149 149 149 149 149 149 149 149 149 149 149 149 149 149 9832 9399 8999 8432 7999 7499 7032 6899 9899 9532 9199 8765 8032 7699 7132 6999 9999 9799 9399 8899 8299 7899 7399 7099 10065 9999 9599 8999 8799 8299 7699 7299 10565 9999 9899 9399 8899 8299 7799 7499 10598 10365 9965 9432 9199 8765 8199 7599 10598 10398 10098 9699 9399 8965 8432 7999 10698 10498 10132 9999 9799 9232 8799 8465
1 0 40 16 4 1 64 149 10598 10432 10498 10098 9899 9599 9299 8599 10965 10632 10598 10498 10198 9899 9599 9099 11065 10998 10798 10598 10398 9999 9699 9399 11398 11132 10998 10698 10598 10498 9899 9399 11598 11498 11065 11198 10898 10532 9932 9499 11698 11665 11598 11298 10898 10698 10298 9699 11798 11665 11632 11298 11165 10698 10298 9599 11832 11732 11698 11398 10965 10698 10298 9599
1 0 40 24 4 1 64 149 11998 11898 11698 11498 11165 10898 10298 9865 11965 11932 11765 11598 11365 11032 10398 9632 12065 11998 11965 11798 11465 11165 10398 9732 12032 12098 11998 11832 11498 11198 10465 9632 11932 12132 12032 11898 11498 11198 10498 9799 11898 12098 12198 11965 11532 11165 10398 9565 11832 12098 12232 12098 11698 11298 10598 9699 11665 12132 12332 12332 11998 11565 10832 9865
1 0 40 32 4 1 64 149 11632 12098 12432 12398 12198 11865 11032 10265 11498 12165 12298 12398 12298 11832 11198 10398 11365 11898 12232 12498 12298 11998 11098 10298 11065 11698 12232 12565 12465 12065 11398 10532 10798 11565 12198 12565 12565 12298 11665 10865 10498 11398 11998 12465 12665 12332 11898 11398 10165 11065 11798 12332 12565 12465 11998 11665 9832 10798 11632 12398 12765 12498 12132 11798
1 0 40 40 4 1 64 149 9699 10398 11498 12365 12898 12932 12398 11932 9599 10265 11298 12298 12932 13165 12865 12265 9399 10065 10932 11832 12732 12965 13065 12632 9299 9932 10598 11398 12198 12765 12932 12832 9199 9765 10332 10798 11565 12298 12765 12832 9199 9599 10165 10598 11132 11865 12398 12832 9099 9465 9932 10465 10865 11332 11998 12498 8999 9299 9699 10265 10665 11098 11598 12098
1 0 40 48 4 1 64 149 8832 9299 9565 10098 10498 10798 11198 11665 8899 9199 9465 9999 10298 10598 10798 11232 8799 9099 9399 9765 10098 10398 10698 10998 8799 9099 9465 9599 9932 10298 10498 10765 8799 8999 9299 9399 9699 10098 10365 10632 8799 8999 9132 9232 9565 9965 10265 10498 8699 8832 8999 9132 9465 9865 10198 10398 8632 8799 8999 9065 9365 9765 10098 10498
1 0 40 56 4 1 64 149 8699 8732 8899 9099 9232 9699 10065 10598 8699 8799 8832 9099 9299 9732 10198 10598 8599 8799 8899 9099 9365 9732 10198 10598 8699 8799 8932 9099 9332 9799 10198 10698 8865 8899 9165 9199 9399 9799 10298 10665 8899 8899 8999 9199 9432 9799 10298 10698 8799 8999 8899 9199 9532 9799 10198 10698 8899 8999 9099 9199 9432 9799 10198 10598
1 0 40 64 4 1 64 149 8999 9065 9132 9265 9499 9765 10132 10632 8932 8999 9199 9365 9499 9799 10198 10598 9099 9199 9232 9332 9399 9732 10198 10698 9299 9232 9232 9399 9532 9732 10298 10698 9299 9299 9399 9399 9565 9832 10298 10898 9499 9599 9632 9599 9799 10098 10432 10865 9599 9832 9799 9732 9999 10398 10532 10998 9765 9865 9899 10098 10132 10498 10698 10998
1 0 40 72 4 1 64 149 9899 9999 10098 10098 10265 10532 10732 10998 9999 10098 10198 10132 10398 10665 10798 11065 10098 10198 10298 10298 10398 10598 10798 11098 10232 10198 10198 10298 10498 10632 10798 11098 10198 10298 10298 10398 10498 10765 10932 11065 10198 10298 10465 10498 10698 10798 10798 11098 10232 10298 10365 10498 10698 10932 10998 11098 10265 10298 10498 10665 10932 10998 11132 11198
1 0 40 80 4 1 64 149 10298 10498 10698 10932 11098 11198 11232 11398 10398 10665 10798 11165 11232 11298 11432 11565 10398 10632 11098 11398 11498 11465 11598 11598 10598 10698 11098 11398 11598 11698 11732 11798 10598 10732 11098 11398 11665 11798 11798 11865 10498 10865 11132 11298 11498 11598 11698 11732 10532 10798 11165 11365 11498 11632 11698 11698 10598 10798 11165 11298 11398 11598 11698 11698
1 0 40 88 4 1 64 149 10532 10798 10998 11198 11398 11498 11598 11765 10598 10865 10898 11098 11298 11398 11565 11632 10498 10698 10732 11165 11198 11298 11498 11565 10598 10765 10732 10998 11132 11198 11365 11598 10698 10698 10798 10832 11098 11198 11398 11532 10698 10698 10798 10865 11098 11165 11465 11565 10698 10698 10765 10998 11165 11232 11498 11765 10798 10798 10898 11098 11198 11298 11565 11632
1 0 40 96 4 1 64 149 10798 10898 11098 11132 11198 11232 11498 11565 10865 11032 11198 11098 11232 11365 11565 11665 11032 11132 11298 11298 11398 11465 11698 11898 11198 11332 11398 11432 11665 11598 11832 11998 11398 11398 11498 11532 11565 11765 11898 12032 11498 11498 11598 11532 11798 11898 11998 12198 11598 11798 11598 11765 11898 11898 12198 12298 11732 11798 11798 11832 12032 12298 12532 12698
1 0 40 104 4 1 64 149 11898 11998 11965 11998 12232 12498 12698 12898 12165 12198 12198 12198 12565 12665 12965 12998 12232 12298 12365 12498 12698 12865 13098 13365 12332 12532 12665 12698 12798 12998 13365 13365 12565 12698 12798 12898 13065 13165 13498 13698 12598 12765 12898 13098 13265 13498 13731 13765 12698 12898 12998 13198 13398 13865 13998 14031 12698 12998 13198 13265 13531 13998 14265 14265
1 0 40 112 4 1 64 149 12765 12998 13298 13598 13798 14265 14398 14398 12798 13065 13298 13631 14065 14298 14498 14498 12998 13232 13431 13865 14265 14498 14698 14531 13265 13465 13965 14131 14531 14798 14798 14598 13398 13831 14165 14631 15131 15298 15131 14665 13731 14098 14598 15231 15398 15565 15365 14898 13998 14298 14798 15298 15598 15598 15465 15031 14098 14498 15031 15498 15598 15598 15465 15131
1 0 40 120 4 1 64 149 13998 14365 15031 15398 15665 15598 15398 15131 13998 14398 14998 15565 15598 15498 15298 15098 13898 14298 14965 15598 15665 15431 15031 14798 13931 14465 14865 15031 15098 14965 14565 14298 14065 14631 14631 14665 14598 14398 13998 13698 14398 14831 14931 14665 14431 14098 13698 13465 14498 14865 14998 14998 14598 14098 13598 13232 14598 14931 14965 15031 14698 14098 13465 13165
1 0 48 0 4 64 64 146 146 146 146 146 146 146 16529 146 146 146 146 146 146 146 16529 146 146 146 146 146 146 146 16528 146 146 146 146 146 146 146 146 146 146 146 146 146 146 146 146 146 146 146 146 146 146 146 144 146 146 146 146 146 146 146 16529 146 146 146 146 146 146 144 143 6899 6699 6599 6499 6299 5899 5699 5599 6999 6999 6599 6499 6299 6099 5799 5599 6899 6999 6499 6499 6399 6199 5899 5599 6799 6899 6399 6399 6399 6099 5799 5599 6699 6699 6399 6499 6199 5799 5699 5699 6599 6499 6499 6299 5899 5799 5399 5599 6499 6399 6299 6099 5799 5699 5699 5399 6399 6399 6099 5999 5999 5699 5599 5399
1 0 48 8 4 64 64 146 146 146 146 146 146 146 16528 146 146 146 146 146 146 146 146 146 146 146 146 146 146 146 146 146 146 146 146 146 146 146 146 32916 146 146 146 146 146 146 146 149 16531 146 146 146 146 146 146 149 149 16531 146 146 146 146 146 149 149 149 16532 146 146 146 146 6699 6399 6099 5999 5799 5799 5499 5499 6799 6299 6399 5999 5899 5899 5699 5599 6899 6599 6199 6199 5999 5999 5899 5899 6999 6699 6599 6399 6299 6199 6099 5899 7099 6899 6799 6499 6566 6399 6399 6499 7399 7399 6899 6632 6532 6699 6699 6599 7865 7499 7099 6899 6899 6699 6699 6599 8032 7865 7599 7465 7099 6999 6799 6699
1 0 48 16 4 64 64 149 149 149 16531 146 146 146 146 149 149 149 149 16532 146 146 146 149 149 149 149 16532 146 146 146 149 149 149 149 16532 146 146 146 149 149 149 147 146 146 146 146 149 149 149 16532 146 146 146 146 149 149 149 16532 146 146 146 146 149 149 149 16532 146 146 146 146 8299 8199 7799 7499 7399 7199 6999 6699 8699 8299 8099 7665 7499 7099 6999 6899 8899 8399 8265 7799 7499 7399 6899 6699 8899 8399 8099 7699 7399 7099 6999 6599 8865 8465 7899 7399 7199 7065 6699 6499 8932 8399 7899 7232 7132 6799 6432 6399 8899 8399 7799 7199 7165 6765 6599 6399 9099 8365 7832 7565 6999 6699 6499 6499
1 0 48 24 4 64 64 149 149 149 16531 146 146 146 146 149 149 149 149 16532 146 146 146 149 149 149 149 16532 146 146 146 149 149 149 147 146 146 146 146 149 149 149 149 16532 146 146 146 149 149 149 149 16531 146 146 146 149 149 149 149 149 16531 32916 32916 149 149 149 149 149 149 149 149 9099 8499 7999 7599 7299 7099 6765 6499 9199 8499 7932 7432 7465 6999 6699 6532 8999 8599 8065 7699 7399 7199 6865 6432 9099 8599 8132 7599 7399 6999 6899 6499 9032 8599 8032 7665 7365 7265 6932 6699 8965 8565 8099 7699 7399 7299 7199 6999 8965 8699 8232 7865 7465 7365 7299 7265 9199 8799 8499 8065 7732 7499 7432 7565
1 0 48 32 4 1 64 149 9499 8999 8699 8399 8199 7965 7699 7432 9632 9299 9032 8699 8399 8199 8099 7899 9632 9399 9032 8965 8799 8499 8432 8132 9999 9499 9299 9099 8899 8499 8399 8199 10365 9999 9599 9265 9065 8632 8499 8299 10798 10398 9832 9499 9199 8899 8599 8399 11265 10765 10265 9765 9399 9032 8865 8399 11465 10998 10432 9832 9665 9299 8899 8699
1 0 48 40 4 1 64 149 11598 10998 10698 10198 9865 9332 9132 8899 11698 11198 10798 10298 9932 9499 9299 9099 11998 11398 10832 10398 10265 9899 9599 9265 12298 11598 10998 10665 10365 10098 9965 9499 12598 11832 11132 10698 10365 10298 10065 9799 12798 12232 11332 10798 10498 10298 10098 9699 12732 12465 11665 11032 10365 10298 10065 9632 12665 12465 11998 11198 10465 10232 10132 9699
1 0 48 48 4 1 64 149 12132 12432 12065 11365 10665 10265 10098 9899 11698 12098 11965 11398 10698 10298 10098 9799 11332 11765 11865 11332 10598 10098 10165 9699 11098 11498 11765 11198 10432 10065 9865 9665 10932 11365 11765 11165 10465 10065 9965 9699 10732 11298 11698 11265 10532 10098 9699 9699 10598 11165 11698 11398 10732 10298 10065 9799 10698 11332 11898 11732 10965 10398 10098 9899
1 0 48 56 4 1 64 149 10998 11498 12132 11898 11265 10398 10098 9899 11098 11532 11865 12098 11432 10632 10198 9899 11198 11465 11698 11898 11598 10798 10132 9765 11198 11398 11565 11665 11632 10998 10365 10065 11098 11398 11498 11465 11665 11098 10632 10365 11098 11465 11498 11465 11765 11232 10932 10598 11098 11498 11598 11598 11598 11398 11132 10898 11065 11698 11832 11932 11698 11598 11498 11498
1 0 48 64 4 1 64 149 11065 11698 11932 11998 11898 11932 11698 11532 11098 11765 12132 12098 12065 12032 11965 11598 11198 11732 12098 12032 12098 12098 11898 11598 11265 11765 12032 12098 12032 12198 11865 11598 11432 11898 12098 12098 11998 11932 11698 11465 11498 12032 12098 12098 11998 11798 11498 11265 11498 12065 12165 12098 11998 11665 11365 10832 11632 12132 12198 12098 11965 11632 11098 10498
1 0 48 72 4 1 64 149 11498 12032 12298 12198 12098 11598 10965 10165 11498 11998 12298 12332 12032 11498 10765 9865 11498 11865 12098 12165 11832 11265 10498 9799 11298 11698 11832 11932 11498 10932 10298 9599 11298 11465 11498 11398 11065 10665 10098 9599 11198 11365 11298 11198 10898 10598 10198 9732 11198 11332 11298 11098 10665 10598 10298 10065 11265 11365 11265 11232 10698 10598 10432 10332
1 0 48 80 4 1 64 149 11465 11398 11365 11165 10898 10698 10598 10498 11565 11498 11398 11232 10932 10732 10698 10698 11598 11498 11398 11298 11198 10932 11065 10798 11698 11598 11398 11332 11332 11132 11032 11032 11865 11598 11498 11398 11298 11232 11132 10965 11832 11732 11598 11398 11398 11298 11098 10965 11698 11732 11665 11465 11398 11298 11098 10932 11698 11698 11598 11498 11398 11298 11232 10965
1 0 48 88 4 1 64 149 11698 11765 11698 11498 11498 11398 11365 11198 11732 11798 11798 11632 11665 11498 11432 11332 11765 11765 11898 11898 11732 11765 11765 11698 11832 11798 11998 11998 12065 12065 12032 11898 11732 11932 12098 12232 12298 12298 12298 12298 11898 11998 12265 12432 12465 12498 12598 12498 11865 12098 12398 12498 12598 12698 12732 12665 11898 12132 12498 12598 12698 12732 12798 12832
1 0 48 96 4 1 64 149 11898 12165 12465 12598 12765 12965 12898 12798 11932 12132 12498 12732 12732 12798 12798 12798 12098 12398 12598 12765 12865 12798 12798 12798 12198 12398 12598 12798 12765 12798 12732 12698 12165 12532 12632 12732 12798 12798 12765 12432 12398 12632 12698 12765 12898 12798 12598 12432 12565 12765 12798 12865 12898 12798 12698 12398 12798 12932 12998 13098 13098 12798 12698 12498
1 0 48 104 4 1 64 149 13132 13232 13298 13298 13198 13065 12798 12532 13365 13498 13498 13498 13398 13198 12998 12598 13498 13698 13698 13765 13565 13298 13098 12698 13631 13698 13698 13698 13565 13265 12898 12498 13865 13698 13698 13531 13365 12998 12765 12198 13798 13798 13698 13265 13032 12665 12498 12198 13998 13898 13598 13198 12998 12632 12332 12198 14198 13998 13765 13298 13098 12665 12265 12165
1 0 48 112 4 1 64 149 14365 14098 13865 13365 12965 12598 12232 11898 14498 14298 13831 13398 13065 12598 12265 11898 14498 14098 13631 13298 12965 12532 12098 11665 14165 13898 13431 13198 12865 12332 11998 11598 14165 13765 13365 13032 12765 12298 11965 11398 14398 13798 13165 12798 12432 12098 11598 11232 14565 13798 13132 12698 12398 11832 11465 10932 14498 13898 13198 12498 12165 11698 11198 10898
1 0 48 120 4 1 64 149 14531 13931 13232 12565 12265 11632 11198 10798 14431 13798 12998 12532 12098 11698 11365 10765 14331 13565 13098 12398 12165 11598 11398 10998 13798 13398 12965 12498 12165 11598 11498 10998 13365 13098 12832 12298 12098 11598 11432 11065 13032 12798 12498 12132 12132 11432 10998 10698 12898 12398 12198 11832 11698 11198 10798 10465 12765 12165 11898 11698 11398 10898 10398 9999
1 0 56 0 4 64 64 143 143 143 143 143 143 143 143 143 143 143 143 143 143 143 143 143 143 143 143 143 143 143 143 16529 143 143 143 143 143 143 143 16529 143 143 143 143 143 143 143 143 143 143 143 143 143 143 143 143 143 143 143 143 143 143 143 143 32913 32913 32913 143 143 143 143 5399 5099 4899 4699 4499 4099 3899 3799 5399 5099 4999 4799 4499 4399 4199 3999 5399 5299 4999 4799 4799 4399 4399 3999 5499 5299 5299 4899 4799 4699 4299 4099 5399 5299 5199 5099 4799 4799 4399 4499 5299 5299 5199 5099 4899 4799 4699 4599 5399 5299 5199 5099 4999 4799 4799 4699 5399 5399 5299 5299 4999 5099 4799 4799
1 0 56 8 4 64 64 32912 146 146 146 16528 143 143 143 146 146 146 146 146 16529 143 143 146 146 146 146 146 16528 143 143 146 146 146 146 146 146 16529 143 146 146 146 146 146 146 16528 143 146 146 146 146 146 146 146 16528 146 146 146 146 146 146 146 146 146 146 146 146 146 146 146 146 5199 5299 5399 5199 5099 5199 4799 4699 5499 5499 5699 5699 5299 5299 5099 4999 5799 5699 5532 5499 5699 5399 5099 5099 5899 5899 5899 5699 5699 5399 5599 5299 6399 6199 5999 5899 5866 5699 5399 5199 6499 6399 6399 6099 5999 5899 5599 5599 6399 6599 6499 6299 6199 5899 5699 5499 6599 6599 6599 6399 6199 6099 5799 5699
1 0 56 16 4 64 64 146 146 146 146 146 146 146 146 146 146 146 146 146 146 146 146 146 146 146 146 146 146 146 146 146 146 146 146 146 146 144 145 146 146 146 146 146 144 143 143 146 146 146 146 144 143 143 143 146 146 146 146 16528 143 143 143 146 146 146 146 146 16528 143 32913 6599 6699 6599 6599 6499 6299 5699 5499 6499 6499 6599 6499 6299 6166 5799 5699 6599 6399 6466 6499 6199 6099 5799 5699 6666 6499 6232 6199 5899 5899 5599 5332 6399 6232 5999 5899 5799 5599 5399 5199 6199 6199 5899 5899 5599 5599 5399 5199 6199 5999 5699 5699 5432 5599 5299 5299 6099 6199 5732 5699 5399 5666 5199 5299
1 0 56 24 4 64 64 146 146 146 146 146 146 32912 146 146 146 146 146 146 146 146 146 146 146 146 146 146 146 146 146 146 146 146 146 146 146 146 146 146 146 146 146 146 146 146 146 146 146 146 146 146 146 146 146 32916 32916 32916 146 146 146 146 146 149 149 149 16532 146 146 146 146 6466 6399 5899 5866 5699 5499 5599 5599 6499 6399 6199 5832 5866 5699 5532 5599 6499 6299 6399 6099 5932 5899 5899 5899 6499 6499 6232 6099 6099 6199 6199 6199 6499 6432 6599 6499 6399 6499 6399 6599 6899 6765 6899 6799 6699 6699 6799 6999 7199 6999 7165 7199 7199 7199 7199 7299 7465 7465 7399 7399 7299 7399 7299 7399
1 0 56 32 4 64 64 149 149 149 16531 146 146 146 146 149 149 149 149 16532 146 146 146 149 149 149 149 16532 146 146 146 149 149 149 149 16532 146 146 146 149 149 149 149 16532 146 146 146 149 149 149 149 16532 146 146 146 149 149 149 149 16531 146 146 146 149 149 149 149 149 16532 146 146 7699 7532 7699 7499 7499 7599 7565 7499 7899 7699 7665 7432 7132 6899 6799 6699 8099 7799 7699 7699 7399 7099 6999 6965 8165 7999 7699 7899 7499 7299 7199 7199 8299 7999 7899 7799 7499 7399 7199 7099 8199 8099 7832 7599 7599 7599 7132 7099 8265 8199 7932 7699 7432 7332 7199 6999 8299 8265 8099 7799 7499 7299 7299 6799
1 0 56 40 4 64 64 149 149 149 149 149 16532 146 146 149 149 149 149 149 16532 146 146 149 149 149 149 149 16531 146 146 149 149 149 149 149 149 16532 146 149 149 149 149 149 149 16532 146 149 149 149 149 149 149 16532 146 149 149 149 149 149 149 16532 146 149 149 149 149 149 149 16532 146 8565 8399 8099 7799 7699 7299 7299 6999 8699 8599 8199 7899 7699 7432 7299 7199 8899 8599 8399 7999 7699 7499 7232 7299 9099 8699 8399 8099 7799 7599 7365 7299 9199 8799 8599 8199 7832 7699 7399 7232 9265 8832 8499 8299 7899 7799 7499 7299 9299 9065 8599 8299 7965 7632 7499 7232 9399 8999 8765 8399 7899 7732 7599 7499
1 0 56 48 4 64 64 149 149 149 149 149 149 16532 146 149 149 149 149 149 149 16532 146 149 149 149 149 149 149 16532 146 149 149 149 149 149 149 16532 146 149 149 149 149 149 149 16531 146 149 149 149 149 149 149 149 16531 149 149 149 149 149 149 149 149 149 149 149 149 149 149 149 149 9399 8999 8799 8499 7999 7765 7499 7199 9499 9199 8699 8399 7999 7632 7499 7299 9565 9099 8665 8399 7999 7865 7499 7299 9499 9099 8599 8299 8099 7732 7499 7299 9465 9165 8765 8332 8099 7699 7499 7365 9399 9099 8799 8399 8099 7899 7499 7299 9399 9299 8799 8465 8299 7899 7799 7499 9499 9265 8832 8432 8365 8099 7999 7899
1 0 56 56 4 1 64 149 9599 9132 8899 8699 8332 8199 8199 8099 9599 9332 8999 8865 8532 8599 8399 8299 9599 9399 9099 8899 8699 8665 8499 8399 9599 9299 9332 9099 8999 8732 8599 8732 9999 9599 9299 9099 9032 9165 8965 8899 10298 9999 9432 9199 9199 9099 8899 8999 10565 10198 9799 9499 9299 9299 9199 9099 10898 10398 9999 9799 9765 9399 9399 9299
1 0 56 64 4 1 64 149 11198 10532 10165 9799 9799 9499 9499 9299 11198 10698 10098 9799 9799 9599 9599 9399 11198 10732 10065 9899 9799 9599 9432 9399 11098 10698 10032 9799 9799 9599 9599 9299 10898 10398 9799 9632 9399 9399 9199 9299 10798 10165 9532 9199 9032 9099 9099 8999 10098 9599 9065 8799 8699 8632 8699 8699 9732 9132 8965 8499 8432 8399 8499 8399
1 0 56 72 4 1 64 149 9399 8732 8665 8499 8399 8399 8199 8199 9165 8699 8599 8499 8299 8132 7899 8065 9199 8665 8432 8599 8299 8199 7999 7899 8899 8699 8599 8499 8399 8265 7799 7732 8999 8732 8399 8599 8399 8399 8165 7699 9299 8932 8865 8699 8532 8499 7999 7999 9632 9399 9132 8999 8865 8799 8599 8299 9899 9699 9499 9299 8999 9265 8899 8599
1 0 56 80 4 1 64 149 10398 9999 9799 9532 9465 9399 9499 9299 10498 10398 9999 9732 9799 9865 9799 9599 10765 10498 10298 9999 9899 10032 9799 9599 10698 10698 10465 10198 9899 9999 9799 9599 10798 10698 10498 10298 10098 10165 9799 9499 10898 10932 10598 10298 10032 10098 9799 9499 11032 10898 10632 10398 10098 10032 9899 9799 10865 10965 10798 10665 10398 10232 10098 9999
1 0 56 88 4 1 64 149 10998 10998 10898 10798 10732 10598 10398 10298 11298 11198 10998 11032 10898 10798 10498 10498 11432 11432 11198 11098 11032 11098 10865 10498 11798 11598 11432 11398 11332 11198 11098 10898 12132 11998 11865 11432 11398 11298 10998 10598 12365 12198 11798 11498 11398 11132 10698 10198 12398 12198 11898 11498 11132 10932 10498 10098 12498 12198 11798 11565 11098 10898 10298 9832
1 0 56 96 4 1 64 149 12598 12298 11998 11698 11098 10698 10198 9799 12632 12298 11998 11765 11198 10665 10098 9699 12498 12265 11998 11565 11098 10498 9999 9599 12465 12098 11698 11298 10598 10298 9632 9199 12332 11798 11298 10998 10598 9932 9399 9165 11998 11698 11032 10698 10132 9899 9099 8899 11998 11698 11032 10598 10098 9732 8999 8799 12065 11665 11198 10598 9932 9665 9132 8832
1 0 56 104 4 1 64 149 12098 11698 11198 10698 10198 9699 9199 8999 12198 11698 11198 10632 10332 9899 9599 9232 12098 11765 11198 11032 10598 10198 9899 9699 12098 11632 11298 11198 10598 10598 10198 9999 12132 11798 11498 11298 11198 10998 10598 10498 11998 11898 11698 11498 11298 11198 10798 10665 11998 11898 11598 11498 11298 11298 10832 10732 11998 11698 11565 11398 11198 11098 10998 10798
1 0 56 112 4 1 64 149 11798 11598 11298 11265 10898 10598 10598 10398 11498 11398 11265 10798 10565 10298 9999 9999 11398 11198 10898 10398 9932 10098 9699 9599 11298 10998 10598 10265 9732 9299 9199 9199 10998 10798 10465 9999 9399 9199 9099 8999 10798 10265 9899 9599 9265 9199 8999 8899 10498 10198 9499 9499 9199 8899 8899 8799 10432 10032 9665 9599 9199 9099 8999 8799
1 0 56 120 4 1 64 149 10498 10198 9899 9399 9499 9099 8999 8899 10598 10198 10198 9865 9399 9299 9099 9099 10798 10398 10132 10098 9699 9499 9199 9099 10898 10498 10398 10098 9899 9799 9299 9099 10798 10598 10298 10198 9899 9799 9299 9199 10598 10498 10098 10098 9899 9699 9299 8999 10132 10098 10098 9999 9765 9499 9199 9099 9965 9799 9799 9499 9299 9199 8999 8799
1 0 64 0 4 64 64 16525 32910 140 140 140 140 140 140 143 143 16526 140 140 140 140 140 143 143 16526 140 140 140 140 140 143 143 16526 140 140 140 140 140 143 143 16525 140 140 140 140 140 143 143 143 16525 140 140 140 140 143 143 143 143 16525 140 140 140 143 143 143 143 143 16526 140 140 3699 3399 3299 3099 2699 2499 2499 1699 3799 3499 3399 3199 2799 2399 2299 1999 3799 3999 3499 3299 3099 2499 2499 2199 4099 3899 3599 3399 3199 2599 2699 2399 4399 3899 3699 3599 3299 2899 2499 2399 4499 4099 3799 3699 3499 3099 2999 2499 4599 4199 3899 3799 3399 3199 3199 2599 4399 4499 4099 3899 3699 3499 2999 2799
1 0 64 8 4 64 64 143 143 143 143 143 16526 140 140 143 143 143 143 143 16525 32910 140 143 143 143 143 143 143 143 16526 143 143 143 143 143 143 143 16525 143 143 143 143 143 143 143 143 143 143 143 143 143 143 143 143 16529 143 143 143 143 143 143 143 16529 143 143 143 143 143 143 143 4699 4599 4199 3999 3899 3499 3299 2999 4799 4699 4299 4399 3999 3799 3599 3199 4999 4599 4599 4299 4099 3799 3699 3299 4999 4999 4799 4399 4299 3999 3899 3599 5199 4899 4599 4699 4199 4299 3999 3699 5299 4999 4799 4799 4499 4399 4099 3899 5099 5099 4799 4799 4699 4299 4199 4199 5399 5199 4899 4799 4799 4399 4299 4199
1 0 64 16 4 64 64 16529 143 143 143 143 143 143 143 16529 143 143 143 143 143 143 143 16529 143 143 143 143 143 143 143 143 143 143 143 143 143 143 143 143 143 143 143 143 143 143 143 143 143 143 143 143 143 143 143 143 32913 32913 143 143 143 143 143 32912 146 146 16529 143 143 143 143 5299 5199 5099 4799 4599 4599 4399 4199 5299 5199 5199 4799 4799 4799 4599 4299 5399 5199 5199 4899 4799 4799 4699 4499 5199 4999 5099 5099 4899 4899 4699 4499 5299 5199 4999 5099 4999 4899 4799 4699 5099 5199 5399 5299 5099 4999 4799 4799 5399 5399 5399 5299 5099 5099 4899 4799 5199 5399 5599 5299 5099 5199 4999 4899
1 0 64 24 4 64 64 146 146 146 16528 32913 32913 143 143 146 146 146 146 146 146 16528 143 146 146 146 146 146 146 146 16528 146 146 146 146 146 146 146 146 146 146 146 146 146 146 146 146 146 146 146 146 146 146 146 146 146 146 146 146 146 146 146 146 146 146 146 146 146 146 146 146 5599 5599 5699 5599 5599 5299 5099 4999 5699 5599 5699 5599 5599 5499 5199 4899 5899 5899 5899 5899 5699 5699 5499 5199 6199 6199 5999 6199 5899 5699 5699 5299 6599 6599 6499 6299 6299 6099 6099 5699 6999 6999 6699 6599 6599 6399 6099 5799 7199 7099 6999 6799 6799 6499 6299 5899 7299 7299 7199 6999 6899 6599 6499 6099
1 0 64 32 4 1 64 146 7499 7299 7199 6999 6999 6599 6499 6099 6599 6632 6599 6632 6399 6399 6299 6099 6699 6799 6899 6599 6699 6399 6499 6099 6899 6999 6699 6699 6699 6599 6399 6099 7099 6799 6799 6599 6599 6399 6199 5899 6965 6599 6599 6599 6399 6199 6199 5799 6699 6399 6499 6399 6199 6199 6199 5799 6799 6599 6499 6399 6399 6199 6099 5999
1 0 64 40 4 1 64 146 6999 6599 6599 6599 6399 6199 6199 5999 7099 6799 6599 6599 6599 6499 6499 6199 7199 6999 6799 6599 6499 6499 6599 6499 7399 7199 6899 6965 6799 6599 6599 6499 7365 7199 7199 6799 6799 6599 6599 6599 7399 7299 6999 7099 6799 6599 6599 6499 7299 7199 6999 6899 6599 6499 6399 6199 7199 6999 6999 6632 6599 6399 6399 6199
1 0 64 48 4 64 64 146 146 146 146 146 146 146 146 146 146 146 146 146 146 146 146 146 146 146 146 146 146 146 146 146 146 146 146 146 146 146 146 146 146 146 146 146 146 146 146 32916 32916 146 146 146 146 146 146 149 149 16531 32916 32916 32916 146 146 149 149 149 149 149 149 16531 32916 7199 7099 6899 6599 6599 6299 6299 5899 7199 6999 6899 6499 6599 6399 6299 6099 7199 7199 6799 6599 6599 6399 6299 6199 7099 7099 6599 6599 6599 6399 6399 6399 7099 7099 6699 6499 6599 6599 6499 6499 7399 7199 6999 6999 6799 6799 6799 6899 7399 7299 7199 7299 7299 7299 7199 7099 7699 7699 7599 7599 7599 7399 7399 7399
1 0 64 56 4 64 64 149 149 149 149 149 149 149 149 149 149 149 149 149 149 149 149 149 149 149 149 149 149 149 147 149 149 149 149 149 149 149 16532 149 149 149 149 149 149 149 16532 149 149 149 149 149 149 149 16531 149 149 149 149 149 149 149 149 149 149 149 149 149 149 149 149 7899 7799 8099 8099 7999 7799 7599 7499 8299 8299 8399 8299 8199 7899 7899 7799 8599 8599 8499 8499 8299 8099 7899 7599 8899 8799 8599 8499 8199 8099 8099 7499 8899 8799 8699 8599 8499 8099 7799 7399 9099 8899 8899 8499 8399 8099 7799 7399 9099 8999 8899 8599 8499 7999 7999 7399 9199 9099 8899 8599 8599 8299 8099 7799
1 0 64 64 4 64 64 149 149 149 149 149 149 149 149 149 149 149 149 149 149 149 149 149 149 149 149 149 149 149 149 149 149 149 149 149 149 149 149 149 149 149 149 149 149 149 149 149 149 149 149 149 149 149 149 149 149 149 149 149 149 149 149 149 149 149 149 149 149 149 147 9299 8999 8899 8632 8599 8299 8299 8099 9299 8999 8999 8799 8699 8499 8299 7999 9299 8999 8999 8799 8699 8599 8499 8199 9199 8999 8699 8765 8699 8499 8499 8099 9099 8799 8799 8499 8499 8299 8299 8199 8799 8699 8599 8499 8399 8299 8199 8099 8599 8699 8299 8099 8099 7999 8099 7799 8399 8399 8099 7899 7599 7699 7699 7499
1 0 64 72 4 64 64 149 149 149 149 147 148 148 146 149 149 147 148 146 146 146 146 149 147 146 146 146 146 146 146 149 16531 32916 146 146 146 146 146 149 149 149 16531 32916 32916 146 146 149 149 149 149 149 149 16531 146 149 149 149 149 149 149 149 16531 149 149 149 149 149 149 149 149 8199 8099 7699 7699 7499 7399 7399 7299 7999 7799 7532 7332 7299 7299 7299 7199 7799 7599 7499 7399 7199 7199 7099 6799 7499 7399 7299 7299 7299 7199 7099 7099 7765 7499 7399 7399 7299 7299 7099 6899 7899 7599 7699 7599 7599 7399 7299 7099 8199 7999 7899 7899 7899 7899 7599 7299 8699 8299 8399 8299 8299 8199 7799 7399
1 0 64 80 4 1 64 149 8899 8699 8599 8499 8399 8299 7899 7699 8999 8999 8799 8799 8699 8299 7999 7999 9299 8932 8999 8899 8599 8599 8299 8099 9399 8932 9299 8899 8599 8499 8499 8299 9399 9299 9299 8999 8799 8899 8799 8699 9565 8999 9099 9099 9199 9099 8899 8799 9565 9499 9499 9399 9399 9299 9199 8899 9799 9799 9799 9699 9599 9565 9299 9199
1 0 64 88 4 1 64 149 10198 10065 9899 9899 9799 9799 9299 9199 10298 10198 9999 9999 9899 9599 9399 9199 10298 10298 9999 10098 10098 9599 9499 9299 10498 10265 10098 9999 10065 9699 9599 9299 10298 10198 9799 9899 9799 9599 9299 9099 9865 9799 9599 9499 9499 9499 9199 8899 9599 9499 9399 9299 9199 9099 8799 8299 9599 9199 9099 9099 8999 8765 8399 8199
1 0 64 96 4 64 64 149 149 149 149 149 149 149 149 149 149 149 149 149 149 149 149 149 149 149 149 149 149 149 149 149 149 149 149 149 149 149 149 149 149 149 149 149 149 149 147 149 149 149 149 149 149 147 146 149 149 149 149 149 149 16532 146 149 149 149 149 149 149 16532 146 9399 9399 8999 8699 8599 8399 8199 7899 9399 8899 8799 8399 8299 8199 7999 7799 9165 8799 8599 8299 8299 7899 7599 7699 8799 8499 8399 8199 7999 7599 7699 7699 8765 8399 8299 7899 7899 7599 7699 7499 8499 8299 8265 7899 7799 7699 7499 7499 8499 8299 8199 7899 7799 7699 7599 7299 8499 8299 8099 7899 7899 7699 7399 7199
1 0 64 104 4 64 64 149 149 149 149 149 149 16532 146 149 149 149 149 149 149 16531 146 149 149 149 149 149 149 149 16531 149 149 149 149 149 149 149 149 149 149 149 149 149 149 149 149 149 149 149 149 149 149 149 149 149 149 149 149 149 149 149 149 149 149 149 149 149 149 149 149 8899 8599 8299 7899 7699 7599 7499 7199 9199 8699 8599 8099 7999 7699 7499 7299 9499 9199 8999 8432 8299 7999 7599 7399 9832 9799 9399 8999 8699 8299 8099 7599 10198 10098 9899 9199 9099 8599 8299 7899 10398 10198 10098 9599 9199 8799 8499 8099 10498 10298 9999 9799 9699 8999 8799 8599 10498 10298 10098 9799 9599 9499 9099 8699
1 0 64 112 4 64 64 149 149 149 149 149 149 149 149 149 149 149 149 149 149 149 149 149 149 149 149 149 149 149 149 149 149 149 149 149 149 149 149 149 149 149 149 149 149 149 149 149 149 149 149 149 149 149 147 149 149 149 149 149 149 147 146 149 149 149 149 149 147 146 146 10198 10198 9899 9799 9599 9399 9099 8599 9799 9799 9699 9699 9399 9399 8999 8599 9499 9399 9299 9299 9199 9199 8699 8299 9199 8899 8899 8899 8999 8599 8399 7799 8999 8799 8699 8499 8499 8299 7799 7799 8799 8699 8499 8299 8299 7899 7699 7299 8899 8499 8299 8199 7999 7699 7299 7099 8599 8499 8299 7899 7799 7499 7099 6899
1 0 64 120 4 64 64 149 149 149 149 149 16532 146 146 149 149 149 149 149 16532 146 146 149 149 149 149 149 16532 146 146 149 149 149 149 149 16532 146 146 149 149 149 149 147 146 146 146 149 149 149 149 16532 146 146 146 149 149 149 147 146 146 146 146 149 149 149 16532 146 146 146 146 8399 8399 7999 7899 7699 7399 7199 6699 8499 8399 8099 7999 7699 7299 6999 6599 8699 8499 8499 7999 7699 7199 7199 6699 8799 8499 8199 7999 7799 7399 7099 6599 8699 8499 8199 7999 7599 7399 6999 6499 8699 8399 8199 7899 7599 7399 6799 6399 8499 8399 7999 7599 7599 7299 6899 6299 8399 8199 7799 7599 7399 7099 6699 6399
1 0 72 0 4 1 64 140 1799 1499 1399 1099 799 899 599 499 1899 1699 1399 1099 899 699 699 599 1999 1799 1399 1199 999 899 699 699 1899 1699 1499 1299 999 799 899 799 1999 1999 1599 1399 999 999 899 899 2399 1899 1599 1499 1299 999 799 899 2399 2299 1899 1599 1299 1199 999 999 2499 2199 1999 1899 1699 1299 1299 1099
1 0 72 8 4 64 64 140 140 140 140 140 140 140 140 140 140 140 140 140 140 140 140 140 140 140 140 140 140 140 140 140 140 140 140 140 140 140 140 16525 140 140 140 140 140 140 140 143 16526 140 140 140 140 140 140 143 16526 140 140 140 140 140 140 143 16525 140 140 140 140 140 140 2599 2299 2299 1799 1799 1499 1299 1199 2899 2599 2399 2099 1999 1799 1499 1399 3099 2699 2399 2399 2099 1699 1399 1199 3399 2999 2699 2399 2099 1999 1699 1499 3499 3299 2999 2499 2499 1999 1899 1399 3699 3399 3199 2799 2599 2499 2099 1599 3899 3799 3499 3099 2699 2499 2399 1899 3999 3799 3699 3199 2999 2599 2499 2299
1 0 72 16 4 64 64 143 143 16525 140 140 140 140 140 143 143 143 16526 140 140 140 140 143 143 143 16526 140 140 140 140 143 143 143 16525 140 140 140 140 143 143 143 143 16526 140 140 140 143 143 143 143 16525 140 140 140 143 143 143 143 143 16526 140 140 143 143 143 143 143 16525 140 140 3799 3799 3699 3299 3099 2999 2699 2499 4099 3899 3599 3699 3199 3099 2799 2699 4199 3999 3899 3599 3399 3099 2799 2899 4399 4299 3899 3699 3599 3199 2999 2899 4499 4299 3899 3799 3699 3299 3099 2799 4599 4399 3999 3899 3599 3399 3199 2799 4799 4499 4299 3999 3599 3499 3299 2899 4799 4499 4299 3999 3899 3499 3399 3199
1 0 72 24 4 64 64 143 143 143 143 143 143 16526 140 143 143 143 143 143 143 16526 140 143 143 143 143 143 141 140 140 16529 143 143 143 143 143 16526 140 16528 143 143 143 143 143 16526 140 146 16529 143 143 143 143 16525 140 146 16529 143 143 143 143 143 16526 146 16528 32913 143 143 143 143 16525 4799 4599 4399 4199 3899 3699 3499 2999 4999 4699 4499 4299 3899 3899 3399 3499 4999 4899 4599 4299 4099 3699 3499 3299 5199 4899 4699 4399 4199 3799 3799 3299 5499 5199 4899 4399 4199 3899 3799 3699 5599 5099 4799 4499 4299 3899 3699 3599 5699 5099 4799 4499 4399 3999 3699 3599 5799 5099 4899 4599 4399 3999 3899 3399
1 0 72 32 4 64 64 146 146 146 16529 143 143 143 143 146 146 146 16529 143 143 143 143 146 144 145 143 143 143 143 143 146 16529 143 143 143 143 143 143 146 16529 143 143 143 143 143 143 146 16528 143 143 143 143 143 143 146 146 16528 143 143 143 143 143 146 146 146 16529 143 143 143 143 5799 5199 4799 4599 4399 4099 3999 3699 5899 5799 5699 5299 5199 4899 4599 4199 5899 5599 5399 5099 4999 4699 4299 4199 5899 5499 5299 4899 4799 4599 4199 3899 5699 5399 5099 4899 4799 4499 4299 3899 5699 5599 5199 4799 4899 4499 4299 4099 5799 5399 5299 5099 4799 4699 4399 3999 5799 5799 5499 5199 4899 4599 4499 4399
1 0 72 40 4 64 64 146 146 146 16529 143 143 143 143 146 146 146 16529 143 143 143 143 146 146 146 16528 143 143 143 143 146 146 146 146 16529 143 143 143 146 146 146 146 16529 143 143 143 146 146 146 144 143 143 143 143 146 146 144 143 143 143 143 143 146 146 146 16528 32913 32913 143 143 5899 5699 5699 5399 4999 4899 4699 4299 5999 6099 5799 5499 5299 4899 4699 4599 6199 6099 5799 5599 5199 4999 4899 4599 6199 5999 5799 5599 5399 5099 4799 4399 6099 6099 5699 5699 5199 4999 4499 4599 6199 5899 5699 5399 5099 4899 4799 4399 6099 5799 5599 5299 5099 4999 4699 4399 5899 5699 5399 5299 4999 5099 4699 4499
1 0 72 48 4 64 64 146 146 146 146 146 146 16528 143 146 146 146 146 146 146 146 16528 146 146 146 146 146 146 146 146 146 146 146 146 146 146 146 146 146 146 146 146 146 146 146 146 146 146 146 146 146 146 146 146 146 146 146 146 146 146 146 146 146 146 146 146 146 146 146 146 5899 5699 5699 5599 5499 5299 5299 4599 5999 5899 5899 5799 5799 5699 5599 4899 6199 6299 6099 6099 6099 5999 5899 5399 6399 6299 6299 6399 6299 6099 5899 5799 6499 6499 6299 6499 6399 6299 5999 5899 6799 6599 6599 6599 6199 6399 5999 5899 7099 6999 6899 6599 6399 6399 6099 5899 7299 7299 7099 6599 6599 6399 6099 5899
1 0 72 56 4 64 64 16532 146 146 146 146 146 146 146 16532 146 146 146 146 146 146 146 146 146 146 146 146 146 146 146 146 146 146 146 146 146 146 146 146 146 146 146 146 146 146 146 146 146 146 146 146 146 146 146 16532 146 146 146 146 146 146 146 16531 32916 146 146 146 146 146 146 7399 7299 7199 6699 6599 6399 6199 5999 7499 7399 7299 6899 6599 6299 6199 6099 7399 7399 7299 6699 6599 6399 6199 5899 7399 7299 7199 6899 6499 6399 5999 5899 7299 7299 6999 6699 6499 6299 5899 5899 7299 7199 6799 6599 6499 6399 5999 5899 7299 7299 6799 6699 6599 6299 5999 5899 7599 7299 7199 6699 6899 6399 6299 5899
1 0 72 64 4 64 64 149 149 16531 146 146 146 146 146 149 149 149 16532 146 146 146 146 149 149 149 16532 146 146 146 146 149 149 149 16532 146 146 146 146 149 149 147 146 146 146 146 146 149 147 146 146 146 146 146 146 147 146 146 146 146 146 146 146 146 146 146 146 146 146 146 146 7599 7599 7399 7099 6899 6599 6499 6199 7899 7699 7499 7199 7199 6699 6499 6299 7999 7999 7699 7399 7199 6999 6599 6599 8099 7899 7699 7499 7399 6899 6799 6599 8099 7799 7599 7399 7399 6999 6799 6599 7799 7499 7399 7299 7199 6799 6899 6699 7499 7299 7199 7199 6999 6899 6799 6499 7199 7299 6999 6899 6899 6799 6499 6299
1 0 72 72 4 64 64 146 146 146 146 146 146 146 146 146 146 146 146 146 146 146 146 146 146 146 146 146 146 146 146 146 146 146 146 146 146 146 146 146 146 146 146 146 146 146 146 146 146 146 146 146 146 146 146 146 146 146 146 146 146 146 146 16532 146 146 146 146 146 146 146 7299 6999 6899 6599 6499 6399 6399 6099 6999 6999 6799 6599 6499 6199 6299 5999 6899 6799 6599 6599 6499 6299 6199 6099 6899 6599 6499 6599 6499 6299 6299 5899 6899 6599 6599 6399 6499 6299 6199 5899 6899 6899 6499 6599 6599 6399 6199 6099 6799 6999 6799 6599 6599 6299 6299 6099 7299 7099 7099 6699 6799 6399 6099 6199
1 0 72 80 4 64 64 16531 146 146 146 146 146 146 146 149 16531 32916 146 146 146 146 146 149 149 149 16532 146 146 146 146 149 149 149 16531 146 146 146 146 149 149 149 149 16532 146 146 146 149 149 149 149 16532 146 146 146 149 149 149 149 16532 146 146 146 149 149 149 149 16531 146 146 146 7399 7232 7199 6899 6899 6899 6499 6199 7599 7399 7299 7199 7199 6999 6699 6599 7899 7599 7499 7399 7299 6999 6899 6799 7999 7899 7699 7599 7599 7299 6899 6799 8299 8099 7899 7599 7499 7399 7099 6899 8399 8399 8099 7799 7599 7399 6999 6799 8499 8399 8099 7699 7599 7399 6999 6699 8899 8299 8099 7699 7599 7299 6899 6799
1 0 72 88 4 64 64 149 149 149 149 149 16532 146 146 149 149 149 149 149 16532 146 146 149 149 149 149 149 16531 146 146 149 149 149 149 149 149 16532 146 149 149 149 149 149 149 16532 146 149 149 149 149 149 147 146 146 149 149 149 149 149 16532 146 146 149 149 149 147 148 146 146 146 8699 8399 8199 7899 7599 7299 6899 6799 8899 8699 8199 7999 7699 7399 6899 6599 8999 8799 8399 8099 7799 7499 6999 6699 8999 8699 8299 8099 7699 7499 7199 6799 8799 8499 8399 8099 7699 7699 7099 6799 8499 8399 8299 7999 7799 7599 7099 6999 8299 8099 7999 7699 7799 7399 7199 6699 7899 7799 7799 7499 7399 7299 7099 6699
1 0 72 96 4 64 64 149 147 148 146 146 146 146 146 147 146 146 146 146 146 146 146 16532 146 146 146 146 146 146 146 16532 146 146 146 146 146 146 144 146 146 146 146 146 146 146 16529 146 146 146 146 146 146 144 143 146 146 146 146 146 146 16529 143 146 146 146 146 146 146 16529 143 7799 7499 7599 7199 6999 6999 6799 6499 7599 7499 7299 7099 6899 6399 6499 6299 7399 7099 6899 6899 6799 6399 5899 5899 7499 7099 6999 6799 6599 6099 5999 5499 7399 7199 6899 6599 6299 6099 5899 5399 7299 7199 6699 6399 6299 5899 5599 5299 7199 6799 6699 6299 5999 5999 5599 5299 7165 6799 6399 6299 5999 5699 5499 5499
1 0 72 104 4 64 64 146 146 146 146 146 146 16529 143 146 146 146 146 146 146 16529 143 32916 146 146 146 146 146 16528 143 149 16532 146 146 146 146 146 16528 149 16531 146 146 146 146 146 146 149 149 16532 146 146 146 146 146 149 149 16532 146 146 146 146 146 149 149 16532 146 146 146 146 146 6999 6799 6599 6299 5899 5799 5399 5199 7099 6799 6799 6199 6099 5699 5399 5299 7099 6999 6699 6399 5999 5799 5399 5199 7299 6899 6599 6499 6099 5799 5599 5299 7699 7199 6999 6699 6399 6199 5799 5599 7899 7499 7099 6699 6499 6199 6099 5699 8099 7799 7399 7099 6599 6599 6399 6099 8199 7999 7599 7099 6799 6699 6399 6199
1 0 72 112 4 64 64 149 149 16532 146 146 146 146 146 149 149 16532 146 146 146 146 146 149 147 146 146 146 146 146 144 147 146 146 146 146 146 146 146 16532 146 146 146 146 146 146 146 146 146 146 146 146 146 146 144 146 146 146 146 146 146 146 16529 146 146 146 146 146 146 144 143 8199 7899 7499 7399 6999 6699 6499 6099 7999 7799 7499 7099 6899 6599 6199 5799 7799 7399 7299 6899 6699 6299 5999 5599 7599 7299 6799 6799 6599 6299 5799 5599 7299 6999 6799 6499 6299 6099 5699 5699 7099 6699 6599 6399 6299 5999 5599 5399 6899 6399 6299 6199 6099 5799 5699 5299 6699 6499 6199 5999 5899 5799 5399 5199
1 0 72 120 4 64 64 146 146 146 144 145 145 143 143 146 146 146 16529 143 143 143 143 146 146 146 16529 143 143 143 143 146 146 144 143 143 143 143 143 146 144 143 143 143 143 143 143 146 16528 143 143 143 143 143 143 146 146 16529 143 143 143 143 143 146 146 16529 143 143 143 143 143 6599 6399 5999 5599 5599 5299 5299 5199 6599 5999 5799 5599 5299 4999 4799 4499 6199 5999 5699 5399 5099 4899 4699 4599 6099 5699 5099 5199 5099 4499 4399 4399 5999 5599 5199 5099 4899 4399 4299 4199 6099 5599 5199 4999 4599 4299 4099 3999 6099 5499 5399 4999 4699 4299 4299 3899 5899 5799 5499 5399 4699 4499 4199 3999
1 0 80 0 4 1 64 140 399 299 399 399 299 299 199 199 299 399 399 399 299 399 399 399 499 399 399 299 299 399 399 299 599 399 399 399 299 399 399 299 499 299 399 399 299 299 399 399 699 799 499 299 399 399 399 299 899 899 799 399 299 399 399 399 899 799 799 499 399 399 399 399
1 0 80 8 4 1 64 140 1099 799 899 799 399 299 399 399 899 899 899 899 499 399 399 399 1199 899 899 899 399 399 299 399 1199 899 899 699 399 299 399 399 1199 999 799 899 599 399 299 399 1399 1199 699 799 699 399 399 299 1499 1199 1199 699 699 599 499 399 1599 1599 1399 1099 899 899 599 299
1 0 80 16 4 1 64 140 2299 1999 1499 1399 999 899 699 299 2299 1999 1699 1599 1099 1099 699 399 2499 2299 2199 1499 1299 899 899 399 2699 2399 2199 1599 1299 999 699 299 2699 2399 2199 1599 1299 899 699 399 2799 2699 2099 1799 1599 899 699 499 2799 2699 2499 1799 1499 1199 699 899 2899 2599 2299 1999 1499 1299 899 699
1 0 80 24 4 64 64 140 140 140 140 140 140 140 140 140 140 140 140 140 140 140 140 140 140 140 140 140 140 140 140 140 140 140 140 140 140 140 140 140 140 140 140 140 140 140 140 140 140 140 140 140 140 140 140 140 140 140 140 140 140 140 140 32910 140 140 140 140 140 140 140 2999 2899 2499 2099 1999 1399 1099 899 2999 2899 2799 2399 1999 1499 1399 999 3099 2899 2899 2599 2499 1899 1699 1099 3399 2999 2699 2599 2299 1999 1699 1199 3399 2999 2899 2699 2499 1999 1799 1099 3299 3099 2999 2699 2399 2199 1499 999 3299 3199 2799 2699 2399 1999 1599 1199 3399 3199 2799 2699 2599 2199 1699 1299
1 0 80 32 4 64 64 143 16526 140 140 140 140 140 140 143 16526 140 140 140 140 140 140 141 140 140 140 140 140 140 140 143 16526 140 140 140 140 140 140 143 16526 140 140 140 140 140 140 143 16525 140 140 140 140 140 140 143 143 16526 140 140 140 140 140 143 143 16526 140 140 140 140 140 3299 3299 2899 2699 2699 1999 1799 1299 3999 3499 3299 2999 2699 2299 1799 1199 3599 3399 3199 2599 2499 2199 1699 1199 3599 3599 3199 2899 2699 2199 1799 1599 3899 3599 3299 2899 2699 2499 2199 1799 3899 3699 3299 3299 2999 2799 2499 1999 3999 3699 3399 3399 2999 2899 2599 2099 4099 4099 3599 3399 2899 2799 2599 2099
1 0 80 40 4 64 64 143 143 16526 140 140 140 140 140 143 143 16526 140 140 140 140 140 143 143 16526 140 140 140 140 140 143 143 16526 140 140 140 140 140 143 143 16526 140 140 140 140 140 143 143 16526 140 140 140 140 140 143 143 16526 140 140 140 140 140 143 143 16526 140 140 140 140 140 3999 4099 3599 3299 2999 2899 2699 2199 4199 4099 3699 3399 3299 2799 2599 2299 4199 3999 3699 3499 3299 2899 2699 2499 4399 3999 3599 3399 2999 2899 2799 2799 4299 3899 3699 3599 3299 2999 2899 2599 4199 3999 3499 3499 3199 2999 2699 2599 4099 3899 3599 3399 2999 2999 2699 2599 4199 3899 3699 3599 2999 2899 2699 2599
1 0 80 48 4 64 64 143 143 16525 140 140 140 140 140 143 143 143 16525 140 140 140 140 16529 143 143 143 16526 140 140 140 16529 143 143 143 16525 140 140 140 16529 143 143 143 143 16526 140 140 16529 143 143 143 143 16526 140 140 16528 143 143 143 143 16525 140 140 146 16529 143 143 143 143 16526 140 4299 3799 3599 3499 3299 2899 2699 2499 4499 4099 3799 3299 3199 2899 2599 2599 4899 4299 3899 3699 3199 2999 2799 2599 5099 4599 4299 3899 3599 3199 2799 2499 5599 4899 4499 4099 3699 3399 2899 2699 5499 4899 4699 4399 3999 3499 2999 2799 5399 5099 4899 4699 4299 3799 3199 2899 5599 5399 5099 4899 4299 3799 3299 2799
1 0 80 56 4 64 64 146 16529 143 143 143 143 16526 140 146 16529 143 143 143 143 16526 140 146 16529 143 143 143 141 140 140 144 143 143 143 143 16526 140 140 146 16529 143 143 143 16525 140 140 146 16529 143 143 143 143 16525 140 146 16528 143 143 143 143 143 16525 146 146 16528 143 143 143 143 143 5799 5499 5299 4899 4299 3899 3399 2899 5799 5499 5099 4899 4199 4099 3399 2999 5799 5399 5099 4599 4199 3799 3399 3099 5599 5399 5099 4699 4299 3699 3599 3099 5399 5299 4999 4499 4299 3699 3699 3099 5699 5299 5199 4599 4199 3799 3799 3399 5799 5499 5199 4799 4399 4099 3799 3399 5999 5599 5399 4899 4499 4399 3999 3599
1 0 80 64 4 64 64 146 146 146 16529 143 143 143 143 146 146 146 16529 143 143 143 143 146 146 146 16529 143 143 143 143 146 146 146 16529 143 143 143 143 146 146 146 16529 143 143 143 143 146 146 146 16529 143 143 143 143 146 146 146 16529 143 143 143 143 146 146 146 16529 143 143 143 143 6099 5799 5499 5399 4999 4699 4399 3899 6099 5999 5799 5499 5299 4899 4499 4199 6299 6199 5799 5499 5199 4999 4699 4499 6499 6199 5999 5599 5199 4899 4699 4499 6499 6199 5799 5599 5399 5099 4699 4499 6299 6099 5799 5499 5299 4799 4699 4299 5999 5899 5799 5499 5299 4999 4699 4199 5999 5799 5699 5199 5299 4599 4499 4099
1 0 80 72 4 64 64 146 146 144 143 143 143 143 143 146 146 16529 143 143 143 143 143 146 144 143 143 143 143 143 143 146 146 16529 143 143 143 143 143 146 146 16529 143 143 143 143 143 146 146 16529 143 143 143 143 143 146 146 16529 143 143 143 143 143 146 146 16529 143 143 143 143 143 5899 5799 5499 5399 4999 4599 4299 4099 5899 5799 5399 5299 4899 4699 4399 3899 5899 5599 5399 5199 4999 4699 4299 4099 5699 5599 5199 5099 4899 4499 4299 3999 5899 5799 5299 5299 4799 4499 4399 3999 5899 5799 5299 5099 4799 4599 4399 3999 5999 5699 5399 5199 4699 4599 4399 4099 5999 5799 5399 5299 4799 4699 4499 4199
1 0 80 80 4 64 64 146 146 16528 143 143 143 143 143 146 146 146 16529 143 143 143 143 146 146 146 16529 143 143 143 143 146 146 146 16529 143 143 143 143 146 146 146 16529 143 143 143 143 146 146 146 16529 143 143 143 143 146 146 146 16529 143 143 143 143 146 146 146 16529 143 143 143 143 6099 5799 5499 5399 5199 4799 4699 4199 6099 5899 5499 5499 5199 4899 4599 4399 6199 5899 5699 5599 5299 4899 4699 4399 6599 6299 5899 5599 5399 4999 4799 4499 6699 6099 6099 5599 5299 4899 4899 4299 6699 6399 6099 5599 5199 4999 4799 4299 6399 6199 5999 5499 5199 4799 4599 4299 6499 6299 5899 5399 5299 4799 4699 4299
1 0 80 88 4 64 64 146 146 146 16529 143 143 143 143 146 146 146 16528 143 143 143 143 146 146 146 146 16529 143 143 143 146 146 146 146 16529 143 143 143 146 146 146 146 16529 143 143 143 146 146 146 146 16529 143 143 143 146 146 146 146 16529 143 143 143 146 146 146 144 143 143 143 143 6299 6199 5899 5499 5299 4999 4599 4299 6299 6099 5899 5399 5199 4999 4799 4299 6599 6099 5699 5499 5199 4799 4699 4399 6399 6099 5899 5799 5399 4999 4799 4599 6499 6399 5999 5699 5399 5099 4799 4399 6599 6299 6099 5799 5599 4899 4799 4499 6499 6299 5899 5699 5399 4899 4799 4299 6499 6099 5799 5499 5199 4799 4399 3899
1 0 80 96 4 64 64 146 146 146 16529 143 143 143 141 146 146 144 143 143 143 143 16526 144 145 143 143 143 143 141 140 143 143 143 143 143 143 16526 140 143 143 143 143 143 143 16526 140 143 143 143 143 143 143 16526 140 143 143 143 143 143 141 32910 140 143 143 143 143 143 143 143 16526 6099 5899 5699 5199 5099 4399 3999 3699 5799 5699 5399 5199 4799 4199 3999 3499 5599 5299 4999 4799 4399 4099 3699 3399 5299 5099 4899 4599 3999 3999 3599 3599 5199 4799 4699 4599 4199 3899 3499 3299 4999 4699 4599 4399 4199 3899 3499 3499 5099 4699 4299 4299 3999 3699 3599 3399 4999 4799 4499 4299 4099 3799 3499 3399
1 0 80 104 4 64 64 143 143 143 143 143 143 143 16525 143 143 143 143 143 143 143 143 143 143 143 143 143 143 143 143 143 143 143 143 143 143 143 143 16528 143 143 143 143 143 143 143 146 16529 143 143 143 143 143 143 146 16529 143 143 143 143 143 143 146 16529 143 143 143 143 143 141 4899 4699 4199 4199 3999 3699 3899 3699 4899 4699 4599 4299 4199 3999 3899 3799 4999 4799 4599 4499 4299 4199 4099 3899 4899 4999 4699 4499 4399 4399 4299 3999 5299 5099 4899 4799 4699 4599 4299 4099 5599 5399 5199 4699 4499 4599 4399 4099 5799 5499 5199 4999 4699 4599 4199 3999 5599 5399 5199 4899 4499 4599 4299 3799
1 0 80 112 4 64 64 146 16529 143 143 143 143 143 16526 144 143 143 143 143 143 143 16526 143 143 143 143 143 143 143 16526 16529 143 143 143 143 143 143 16526 16529 143 143 143 143 143 141 140 143 143 143 143 143 143 16526 140 143 143 143 143 143 143 16526 140 143 143 143 143 143 143 16526 140 5699 5299 4899 4599 4499 4299 3999 3799 5599 5099 4499 4599 4299 3999 3999 3699 5199 5099 4699 4399 4399 3899 3899 3599 5299 4999 4499 4399 4099 3999 3899 3699 5099 4999 4799 4599 4199 3999 3799 3599 5199 4999 4499 4599 4399 3999 3799 3499 5099 4799 4599 4599 4299 3999 3799 3499 4799 4599 4599 4399 4199 3899 3699 3599
1 0 80 120 4 64 64 143 143 143 143 143 141 140 140 143 143 143 143 143 16526 140 140 143 143 143 143 143 16526 140 140 143 143 143 141 142 140 140 140 143 143 143 16526 140 140 140 140 143 143 141 140 140 140 140 140 141 142 140 140 140 140 140 140 16526 140 140 140 140 140 140 140 4699 4399 4499 4199 4199 3699 3599 3199 4599 4599 4299 4099 3899 3599 3399 3099 4599 4299 4099 4099 3899 3599 3299 3199 4299 4199 4099 3799 3599 3399 3199 2999 4199 3899 3899 3799 3499 3099 3199 2999 3899 3899 3799 3699 3399 3199 3199 2999 3599 3799 3599 3399 3099 3299 2999 2999 3799 3699 3199 3199 3099 3199 3199 2999
1 0 88 0 4 1 64 140 199 199 399 399 399 399 399 399 199 299 299 399 299 399 399 299 199 199 99 399 399 399 399 399 399 299 199 299 299 399 499 399 299 399 299 199 399 299 399 399 299 399 399 299 299 299 299 299 399 299 399 299 299 399 199 399 399 399 399 399 199 399 299 299
1 0 88 8 4 1 64 140 399 399 399 399 399 199 199 299 399 399 399 299 299 399 399 299 299 399 399 299 299 399 399 299 399 399 399 399 399 399 399 299 399 399 399 399 399 399 299 399 399 399 399 399 299 299 399 299 399 399 399 299 299 399 399 299 399 299 399 399 399 399 299 299
1 0 88 16 4 1 64 140 399 399 399 399 399 399 399 399 299 399 299 299 399 399 299 299 399 299 399 299 399 299 299 199 399 399 399 399 399 299 399 399 299 399 299 399 399 399 399 399 299 399 399 399 299 299 399 399 399 299 399 299 399 299 299 299 399 399 399 399 399 399 399 399
1 0 88 24 4 1 64 140 899 299 299 399 399 399 399 399 899 399 399 299 399 399 399 399 899 399 399 399 299 299 399 399 899 499 399 399 399 399 399 399 799 399 299 399 399 299 299 399 899 499 399 299 299 399 399 399 899 499 299 399 399 399 399 399 899 599 399 399 299 399 399 399
1 0 88 32 4 1 64 140 899 499 399 399 399 399 299 399 999 499 499 499 399 299 399 299 999 699 599 399 299 399 299 299 1199 799 799 499 399 399 399 399 1599 1099 699 399 399 399 299 399 1499 1199 799 599 399 399 399 399 1599 1399 899 599 399 399 399 399 1699 1299 899 499 399 399 299 399
1 0 88 40 4 1 64 140 1699 1299 899 599 399 299 399 299 1999 1599 1099 699 399 399 399 399 2099 1599 1199 1099 899 299 399 399 2399 1899 1699 999 1099 599 399 399 2499 2299 1999 1699 1299 999 599 399 2499 2399 2199 1999 1599 1099 999 799 2599 2399 2399 2199 1799 1299 999 799 2399 2499 2299 1999 1799 1499 999 799
1 0 88 48 4 1 64 140 2699 2299 1999 1799 1799 1599 1099 799 2499 2099 1999 1899 1799 1599 1199 999 2399 2199 1899 2099 1799 1699 1299 899 2299 1999 1899 1899 1699 1499 1599 1099 2399 2099 2099 1999 1699 1699 1599 1099 2399 2199 2099 2099 1799 1799 1299 1199 2499 2299 2199 2099 1999 1799 1699 1599 2699 2399 2299 2399 1899 1999 1999 1399
1 0 88 56 4 64 64 140 140 140 140 140 140 140 140 140 140 140 140 140 140 140 140 140 140 140 140 140 140 140 140 140 140 140 140 140 140 140 140 140 140 140 140 140 140 140 140 140 140 140 140 140 140 140 140 140 140 140 140 140 140 140 140 16525 140 140 140 140 140 140 140 2899 2599 2499 2399 2299 1899 1799 1499 2899 2499 2699 2399 2199 2199 1799 1499 2999 2699 2599 2399 2099 1899 1799 1599 2799 2799 2499 2399 2099 2199 1999 1699 2999 2799 2499 2399 2299 2199 1999 1799 2999 2899 2599 2599 2299 2299 2199 2099 2999 2999 2699 2599 2499 2299 2299 2099 3399 3299 2999 2799 2499 2499 2299 2299
1 0 88 64 4 64 64 143 16526 140 140 140 140 140 140 143 16526 140 140 140 140 140 140 143 16526 140 140 140 140 140 140 143 16526 140 140 140 140 140 140 143 16526 140 140 140 140 140 140 143 16526 140 140 140 140 140 140 143 16526 140 140 140 140 140 140 143 16526 140 140 140 140 140 140 3699 3299 2999 2699 2699 2399 2499 2299 3999 3499 3299 2699 2699 2499 2499 2299 4099 3499 3299 2699 2899 2599 2299 2299 3999 3599 3099 2899 2699 2699 2499 2499 3899 3499 3199 2899 2799 2699 2299 2299 3999 3499 3099 2899 2899 2399 2499 2499 3899 3499 3199 2899 2899 2699 2699 2499 3899 3499 3199 2699 2799 2699 2599 2499
1 0 88 72 4 64 64 141 140 140 140 140 140 140 140 16526 140 140 140 140 140 140 140 16525 140 140 140 140 140 140 140 143 16526 140 140 140 140 140 140 143 16526 140 140 140 140 140 140 143 16526 140 140 140 140 140 140 143 16526 140 140 140 140 140 140 143 16526 140 140 140 140 140 140 3699 3399 3099 3099 2999 2599 2599 2599 3799 3499 3299 2999 3199 2999 2899 2799 3699 3499 3499 3199 3099 2999 2799 2799 3699 3599 3299 3099 3099 2899 2999 2799 3899 3499 3499 3199 2999 2999 2999 2799 3899 3499 3499 3299 2999 2999 2899 2699 3899 3799 3499 3399 3099 3099 2799 2899 3899 3799 3599 3299 3399 3199 2899 2799
1 0 88 80 4 64 64 143 16525 32910 140 140 140 140 140 143 143 143 16526 140 140 140 140 143 143 143 16526 140 140 140 140 143 143 141 140 140 140 140 140 143 143 16526 140 140 140 140 140 143 143 16526 140 140 140 140 140 143 143 16526 140 140 140 140 140 143 143 16526 140 140 140 140 140 3899 3699 3699 3399 3299 3299 3099 2799 4299 3699 3699 3299 3199 3099 2899 2999 3999 3899 3899 3299 3199 3099 3099 2799 4099 3999 3699 3499 3299 3099 3099 2899 4299 3899 3799 3499 3099 2899 2899 2799 4199 3799 3699 3299 3099 2999 2799 2499 3999 3899 3599 3499 2999 2899 2499 2699 4099 3899 3499 3399 3299 2799 2699 2599
1 0 88 88 4 64 64 143 143 16526 140 140 140 140 140 143 143 16526 140 140 140 140 140 143 143 16526 140 140 140 140 140 143 141 140 140 140 140 140 140 143 16526 140 140 140 140 140 140 143 16526 140 140 140 140 140 140 143 16526 140 140 140 140 140 140 141 140 140 140 140 140 140 140 3899 3699 3299 3299 3199 2999 2499 2699 3999 3899 3499 3199 3099 2899 2699 2699 3999 3899 3499 3299 2999 2999 2699 2699 4199 3799 3499 3199 3099 2899 2699 2599 4199 3799 3299 3399 2999 2799 2699 2499 4199 3699 3399 3099 3099 2499 2699 2499 3899 3299 2999 2999 2999 2799 2399 2399 3599 3299 2899 2799 2699 2499 2499 2399
1 0 88 96 4 1 64 140 3499 3099 2899 2799 2699 2399 2499 2299 3199 3099 2799 2799 2699 2399 2299 2399 3199 2899 2799 2799 2699 2399 2499 2399 3199 2899 2999 2899 2699 2699 2499 2299 3199 2999 2899 2899 2799 2699 2699 2499 3199 3099 2899 3099 2899 2699 2699 2699 3199 3099 3099 3099 2999 2899 2799 2699 3299 3199 3199 3199 2999 2999 2799 2899
1 0 88 104 4 64 64 32910 140 140 140 140 140 140 140 143 16525 140 140 140 140 140 140 143 143 16526 140 140 140 140 140 143 143 16526 140 140 140 140 140 143 141 140 140 140 140 140 140 143 16526 140 140 140 140 140 140 143 16526 140 140 140 140 140 140 142 140 140 140 140 140 140 140 3499 3399 3199 3199 3199 2999 2999 2899 3699 3699 3399 3199 3199 2999 2999 2999 3899 3499 3699 3299 3299 3299 2999 2899 3999 3899 3699 3299 3199 3299 2999 2999 3999 3699 3399 3299 3099 3299 2899 2999 3999 3799 3599 3299 3199 3299 2999 2999 3899 3499 3399 3199 3199 2799 2799 2799 3699 3599 3099 3099 2999 2799 2899 2799
1 0 88 112 4 1 64 140 3499 3299 3299 3199 2999 2899 2699 2699 3399 3099 3099 2899 2899 2899 2899 2699 3299 3099 2799 2899 2899 2899 2699 2699 3099 2999 2999 2999 2899 2699 2699 2699 3099 3299 2999 2899 2799 2799 2699 2699 3299 3199 2999 2899 2999 2799 2499 2699 3199 3099 2799 2999 2799 2799 2699 2699 3199 3099 2999 2899 2899 2699 2699 2599
1 0 88 120 4 1 64 140 3099 3099 2999 2799 2899 2699 2599 2599 3299 2999 2799 2899 2899 2699 2499 2299 2799 2799 2799 2899 2699 2699 2599 2499 2999 2799 2799 2799 2799 2699 2499 2499 2899 2899 2799 2699 2699 2699 2499 2499 2799 2899 2899 2599 2699 2699 2599 2499 2999 2899 2899 2899 2699 2699 2699 2599 2899 2899 2799 2799 2699 2699 2699 2699
1 0 96 0 4 1 64 140 299 299 399 199 199 99 0 0 299 399 299 299 199 299 0 0 399 299 399 199 299 99 199 99 399 399 299 299 299 199 199 99 399 399 299 399 299 299 0 199 399 399 399 399 299 299 199 99 399 399 399 299 299 299 99 199 399 399 299 299 399 299 199 299
1 0 96 8 4 1 64 140 299 399 499 399 399 399 399 299 299 399 299 499 399 399 399 299 299 399 399 399 399 299 399 399 299 399 299 399 499 399 399 399 199 299 399 499 499 499 299 399 399 299 399 599 599 499 399 399 399 299 399 399 599 499 499 399 299 299 199 399 399 699 399 499
1 0 96 16 4 1 64 140 399 399 399 299 499 499 399 399 299 299 299 199 399 399 599 399 399 299 299 299 399 499 399 499 299 299 399 299 399 599 599 399 399 199 299 299 499 499 499 499 399 399 399 299 399 499 699 599 399 399 299 199 399 599 599 499 399 299 299 299 399 499 499 499
1 0 96 24 4 1 64 140 299 399 399 399 399 499 499 799 399 399 399 399 399 499 399 599 399 299 299 299 399 399 499 499 399 299 399 299 399 299 399 399 399 299 399 399 299 399 399 599 299 399 399 399 399 399 399 399 299 399 399 299 399 199 299 399 399 399 399 399 299 399 399 399
1 0 96 32 4 1 64 140 299 399 399 299 299 199 299 299 399 399 399 399 299 299 299 299 399 399 399 299 399 299 299 299 399 399 399 399 399 299 199 299 399 399 299 399 399 299 199 299 399 399 299 399 399 299 199 199 399 399 399 299 399 399 399 399 399 399 399 399 399 399 399 399
1 0 96 40 4 1 64 140 399 399 399 399 399 299 299 399 399 399 399 399 299 399 399 199 399 299 399 399 399 399 399 299 299 299 399 399 399 399 399 299 399 399 299 399 399 399 399 299 399 299 399 399 399 399 399 299 499 399 399 399 399 399 299 299 399 399 399 299 399 399 299 399
1 0 96 48 4 1 64 140 499 399 299 299 399 399 399 399 599 399 399 299 399 399 299 399 799 499 399 299 399 399 399 299 799 599 399 399 399 399 299 399 799 599 399 399 399 399 399 299 899 799 399 399 299 299 199 299 1199 799 499 399 299 399 299 399 1099 699 699 399 299 399 199 199
1 0 96 56 4 1 64 140 899 799 599 599 399 399 299 199 1099 999 799 799 399 399 299 299 1499 1099 799 799 499 499 299 399 1299 1199 1099 799 599 599 399 199 1499 1299 1399 1199 999 799 599 399 1699 1699 1599 1299 999 599 499 399 2099 1799 1599 1399 1099 799 599 599 2099 1899 1899 1599 1399 999 599 599
1 0 96 64 4 1 64 140 2199 2099 1799 1699 1099 899 399 499 2199 1999 1799 1499 1099 999 799 799 1999 2199 1899 1499 1299 999 799 799 2199 2199 1899 1699 1299 1399 999 999 2199 2199 1799 1899 1499 1399 1399 1199 2199 2199 2199 1899 1699 1499 1399 1299 2199 2199 2199 2199 1799 1699 1499 1499 2199 2199 2199 2199 2199 2099 1799 1499
1 0 96 72 4 1 64 140 2599 2399 2199 2199 2199 2199 1999 1699 2499 2499 2499 2399 2099 1999 1999 1899 2499 2299 2499 2399 2199 2199 2099 1899 2699 2599 2599 2299 2199 2199 1999 1899 2699 2499 2499 2299 2199 1999 1999 1699 2499 2499 2399 2399 2199 1999 1999 1899 2699 2699 2599 2399 2199 2099 2099 1899 2699 2699 2499 2499 2199 2199 2099 1899
1 0 96 80 4 1 64 140 2799 2499 2399 2399 2199 2199 1999 2099 2999 2699 2499 2499 2199 2199 2199 2199 2699 2499 2499 2399 2399 2199 1999 1999 2699 2699 2399 2399 2399 2199 2199 2199 2399 2399 2399 2399 2199 2199 1899 1799 2599 2599 2199 2199 2199 1899 1899 1699 2499 2399 2099 2099 1899 1899 1799 1699 2399 2399 2199 2199 1999 2099 1799 1699
1 0 96 88 4 1 64 140 2399 2199 2199 2199 1799 1899 1699 1899 2399 2399 2199 2199 1999 2099 1699 1699 2399 2299 2199 2199 1999 1999 1899 1899 2399 2299 2299 2299 1999 1799 1899 1899 2299 2399 2199 2299 1999 1799 1799 1799 2399 2199 2199 1999 1999 1899 1699 1699 2399 2199 2199 2099 2199 1899 1699 1499 2299 2299 2199 2199 2199 1899 1899 1699
1 0 96 96 4 1 64 140 2399 2199 2199 2099 2199 1999 1999 1799 2399 2299 2399 2399 2199 2399 2199 1999 2399 2399 2399 2199 2399 2299 2199 2199 2499 2499 2599 2399 2399 2199 2199 2299 2599 2399 2499 2499 2399 2399 2399 2399 2699 2599 2699 2499 2399 2399 2299 2299 2699 2599 2499 2699 2599 2599 2399 2299 2799 2699 2499 2499 2699 2499 2499 2399
1 0 96 104 4 1 64 140 2799 2999 2899 2699 2699 2499 2399 2399 2799 2699 2699 2699 2599 2399 2399 2299 2899 2799 2699 2699 2299 2599 2399 2299 2899 2699 2899 2699 2499 2499 2399 2199 2899 2699 2799 2699 2599 2299 2399 2199 2899 2699 2699 2499 2499 2399 2299 2399 2899 2699 2499 2699 2299 2499 2299 2299 2699 2699 2699 2699 2499 2399 2399 2399
1 0 96 112 4 1 64 140 2699 2499 2499 2599 2399 2399 2399 2399 2499 2699 2599 2399 2599 2299 2399 2299 2699 2599 2499 2399 2399 2299 2199 2199 2499 2499 2499 2299 2499 2199 2199 2199 2499 2299 2499 2299 2399 2399 2399 2199 2299 2399 2299 2399 2399 2299 2399 2199 2499 2599 2399 2299 2399 2199 2199 2099 2499 2599 2299 2299 2399 2399 2199 2199
1 0 96 120 4 1 64 140 2499 2499 2299 2399 2399 2099 2199 2199 2499 2599 2299 2299 2299 2199 2099 2199 2299 2599 2399 2299 2199 2199 2199 1999 2399 2599 2299 2299 2199 2299 1999 1799 2299 2499 2299 2399 2199 2399 2199 1999 2599 2599 2499 2499 2299 2399 2199 1999 2599 2599 2399 2399 2499 2399 1999 2199 2499 2599 2499 2399 2299 2199 2199 2199
1 0 104 0 4 1 64 140 0 0 0 0 0 0 0 0 0 0 0 0 0 0 0 0 0 0 0 0 0 0 0 0 0 0 0 0 0 0 0 0 0 0 0 0 0 0 0 0 99 0 0 0 0 0 0 0 199 0 99 99 0 0 0 0 199 199 0 199 0 0 0 0
1 0 104 8 4 1 64 140 299 299 199 99 199 0 0 0 399 299 199 299 99 99 0 0 399 199 299 99 199 199 99 0 399 399 299 199 199 199 0 199 399 299 299 299 299 99 199 0 299 299 399 299 299 99 0 0 399 399 399 399 199 299 299 199 499 399 399 399 299 299 199 199
1 0 104 16 4 1 64 140 399 499 399 399 299 299 299 299 499 299 299 399 399 399 299 299 499 299 399 399 399 299 399 299 399 499 399 399 399 399 399 99 499 499 499 299 399 399 399 399 599 499 499 499 399 399 399 399 599 499 699 499 399 399 299 299 499 599 399 499 399 399 399 399
1 0 104 24 4 1 64 140 599 699 399 499 399 399 399 299 599 499 499 399 399 399 399 299 499 499 399 299 399 399 399 399 599 399 599 499 299 399 299 399 499 599 399 499 299 399 299 399 599 399 399 499 399 399 399 299 499 799 399 499 299 399 399 299 499 499 499 499 399 399 399 399
1 0 104 32 4 1 64 140 299 299 499 299 399 399 299 399 399 299 399 399 299 399 399 399 399 399 399 499 399 299 399 299 299 299 399 399 499 399 399 399 399 399 399 399 499 399 399 299 199 299 299 399 399 299 399 399 299 199 299 399 299 299 299 399 199 299 199 199 399 399 399 299
1 0 104 40 4 1 64 140 99 199 99 299 399 399 299 299 299 299 299 299 399 299 399 399 199 299 199 299 299 299 399 399 299 299 99 99 99 299 399 399 199 199 299 199 199 299 399 399 199 199 299 99 0 0 99 299 199 299 199 199 99 199 399 399 199 199 299 299 0 99 299 299
1 0 104 48 4 1 64 140 199 199 299 199 0 199 199 199 99 99 199 199 99 99 199 299 199 199 199 99 299 0 0 199 299 199 99 199 199 99 99 99 199 99 99 199 99 99 0 0 299 199 299 299 99 0 99 99 299 199 199 99 199 199 99 99 299 299 199 199 199 299 99 0
1 0 104 56 4 1 64 140 399 299 99 199 99 199 199 199 299 299 299 199 199 199 99 199 199 299 199 99 199 299 0 99 299 299 99 99 199 299 299 0 299 199 399 199 99 299 199 0 299 299 199 199 199 99 199 0 399 399 199 299 199 199 299 99 399 399 399 299 99 299 299 99
1 0 104 64 4 1 64 140 599 499 299 399 299 199 299 99 799 499 399 399 199 199 99 99 799 799 499 399 399 299 199 199 799 699 599 499 199 299 199 199 999 999 799 399 299 299 299 99 999 999 799 399 199 199 199 199 1099 899 799 399 299 299 199 199 1499 1099 799 399 299 299 299 199
1 0 104 72 4 1 64 140 1499 1099 699 499 399 199 299 299 1499 1099 699 399 399 199 199 399 1299 1099 699 499 499 299 299 299 1699 1299 899 599 399 299 299 299 1499 1399 999 799 599 399 299 99 1699 1499 1399 799 799 399 299 199 1699 1299 1299 1099 799 499 399 199 1699 1499 1399 1099 799 399 299 399
1 0 104 80 4 1 64 140 1899 1699 1599 1099 999 599 399 299 1999 1899 1399 1399 1099 799 399 399 1999 1899 1699 1199 899 599 299 399 1799 1899 1599 1099 1199 599 399 299 1999 1799 1399 1099 899 599 299 399 1599 1499 1399 999 799 599 399 299 1699 1499 1499 999 799 699 499 399 1699 1499 1199 999 999 799 499 299
1 0 104 88 4 1 64 140 1499 1299 1199 999 999 699 399 399 1499 1299 999 799 799 599 399 399 1699 1299 799 599 599 599 399 399 1699 1299 999 799 599 499 399 399 1699 1399 1099 799 799 499 399 299 1599 1099 999 799 799 599 499 299 1599 1199 999 999 799 799 399 299 1599 1399 999 899 799 599 699 399
1 0 104 96 4 1 64 140 1599 1499 1299 1199 999 599 799 599 1799 1699 1499 1299 1099 899 799 599 1999 1899 1799 1599 1399 1199 899 599 2199 1999 1899 1699 1499 1399 1099 799 2199 2199 2099 1899 1799 1299 899 999 2199 2199 2099 1999 1699 1499 999 999 2399 2399 2199 1999 1799 1299 1199 899 2399 2199 2199 1999 1899 1499 1399 999
1 0 104 104 4 1 64 140 2199 2199 2199 1999 1699 1699 1499 1099 2199 2199 2099 1999 1699 1599 1399 1099 2299 1999 1999 2099 1699 1699 1599 1399 2199 2099 2199 2099 1899 1499 1599 1399 2299 2199 2199 2099 1699 1499 1299 1099 2199 2299 1999 1999 1799 1699 1499 999 2199 2199 1999 1999 1699 1499 1399 999 2399 2399 2199 1999 1899 1499 1399 999
1 0 104 112 4 1 64 140 2399 2199 2199 2099 1899 1499 1199 799 2199 2299 2199 2099 1899 1499 1299 799 2199 2199 1999 1999 1799 1499 1199 899 2199 2199 2199 1899 1799 1599 1199 999 2199 1999 1999 1799 1699 1399 1199 799 1999 2099 1899 1699 1699 1399 899 799 1999 1899 1799 1699 1299 1399 1099 699 2099 1799 1699 1499 1499 1099 1099 799
1 0 104 120 4 1 64 140 1999 1899 1899 1599 1499 1099 1199 799 2099 1899 1699 1499 1299 1099 1099 599 1799 1699 1699 1399 1299 999 1199 799 1799 1699 1699 1499 1199 1199 999 799 1899 1699 1499 1199 1099 699 799 799 1899 1699 1499 1199 999 799 699 599 1999 1899 1699 1399 1099 599 799 399 2199 1999 1699 1299 999 799 499 399
1 0 112 0 4 1 1 140 0
1 0 112 8 4 1 64 140 0 0 0 0 0 0 0 0 0 0 0 0 0 0 0 0 0 0 0 0 0 0 0 0 0 0 0 0 0 0 0 0 0 0 0 0 0 0 0 0 0 0 0 0 0 0 0 0 99 99 0 0 0 0 0 0 99 199 0 0 0 0 0 0
1 0 112 16 4 1 64 140 199 199 199 0 0 0 0 0 99 199 99 0 0 0 0 0 199 199 0 0 0 0 0 0 199 0 99 0 0 0 0 0 199 199 0 199 0 0 0 0 399 199 199 199 0 0 0 0 299 199 0 0 99 0 0 0 299 299 99 99 0 199 0 0
1 0 112 24 4 1 64 140 199 199 199 99 99 0 0 0 299 299 199 99 0 99 0 0 399 299 99 299 99 99 0 0 299 299 99 299 199 99 0 0 399 199 299 99 199 0 0 0 199 299 299 299 0 0 0 0 199 399 299 199 0 0 0 0 299 299 199 199 99 0 0 0
1 0 112 32 4 1 64 140 399 299 199 199 0 0 0 0 399 299 299 199 99 0 0 0 299 299 199 199 0 0 0 0 299 299 199 299 0 99 0 0 399 299 299 299 99 0 0 0 399 299 299 99 99 0 0 0 399 299 199 199 299 99 0 0 399 299 199 299 99 0 0 0
1 0 112 40 4 1 64 140 399 299 99 199 99 0 0 0 399 299 299 299 99 99 0 0 299 399 299 99 99 0 0 0 299 399 99 199 99 0 0 0 299 299 199 199 99 0 0 0 299 299 299 199 199 0 0 0 299 299 299 199 99 0 0 0 399 199 299 299 199 0 0 0
1 0 112 48 4 1 64 140 199 399 299 199 99 99 0 0 299 399 299 99 99 199 0 0 299 399 299 299 99 99 99 0 299 299 299 199 199 0 0 0 199 399 299 199 199 199 0 0 199 199 199 99 199 99 0 0 99 299 299 199 199 99 99 0 0 199 99 299 199 299 99 0
1 0 112 56 4 1 64 140 0 0 199 199 99 199 99 0 0 0 199 299 199 199 0 99 0 0 0 299 299 99 0 199 0 0 0 99 99 199 0 0 0 0 0 0 199 199 99 0 0 0 0 0 199 99 299 0 0 0 0 0 0 199 299 0 99 99 0 0 0 99 199 99
1 0 112 64 4 1 64 140 0 99 0 0 0 99 199 199 0 0 0 0 0 199 299 199 0 0 0 0 0 199 399 199 199 99 0 0 0 199 199 299 99 0 199 99 0 199 299 399 99 0 99 99 0 99 199 299 99 99 0 0 0 199 199 299 199 199 0 99 99 99 0 199
1 0 112 72 4 1 64 140 199 199 99 99 0 0 199 199 199 199 199 99 0 0 0 199 199 199 199 299 0 0 0 0 299 199 199 199 99 0 0 0 299 99 199 99 99 199 0 0 199 299 199 199 99 99 99 0 199 99 299 199 199 99 99 99 299 199 199 199 299 99 0 99
1 0 112 80 4 1 64 140 299 399 199 199 99 0 0 99 399 299 299 199 199 99 99 99 299 399 299 299 199 99 99 99 399 299 299 399 199 299 199 0 399 399 199 299 199 99 199 99 199 399 399 299 199 199 199 199 299 399 299 199 299 299 99 199 399 299 299 199 299 299 99 199
1 0 112 88 4 1 64 140 399 299 299 199 199 299 199 99 399 299 299 299 299 399 199 299 399 299 299 199 299 199 199 99 399 299 299 299 299 299 99 199 399 299 299 199 399 299 199 99 299 399 299 299 299 299 199 199 399 299 299 399 299 199 199 299 399 299 299 399 399 299 99 199
1 0 112 96 4 1 64 140 399 299 399 399 299 399 199 99 399 399 399 299 399 399 299 99 399 399 399 399 399 399 399 199 599 399 399 399 399 399 399 299 799 499 399 399 399 399 399 299 799 599 399 399 399 399 399 299 899 799 599 399 399 399 399 299 899 799 599 299 399 399 399 299
1 0 112 104 4 1 64 140 699 799 599 399 399 399 299 299 999 799 599 399 399 399 399 299 899 799 699 499 399 399 399 299 1099 599 499 499 399 299 399 299 1099 799 599 399 399 299 399 299 899 799 699 399 299 399 399 299 699 599 599 499 399 399 399 399 799 699 399 399 299 299 399 299
1 0 112 112 4 1 64 140 699 699 499 399 399 399 399 199 599 399 399 299 399 399 399 399 799 399 399 399 299 399 399 399 799 499 399 399 399 399 399 399 799 399 399 399 399 399 399 399 599 399 399 399 399 399 399 399 699 499 399 399 399 399 399 399 599 399 399 399 399 399 299 299
1 0 112 120 4 1 64 140 799 499 299 299 399 399 399 399 599 299 299 399 399 399 399 399 499 399 399 399 399 399 399 399 799 299 399 299 399 399 399 399 599 399 299 399 399 299 399 399 299 299 299 399 399 299 299 399 399 399 399 399 399 399 299 399 399 399 299 399 399 299 399 399
1 0 120 0 4 1 1 140 0
1 0 120 8 4 1 1 140 0
1 0 120 16 4 1 1 140 0
1 0 120 24 4 1 1 140 0
1 0 120 32 4 1 1 140 0
1 0 120 40 4 1 1 140 0
1 0 120 48 4 1 1 140 0
1 0 120 56 4 1 64 140 0 0 0 0 0 0 0 0 0 0 0 0 0 0 0 0 0 0 0 0 0 0 0 0 99 0 0 0 0 0 0 0 0 0 0 0 0 0 0 0 0 0 0 0 0 0 0 0 0 0 0 0 0 0 0 0 99 0 0 0 0 0 0 0
1 0 120 64 4 1 64 140 199 199 0 0 0 0 0 0 0 99 0 0 0 0 0 0 99 199 0 0 0 0 0 0 99 0 0 0 0 0 0 0 99 299 0 0 0 0 0 0 99 99 0 0 0 0 0 0 199 99 99 99 0 0 0 0 299 199 199 99 0 0 0 0
1 0 120 72 4 1 64 140 299 99 99 99 0 0 0 0 299 399 299 99 0 0 0 0 99 99 99 199 0 0 0 0 0 199 299 199 199 99 0 0 0 199 199 299 199 0 0 0 0 99 399 199 199 199 0 0 0 0 299 299 299 0 0 0 0 99 199 299 299 199 199 99
1 0 120 80 4 1 64 140 0 0 0 199 399 199 99 99 0 0 99 199 299 199 0 99 0 0 0 0 99 99 99 99 99 0 0 0 0 99 299 99 0 0 0 0 0 0 99 199 99 99 0 0 0 0 0 99 199 0 0 0 0 0 0 99 199 99 0 199 0 0 0 99
1 0 120 88 4 1 64 140 299 99 199 0 0 0 0 0 199 99 99 99 0 0 0 0 99 99 99 0 0 0 0 0 199 199 99 99 99 0 0 0 199 99 199 199 0 0 0 0 99 99 0 0 0 0 0 0 199 99 99 0 0 0 0 0 299 0 199 199 199 0 0 0
1 0 120 96 4 1 64 140 199 99 99 99 99 0 0 0 199 199 99 99 99 0 0 0 299 99 199 99 99 0 0 0 299 99 199 299 99 99 0 0 199 299 199 199 299 0 199 99 299 299 299 99 199 99 99 0 299 199 199 99 199 0 99 99 199 299 99 199 199 99 199 0
1 0 120 104 4 1 64 140 199 299 299 199 199 99 99 0 299 399 299 199 299 99 0 99 199 299 299 299 299 99 99 99 299 299 299 199 199 299 0 99 299 299 399 199 299 299 99 99 399 399 399 199 99 99 0 0 299 399 299 199 99 199 0 99 299 299 299 99 199 199 99 99
1 0 120 112 4 1 64 140 199 199 299 99 99 99 0 0 299 299 299 99 199 199 199 99 299 399 299 199 199 99 99 99 299 399 299 199 199 299 0 99 199 299 299 299 299 299 199 99 299 299 299 299 199 199 99 199 299 399 399 299 199 299 99 99 299 299 299 199 199 199 99 199
1 0 120 120 4 1 64 140 299 299 199 299 299 199 99 99 299 299 299 199 199 299 99 99 299 299 299 299 99 199 299 99 199 199 299 199 199 199 199 99 299 199 299 299 99 199 99 99 399 299 199 299 299 99 99 0 399 299 299 299 199 199 199 99 199 299 199 199 299 299 199 0
1 1 0 0 4 64 64 143 32912 146 146 146 146 146 146 49297 146 146 146 146 146 146 146 32912 146 146 146 146 146 146 146 146 146 146 146 146 146 146 146 146 146 146 146 146 146 146 146 146 146 146 146 146 146 146 146 146 146 146 146 146 146 146 32915 146 146 146 146 146 146 32915 149 4999 5199 5399 5599 5699 5999 6099 6199 5199 5399 5599 5699 5699 5799 6199 6199 5399 5399 5699 5599 5799 6199 6199 6399 5499 5599 5699 5899 5899 6199 6299 6399 5399 5699 5699 5899 5999 6299 6299 6899 5699 5799 5999 5999 6299 6399 6799 6999 5699 5899 5999 6199 6499 6799 7099 7299 5999 5999 6099 6399 6599 6999 7199 7499
1 1 0 8 4 64 64 146 146 146 146 146 32915 149 149 146 146 146 146 32915 149 149 149 146 146 146 32915 149 149 149 149 146 146 32915 149 149 149 149 149 146 32915 149 149 149 149 149 149 32915 149 149 149 149 149 149 149 149 149 149 149 149 149 149 149 149 149 149 149 149 149 149 149 5999 6099 6399 6599 6999 7199 7399 7399 6199 6399 6499 6699 7199 7199 7599 7999 6499 6599 6699 7199 7399 7599 7899 7999 6699 6699 7199 7199 7299 7799 8099 8399 6832 6899 7299 7599 7799 8099 8399 8399 7199 7299 7599 7799 8099 8399 8499 8699 7399 7599 7799 7999 8399 8499 8699 8999 7599 7999 8199 8399 8699 8699 8999 9299
1 1 0 16 4 1 64 149 7699 8399 8399 8699 8799 9199 9299 9599 8199 8399 8599 8899 8999 9499 9532 9899 8499 8599 8899 9099 9465 9699 9899 10198 8799 8999 9299 9599 9599 9999 10265 10298 8799 9032 9499 9499 9899 10032 10298 10598 9299 9465 9599 9799 10098 10198 10398 10698 9499 9699 9799 10198 10298 10565 10865 10898 9599 9999 10098 10298 10398 10798 10898 11198
1 1 0 24 4 1 64 149 9799 10198 10298 10698 10898 10898 11198 11365 10098 10565 10698 10998 11098 11198 11398 11565 10398 10598 10898 11165 11198 11465 11598 11598 10698 10965 11098 11198 11398 11598 11598 11798 10898 10998 11298 11398 11498 11598 11698 11798 11098 11398 11532 11898 11798 11798 11798 11832 11398 11698 11865 11898 12065 12165 12198 11998 11532 11798 11898 12098 12198 12132 12265 12198
1 1 0 32 4 1 64 149 11765 11898 12098 12098 12298 12198 12298 12132 11998 12032 12298 12498 12332 12298 12398 12498 12098 12365 12598 12565 12498 12698 12532 12532 12298 12498 12665 12865 12798 12798 12698 12698 12465 12898 12998 12998 13165 12832 12865 12898 12865 12998 13298 13398 13298 13132 13198 13198 12765 13332 13465 13498 13598 13565 13498 13498 13132 13398 13698 13565 13798 13631 13598 13598
1 1 0 40 4 1 64 149 13465 13365 13598 13865 13898 13798 13798 13798 13398 13631 13798 13998 13998 13965 13898 13965 13498 13898 13931 13931 13998 13998 13998 13998 13598 13831 14165 13898 14098 13998 13998 13931 13698 13998 14165 14031 14265 14098 13965 14098 13898 14098 14198 14198 14198 13931 13931 14198 13998 14298 14465 14398 14265 14131 14198 14298 14398 14598 14698 14698 14531 14398 14431 14598
1 1 0 48 4 1 64 149 14798 14898 14998 14998 14865 14798 14798 14965 15198 15298 15365 15231 15098 14998 15065 15231 15598 15565 15498 15331 15298 15131 15331 15565 15465 15598 15665 15698 15498 15498 15498 15631 15598 15698 15698 15498 15698 15698 15765 15798 15698 15698 15698 15598 15598 15698 15698 15631 15698 15698 15698 15698 15665 15698 15698 15831 15698 15698 15698 15665 15698 15731 15898 16098
1 1 0 56 4 1 64 149 15698 15698 15698 15698 15731 15898 16165 16398 15698 15631 15665 15665 15898 16198 16498 16598 15698 15698 15731 15965 16298 16598 16831 16998 15631 15631 15898 16298 16698 17098 17398 17431 15698 15898 16231 16698 17264 17464 17698 17598 15965 16298 16698 17131 17464 17631 17664 17464 16398 16698 17031 17331 17664 17598 17564 17298 16698 17031 17298 17464 17531 17498 17298 16998
1 1 0 64 4 1 64 149 17164 17298 17431 17531 17431 17298 17098 16864 17431 17431 17398 17298 17298 17098 16864 16698 17598 17398 17298 17164 17098 16831 16698 16598 17631 17398 17198 16998 16898 16798 16665 16498 17631 17331 17131 16964 16764 16598 16498 16231 17831 17598 17298 16998 16731 16598 16231 16231 18198 17931 17598 17231 17064 16798 16698 16598 18464 18264 17898 17664 17398 17298 17131 17064
1 1 0 72 4 1 64 149 18531 18231 17998 17764 17464 17331 17264 17098 18398 18098 17864 17598 17198 17064 16698 16498 18231 17898 17631 17298 16898 16431 16131 15931 18198 17798 17564 17164 16598 16065 15765 15598 18098 17698 17298 16798 16331 15865 15565 15431 17898 17631 17298 16898 16431 15965 15631 15365 17698 17531 17364 16998 16731 16398 15898 15531 17298 17398 17231 16964 16665 16398 16098 15831
1 1 0 80 4 1 64 149 16798 16798 16798 16864 16465 16265 16165 16098 16298 16298 16198 16165 15765 15998 15998 16131 15765 15731 15698 15498 15465 15498 15598 15798 15498 15365 15331 15265 15131 15165 15198 15298 15198 15098 15098 15098 15098 14931 14998 14998 15065 14965 14998 14998 14965 14898 14898 14798 14665 14498 14565 14565 14531 14398 14565 14365 14031 13898 13798 13798 13798 13798 13698 13798
1 1 0 88 4 1 64 149 13298 13198 12865 12998 12798 12898 12865 12898 12732 12498 12398 12198 12198 12198 12298 12198 12065 11832 11698 11598 11532 11598 11565 11598 11898 11298 11398 11298 11298 11298 11298 11298 11298 11198 10898 10932 10898 11098 10998 10898 10898 10798 10865 10798 10898 10865 10898 10898 10965 10598 10598 10598 10398 10598 10598 10598 10498 10365 10398 10398 10398 10398 10398 10398
1 1 0 96 4 1 64 149 10198 9999 9999 9899 10198 10365 10398 10298 9899 9599 9499 9599 9999 9899 10098 10098 9532 9599 9599 9499 9499 9799 9899 9799 9399 9199 9299 9099 9199 9499 9599 9599 9099 9099 8999 9099 9099 9299 9399 9399 9099 8999 9099 8799 8999 8999 8999 8999 8899 8799 8799 8699 8699 8799 8699 8599 8699 8499 8199 8299 8299 7999 7999 7999
1 1 0 104 4 64 64 149 149 149 149 149 149 149 149 149 149 149 149 147 148 148 148 149 149 147 148 146 146 146 146 149 149 16532 146 146 146 146 146 147 148 146 146 146 146 146 146 146 146 146 146 146 146 146 146 146 146 146 146 146 146 146 146 146 146 146 146 146 146 146 146 8399 8199 7999 7899 7799 7699 7699 7699 8199 7999 7699 7699 7399 7299 7299 7299 7999 7899 7599 7399 7299 6899 7099 7099 7799 7799 7399 7299 7099 6999 6999 6999 7599 7599 7199 7199 6699 6699 6799 6799 7399 7199 7199 6999 6699 6599 6699 6599 6899 7099 6899 6899 6699 6699 6499 6399 6999 6999 6899 6799 6799 6699 6399 6099
1 1 0 112 4 1 64 146 6699 6799 6699 6799 6499 6499 6199 6099 6399 6499 6499 6599 6499 6399 6099 6099 6099 6199 6099 6299 6299 6299 6199 5999 5999 5999 5999 5999 6099 6099 6099 5999 5799 5899 5799 5999 5999 6199 6299 6099 6099 5899 5799 5799 5999 5999 5999 6099 5999 5999 5799 5899 5899 6199 5999 6099 6099 5999 5799 5699 5599 5899 5799 5799
1 1 0 120 4 64 64 146 146 146 144 145 145 145 145 146 146 146 146 16529 143 143 143 146 146 146 146 16529 143 143 143 146 146 146 146 16528 143 143 143 146 146 146 146 146 16528 143 143 146 146 146 146 146 146 16529 143 146 146 146 146 146 146 16529 143 146 146 146 146 146 146 16529 143 6399 5999 5799 5599 5499 5599 5499 5399 6399 6099 5699 5499 5399 5399 5299 5099 6299 6199 5799 5699 5399 5099 4899 4999 6599 6199 5899 5799 5499 5299 4999 4999 6699 6399 6299 6099 5599 5399 4899 4999 6899 6599 6299 5999 5899 5499 5399 5199 6899 6699 6299 5999 5699 5699 5399 5299 6699 6199 5999 5899 5599 5699 5399 5199
1 1 8 0 4 64 64 146 146 146 32915 149 149 149 149 146 146 49300 149 149 149 149 149 146 146 32915 149 149 149 149 149 146 32915 149 149 149 149 149 149 49300 149 149 149 149 149 149 149 32915 149 149 149 149 149 149 149 149 149 149 149 149 149 149 149 149 149 149 149 149 149 149 149 6199 6499 6899 6999 7299 7599 7899 7999 6399 6799 6799 7399 7399 7699 7799 7999 6599 6999 7299 7299 7699 7699 8099 8232 6799 7099 7199 7499 7699 7899 8299 8599 7199 7199 7499 7699 7799 8299 8399 8699 7399 7299 7699 7799 8199 8499 8699 8799 7299 7499 7699 8099 8299 8599 8699 8999 7499 7899 8099 8299 8499 8899 8999 9299
1 1 8 8 4 1 64 149 7799 7999 8299 8399 8699 8999 9299 9399 7999 8299 8765 8899 8999 9299 9399 9599 8299 8499 8799 8999 9099 9399 9599 9799 8499 8899 8999 9199 9465 9765 9899 9899 8799 9199 9199 9399 9599 9899 9899 10198 8899 9299 9399 9799 9832 10032 10298 10398 9199 9499 9799 9999 10265 10498 10565 10598 9399 9599 9899 10232 10498 10598 10732 10898
1 1 8 16 4 1 64 149 9899 10065 10298 10398 10698 10865 11065 11098 10098 10198 10398 10698 10798 10998 11032 11032 10198 10498 10598 10798 10932 11098 11398 11232 10498 10598 10798 10898 11098 11398 11465 11498 10632 10798 10898 11098 11298 11498 11598 11532 10832 11098 11198 11298 11498 11598 11665 11798 11098 11198 11398 11565 11598 11698 11898 11898 11198 11298 11498 11498 11698 11898 12065 11998
1 1 8 24 4 1 64 149 11298 11432 11665 11798 11898 11998 12032 12132 11598 11765 11798 11898 11998 11998 12098 12298 11698 11798 11898 11998 11932 12098 12298 12398 11698 11798 11998 11998 12098 12298 12398 12598 11732 11932 11998 12098 12298 12332 12498 12698 11998 11898 12032 12298 12432 12498 12698 12798 12098 12065 12098 12398 12565 12632 12698 12898 12198 12298 12398 12598 12598 12698 12732 12998
1 1 8 32 4 1 64 149 12298 12498 12498 12598 12698 12798 12898 13032 12498 12532 12698 12698 12898 13065 13265 13198 12598 12698 12732 12698 12865 13198 13298 13465 12832 13098 12898 12898 13098 13431 13398 13865 12865 13098 13098 13198 13332 13665 13865 13998 13198 13265 13298 13332 13665 13898 13998 14265 13398 13298 13431 13698 13898 14098 14198 14298 13598 13798 13698 13998 13965 14198 14398 14598
1 1 8 40 4 1 64 149 13898 13931 13798 13965 14198 14398 14665 14798 13998 14165 13998 14365 14398 14665 14698 14831 13998 14098 14198 14298 14298 14865 14831 14965 14098 14198 14198 14498 14565 14798 15098 15298 14131 14298 14531 14698 15098 15031 15198 15331 14265 14598 14798 14998 15198 15198 15398 15698 14531 14698 15131 15331 15398 15565 15598 15798 14798 15131 15198 15498 15598 15698 15798 15998
1 1 8 48 4 1 64 149 15098 15298 15565 15598 15698 15798 15898 16098 15398 15598 15598 15798 15831 15898 16098 16298 15698 15765 15765 15731 15831 15965 16198 16565 15765 15765 15798 15865 15998 16198 16531 16598 15765 15731 15865 15998 16198 16498 16531 16631 15798 15798 16031 16298 16465 16498 16598 16398 15931 16165 16398 16531 16598 16665 16398 16031 16365 16431 16498 16598 16698 16498 16065 15765
1 1 8 56 4 1 64 149 16598 16698 16665 16531 16531 16131 15831 15698 16764 16698 16598 16498 16398 16131 15898 15665 16898 16798 16598 16565 16531 16498 16098 15731 17264 16831 16698 16698 16631 16565 16198 15898 17264 16864 16698 16698 16698 16465 16098 15898 17031 16698 16698 16598 16598 16398 15898 15731 16931 16731 16698 16531 16431 16198 15998 15798 16831 16698 16665 16498 16398 16098 15898 15698
1 1 8 64 4 1 64 149 16665 16598 16531 16398 16198 15898 15798 15598 16665 16598 16398 16198 15998 15765 15631 15598 16531 16398 16198 15998 15631 15598 15598 15398 16398 16098 15831 15731 15598 15531 15598 15431 16031 15665 15698 15631 15531 15531 15531 15331 16031 15831 15765 15631 15598 15431 15365 14998 16398 16265 16098 15698 15398 15198 14998 14498 16898 16565 15965 15531 15298 15131 14698 14198
1 1 8 72 4 1 64 149 16931 16465 15698 15398 15098 14765 14398 14065 16231 15898 15465 15298 14898 14498 14098 13598 15698 15531 15298 15198 14898 14431 13931 13631 15398 15398 15365 15198 14965 14398 14065 13498 15398 15298 15298 15065 14798 14198 14098 13531 15398 15198 14898 14798 14498 14298 14098 13498 15265 15098 14865 14431 14465 14098 13998 13665 15398 14998 14765 14231 14098 13998 13698 13398
1 1 8 80 4 1 64 149 15565 14798 14498 14298 13998 13898 13698 13198 15898 15098 14331 14198 13998 13498 13431 13098 15731 15431 14965 14298 14031 13798 13498 13098 15298 15198 15098 14698 14298 13798 13698 13298 14998 14898 14631 14631 14298 14098 13598 13398 14765 14598 14498 14198 14098 13798 13598 13398 14098 14098 14031 13998 14098 13898 13498 13398 13598 13798 13998 13798 13765 13698 13298 13198
1 1 8 88 4 1 64 149 12898 13265 13498 13465 13298 13298 13298 12998 12298 12498 12998 12998 13098 13098 12798 12798 11698 11932 12232 12498 12398 12565 12498 12398 11198 11798 11898 12032 12098 12098 12098 11998 11098 11132 11398 11498 11598 11598 11398 11398 10798 11032 10798 11098 11098 11098 10998 10998 10598 10598 10598 10498 10598 10498 10598 10398 10398 10398 10398 10098 9999 9999 9999 10298
1 1 8 96 4 64 64 149 149 149 149 149 149 149 149 149 149 149 149 149 149 149 149 149 149 149 149 149 149 149 149 149 149 149 149 149 149 149 149 149 149 149 149 149 149 149 149 149 149 149 149 149 149 149 149 149 149 149 149 149 149 149 149 149 149 149 147 148 49299 149 149 10198 9999 9899 9799 9599 9499 9599 9899 9899 9899 9599 9399 9099 9199 9199 9399 9799 9499 9299 9099 9099 9099 8999 9199 9399 9299 8999 8799 8799 8799 8799 8899 9399 9199 8699 8699 8599 8599 8599 8599 8999 8799 8299 8299 8199 8099 8099 8299 8599 8199 7999 7899 7899 7899 7899 8099 8199 8099 7699 7599 7599 7599 7499 7699
1 1 8 104 4 64 64 147 148 148 146 146 146 148 49299 146 146 146 146 146 146 146 146 146 146 146 146 146 146 146 146 146 146 146 146 146 146 146 146 146 146 146 146 146 146 146 146 146 146 146 146 146 146 146 146 146 146 146 146 146 146 146 146 146 146 146 146 144 49296 146 146 7599 7599 7399 7299 7199 7199 7299 7499 7299 7299 7299 7199 7099 7099 7199 7199 6999 6899 6999 6999 6799 6799 6799 6999 6799 6799 6699 6599 6499 6499 6499 6499 6699 6499 6399 6399 6399 6199 6199 6399 6599 6299 6399 6299 6099 6199 6199 6399 6099 6099 6099 6099 5999 5999 5899 6099 6199 5799 5699 5799 5599 5599 5599 5799
1 1 8 112 4 64 64 146 146 144 145 143 143 49296 146 146 144 143 143 143 143 143 145 146 16528 143 143 143 143 143 143 146 146 16529 143 143 143 143 143 146 146 16529 143 143 143 143 143 146 144 143 143 143 143 143 143 146 16529 143 143 143 143 143 143 144 143 143 143 143 143 143 143 6099 5799 5499 5499 5499 5499 5499 5499 5899 5599 5299 5399 5199 5199 5299 5199 5899 5499 5199 4899 4999 4899 4999 4999 5899 5499 5299 4999 4799 4699 4699 4699 5899 5699 5099 4999 4699 4599 4599 4599 5899 5599 5299 4899 4599 4199 4299 4299 5899 5599 5099 4799 4699 4099 4299 4099 5499 5399 5099 4799 4699 4199 4199 3999
1 1 8 120 4 1 64 143 5299 4999 4999 4499 4399 4299 4199 4199 4999 4799 4699 4499 4299 4199 4099 4199 4999 4599 4799 4499 4299 4099 4099 4099 4899 4699 4699 4299 4099 4299 4099 4199 4999 4599 4599 4399 4499 4299 4199 4099 4999 4799 4899 4699 4599 4299 4199 4199 5099 4999 4999 4799 4699 4299 4199 3999 5199 4999 4899 4899 4699 4299 4199 3999
1 1 16 0 4 1 64 149 8199 8699 8799 9099 9399 9299 9499 9899 8399 8599 8799 9099 9399 9699 9699 9899 8699 8699 8999 9399 9599 9699 9899 10098 8799 8899 9299 9399 9399 9899 9999 10298 8899 9032 9399 9399 9799 9899 10098 10198 9099 9399 9499 9599 9799 9932 10298 10298 9299 9499 9699 9799 9999 10198 10232 10398 9499 9599 9999 9999 10098 10365 10398 10365
1 1 16 8 4 1 64 149 9599 9799 10065 10032 10298 10398 10498 10398 9599 9999 10098 10098 10398 10498 10498 10565 9999 10098 10298 10498 10498 10598 10832 10898 10198 10298 10332 10598 10765 10898 10898 11098 10198 10332 10598 10665 10898 10998 11198 11298 10598 10698 10798 10998 10998 11198 11398 11398 10798 10798 10932 11098 11198 11298 11398 11565 10898 10998 11165 11198 11265 11432 11665 11698
1 1 16 16 4 1 64 149 11098 11165 11198 11298 11298 11532 11632 11798 11198 11232 11265 11332 11565 11765 11765 11798 11398 11598 11365 11498 11698 11798 11798 11798 11565 11598 11798 11698 11798 11832 11998 12098 11598 11698 11798 11898 11932 12098 12198 12132 11698 11898 12165 12065 12098 12298 12465 12498 11965 11998 12165 12065 12265 12498 12632 12632 12065 12098 12232 12265 12432 12598 12698 12698
1 1 16 24 4 1 64 149 12365 12398 12532 12498 12598 12698 12698 12798 12498 12598 12598 12598 12665 12698 12798 12832 12532 12698 12698 12698 12798 12798 12865 12998 12698 12765 12798 12898 12898 12898 12932 13065 12798 12898 12998 13165 13098 13098 13198 13365 12898 13065 13265 13365 13265 13398 13398 13698 13032 13332 13431 13531 13598 13798 13865 14031 13332 13498 13765 13865 13898 13931 14198 14398
1 1 16 32 4 1 64 149 13498 13631 13965 13998 14098 14298 14565 14665 13531 13831 13998 14198 14298 14598 14798 14931 13865 13931 14098 14298 14598 14831 14998 15031 13998 14198 14298 14598 14798 15065 15031 15298 14265 14365 14731 14798 14998 15198 15398 15365 14231 14598 14898 14998 15298 15131 15398 15298 14598 14898 14998 14998 15298 15498 15498 15365 14731 14965 15198 15398 15498 15831 15698 15665
1 1 16 40 4 1 64 149 14898 15198 15398 15498 15765 15965 15898 15698 15098 15398 15765 15798 15998 16065 15965 15731 15298 15498 15798 15965 16098 16098 16098 15731 15331 15698 15998 16165 16298 16431 16298 15865 15598 16065 16198 16431 16598 16764 16598 15931 15898 16198 16498 16698 16898 16798 16365 15865 16098 16331 16698 16764 16764 16598 16065 15498 16265 16665 16698 16798 16565 16165 15598 15098
1 1 16 48 4 1 64 149 16398 16698 16764 16665 16298 15698 15098 14398 16598 16665 16565 16398 15865 15031 14398 14365 16764 16698 16298 15798 15098 14598 13998 13998 16598 16465 15898 15298 14598 14198 13798 13698 16465 16198 15698 14898 14698 14098 13598 13332 16198 15898 15498 14931 14598 14098 13698 13132 15831 15698 15398 14931 14465 13998 13698 12998 15698 15598 15165 14698 14198 13831 13398 12698
1 1 16 56 4 1 64 149 15565 15198 14798 14398 13798 13398 12898 12198 15498 15031 14631 14198 13831 13398 12665 12098 15498 15298 14898 14698 13998 13498 12798 11932 15698 15598 15198 14765 14098 13565 12898 12098 15698 15665 15465 14798 14098 13598 12732 11998 15698 15598 15198 14598 13798 13431 12598 11898 15698 15331 14831 14365 13698 13198 12432 11898 15498 14965 14698 14098 13498 12998 12398 11898
1 1 16 64 4 1 64 149 15198 14698 14498 13831 13298 12898 12298 11798 15298 14698 14365 13898 13398 12898 12198 11865 15098 14698 14065 13531 12998 12498 11898 11498 15098 14398 13598 12998 12598 11898 11532 11298 14798 14198 13132 12798 12298 11798 11198 10998 14598 13798 13132 12665 11998 11598 10998 10898 13998 13698 13098 12498 11898 11698 11198 10998 13731 13398 12832 12598 11998 11698 11098 10965
1 1 16 72 4 1 64 149 13498 13098 12798 12398 11998 11598 11198 10898 13298 12998 12698 12398 12098 11498 11165 10898 13098 12998 12498 12098 11698 11465 11098 10798 13098 12698 12298 11898 11498 11298 10798 10398 13165 12398 11798 11598 11098 10898 10398 10098 12998 12498 11698 11232 10898 10398 9899 9799 13098 12565 11798 11198 10798 10298 9799 9499 13065 12598 12098 11398 10798 10298 9599 9299
1 1 16 80 4 1 64 149 12798 12298 11698 11265 10698 10265 9499 9299 12698 12298 11498 10998 10698 10198 9499 9199 12698 12298 11698 11198 10698 10198 9499 9099 12998 12398 11798 11298 10632 10198 9899 9399 12898 12498 11898 11498 10932 10598 9899 9699 12998 12765 12298 11698 11298 10898 10398 9899 13098 12698 12298 11898 11498 10998 10498 9899 12998 12865 12298 11998 11298 11098 10598 10098
1 1 16 88 4 1 64 149 12798 12698 12198 11898 11298 11098 10498 9999 12598 12298 12098 11798 11498 10898 10498 9899 12198 12098 11898 11798 11298 10898 10398 9899 11998 11998 11698 11498 11298 10998 10498 10098 11498 11498 11598 11398 10998 10698 10498 10098 10998 10998 11198 10898 10898 10798 10598 10198 10498 10398 10798 10698 10898 10798 10598 10398 10298 10298 10298 10498 10598 10498 10498 10398
1 1 16 96 4 1 64 149 9799 9799 10098 10198 10498 10398 10298 10398 9599 9799 9899 10198 10198 10198 10198 10198 9499 9599 9699 9799 9899 9899 9699 9699 9099 9499 9499 9699 9599 9599 9599 9599 8899 9199 9399 9399 9299 9299 9299 9399 8599 8899 9099 9099 8899 9099 8999 8999 8299 8599 8699 8799 8799 8899 8899 8999 7899 8199 8199 8499 8699 8599 8599 8599
1 1 16 104 4 64 64 149 149 149 149 149 149 149 149 49299 149 149 149 149 149 149 149 146 49299 149 149 149 149 149 147 146 146 148 148 148 148 148 146 146 146 146 146 146 146 146 146 146 146 146 146 146 146 146 146 146 146 146 146 146 146 146 146 146 146 146 146 146 146 146 146 7599 7799 7899 8299 8299 8299 8199 8199 7199 7499 7799 7999 8299 7999 7999 7899 6899 7099 7399 7699 7799 7699 7699 7499 6799 7099 7299 7499 7499 7499 7199 7199 6599 6899 6999 7199 7099 6999 6699 6699 6399 6599 6799 6999 6899 6799 6399 6399 6199 6299 6599 6599 6499 6199 6099 6099 5999 6299 6299 6299 6199 5999 5799 5799
1 1 16 112 4 64 64 146 146 146 146 146 146 144 145 145 49296 146 146 146 146 16529 143 143 143 145 145 145 145 143 143 143 143 143 143 143 143 143 143 143 143 143 143 143 143 143 143 143 143 143 143 143 143 143 143 143 143 143 143 143 143 143 143 143 143 143 143 143 143 143 143 5799 5799 5999 5999 5999 5899 5599 5499 5399 5499 5499 5699 5599 5799 5299 5399 5099 5099 5199 5399 5399 5299 5399 5399 4599 4899 4999 4999 5299 5199 5099 4899 4599 4699 4499 4899 4899 4899 4999 4899 4099 4299 4299 4699 4699 4699 4499 4499 4199 4199 4299 4199 4399 4299 4299 4099 3999 4099 4199 4199 4199 4099 3999 4099
1 1 16 120 4 64 64 143 143 143 143 143 143 141 142 143 143 143 143 141 142 140 140 143 143 141 142 140 140 140 140 143 143 16526 140 140 140 140 140 143 141 140 140 140 140 140 140 143 16526 140 140 140 140 140 140 143 16526 140 140 140 140 140 140 143 16526 140 140 140 140 140 140 3899 3999 3899 4099 4199 3899 3699 3699 3899 3899 3899 3899 3699 3599 3599 3599 3999 3899 3799 3599 3599 3499 3499 3499 3899 3899 3399 3499 3499 3299 3499 3199 3899 3599 3399 3299 3299 3099 3199 3099 3899 3599 3499 3099 2999 2899 2799 2899 3899 3399 3299 3199 2999 2799 2999 2999 3899 3399 3399 3199 2899 2899 2999 2999
1 1 24 0 4 1 64 149 10198 10198 10398 10665 10665 10898 11065 11298 10198 10298 10398 10565 10532 10932 11098 11298 10198 10398 10465 10532 10798 10998 11098 11265 10298 10432 10598 10765 10798 10998 11098 11298 10498 10332 10698 10698 10732 10998 11198 11298 10398 10498 10698 10798 10898 11098 11198 11298 10332 10598 10598 10965 10998 11098 11165 11332 10498 10598 10798 10998 11098 11298 11398 11465
1 1 24 8 4 1 64 149 10598 10765 10998 11098 11298 11498 11498 11732 10865 10998 11098 11198 11398 11432 11598 11798 11065 11132 11265 11398 11432 11598 11798 11865 11198 11298 11332 11532 11765 11798 11998 12198 11332 11498 11598 11798 11965 11998 12198 12432 11498 11665 11765 11932 11932 12198 12365 12898 11698 11798 11898 11998 12098 12298 12732 13265 11865 11798 12098 12165 12198 12365 12998 13531
1 1 24 16 4 1 64 149 11865 12098 12265 12298 12565 12698 13132 13898 11932 12165 12232 12498 12598 12832 13298 13865 12132 12198 12365 12565 12798 12998 13298 13731 12198 12398 12598 12798 13098 13332 13365 13698 12298 12498 12698 12998 13531 14065 13831 13731 12498 12598 12865 13232 13798 14298 14398 14098 12665 12765 12998 13332 14065 14498 14498 14465 12732 12832 13132 13498 14198 14631 14698 14798
1 1 24 24 4 1 64 149 12898 12998 13365 13665 14498 14898 14931 14865 12998 13165 13498 13965 14398 14965 15098 14865 13198 13398 13698 14165 14565 14831 14965 14731 13398 13698 13965 14365 14398 14798 14765 14365 13698 13998 14365 14498 14598 14598 14498 14265 13998 14298 14398 14498 14665 14498 14298 14065 14398 14431 14498 14565 14498 14298 13998 13898 14598 14798 14598 14398 14298 14031 13898 13498
1 1 24 32 4 1 64 149 14798 14798 14498 14298 14031 13898 13531 13198 14965 14865 14598 14298 13898 13598 13298 12998 15131 14898 14698 14298 13998 13698 13398 12898 15198 14898 14798 14398 14298 13731 13431 12898 15198 15165 14965 14598 14265 13798 13365 12798 15298 15098 14898 14498 14265 13531 13198 12798 15265 15098 14798 14498 13998 13232 12965 12198 15231 14965 14598 13998 13598 12998 12432 11898
1 1 24 40 4 1 64 149 15165 14798 14298 13798 13198 12732 12298 11698 15265 14698 14298 13631 13198 12598 12198 11598 15131 14698 14198 13332 12998 12498 12098 11598 15031 14598 14098 13465 13098 12598 12098 11498 15065 14498 14098 13498 12998 12798 12198 11798 14931 14598 13998 13598 13198 12598 12398 11798 14898 14331 13965 13531 13198 12798 12198 11798 14698 14165 13698 13298 13198 12498 11998 11598
1 1 24 48 4 1 64 149 14131 13798 13531 13032 12698 12298 11865 11298 13998 13698 13398 12798 12298 11832 11598 10998 13698 13298 12798 12398 11798 11398 11198 10798 13398 12798 12398 11898 11398 11098 10698 10298 12898 12298 11698 11298 10798 10598 10298 9999 12798 12098 11798 11198 10798 10298 9999 9899 12498 11898 11398 10998 10698 10498 9999 9899 12198 11498 11298 10698 10598 10398 10298 9899
1 1 24 56 4 1 64 149 11598 11398 11165 10632 10432 10365 10198 9699 11598 11198 10732 10698 10398 10198 10098 9899 11498 11198 10698 10698 10398 10098 9699 9599 11498 11032 10698 10598 10198 10098 9699 9499 11498 11098 10698 10398 10198 9799 9699 9299 11398 10998 10598 10398 10098 9799 9499 8899 11298 11098 10598 10498 10198 9699 9399 8999 11298 11098 10698 10598 10098 9699 9399 8699
1 1 24 64 4 1 64 149 11398 11098 10598 10598 10098 9699 9399 8899 11398 11098 10498 10398 10198 9699 9499 8999 11198 10798 10398 10298 9999 9799 9399 8899 10898 10398 10098 10098 9699 9499 9099 8599 10598 10398 10198 9699 9499 9299 8699 8399 10498 10098 9799 9599 9299 8999 8599 8299 10498 10198 9999 9399 9199 8599 8399 7999 10498 10098 9899 9599 9199 8499 8299 7899
1 1 24 72 4 64 64 149 149 149 149 149 149 149 149 149 149 149 149 149 149 149 149 149 149 149 149 149 149 149 147 149 149 149 149 149 149 149 149 149 149 149 149 149 149 149 149 149 149 149 149 149 149 149 149 149 149 149 149 149 149 149 149 149 149 149 149 149 149 147 148 10398 10198 10098 9399 9199 8499 8199 7699 10398 10198 9999 9499 9199 8599 8099 7699 10398 10098 9999 9399 9199 8699 8199 7599 10198 9999 9799 9299 9099 8599 8199 7599 9999 9599 9399 9199 8799 8499 8099 7699 9499 9499 9199 8699 8699 8199 7799 7499 9199 9099 8599 8599 8399 8099 7899 7699 9199 8699 8499 8099 8099 7799 7599 7199
1 1 24 80 4 64 64 149 149 149 149 149 147 146 146 149 149 149 149 149 16532 146 146 149 149 149 149 149 16531 146 146 149 149 149 149 149 149 16532 146 149 149 149 149 149 149 16532 146 149 149 149 149 149 149 16531 146 149 149 149 149 149 149 149 16532 149 149 149 149 149 149 149 16532 8699 8499 8299 8199 7899 7599 7199 6999 8799 8399 8199 7999 7799 7299 6999 6899 8999 8599 8199 7799 7599 7199 7099 6699 9099 8699 8399 8199 7699 7499 7199 6799 9199 8999 8799 8299 8099 7799 7499 6999 9399 9199 8999 8599 8399 7999 7599 7299 9699 9399 9099 8799 8599 8299 7599 7299 9799 9299 9199 8999 8899 8199 7699 7299
1 1 24 88 4 64 64 149 149 149 149 149 149 149 16532 149 149 149 149 149 149 149 16532 149 149 149 149 149 149 149 16532 149 149 149 149 149 149 149 16531 149 149 149 149 149 149 149 149 149 149 149 149 149 149 149 149 149 149 149 149 149 149 149 149 149 149 149 149 149 149 149 149 9599 9499 9199 8899 8499 8099 7599 7399 9499 9199 9099 8499 8299 7899 7699 7399 9599 8999 8799 8399 8199 7899 7599 7099 9799 9399 8999 8699 8399 7999 7799 7199 9799 9499 9399 8999 8799 8199 7799 7599 10198 9799 9699 9199 8999 8699 8199 7799 10098 10098 9699 9599 9399 8799 8699 8299 10198 10098 9999 9699 9399 9199 8899 8699
1 1 24 96 4 1 64 149 10198 10198 9699 9699 9499 9399 9199 8999 10098 9799 9699 9499 9299 9399 9399 9099 9699 9799 9499 9299 9399 9199 9199 9199 9499 9299 9199 8999 8999 8999 8999 8999 9299 9299 8999 8999 8799 8799 8899 8799 8999 8899 8899 8699 8699 8699 8499 8599 8899 8799 8599 8699 8499 8399 8399 8299 8599 8699 8699 8399 8099 8199 8099 8199
1 1 24 104 4 64 64 149 149 149 149 149 149 149 149 149 149 149 149 149 49299 149 149 148 148 148 148 148 146 49299 149 146 146 146 146 146 146 146 49299 146 146 146 146 146 146 146 146 146 146 146 146 146 146 146 146 146 146 146 146 146 146 146 146 146 146 146 146 146 146 146 146 8199 8299 8199 8299 7999 7999 7999 8099 8099 7899 8099 7899 7699 7599 7599 7899 7599 7599 7599 7499 7299 7299 7299 7499 7199 7199 7099 7099 7099 7099 7099 7299 6699 6699 6799 6899 6599 6499 6499 6899 6399 6399 6299 6299 6299 6399 6399 6599 6199 6099 5999 5999 5899 5999 6099 6299 5699 5699 5599 5799 5799 5799 5999 6299
1 1 24 112 4 64 64 145 145 145 145 49296 146 146 146 143 143 143 143 143 145 49296 146 143 143 143 143 143 143 49297 146 143 143 143 143 143 143 143 145 143 143 143 143 143 143 143 143 143 143 143 143 143 143 143 143 143 143 143 143 143 143 143 143 143 143 143 143 143 143 143 143 5499 5499 5399 5399 5399 5499 5699 5899 5399 5299 5299 5099 5099 5399 5299 5599 5199 4999 4999 4899 4999 4999 5199 5299 4999 4699 4599 4699 4699 4899 4899 5199 4699 4399 4599 4599 4699 4699 4799 4999 4099 4299 4099 4299 4399 4599 4599 4799 4199 4199 4099 4299 4299 4399 4599 4599 4099 4099 3999 4199 4199 4299 4299 4499
1 1 24 120 4 64 64 49293 143 143 143 143 143 143 143 49294 143 143 143 143 143 143 143 140 49293 143 143 143 143 143 143 140 140 142 49293 143 143 143 143 140 140 140 140 49293 143 143 143 140 140 140 140 140 142 142 142 140 140 140 140 140 140 140 140 140 140 140 140 140 140 140 140 3799 3699 3799 3999 3999 4199 4299 4299 3599 3699 3899 4099 3999 4199 4299 4299 3599 3599 3699 3899 3999 3899 4199 3999 3499 3399 3599 3799 3699 3899 3899 3999 3099 3099 3299 3399 3499 3799 3899 3899 2999 2999 3099 3099 3499 3599 3599 3599 2799 2999 3199 3199 3399 3399 3599 3599 2999 2999 2999 2999 3199 3099 3299 3399
1 1 32 0 4 1 64 149 11398 11465 11732 12032 12465 13098 13731 14165 11398 11432 11665 12098 12498 13098 13798 14098 11565 11532 11798 12098 12565 13132 13631 13898 11532 11532 11865 12132 12698 13198 13598 13798 11498 11532 11732 12198 12898 13365 13598 13865 11398 11565 11865 12298 13065 13498 13731 13831 11465 11532 11998 12465 13098 13631 13798 13865 11598 11798 12098 12665 13398 13765 13865 13898
1 1 32 8 4 1 64 149 11798 11932 12465 13032 13565 13898 13898 13798 11965 12232 12798 13332 13698 13898 13798 13598 12232 12698 13098 13498 13831 13898 13765 13398 12498 13065 13398 13698 13898 13931 13665 13198 13065 13465 13831 13965 13965 13798 13565 13098 13465 13765 13898 13898 13798 13665 13298 12898 13665 13931 13965 13831 13765 13565 13098 12432 13965 13965 13931 13798 13631 13298 12965 12132
1 1 32 16 4 1 64 149 13998 13998 13798 13731 13465 12965 12198 11598 13998 13931 13698 13598 13165 12465 11798 11198 14031 13898 13631 13132 12865 12265 11798 11398 13831 13731 13365 12932 12565 12198 11732 11365 13798 13565 12998 12732 12565 12298 11965 11398 13931 13431 13132 12698 12498 12298 11965 11332 14198 13598 13098 12765 12465 12098 11898 11198 14198 13665 13032 12698 12232 11998 11698 11298
1 1 32 24 4 1 64 149 14331 13665 13032 12465 12098 11798 11365 11198 14398 13698 13098 12498 12098 11665 11565 11198 14265 13598 12998 12498 12165 11798 11665 11198 13898 13398 12898 12432 11998 11765 11598 11132 13631 13398 12898 12398 11898 11632 11598 10932 13798 13398 12798 12132 12065 11798 11565 10898 13498 13165 12498 12298 11998 11798 11498 11098 13065 12698 12398 12232 11998 11498 11465 10998
1 1 32 32 4 1 64 149 12865 12465 12198 11932 11632 11498 11298 10798 12598 12298 11998 11798 11498 11298 10898 10565 12498 11998 11698 11498 11298 10898 10598 10098 12398 11898 11498 10998 10798 10498 10098 9765 12298 11898 11298 10732 10398 10098 9799 9099 12198 11832 11098 10498 9999 9699 9299 8899 11832 11398 10798 10098 9799 9299 8899 8399 11598 10998 10498 9999 9399 8999 8499 8099
1 1 32 40 4 1 64 149 11398 10898 10398 9799 9299 8799 8299 7899 11198 10698 10132 9699 9099 8499 7899 7699 11165 10598 10098 9699 9099 8499 8099 7799 11198 10498 9899 9599 8999 8532 8299 7999 11298 10765 10198 9899 9499 8899 8665 8299 11398 10798 10298 9999 9799 9399 8899 8699 11398 11065 10598 10198 9999 9499 9099 8799 11198 10798 10398 9999 9799 9499 9065 8699
1 1 32 48 4 64 64 149 149 149 149 149 149 149 149 149 149 149 149 149 149 149 149 149 149 149 149 149 149 149 149 149 149 149 149 149 149 149 149 149 149 149 149 149 149 149 147 149 149 149 149 149 149 147 146 149 149 149 149 149 147 146 146 149 149 149 149 149 16532 146 146 11165 10698 10398 9899 9599 8999 8699 8599 10698 10298 9999 9499 9099 8899 8665 8399 10498 10198 9799 9399 8899 8499 8399 8199 10198 9799 9499 9099 8699 8399 8032 7799 9699 9399 9099 8599 8199 8099 7799 7399 9599 8999 8699 8399 7999 7799 7299 7299 9532 9099 8599 8399 7899 7299 7199 7099 9599 8999 8599 8199 7799 7299 7099 6799
1 1 32 56 4 64 64 149 149 149 149 149 16531 146 146 149 149 149 149 149 149 16532 146 149 149 149 149 149 149 16532 146 149 149 149 149 149 149 16532 146 149 149 149 149 149 147 146 146 149 149 149 149 147 146 146 146 149 149 149 147 146 146 146 146 149 149 147 146 146 146 146 146 9599 9299 8599 8399 7799 7299 7199 6799 9599 9299 8799 8099 7999 7299 7099 6799 9399 8999 8599 8299 7899 7699 7299 7199 9099 8699 8399 8099 7699 7799 7499 6999 8799 8499 8099 7899 7699 7599 7399 6999 8699 8399 7999 7699 7599 7299 7099 6899 8399 8099 7699 7499 7099 6799 6899 6499 8399 7899 7299 7099 6799 6699 6599 6299
1 1 32 64 4 64 64 149 149 16532 146 146 146 146 146 149 149 16532 146 146 146 146 146 149 149 16532 146 146 146 146 146 149 149 16532 146 146 146 146 146 149 149 16532 146 146 146 146 146 149 149 16532 146 146 146 146 146 149 149 16532 146 146 146 146 146 147 148 146 146 146 146 146 146 8399 7899 7199 6899 6499 6399 6299 6099 8499 8099 7499 6899 6699 6299 5999 5899 8299 7899 7399 7099 6499 6299 5999 5799 8299 7999 7599 7199 6799 6299 6099 5799 8299 7999 7599 7099 7099 6799 6299 5799 7999 7799 7599 7199 6899 6699 6399 5999 7899 7699 7199 6999 6799 6599 6399 5999 7599 7399 7099 6699 6499 6299 6199 5899
1 1 32 72 4 64 64 16532 146 146 146 146 146 146 146 16532 146 146 146 146 146 146 144 146 146 146 146 146 146 146 16529 16532 146 146 146 146 146 146 16529 16532 146 146 146 146 146 146 16529 16532 146 146 146 146 146 146 16529 16532 146 146 146 146 146 146 16529 146 146 146 146 146 146 146 16529 7399 6999 6899 6699 6499 6299 6099 5699 7099 6999 6699 6499 6299 5999 5899 5599 7299 6999 6499 6399 6299 6099 5999 5599 7199 6899 6599 6499 6199 5999 5799 5499 6999 6899 6499 6499 6199 5999 5899 5599 7099 6899 6499 6299 6199 5899 5899 5499 7099 6899 6599 6199 6199 5999 5699 5499 6899 6699 6299 6199 5899 5899 5699 5499
1 1 32 80 4 64 64 146 146 146 146 146 146 144 143 146 146 146 146 146 146 16528 32913 146 146 146 146 146 146 146 146 146 146 146 146 146 146 146 146 146 146 146 146 146 146 146 146 146 146 146 146 146 146 146 146 146 146 146 146 146 146 146 146 146 146 146 146 146 146 146 146 6799 6399 6299 5899 5999 5799 5599 5399 6499 6499 6299 6099 5799 5699 5599 5399 6599 6499 6199 6199 6099 5699 5599 5499 6699 6599 6399 6299 6099 5999 5799 5799 6799 6599 6499 6199 6199 6199 5899 5799 6899 6699 6599 6399 6299 6199 6099 5999 6999 6799 6499 6499 6299 6199 6099 5899 6899 6799 6499 6499 6199 6099 6099 5899
1 1 32 88 4 64 64 146 146 146 146 146 146 146 146 146 146 146 146 146 146 146 146 146 146 146 146 146 146 146 146 146 146 146 146 146 146 146 146 16531 32916 32916 32916 32916 146 146 146 149 149 149 149 149 16532 146 146 149 149 149 149 149 16532 146 146 149 149 149 149 149 16531 146 146 6899 6699 6599 6199 6199 6099 5999 5999 6899 6599 6599 6299 6099 6099 5899 5799 6799 6699 6599 6599 6399 6099 5799 5799 6899 6799 6799 6699 6599 6399 6199 5899 7199 7199 7199 7099 6799 6699 6399 6099 7599 7599 7599 7599 7399 6999 6799 6399 8099 8099 7899 7699 7699 7499 6999 6599 8399 8299 8199 8199 7999 7599 7299 6799
1 1 32 96 4 64 64 149 149 149 149 149 149 16532 146 149 149 149 149 149 149 16532 146 149 149 149 149 149 149 16532 146 149 149 149 149 149 147 146 146 149 149 149 149 149 16532 146 146 149 149 149 149 149 16532 146 146 149 149 149 149 149 16532 146 146 149 149 149 149 149 16532 146 146 8899 8599 8499 8299 7899 7499 7199 6699 8999 8899 8699 8299 7999 7699 7199 6799 8999 8799 8599 8099 7899 7699 7199 6899 8899 8499 8199 7999 7799 7399 7199 6799 8599 8499 8299 7999 7699 7499 7199 6699 8499 8199 8199 7899 7699 7399 7199 6799 8399 8299 8099 7799 7699 7599 7199 6699 8199 8199 8099 7999 7799 7599 7199 6899
1 1 32 104 4 64 64 149 149 149 149 149 16532 146 146 149 149 149 149 149 16532 146 146 149 149 149 149 149 16532 146 146 149 149 149 149 149 16532 146 146 49299 149 149 149 149 16532 146 146 146 148 148 148 148 146 146 146 146 146 146 146 146 146 146 146 146 146 146 146 146 146 146 146 8299 8199 8099 7999 7799 7599 7199 6799 7999 8299 8099 8099 7899 7499 7199 6699 7699 7899 8099 7999 7899 7599 7099 6699 7499 7699 7899 7899 7799 7499 7199 6899 7099 7299 7699 7699 7699 7499 7199 6999 6799 7199 7399 7499 7499 7399 7199 7099 6599 6799 6999 7199 7199 7399 7299 7199 6399 6599 6699 6799 7099 7199 7199 6899
1 1 32 112 4 64 64 146 146 146 146 146 146 146 146 146 146 146 146 146 146 146 146 146 146 146 146 146 146 146 146 49296 146 146 146 146 146 146 146 143 49296 146 146 146 146 146 146 143 143 49296 146 146 146 146 146 143 143 143 49296 146 146 146 146 143 143 143 143 145 145 145 49296 6099 6299 6599 6799 6899 6899 6799 6699 5799 6099 6199 6499 6599 6599 6699 6599 5699 5799 6099 6299 6399 6399 6399 6299 5299 5599 5799 5999 5999 6099 6199 6099 5199 5499 5599 5699 5899 6099 6099 6299 4999 5199 5399 5599 5699 5899 5999 6099 4699 4999 5099 5499 5599 5799 5699 5799 4599 4599 4999 5299 5299 5499 5499 5599
1 1 32 120 4 64 64 143 143 143 143 143 143 143 143 143 143 143 143 143 143 143 143 143 143 143 143 143 143 143 143 143 143 143 143 143 143 143 143 143 143 143 143 143 143 143 143 49293 143 143 143 143 143 143 143 140 49293 143 143 143 143 143 143 140 140 142 142 142 49293 143 143 4699 4699 4899 4999 5099 5299 5199 5199 4299 4599 4699 4599 4699 4799 4899 4899 4299 4099 4599 4499 4699 4699 4699 4599 3999 4299 4299 4299 4299 4299 4499 4399 3899 3999 3999 4199 4299 4299 4299 4299 3799 3799 3999 3999 4199 4199 3999 4199 3599 3699 3799 3899 3899 3899 3999 3999 3599 3599 3599 3599 3599 3599 3799 3899
1 1 40 0 4 1 64 149 14565 14865 14865 14731 14531 14065 13365 12998 14331 14498 14665 14398 14198 13798 12998 12665 14131 14231 14065 13865 13598 13298 12898 12398 13931 13798 13565 13365 13165 13265 12798 12398 13798 13598 13398 13198 12898 12932 12598 12098 13831 13498 13298 12898 12898 12698 12332 12098 13865 13665 13198 12865 12798 12565 12265 11998 13931 13598 13198 12898 12665 12665 12298 11932
1 1 40 8 4 1 64 149 13731 13298 12932 12698 12498 12298 12298 11998 13232 12932 12632 12598 12465 12198 12165 11998 12898 12598 12398 12198 12098 12165 12098 11998 12698 12332 12098 11898 11898 11965 11898 11998 12432 12065 11898 11732 11598 11632 11865 11898 12298 11832 11598 11365 11465 11498 11298 11532 11932 11598 11365 11198 11098 11098 11098 11098 11565 11098 10898 10698 10698 10698 10665 10698
1 1 40 16 4 64 64 149 149 149 149 149 149 149 149 149 149 149 149 149 149 149 149 149 149 149 149 149 149 149 149 149 149 149 149 149 149 149 149 149 149 149 149 149 149 149 147 149 149 149 149 149 149 149 149 149 149 149 149 149 149 149 149 149 149 149 149 149 149 149 149 11098 10898 10532 10398 10198 10265 9832 9999 10965 10598 10365 9899 9732 9599 9199 9099 11065 10532 10098 9732 9399 8999 8699 8499 11098 10498 10098 9699 9099 8699 8165 7899 11065 10398 10098 9499 8999 8599 7765 7399 10998 10365 10098 9499 8999 8199 7732 7399 10965 10332 10098 9599 9199 8599 8099 7699 10898 10432 10198 9799 9299 8999 8499 7899
1 1 40 24 4 1 64 149 10898 10665 10232 9899 9665 9199 8799 8299 10998 10832 10498 10098 9799 9399 8699 8199 10998 10598 10498 9999 9699 9099 8799 8199 10898 10598 10198 9799 9299 8899 8599 8099 10598 10098 9799 9199 9099 8699 8399 7899 10698 10198 9799 9299 8899 8699 8399 8099 10698 10098 9799 9199 8899 8699 8299 7899 10498 10098 9799 9099 8899 8599 8299 7899
1 1 40 32 4 64 64 149 149 149 149 149 149 149 149 149 149 149 149 149 149 149 149 149 149 149 149 149 149 149 147 149 149 149 149 149 149 149 16532 149 149 149 149 147 148 148 146 149 149 147 148 146 146 146 146 149 147 146 146 146 146 146 146 149 149 16532 146 146 146 146 146 10498 9999 9699 8999 8799 8499 8299 7999 10098 9799 8999 8699 8399 8499 7999 7799 9699 9099 8699 8299 7999 7999 7899 7399 9199 8699 8099 7999 7799 7699 7699 7199 8799 8232 7799 7899 7499 7499 7299 7099 8299 7899 7499 7499 7399 7399 6999 6599 7999 7499 7665 7399 7199 6999 6899 6399 7799 7399 7299 7199 6899 6699 6299 6099
1 1 40 40 4 64 64 149 149 16532 146 146 146 146 146 149 147 146 146 146 146 146 146 149 16531 146 146 146 146 146 146 149 149 16531 146 146 146 146 146 149 149 149 16532 146 146 146 146 149 149 149 16532 146 146 146 146 149 149 149 16532 146 146 146 146 149 149 149 16532 146 146 146 146 7699 7699 7299 6999 6699 6599 6299 5899 7699 7299 7099 6899 6599 6399 6099 5899 7499 7399 7099 6699 6699 6399 6299 5799 7899 7499 7299 7099 6699 6399 6099 5799 7999 7799 7399 7199 6799 6599 6299 5999 8299 7899 7765 7299 7099 6799 6399 6099 8499 8399 7899 7399 7199 6799 6299 6399 8499 8099 7899 7599 7199 6799 6499 6499
1 1 40 48 4 64 64 149 149 149 16532 146 146 146 146 149 149 147 146 146 146 146 146 149 147 146 146 146 146 146 146 147 146 146 146 146 146 146 146 146 146 146 146 146 146 146 146 146 146 146 146 146 146 146 146 146 146 146 146 146 146 146 144 146 146 146 146 146 144 145 143 8199 7999 7899 7399 7199 6999 6799 6499 7999 7799 7399 7399 7099 6799 6799 6399 7899 7599 7299 7199 6999 6799 6499 6499 7399 7199 7099 6899 6799 6699 6399 6499 7199 6999 6799 6699 6399 6399 6299 6199 7099 6699 6699 6399 6199 5999 5999 5899 6999 6499 6299 6099 5899 5899 5699 5499 6499 6399 5999 5899 5699 5599 5399 5299
1 1 40 56 4 64 64 146 146 146 146 144 143 143 143 146 146 146 146 16529 143 143 143 146 146 146 146 16528 143 143 143 146 146 146 146 146 16529 143 143 146 146 146 146 146 16529 143 143 146 146 146 146 146 16529 143 143 146 146 146 146 144 143 143 143 146 146 146 146 16529 143 143 143 6499 6199 5999 5899 5499 5499 5299 5299 6499 6299 5899 5699 5499 5299 5199 5199 6699 6199 5999 5899 5599 5499 5299 5199 6799 6299 5999 5899 5599 5399 5399 5299 6499 6199 6099 5799 5699 5399 5299 5199 6499 6299 5999 5799 5699 5299 5399 5099 6499 5899 5799 5799 5499 5399 5299 5199 6099 5799 5599 5699 5299 5099 5199 5199
1 1 40 64 4 64 64 146 146 144 145 143 143 143 143 146 144 143 143 143 143 143 143 146 16529 143 143 143 143 143 143 144 143 143 143 143 143 143 143 16529 143 143 143 143 143 143 143 16529 143 143 143 143 143 143 143 16529 143 143 143 143 143 143 143 16529 143 143 143 143 143 143 143 5799 5699 5599 5299 5099 5199 5199 5099 5499 5599 5299 5099 5199 5199 5099 4999 5699 5299 5099 5199 4999 4799 4899 4699 5399 4999 5199 5099 4699 4899 4699 4399 5499 5199 5099 5099 4699 4599 4299 4399 5599 5099 4899 4799 4699 4299 4399 4199 5599 5199 4899 4999 4399 4199 4299 4299 5499 5099 4999 4899 4399 4399 4399 4199
1 1 40 72 4 64 64 16529 143 143 143 143 143 143 143 143 143 143 143 143 143 143 143 143 143 143 143 143 143 143 143 143 143 143 143 143 143 143 143 143 143 143 143 143 143 143 143 143 143 143 143 143 143 143 143 143 143 143 143 143 143 143 143 143 143 143 143 143 143 143 143 5499 5199 5099 4899 4699 4199 4399 4299 5299 5199 5099 4799 4699 4499 4399 4299 5299 4999 4999 4799 4699 4599 4399 4199 5299 5099 4799 4799 4599 4499 4399 4399 5199 5099 4799 4899 4499 4399 4399 4399 5199 5099 4799 4699 4399 4399 4299 4099 5199 4999 4699 4299 4299 4199 4099 3899 5199 4999 4599 4199 4199 4199 3899 3899
1 1 40 80 4 64 64 143 143 143 143 143 143 141 142 143 143 143 143 143 143 16525 140 16528 143 143 143 143 143 143 16526 146 16529 143 143 143 143 143 16526 146 16529 143 143 143 143 143 16526 146 16529 143 143 143 143 143 16526 146 16529 143 143 143 143 143 16525 146 16529 143 143 143 143 143 143 5399 5099 4499 4199 3999 3899 3799 3599 5299 5099 4799 4399 4099 3899 3599 3599 5499 5199 4999 4899 4099 3999 3599 3599 5599 5399 5399 4899 4499 4299 3899 3599 5699 5599 5499 5099 4699 4299 3899 3599 5699 5599 5199 4999 4499 4299 3999 3699 5699 5599 5199 4999 4499 4299 3899 3399 5699 5599 5099 4899 4499 4299 3899 3799
1 1 40 88 4 64 64 146 16529 143 143 143 143 143 143 146 16528 32913 143 143 143 143 143 146 146 146 16528 32913 143 143 143 146 146 146 146 146 16528 32913 143 146 146 146 146 146 146 146 16529 146 146 146 146 146 146 146 16529 146 146 146 146 146 146 144 143 146 146 146 146 146 144 143 143 5899 5599 5299 4999 4699 4299 3999 3899 5899 5299 5299 4899 4799 4699 4199 3999 5799 5499 5399 5299 4899 4799 4599 4299 5699 5799 5699 5599 5499 5399 5099 4799 5999 5999 5899 5899 5799 5599 5499 5299 6199 6199 6099 6099 5999 5999 5699 5299 6499 6399 6199 6399 5999 5899 5599 5499 6499 6299 6199 6299 5999 5599 5499 5399
1 1 40 96 4 64 64 146 146 146 146 144 143 143 143 146 146 146 146 16529 143 143 143 146 146 146 144 143 143 143 143 146 146 146 16528 143 143 143 143 146 146 146 146 16529 143 143 143 146 146 146 146 16529 143 143 143 146 146 146 146 16529 143 143 143 146 146 146 146 16529 143 143 143 6399 6099 6199 5899 5599 5299 5199 5099 6399 5999 5799 5699 5399 5199 4999 4999 6299 6099 5699 5599 5399 5299 4999 4599 6199 6099 5699 5499 5399 5099 4899 4599 6399 6099 5999 5599 5399 5199 4899 4299 6499 6199 6199 5799 5499 5199 4699 4299 6399 6099 5899 5599 5399 5199 4699 4499 6199 6199 5799 5699 5399 4999 4899 4799
1 1 40 104 4 64 64 146 146 146 146 16529 143 143 143 146 146 146 146 16529 143 143 143 146 146 146 146 16529 143 143 143 146 146 146 146 16529 143 143 143 146 146 146 146 16529 143 143 143 146 146 146 146 16529 143 143 143 146 146 146 146 16529 143 143 143 146 146 146 144 32913 143 143 143 6299 5999 5799 5699 5399 5099 4899 4699 6299 5999 5799 5599 5399 5099 4999 4699 6699 6399 5999 5799 5499 5199 4999 4799 6499 6399 6199 5799 5499 5299 4899 4999 6699 6499 6399 5999 5599 5399 5199 4899 6799 6599 6399 5999 5499 5399 4999 4999 6899 6599 6099 5699 5499 5299 4999 4999 6899 6399 6099 5599 5399 5199 4899 4799
1 1 40 112 4 64 64 146 146 146 146 146 16528 143 143 146 146 146 146 146 146 16529 143 146 146 146 146 146 146 16529 143 146 146 146 146 146 146 16529 143 146 146 146 146 146 146 16529 143 146 146 146 146 146 146 16529 143 146 146 146 146 146 146 16529 143 146 146 146 146 146 144 143 143 6399 6199 5899 5599 5299 5399 4999 4999 6199 6099 5899 5799 5799 5599 5399 4999 6299 6099 5999 5999 6099 5799 5499 5399 6099 6099 6299 6199 5999 5999 5599 5399 6099 6099 6199 5999 5999 5899 5599 5399 5999 6099 6099 5999 5999 5699 5599 5399 5699 5899 5999 6199 5999 5799 5499 5199 5599 5799 5599 5699 5699 5599 5499 5299
1 1 40 120 4 64 64 145 145 145 145 145 143 143 143 143 143 143 143 143 143 143 143 143 143 143 143 143 143 143 143 143 143 143 143 143 143 143 143 143 143 143 143 143 143 143 143 143 143 143 143 143 143 143 143 143 143 143 143 143 143 143 143 143 143 143 143 143 143 143 143 5399 5399 5499 5499 5499 5499 5299 5099 4899 5099 5099 5299 5399 5399 5299 4999 4699 4999 4999 5099 5099 4999 4999 4899 4699 4699 4899 4799 4999 4899 4999 4599 4299 4399 4699 4899 4999 4899 4899 4699 4299 4299 4499 4599 4699 4799 4699 4799 4099 4299 4499 4699 4699 4699 4599 4599 4099 4099 4299 4099 4599 4599 4599 4399
1 1 48 0 4 1 64 149 12332 12098 11598 11065 10898 10598 10098 9632 12098 11698 11498 10998 10698 10332 9899 9499 11998 11532 11032 10798 10598 10298 9899 9699 11832 11498 11098 10698 10298 10298 9899 9399 11898 11398 10932 10598 10298 10065 9732 9199 11532 11132 10798 10498 10298 9799 9299 8899 11598 11165 10798 10198 9999 9599 9099 8699 11665 11165 10898 10498 10065 9399 8999 8599
1 1 48 8 4 1 64 149 11598 11498 10998 10598 10098 9599 8999 8599 11798 11498 10998 10798 10298 9699 9299 8732 11865 11598 11398 10898 10398 9999 9399 9099 11798 11598 11498 10998 10698 10098 9899 9299 11698 11565 11398 10898 10698 10098 9799 9299 11398 11398 11165 10698 10498 9999 9699 9199 11098 10898 10598 10298 10098 9699 9399 8899 10498 10298 10098 9599 9299 8899 8799 8399
1 1 48 16 4 64 64 149 149 149 149 149 149 149 149 149 149 149 149 149 149 147 148 149 149 149 147 148 148 146 146 147 148 148 146 146 146 146 146 146 146 146 146 146 146 146 146 16532 146 146 146 146 146 144 145 16532 146 146 146 146 146 16528 143 16532 146 146 146 146 146 146 16529 9799 9799 9399 8999 8799 8399 8299 7799 8999 8899 8599 8199 8099 7799 7399 7299 8132 7999 7999 7599 7299 7099 6799 6699 7532 7499 7199 6899 6699 6299 6099 5999 7199 6899 6799 6499 6199 5899 5799 5599 6999 6632 6499 6299 5799 5699 5599 5499 7199 6899 6499 6199 5899 5499 5599 5399 7399 6999 6699 6099 5999 5699 5499 5599
1 1 48 24 4 64 64 16532 146 146 146 146 146 146 16529 16532 146 146 146 146 146 146 16528 16532 146 146 146 146 146 146 146 16532 146 146 146 146 146 146 146 16532 146 146 146 146 146 146 144 16531 146 146 146 146 146 146 16529 149 16532 146 146 146 146 144 143 149 16532 146 146 146 146 16528 143 7599 7199 6699 6299 6099 5899 5799 5499 7499 7199 6899 6199 6299 5899 5699 5599 7599 7199 6599 6399 6199 5899 5899 5599 7499 7199 6599 6399 6399 5899 5799 5699 7499 7199 6599 6399 6299 5999 5899 5499 7499 7199 6899 6399 6199 5899 5699 5399 7499 7099 6699 6399 6199 5799 5499 5299 7699 7099 6699 6399 6299 5799 5499 5399
1 1 48 32 4 64 64 147 146 146 146 146 146 146 16529 16532 146 146 146 146 146 146 16528 146 146 146 146 146 146 146 146 146 146 146 146 146 146 146 146 146 146 146 146 146 146 146 146 146 146 146 146 146 146 146 146 146 146 146 146 146 146 144 145 146 146 144 145 145 145 143 143 7499 7199 6599 6299 6099 5799 5499 5399 7399 6999 6899 6399 6299 5999 5799 5499 7199 6999 6799 6499 6399 6099 5799 5599 6999 6899 6799 6799 6799 6299 6099 5799 6799 6899 6499 6799 6199 6199 6099 5799 6499 6399 6399 6099 5999 5899 5899 5799 6199 5999 5699 5799 5699 5699 5499 5399 5899 5699 5499 5599 5199 5299 5299 5299
1 1 48 40 4 64 64 144 145 143 143 143 143 143 143 16529 143 143 143 143 143 143 143 16528 143 143 143 143 143 143 143 146 16528 143 143 143 143 143 143 146 146 16528 143 143 143 143 143 146 146 146 16528 32913 143 143 143 146 146 146 146 146 16528 143 143 146 146 146 146 146 146 16529 143 5599 5399 5399 5399 5299 5199 5099 4999 5499 5299 5399 5299 5199 4799 4899 4899 5599 5399 5299 5199 5099 4899 4899 4599 5599 5599 5399 5399 5199 4999 4999 4499 5799 5599 5499 5399 5299 4899 4999 4499 5999 5799 5599 5299 5299 4999 4999 4699 6199 5899 5699 5599 5399 5299 5099 4999 6099 6099 6099 5899 5699 5599 5299 5099
1 1 48 48 4 64 64 146 146 146 146 146 146 16529 143 146 146 146 146 146 146 16529 143 146 146 146 146 146 146 16529 143 146 146 146 146 146 144 143 143 146 146 146 146 144 143 143 143 146 146 146 144 143 143 143 143 145 145 145 143 143 143 143 143 143 143 143 143 143 143 143 143 6299 6199 6199 5799 5799 5699 5499 5199 6399 6099 6099 6099 5799 5799 5499 5399 6399 6199 5899 5899 5899 5799 5499 5199 6299 6099 5899 5899 5799 5599 5499 5199 5999 6099 5999 5799 5599 5499 5399 5199 5699 5599 5699 5599 5599 5499 5099 4899 5399 5499 5299 5099 5099 5199 4999 4599 5199 5099 4899 4899 4899 4699 4599 4399
1 1 48 56 4 1 64 143 5099 4899 4899 4899 4799 4499 4399 4399 4899 4899 4699 4399 4499 4299 4299 4299 5199 4899 4599 4399 4399 4099 4099 3999 5199 4799 4799 4399 4399 4299 4099 3999 5199 5199 4899 4499 4199 4099 4199 4099 5199 5199 5199 4899 4399 4399 4299 4299 5099 5199 5199 4799 4699 4399 4399 4399 5199 5199 5099 4799 4699 4399 4399 4399
1 1 48 64 4 1 64 143 5099 4899 4899 4799 4699 4499 4399 4299 4899 4599 4599 4599 4699 4699 4499 4599 4299 4399 4399 4399 4499 4399 4399 4199 4199 4399 4399 4199 4399 4399 4399 4399 4199 4299 4199 4099 4099 4199 4399 4299 4199 4299 4099 4099 4199 4199 4299 4099 4099 4099 4199 4299 4299 4199 3999 3999 4199 4099 4199 4099 3699 3899 3899 3899
1 1 48 72 4 64 64 143 143 143 143 141 142 142 142 143 143 143 143 16526 140 140 140 143 143 143 143 16526 140 140 140 143 143 143 141 140 140 140 140 143 143 141 140 140 140 140 140 143 143 16526 140 140 140 140 140 141 142 140 140 140 140 140 140 16526 140 140 140 140 140 140 140 4099 4299 4099 4099 3799 3799 3799 3799 4299 4299 4099 3899 3699 3799 3599 3599 4099 4199 4099 3899 3699 3799 3399 3599 4199 4099 3899 3699 3599 3599 3499 3399 4099 3899 3699 3599 3599 3499 3399 3099 3999 3899 3599 3499 3399 3099 3099 3199 3699 3499 3499 3299 3299 3199 3199 2999 3599 3499 3299 3099 3199 3099 2999 2999
1 1 48 80 4 64 64 140 140 140 140 140 140 140 140 140 140 140 140 140 140 140 140 140 140 140 140 140 140 140 140 140 140 140 140 140 140 140 140 140 140 140 140 140 140 140 140 140 140 140 140 140 140 140 140 140 140 140 140 140 140 140 140 16525 32910 32910 32910 32910 32910 140 140 3399 3199 3099 2999 3199 2899 2899 2899 3299 3099 2999 2999 2999 2799 2799 2899 3299 3099 2999 2999 2899 2999 2799 2699 3299 3299 2999 2999 2999 2899 2899 2799 3299 3099 3199 2899 2799 2999 2899 2899 3499 3199 3299 2999 2899 2999 2999 2799 3599 3199 3199 3099 3099 2999 2999 3099 3599 3499 3399 3499 3199 3099 3199 3099
1 1 48 88 4 64 64 143 143 143 143 143 143 16525 32910 143 143 143 143 143 143 143 143 143 143 143 143 143 143 143 143 143 143 143 143 143 143 143 143 143 143 143 143 143 143 143 143 143 143 143 143 143 143 143 143 143 143 143 143 143 143 143 143 143 143 143 143 143 143 143 143 3599 3599 3599 3599 3599 3499 3599 3399 3899 3899 3899 3899 3899 3899 3799 3599 4199 4199 4199 4199 3999 4099 3999 3999 4499 4299 4399 4299 4299 4199 4099 4199 4899 4699 4599 4699 4399 4299 4199 4299 5099 4799 4999 4699 4699 4499 4199 4099 5199 5099 4999 4599 4599 4499 4299 4299 5299 4899 4799 4499 4699 4299 4299 4099
1 1 48 96 4 64 64 143 143 143 143 143 143 143 143 143 143 143 143 143 143 143 143 143 143 143 143 143 143 143 143 143 143 143 143 143 143 143 143 143 143 143 141 49293 143 143 141 143 143 143 16525 140 142 142 140 143 143 143 143 16525 140 140 140 143 143 143 143 143 16526 140 140 4999 4799 4699 4599 4599 4199 4099 4199 4799 4399 4299 4299 4299 4299 4299 4099 4399 4299 4199 4099 4199 4099 4199 3799 4299 3999 4099 3999 3999 3999 3899 3899 4099 4099 3899 3699 3799 3799 3899 3599 3999 3799 3799 3799 3499 3399 3599 3399 4199 3999 3899 3799 3699 3599 3599 3299 4299 4199 4099 3999 3799 3599 3599 3499
1 1 48 104 4 64 64 143 143 143 143 143 16525 140 140 143 143 143 143 143 143 16526 140 143 143 143 143 143 143 16526 140 143 143 143 143 143 143 16526 140 143 143 143 143 143 143 16526 140 143 143 143 143 143 143 16526 140 143 143 143 143 143 143 16526 140 143 143 143 143 143 143 16526 140 4399 4299 4299 3899 3899 3799 3599 3499 4499 4499 4099 4099 3999 3699 3599 3399 4699 4699 4299 4099 3999 3899 3699 3599 4899 4599 4399 4099 4099 3899 3799 3599 4799 4699 4499 4299 4199 3899 3699 3599 4799 4699 4499 4099 4099 3899 3599 3599 4499 4499 4299 4299 4099 3799 3499 3399 4599 4599 4299 4299 4199 3899 3599 3299
1 1 48 112 4 64 64 143 143 143 143 143 143 16526 140 143 143 143 143 143 143 16526 140 143 143 143 143 143 143 16526 140 143 143 143 143 143 143 16526 140 143 143 143 143 143 143 16526 140 143 143 143 143 143 143 16526 140 143 143 143 143 143 143 16526 140 143 143 143 143 143 143 16526 140 4699 4599 4099 4099 4199 3799 3799 3299 4899 4599 4299 4299 4099 3899 3699 3399 4999 4699 4299 4299 4199 3899 3599 3299 4999 4599 4499 4299 4199 3899 3599 3499 4999 4699 4299 4299 4099 3899 3599 3499 4899 4499 4299 4299 4199 3899 3599 3499 4899 4699 4399 4299 4099 3899 3699 3499 4999 4699 4499 4299 4099 3899 3399 3399
1 1 48 120 4 64 64 143 143 143 143 143 143 16526 140 143 143 143 143 143 141 140 140 143 143 143 143 143 16526 140 140 143 143 143 143 141 140 140 140 143 143 143 143 16526 140 140 140 143 143 143 143 16526 140 140 140 143 143 143 143 16525 140 140 140 143 143 143 143 143 16526 140 140 4799 4699 4599 4099 3999 3899 3499 3399 4699 4599 4299 4099 3999 3599 3499 3299 4599 4299 4099 3999 3899 3599 3299 3199 4599 4299 4099 3899 3599 3599 3199 2999 4499 4299 3999 3899 3499 3299 3099 2999 4299 4099 4199 3899 3499 3399 3199 2899 4299 4299 3999 3899 3699 3499 3199 3199 4299 4099 3999 3799 3799 3599 3299 3199
1 1 56 0 4 64 64 149 149 149 149 149 149 149 149 149 149 149 149 149 149 149 149 149 149 149 149 149 149 149 149 149 149 149 149 149 149 149 147 149 149 149 149 149 149 147 146 149 149 149 149 147 148 146 146 149 149 149 147 146 146 146 146 149 149 149 16532 146 146 146 146 9499 9399 9399 9299 9099 8799 8699 8399 9299 8999 8899 9065 8799 8599 8499 7999 9199 8699 8599 8599 8499 8199 8099 7799 9099 8699 8399 8199 8199 7899 7699 7599 8899 8599 8299 8099 7899 7699 7399 7199 8599 8299 8199 7899 7499 7599 6999 7099 8299 8265 7799 7599 7399 7199 7099 6799 8299 8099 7899 7599 7199 7199 6799 6599
1 1 56 8 4 64 64 149 149 149 16532 146 146 146 146 149 149 149 16532 146 146 146 146 149 149 149 16532 146 146 146 146 149 149 149 16532 146 146 146 146 149 149 149 16532 146 146 146 146 149 149 149 16532 146 146 146 146 149 149 147 146 146 146 146 146 149 149 16532 146 146 146 146 146 8499 8099 7699 7499 7199 6999 6799 6499 8499 8199 7699 7399 7099 6899 6699 6299 8599 8299 7899 7599 7299 6899 6699 6199 8799 8299 7899 7499 7299 6799 6499 6299 8799 8299 7799 7499 7199 6899 6499 6299 8599 8299 7699 7299 7299 6699 6499 6299 8499 7999 7399 7299 6799 6699 6399 6099 7999 7699 7299 6999 6499 6299 6299 6199
1 1 56 16 4 64 64 147 148 146 146 146 146 146 146 146 146 146 146 146 144 145 145 146 146 146 146 144 143 143 143 146 146 144 145 143 143 143 143 146 144 143 143 143 143 143 143 145 143 143 143 143 143 143 143 143 143 143 143 143 143 143 143 143 143 143 143 143 143 143 143 7499 7099 6899 6599 6299 6299 5799 5699 7099 6699 6499 6299 5999 5599 5599 5599 6432 6299 6199 5899 5599 5599 5399 5299 5799 5799 5499 5599 5299 5099 4799 4699 5699 5499 5399 5299 5299 4899 4599 4699 5499 5399 5199 5199 4999 4699 4399 4499 5299 5299 5099 4899 4699 4499 4599 4299 5599 5199 5099 4699 4599 4599 4499 4299
1 1 56 24 4 64 64 143 143 143 143 143 143 143 143 143 143 143 143 143 143 143 143 16529 143 143 143 143 143 143 143 16529 143 143 143 143 143 143 143 143 143 143 143 143 143 143 143 143 143 143 143 143 143 143 143 143 143 143 143 143 143 143 143 143 143 143 143 143 143 143 143 5499 5299 5099 4799 4499 4599 4399 4099 5399 5399 5099 4899 4599 4599 4299 4299 5499 5299 5099 4899 4399 4599 4299 3999 5499 5399 5099 4799 4599 4499 4499 4099 5399 5299 5099 4799 4599 4599 4399 4099 5399 5299 5099 4899 4599 4499 4399 4299 5299 5299 5099 4699 4599 4499 4199 3999 5199 5199 5099 4899 4599 4499 4399 4199
1 1 56 32 4 64 64 143 143 143 143 143 143 143 143 143 143 143 143 143 143 143 143 16529 143 143 143 143 143 143 143 16529 143 143 143 143 143 143 143 16529 143 143 143 143 143 143 143 16529 143 143 143 143 143 143 143 143 143 143 143 143 143 143 143 143 143 143 143 143 143 143 143 5299 5099 4999 4899 4399 4399 4299 4199 5399 5299 4899 4899 4799 4499 4399 4299 5399 5299 5099 4999 4999 4599 4399 4199 5599 5299 5199 5199 4999 4699 4299 4199 5599 5499 5199 5299 4999 4499 4199 4099 5599 5399 5299 5199 4999 4499 4099 3999 5399 5299 5199 5099 4599 4499 3999 3799 5199 5199 4999 4999 4499 4499 4199 3999
1 1 56 40 4 1 64 143 4799 4999 4999 4599 4299 4299 4199 3999 4699 4599 4499 4299 4499 4299 4299 3999 4499 4299 4499 4299 4199 4299 4299 3999 4499 4499 4499 4399 4199 4199 4099 3999 4399 4499 4299 4299 4199 4099 4199 4199 4499 4499 4499 4499 4499 4399 4399 4199 4899 4899 4699 4699 4399 4299 4399 4399 4899 4899 4799 4699 4599 4499 4399 4399
1 1 56 48 4 64 64 143 143 143 143 143 143 143 143 143 143 143 143 143 143 143 143 143 143 143 143 143 143 143 143 143 143 143 143 143 143 143 143 143 143 143 143 143 143 143 143 143 143 143 143 143 143 143 143 143 143 143 143 143 143 143 143 143 143 143 143 143 143 143 141 5099 4999 5099 4699 4899 4699 4399 4299 5099 5199 4999 4999 4699 4799 4699 4399 5099 5199 5099 4899 4799 4799 4499 4199 5199 5199 5099 4899 4799 4699 4399 4399 5099 4999 4599 4599 4399 4399 4399 4399 4699 4799 4599 4399 4399 4199 4199 4199 4499 4699 4399 4399 4299 4299 4099 3999 4299 4399 4299 4399 4299 4099 3999 3799
1 1 56 56 4 64 64 143 143 143 143 143 143 141 140 143 143 143 143 143 143 16526 140 143 143 143 143 143 141 140 140 143 143 143 143 141 140 140 140 143 143 143 141 32910 32910 140 140 143 143 143 143 143 143 16526 140 143 143 143 143 143 143 16526 140 143 143 143 143 143 143 16525 140 4199 4299 4199 4299 4199 3999 3699 3599 3999 4199 4099 4199 4099 3899 3799 3599 3999 3999 3999 3999 3899 3799 3499 3599 3799 3799 3899 3999 3499 3599 3599 3599 3899 3999 3799 3799 3599 3599 3599 3599 4299 4099 3899 3699 3599 3599 3599 3599 4399 4199 4099 3899 3799 3899 3399 3599 4399 4299 4199 3999 3899 3899 3799 3599
1 1 56 64 4 64 64 143 143 143 143 143 143 143 16525 143 143 143 143 143 143 143 143 143 143 143 143 143 143 143 143 143 143 143 143 143 143 143 143 143 143 143 143 143 143 143 143 143 143 143 143 143 143 141 142 143 143 143 141 142 142 140 140 143 143 141 140 140 140 140 140 4399 4399 4099 4099 3999 3899 3699 3799 4399 4199 4099 4099 4099 3999 3899 3699 4399 4299 4199 4099 3999 3999 3899 3899 4299 4299 4099 4199 4099 3999 3899 3699 4299 4199 3999 3999 3899 3899 3699 3899 4199 4099 3999 3799 3899 3899 3699 3699 4099 3999 3999 3699 3799 3699 3699 3699 3899 3899 3699 3799 3599 3699 3599 3499
1 1 56 72 4 64 64 142 142 140 140 140 140 140 140 140 140 140 140 140 140 140 140 140 140 140 140 140 140 140 140 140 140 140 140 140 140 140 140 140 140 140 140 140 140 140 140 140 140 140 140 140 140 140 140 140 140 140 140 140 140 140 140 140 140 140 140 140 140 140 140 3699 3699 3599 3599 3399 3599 3499 3599 3499 3599 3599 3499 3599 3599 3599 3599 3599 3399 3399 3499 3499 3499 3399 3399 3199 3099 3199 3099 3099 3199 3099 3299 3099 3199 3299 3199 3299 3199 3299 3199 2999 2999 2999 2999 2899 3199 3099 3199 2999 2999 2799 2799 2799 2999 2999 3199 2999 2999 2799 2999 2999 2799 2899 2999
1 1 56 80 4 1 64 140 2799 2899 2899 2899 2799 2899 2899 2899 2699 2799 2699 2799 2699 2699 2999 2899 2699 2699 2699 2499 2699 2699 2699 2699 2899 2699 2899 2799 2699 2699 2699 2699 2899 2799 2799 2899 2899 2699 2699 2499 2999 2799 2799 2999 2799 2699 2699 2599 3199 3099 3099 2999 2999 2899 2699 2499 3099 3199 3199 3199 2999 2799 2999 2699
1 1 56 88 4 64 64 32910 32910 140 140 140 140 140 140 143 143 16525 32910 140 140 140 140 143 143 143 143 16525 32910 140 140 143 143 143 143 143 143 16525 140 143 143 143 143 143 143 143 16526 143 143 143 143 143 143 143 16526 143 143 143 143 143 143 141 140 143 143 143 143 143 143 16526 140 3399 3599 3399 3499 3099 3099 2999 2999 3799 3599 3599 3599 3399 3199 3099 3199 3799 3899 3799 3699 3699 3599 3399 3099 4199 3899 3899 3899 3699 3799 3599 3199 4099 4099 3999 3999 3899 3899 3599 3199 4199 4199 4099 3999 3999 3899 3899 3599 4299 4199 4199 4199 4199 3999 3699 3499 4199 4299 4099 4099 4199 3999 3699 3399
1 1 56 96 4 64 64 143 143 143 143 143 143 16526 140 143 143 141 142 142 142 140 140 141 142 140 140 140 140 140 140 16526 140 140 140 140 140 140 140 140 140 140 140 140 140 140 140 140 140 140 140 140 140 140 140 140 140 140 140 140 140 140 140 140 140 140 140 140 140 140 140 4299 4099 4199 4199 3999 3899 3599 3299 3999 3999 3799 3799 3799 3599 3299 3199 3799 3699 3599 3599 3599 3299 3099 2999 3799 3599 3499 3199 3199 3199 2899 2999 3399 3299 3199 3199 3099 2999 2999 2999 3099 3199 3199 2999 2999 2999 2999 2999 3199 3099 3199 2799 2999 2999 2999 2999 3199 3099 3199 2999 2999 2999 2999 2799
1 1 56 104 4 1 64 140 3199 3299 3099 3199 2999 2799 2999 2899 3299 3199 3199 3099 2999 2999 2999 2799 3299 3099 3299 3099 3099 2899 2799 2799 3299 3099 3299 2899 2999 2999 2999 2899 3299 3099 3099 3099 2999 2999 2899 2799 3199 3299 3199 2999 2999 2999 2999 2899 3099 3199 3099 2999 2799 2899 2799 2799 3299 3199 2999 2999 2799 2899 2799 2499
1 1 56 112 4 1 64 140 3299 2999 2899 2899 2699 2899 2699 2799 3199 3099 2899 2899 2799 2699 2699 2699 3299 2999 2899 2899 2899 2699 2599 2499 3199 3199 2999 2999 2799 2699 2699 2299 3199 3199 2999 2799 2799 2799 2699 2699 3099 3199 2999 2799 2799 2799 2799 2699 3199 2999 2999 2799 2999 2899 2699 2699 3099 2899 2999 2999 2799 2799 2799 2699
1 1 56 120 4 1 64 140 3199 2999 2799 2799 2799 2799 2899 2699 3199 2999 2799 2799 2899 2899 2899 2699 2999 2899 2799 2899 2699 2699 2699 2499 2799 2899 2899 2699 2699 2699 2499 2399 2799 2899 2699 2799 2699 2499 2399 2499 2799 2699 2499 2699 2399 2499 2399 2399 2999 2799 2699 2699 2399 2499 2399 2199 2999 2799 2699 2699 2499 2399 2199 2199
1 1 64 0 4 64 64 149 149 149 16532 146 146 146 146 149 149 147 146 146 146 146 146 147 148 146 146 146 146 146 146 146 146 146 146 146 146 146 146 146 146 146 146 146 146 144 145 146 146 146 146 144 145 143 143 146 146 146 144 143 143 143 143 146 146 144 143 143 143 143 143 8299 7899 7799 7499 7199 6899 6499 6299 7899 7699 7399 7099 6899 6599 6299 6099 7499 7399 7299 6899 6599 6199 6099 5999 7199 7099 6999 6799 6499 6199 6099 5899 6999 6799 6599 6199 5999 5799 5599 5599 6799 6499 6099 5899 5499 5199 5299 4999 6499 6099 5699 5499 5299 4899 4799 4599 6099 5699 5399 5199 4999 4699 4599 4399
1 1 64 8 4 64 64 146 146 16529 143 143 143 143 143 146 144 143 143 143 143 143 143 146 16529 143 143 143 143 143 143 146 16529 143 143 143 143 143 143 146 16529 143 143 143 143 143 143 146 16529 143 143 143 143 143 143 146 16529 143 143 143 143 143 143 146 16529 143 143 143 143 143 143 5899 5699 5299 4999 4899 4599 4399 4399 5799 5499 4999 4899 4599 4399 4299 4299 5899 5299 5099 4799 4499 4199 4399 4099 5699 5399 5099 4799 4499 4199 4099 3899 5899 5499 5099 4899 4599 4499 4199 3999 5999 5399 5299 4899 4699 4499 4199 4199 5899 5499 5299 5199 4999 4399 4399 4199 5699 5499 5499 5199 5099 4399 4599 4399
1 1 64 16 4 64 64 144 143 143 143 143 143 143 143 143 143 143 143 143 143 143 143 143 143 143 143 143 143 143 143 143 143 143 143 143 143 143 143 143 143 143 143 143 141 142 142 143 143 143 143 141 140 140 140 143 143 143 141 140 140 140 140 143 143 143 16526 140 140 140 140 5399 5399 5399 5099 5099 4599 4299 4299 5299 5099 5099 4799 4699 4499 4499 4199 5099 4899 4599 4499 4499 4399 4199 3999 4699 4699 4299 4299 4099 4099 3999 3899 4599 4299 4099 4099 3899 3799 3499 3599 4399 4199 3999 3899 3799 3499 3699 3599 4399 3999 3899 3799 3799 3599 3699 3399 4399 3999 3899 3799 3799 3699 3499 3399
1 1 64 24 4 64 64 143 143 143 16525 140 140 140 140 143 143 143 143 16526 140 140 140 143 143 143 143 16526 140 140 140 143 143 143 141 140 140 140 140 143 143 143 16526 140 140 140 140 143 143 143 16526 140 140 140 140 143 143 141 140 140 140 140 140 143 143 16526 140 140 140 140 140 4099 4099 3799 3799 3699 3699 3399 3199 3999 4099 3899 3799 3699 3699 3399 3299 4099 3999 4099 3899 3699 3699 3499 3299 3999 3999 3899 3699 3499 3599 3699 3299 3899 3999 3799 3799 3699 3699 3699 3599 3999 3899 3899 3799 3599 3699 3699 3499 3899 3899 3799 3499 3699 3699 3499 3499 4099 3899 3799 3699 3699 3599 3499 3399
1 1 64 32 4 64 64 143 143 16526 140 140 140 140 140 143 143 16526 140 140 140 140 140 143 143 16526 140 140 140 140 140 143 141 140 140 140 140 140 140 141 140 140 140 140 140 140 140 16526 140 140 140 140 140 140 140 16526 140 140 140 140 140 140 140 16526 140 140 140 140 140 140 140 4099 3799 3699 3699 3699 3599 3399 3199 4199 3999 3499 3499 3299 3199 3199 3399 3899 3899 3699 3299 3299 3199 3099 3099 3999 3599 3399 3199 3299 3099 2999 3099 3699 3599 3199 3199 3099 2999 2999 2999 3699 3399 2999 2899 3099 2999 2999 2999 3699 3199 3099 2999 3099 2999 3099 2999 3599 3299 3199 3099 2899 3099 2999 2799
1 1 64 40 4 64 64 16525 32910 32910 140 140 140 140 140 143 143 143 16526 140 140 140 140 143 143 143 16525 32910 32910 32910 140 143 143 143 143 143 143 143 16525 143 143 143 143 143 143 143 143 143 143 143 143 143 143 143 143 143 143 143 143 143 143 143 143 143 143 143 143 143 143 143 143 3699 3399 3199 3199 3299 3199 2999 2999 3799 3699 3699 3499 3499 3399 3399 3299 3799 3899 3999 3699 3499 3499 3399 3099 3999 4099 3999 3799 3799 3499 3599 3599 4299 4099 4099 4099 3999 3899 3899 3599 4299 4399 4199 4199 4099 4199 3899 3899 4399 4399 4199 4299 4299 4199 3999 3899 4399 4299 4299 4399 4299 3999 3899 3899
1 1 64 48 4 64 64 143 143 143 143 143 143 143 141 143 143 143 143 143 141 142 140 143 143 143 143 143 16526 140 140 143 143 143 143 141 140 140 140 143 143 141 142 140 140 140 140 143 141 140 140 140 140 140 140 141 140 140 140 140 140 140 140 140 140 140 140 140 140 140 140 4399 4299 4399 4299 4299 3899 3899 3699 4299 4399 4299 4099 3999 3799 3699 3599 4299 4399 4099 3899 3899 3699 3599 3399 4299 4299 3899 3899 3799 3499 3499 3499 4099 3899 3799 3599 3599 3599 3399 3099 3899 3699 3499 3599 3499 3399 3199 3099 3699 3599 3599 3499 3199 3199 3099 2799 3399 3499 3499 3299 3299 2999 2999 2999
1 1 64 56 4 1 64 140 3599 3499 3299 3299 3099 2999 2999 2799 3499 3499 3299 3099 3199 2799 2999 2799 3499 3299 3099 3299 3199 2999 2999 2899 3599 3199 3099 3299 3099 2999 2999 2999 3499 3499 3099 3199 3099 3199 3099 2999 3599 3599 3399 3299 3099 3099 3299 3199 3399 3599 3399 3499 3399 3199 3099 3299 3499 3599 3599 3499 3499 3199 3199 3299
1 1 64 64 4 64 64 140 140 140 140 140 140 140 140 16526 140 140 140 140 140 140 140 16526 140 140 140 140 140 140 140 16526 140 140 140 140 140 140 140 16526 140 140 140 140 140 140 140 140 140 140 140 140 140 140 140 140 140 140 140 140 140 140 140 140 140 140 140 140 140 140 140 3699 3599 3599 3599 3399 3299 3299 3199 3799 3599 3599 3499 3599 3299 3399 3299 3699 3599 3599 3599 3599 3399 3499 3299 3799 3799 3599 3599 3599 3599 3399 3299 3699 3799 3799 3699 3499 3599 3399 3299 3799 3799 3599 3599 3599 3399 3299 3299 3599 3499 3599 3599 3599 3299 3299 3299 3599 3499 3599 3399 3499 3299 3299 3299
1 1 64 72 4 1 64 140 3499 3599 3599 3599 3599 3499 3299 3099 3399 3399 3599 3599 3599 3399 3299 3299 3599 3599 3599 3599 3399 3299 3199 3199 3199 3099 3299 3499 3399 3099 3199 3199 3099 3099 3299 3299 3099 3199 3299 2999 3299 3299 3199 3099 3099 3199 3099 2999 3099 3199 2899 2999 2999 2999 2999 2799 2899 2999 3099 3199 3199 2999 2799 2899
1 1 64 80 4 1 64 140 2999 2999 3099 3199 3099 2999 2799 2699 2799 2799 2799 2799 2999 2899 2999 2699 2699 2699 2799 2899 2799 2899 2899 2699 2499 2599 2799 2699 2699 2699 2699 2499 2599 2499 2499 2499 2699 2699 2699 2499 2399 2599 2499 2599 2299 2599 2299 2399 2399 2499 2499 2399 2299 2399 2399 2299 2499 2299 2499 2299 2399 2199 2499 2399
1 1 64 88 4 1 64 140 2799 2599 2499 2299 2399 2399 2199 2199 2799 2699 2599 2399 2299 2199 2199 2199 2899 2699 2499 2199 2199 1999 2199 1999 2999 2699 2399 2399 2199 2099 2199 1999 2999 2699 2399 2399 2199 2199 2199 1999 3299 2699 2499 2299 2399 2199 2199 1999 3199 2699 2599 2499 2399 1999 2199 1999 3099 2899 2699 2599 2299 2199 2199 2199
1 1 64 96 4 1 64 140 3199 2799 2799 2499 2599 2399 2399 2299 2899 2899 2599 2499 2499 2299 2399 2399 2899 2799 2699 2499 2499 2599 2399 2299 2899 2699 2699 2699 2499 2599 2299 2399 2899 2699 2699 2499 2599 2399 2399 2199 2999 2799 2699 2699 2499 2499 2399 2199 2799 2799 2699 2699 2299 2499 2299 2399 2799 2799 2699 2699 2499 2399 2299 2299
1 1 64 104 4 1 64 140 2899 2699 2699 2699 2499 2499 2399 2399 2799 2899 2699 2699 2499 2499 2299 2499 2999 2699 2699 2699 2699 2699 2799 2499 2799 2499 2699 2699 2699 2699 2499 2699 2899 2799 2799 2999 2899 2799 2699 2699 2699 2899 2799 2899 2999 2999 2799 2799 2899 2899 2999 2899 2799 2799 2799 2899 2699 2699 2799 2799 2799 2699 2899 2799
1 1 64 112 4 1 64 140 2799 2699 2699 2699 2699 2499 2699 2699 2699 2499 2599 2599 2399 2499 2499 2599 2499 2499 2299 2599 2299 2599 2399 2199 2399 2299 2299 2399 2399 2199 2099 1999 2499 2299 2299 2399 2199 2099 2199 2099 2599 2399 2299 2199 2199 2199 2099 1899 2499 2499 2399 2199 2399 1999 2099 1699 2699 2499 2399 2399 2399 2199 1999 1999
1 1 64 120 4 1 64 140 2599 2499 2499 2499 2399 2299 2199 2199 2499 2499 2599 2499 2499 2499 2599 2199 2499 2599 2499 2399 2499 2499 2599 2199 2499 2299 2499 2499 2499 2399 2399 1999 2299 2499 2499 2499 2299 2399 2199 1999 2299 2299 2299 2299 2399 1999 2199 1999 2199 2199 2299 2199 2399 2199 2199 1699 2199 2199 2199 2099 2199 2199 1999 1899
1 1 72 0 4 64 64 146 146 16529 143 143 143 143 141 146 146 16529 143 143 143 143 16526 144 145 143 143 143 143 143 16526 16529 143 143 143 143 143 143 16526 143 143 143 143 143 143 143 16526 143 143 143 143 143 143 143 16526 143 143 143 143 143 143 143 16526 143 143 143 143 143 141 142 140 5899 5799 5499 5199 4699 4499 4199 3799 5699 5699 5199 5199 4599 4499 4099 3799 5599 5399 5199 4899 4499 4399 3999 3799 5499 5199 4699 4599 4499 4299 4199 3599 5299 5099 4699 4699 4299 4199 4099 3699 4899 4699 4699 4499 4299 4199 3899 3699 4599 4499 4499 4199 4099 4099 3899 3699 4499 4399 4199 4099 3999 3799 3599 3499
1 1 72 8 4 64 64 143 143 143 143 141 140 140 140 143 143 143 141 140 140 140 140 143 141 142 140 140 140 140 140 141 140 140 140 140 140 140 140 16526 140 140 140 140 140 140 140 16525 140 140 140 140 140 140 140 143 16526 140 140 140 140 140 140 143 16526 140 140 140 140 140 140 4299 4099 4099 3899 3599 3699 3599 3399 4299 4099 3999 3699 3499 3499 3399 3199 3899 3799 3699 3599 3599 3299 3199 3299 3799 3599 3499 3399 3199 3299 3199 3199 3799 3799 3399 3199 3399 3199 3099 3099 3799 3499 3399 3199 3299 3199 3099 3099 3799 3699 3499 3599 3299 3199 3299 2999 3999 3699 3599 3499 3399 3299 3199 3099
1 1 72 16 4 64 64 143 16526 140 140 140 140 140 140 143 16526 140 140 140 140 140 140 143 16526 140 140 140 140 140 140 141 140 140 140 140 140 140 140 140 140 140 140 140 140 140 140 140 140 140 140 140 140 140 140 140 140 140 140 140 140 140 140 140 140 140 140 140 140 140 140 4199 3799 3699 3699 3399 3399 3199 3199 3999 3799 3499 3699 3399 3199 3199 3199 3999 3699 3499 3399 3199 3399 3099 3199 3599 3599 3199 3199 3299 3199 2999 2999 3399 3299 3299 3199 3299 2999 2999 2999 3299 3099 3099 3099 2999 3099 2999 2799 3299 3099 2999 3099 3099 2999 2899 2999 3199 3099 2899 3099 3099 2999 2899 2999
1 1 72 24 4 1 64 140 3199 2899 2999 3099 3099 2999 2899 2899 3299 3099 2999 3099 2799 2999 2999 2999 3199 3099 3199 3199 2999 2799 2999 2999 3399 3199 3299 3199 3199 3099 3199 3199 3299 3199 3199 3199 3199 2999 3199 3199 3399 3299 3199 3199 3299 2999 3199 3099 3299 3299 3299 3199 3099 3199 3199 2999 3199 3299 3199 3399 3199 3099 3199 2999
1 1 72 32 4 1 64 140 3299 3399 3099 3099 2999 2999 2999 2999 2999 2999 2999 2799 2999 2999 2799 2799 2899 2999 2999 2799 2799 2899 2799 2899 2999 2799 2999 2799 2899 2899 2699 2699 2899 2899 2899 2899 2699 2699 2699 2699 2799 2999 2799 2899 2899 2699 2699 2699 2999 2999 2999 2899 2799 2899 2699 2699 2999 2799 2999 2899 2999 2899 2699 2699
1 1 72 40 4 64 64 140 140 140 140 140 140 140 140 140 140 140 140 140 140 140 140 140 140 140 140 140 140 140 140 140 140 140 140 140 140 140 140 16526 140 140 140 140 140 140 140 16526 140 140 140 140 140 140 140 16526 140 140 140 140 140 140 140 16526 140 140 140 140 140 140 140 3199 3099 3099 3199 2999 2799 2899 2699 3199 3199 3299 3299 2999 2899 2999 2899 3299 3299 3299 3299 3299 3199 2799 2999 3499 3499 3299 3299 3199 2999 2799 2999 3399 3599 3299 3199 3199 3099 2999 2899 3599 3599 3399 3299 3099 3099 2999 2899 3599 3599 3399 3099 3299 3099 2799 2899 3699 3599 3499 3099 3099 3099 2999 2799
1 1 72 48 4 1 64 140 3599 3399 3499 3099 3299 3099 2799 2899 3599 3599 3399 3099 3299 3299 2999 2799 3599 3599 3199 3199 3199 2999 2999 2999 3299 3299 3199 3199 3199 2999 2999 2799 3099 3199 3199 3199 2999 2999 2799 2899 2999 3199 3199 3199 2899 2899 2699 2699 2999 2999 2999 2999 2799 2699 2699 2599 2799 2799 2899 2699 2599 2499 2499 2499
1 1 72 56 4 1 64 140 2799 2699 2699 2499 2599 2299 2299 2299 2699 2699 2699 2399 2599 2399 2399 2199 2699 2699 2699 2499 2399 2199 2199 2099 2999 2999 2699 2599 2399 2199 2099 1999 2999 2899 2899 2699 2499 2199 1999 1899 2999 2999 2999 2699 2499 2399 2099 1799 3299 2999 2999 2799 2699 2399 2199 1899 3099 2999 2999 2799 2699 2499 2199 1899
1 1 72 64 4 1 64 140 3199 3199 3199 2999 2699 2599 2199 1899 3299 3299 3099 2999 2699 2499 2199 1799 3299 3199 3199 2999 2699 2399 2199 1799 3299 3299 3199 2999 2699 2599 1999 1699 3199 3199 2999 2999 2699 2299 2099 1699 3199 3299 2899 2799 2699 2499 2099 1699 3299 2999 2999 2799 2699 2299 2099 1699 3099 3199 2899 2699 2499 2199 1999 1799
1 1 72 72 4 1 64 140 3299 3199 2899 2699 2299 2199 1899 1899 3199 3199 2899 2699 2399 2199 1899 1899 3199 2999 2899 2699 2299 2199 1899 1799 2899 2799 2699 2499 2299 2199 1799 1699 2999 2899 2699 2499 2399 1999 1799 1699 2799 2699 2499 2399 2199 1999 1899 1899 2699 2499 2299 2099 1999 1899 1699 1499 2699 2499 2399 2199 1899 1699 1499 1499
1 1 72 80 4 1 64 140 2699 2499 2199 1999 1699 1499 1699 1399 2699 2599 2299 1999 1899 1699 1499 1399 2499 2599 2199 1999 1899 1699 1499 1499 2599 2299 2199 2099 1799 1799 1499 1499 2399 2299 1999 1899 1899 1699 1499 1499 2499 2299 2099 1899 1799 1899 1499 1499 2499 2399 2199 1899 1699 1899 1499 1599 2399 2199 2199 1999 1799 1699 1599 1499
1 1 72 88 4 1 64 140 2099 2199 1999 1999 1799 1699 1699 1499 1999 2099 1999 1999 1899 1799 1599 1599 1999 1899 1899 1899 1699 1699 1499 1299 1799 1799 1899 1699 1699 1699 1599 1499 2099 1799 1899 1699 1899 1599 1699 1499 2099 1699 1699 1799 1699 1699 1499 1599 1999 1799 1899 1699 1899 1799 1699 1499 1999 1799 1899 1899 1799 1799 1899 1699
1 1 72 96 4 1 64 140 1999 2199 1799 1999 1899 1799 1899 1699 2199 2199 1999 1999 1799 1899 1699 1699 2199 1999 2099 1999 2099 1699 1899 1899 2199 2199 2099 1999 1799 1699 1699 1699 2099 2199 1999 1899 1899 1899 1799 1899 2099 2199 2099 2099 1799 1799 1899 1799 2199 2199 2199 1999 1799 2099 1799 1899 2199 2199 2199 2199 1999 2099 1799 1899
1 1 72 104 4 1 64 140 2399 2199 2199 2199 2099 1899 1899 1499 2599 2399 1999 1999 1899 1699 1499 1399 2299 2399 2099 1799 1699 1499 1299 1399 2599 2599 2299 1999 1699 1599 1099 999 2699 2399 2199 1999 1699 1299 899 899 2699 2499 2399 2199 1699 1299 899 699 2699 2599 2299 2199 1799 1299 899 799 2699 2599 2499 2199 1899 1399 899 799
1 1 72 112 4 1 64 140 2699 2499 2199 1799 1499 1199 1199 799 2399 2399 1999 1499 1199 1199 799 799 2099 1899 1599 1099 999 999 799 799 1799 1499 1199 999 799 599 799 599 1699 1399 899 799 799 799 599 799 1499 1399 899 599 699 799 699 599 1499 1399 1199 999 999 799 799 799 1799 1599 1299 1099 999 699 799 499
1 1 72 120 4 1 64 140 2199 1699 1499 1199 999 799 699 499 1999 1899 1599 1099 799 799 399 499 2099 1699 1299 999 699 499 399 399 1899 1599 1199 999 799 399 499 399 1799 1299 899 799 699 499 499 399 1499 1199 799 699 799 499 399 399 1299 1199 999 699 799 499 399 499 1499 1099 699 599 699 399 399 499
1 1 80 0 4 1 64 140 3799 3299 3399 3299 3199 3299 2999 2999 3499 3499 3099 3099 2999 3199 2999 2799 3299 2999 2999 2899 2999 2999 2899 2999 3299 2999 2999 2899 2999 2899 2999 2999 3299 2999 2999 2999 2999 2799 2999 2999 3399 2999 2799 2899 2799 2999 2799 2799 3299 3099 3199 2999 2899 2999 2999 2899 3399 3199 2899 2999 2799 2899 2799 2799
1 1 80 8 4 1 64 140 3199 3099 2999 2999 2799 2899 2799 2899 3199 2999 2999 2999 2799 2799 2799 2699 2999 2899 2799 2799 2799 2699 2699 2699 2999 2999 2899 2799 2899 2699 2699 2699 2899 2999 2899 2799 2699 2699 2699 2699 2999 2999 2899 2899 2699 2699 2699 2599 3099 2999 2899 2899 2899 2899 2699 2699 2799 2999 2899 2799 2799 2699 2599 2699
1 1 80 16 4 1 64 140 3199 2999 2899 2799 2899 2699 2499 2699 3199 2999 2899 2899 2799 2699 2699 2699 2999 2899 2799 2899 2799 2899 2699 2699 2999 2999 2899 2899 2799 2699 2699 2699 2999 2999 2799 2999 2899 2799 2699 2699 2999 2899 2899 2899 2899 2699 2699 2699 2799 2999 2799 2899 2899 2899 2699 2699 2799 2899 2799 2899 2899 2699 2599 2699
1 1 80 24 4 1 64 140 2999 2999 2799 2799 2799 2699 2699 2499 2999 2799 2899 2899 2899 2799 2699 2699 2999 2799 2899 2799 2699 2699 2699 2699 2999 2999 2799 2799 2899 2799 2699 2699 2999 2999 2799 2799 2799 2699 2699 2699 3099 2999 2799 2799 2799 2699 2699 2699 2999 2999 2799 2899 2799 2799 2699 2699 2999 2899 2899 2799 2699 2699 2699 2699
1 1 80 32 4 1 64 140 2899 2899 2799 2899 2699 2699 2499 2699 2799 2699 2699 2699 2699 2699 2699 2699 2799 2699 2499 2699 2699 2499 2499 2499 2699 2699 2699 2299 2299 2599 2399 2299 2499 2399 2299 2599 2399 2499 2499 2499 2499 2299 2499 2499 2399 2499 2499 2499 2599 2499 2499 2399 2299 2399 2399 2399 2699 2599 2499 2399 2399 2299 2199 2199
1 1 80 40 4 1 64 140 2699 2499 2299 2499 2399 2299 1999 1999 2699 2699 2499 2599 2399 2299 2199 2199 2799 2699 2499 2399 2399 2199 2199 2199 2799 2699 2399 2299 2299 2399 1999 2199 2799 2699 2699 2499 2299 2399 2399 2199 2799 2699 2599 2599 2399 2399 2199 2199 2799 2699 2599 2499 2299 2299 2199 2199 2899 2799 2499 2299 2299 2599 2399 2199
1 1 80 48 4 1 64 140 2999 2699 2699 2499 2599 2299 2299 2399 2899 2699 2599 2499 2299 2199 2099 2199 2899 2699 2499 2299 2299 2199 1999 2199 2799 2499 2499 2399 2299 2199 2199 1899 2699 2699 2599 2499 2399 2299 2199 2099 2699 2699 2399 2499 2399 2399 2199 1899 2499 2499 2499 2399 2299 2299 2199 1799 2599 2299 2299 2499 2399 2199 1999 1899
1 1 80 56 4 1 64 140 2399 2299 2399 2299 2199 2199 2099 1899 2199 2199 2199 2199 2099 2099 1999 1699 1999 2099 1999 1999 1799 1899 1799 1699 1799 1799 1799 1899 1899 1799 1899 1499 1699 1899 1699 1699 1699 1699 1699 1299 1899 1699 1499 1499 1499 1499 1499 1399 1499 1499 1599 1399 1299 1099 1399 1199 1499 1499 1499 1399 1399 1099 1099 1199
1 1 80 64 4 1 64 140 1499 1599 1399 1299 1399 1199 1099 999 1799 1599 1299 1399 1199 1199 999 999 1499 1499 1199 1099 1199 1099 899 999 1499 1299 1199 1199 1099 899 999 999 1599 1399 1199 999 999 999 799 699 1499 1399 1399 999 899 999 799 799 1499 1299 1299 1199 1199 999 699 599 1699 1499 1299 999 1099 999 799 699
1 1 80 72 4 1 64 140 1499 1299 1199 999 999 999 599 799 1599 1399 1299 899 1199 799 799 799 1699 1299 1299 999 999 899 799 599 1599 1499 1399 999 1099 999 799 699 1599 1399 1099 899 1199 999 799 799 1499 1399 1199 1199 1099 999 599 799 1299 1299 1199 1099 799 799 799 799 1399 1199 999 799 799 799 799 499
1 1 80 80 4 1 64 140 1199 999 899 899 699 599 799 499 1199 899 999 999 999 799 799 399 1399 999 1099 999 799 699 799 499 1099 999 999 999 799 799 799 699 1199 999 999 999 699 799 799 799 1199 999 899 899 799 799 799 799 1399 1199 899 799 799 799 799 799 1199 1199 1099 999 899 799 799 799
1 1 80 88 4 1 64 140 1399 999 1199 1199 1099 999 1099 999 1299 1199 1199 899 1199 999 999 999 1499 1299 1099 1199 1099 899 899 1199 1499 1399 1099 1199 1099 1199 1099 1399 1399 1399 1299 1399 1199 1199 1099 1199 1499 1499 1499 1599 1399 1199 1299 1099 1299 1499 1299 1299 1299 1299 1299 1299 1499 1499 1599 1499 1399 1299 1199 1099
1 1 80 96 4 1 64 140 1699 1699 1499 1599 1499 1499 1499 1399 1699 1499 1499 1499 1699 1599 1299 1099 1699 1799 1499 1699 1499 1399 1399 1199 1899 1699 1699 1599 1699 1499 1399 1099 1899 1699 1499 1599 1499 1599 1499 1099 1699 1699 1599 1599 1499 1499 1299 1299 1899 1699 1599 1699 1399 1199 1199 1099 1699 1499 1499 1299 1299 1199 899 899
1 1 80 104 4 1 64 140 1499 1499 1399 1299 1199 1199 899 799 1499 1299 1099 1099 1099 999 799 799 1199 1199 1199 1099 999 799 799 599 999 1199 999 999 799 799 799 399 699 799 899 799 799 699 399 399 799 599 699 799 699 499 399 499 799 599 599 499 499 499 399 499 799 699 399 399 399 499 499 399
1 1 80 112 4 1 64 140 599 499 399 499 399 399 499 499 599 399 499 499 399 499 499 399 399 499 499 399 499 499 499 499 399 399 399 399 399 499 499 399 399 499 399 499 499 399 399 499 499 499 499 499 399 499 499 399 399 399 499 399 399 499 399 399 499 399 399 399 499 499 499 399
1 1 80 120 4 1 64 140 399 399 499 399 399 499 499 499 399 499 399 399 499 499 399 499 499 399 499 399 499 499 399 399 499 499 399 499 499 499 399 399 399 399 499 399 399 399 399 399 399 399 399 399 499 399 399 399 499 499 499 399 499 399 399 399 499 499 499 499 499 399 399 399
1 1 88 0 4 1 64 140 2899 2799 2799 2699 2899 2699 2699 2699 2799 2799 2899 2699 2699 2699 2699 2599 2999 2799 2699 2799 2699 2699 2699 2499 2999 2899 2699 2899 2699 2799 2899 2699 2999 2899 2899 2699 2899 2699 2899 2799 2999 2799 2899 2799 2699 2799 2699 2699 2699 2699 2699 2799 2799 2699 2699 2699 2699 2699 2699 2699 2699 2699 2699 2499
1 1 88 8 4 1 64 140 2899 2699 2699 2699 2499 2699 2499 2499 2699 2799 2699 2499 2299 2499 2299 2399 2699 2699 2699 2399 2499 2299 2399 2399 2699 2699 2599 2299 2499 2399 2199 1999 2699 2499 2499 2599 2499 2399 1999 2199 2699 2499 2599 2499 2599 2399 2099 2199 2499 2399 2299 2499 2299 2399 2199 2199 2499 2499 2399 2499 2399 2299 2399 2199
1 1 88 16 4 1 64 140 2299 2399 2499 2599 2399 2299 2299 2299 2499 2399 2499 2599 2399 2299 2299 2299 2499 2399 2499 2399 2499 2399 2399 2399 2399 2599 2399 2599 2399 2399 2299 2299 2599 2399 2499 2499 2599 2399 2399 2399 2399 2499 2499 2399 2399 2399 2099 2199 2599 2599 2499 2399 2299 2299 2199 1999 2499 2599 2499 2599 2199 2299 2099 1999
1 1 88 24 4 1 64 140 2499 2599 2499 2299 2199 2199 1999 1899 2599 2599 2599 2299 2299 2199 2199 2099 2699 2499 2599 2299 2399 2199 2199 2199 2699 2599 2499 2499 2399 2399 2299 2399 2699 2499 2499 2499 2499 2499 2599 2399 2699 2499 2799 2499 2699 2499 2399 2499 2699 2699 2699 2699 2699 2499 2499 2499 2699 2799 2599 2699 2699 2699 2499 2599
1 1 88 32 4 1 64 140 2699 2699 2699 2699 2699 2699 2599 2499 2699 2699 2599 2699 2699 2699 2599 2399 2399 2499 2499 2499 2699 2699 2599 2399 2299 2399 2499 2499 2399 2499 2399 2499 2599 2599 2499 2599 2499 2399 2399 2399 2299 2599 2399 2499 2599 2399 2299 2199 2399 2499 2399 2299 2399 2199 2199 1999 2199 2399 2199 2199 2199 1999 1999 1699
1 1 88 40 4 1 64 140 2199 2199 2199 1999 1999 1999 1799 1699 2199 2199 1999 1799 1799 1699 1699 1599 2299 1999 2099 1699 1799 1699 1499 1299 1999 1999 1899 1699 1699 1499 1499 1399 1999 1899 1799 1699 1699 1499 1399 1199 2199 1899 1799 1699 1699 1499 1099 1399 2199 2099 1699 1699 1599 1199 1199 1099 2299 1999 1699 1699 1699 1299 1099 999
1 1 88 48 4 1 64 140 1999 1899 1799 1699 1499 1299 1199 699 2199 1799 1699 1499 1099 1199 899 799 1999 1699 1499 1299 1099 1099 999 799 1799 1899 1499 1299 1099 999 999 799 1799 1499 1299 1099 1199 799 799 699 1699 1499 1399 1199 899 799 699 399 1899 1599 1099 999 799 799 599 499 1799 1399 999 999 799 699 499 399
1 1 88 56 4 1 64 140 1699 1199 899 799 799 599 399 399 1599 1099 899 799 799 499 399 499 1499 1099 799 799 499 399 499 499 1299 1199 799 599 399 399 399 399 1399 999 799 699 399 499 399 399 1199 999 699 799 399 499 399 399 999 999 799 599 399 499 399 399 999 699 799 499 499 499 399 399
1 1 88 64 4 1 64 140 999 699 599 399 399 399 499 399 799 799 799 399 399 499 499 399 799 799 699 499 499 499 399 499 799 599 499 399 499 499 499 499 799 399 499 499 399 399 499 499 799 399 499 399 399 499 499 399 599 399 499 499 399 499 499 499 799 499 499 499 499 499 499 399
1 1 88 72 4 1 64 140 599 499 399 499 399 499 399 499 799 499 499 499 499 499 399 499 599 499 399 399 399 399 499 399 599 399 499 499 499 499 499 399 599 499 499 399 399 499 499 499 699 399 499 399 499 399 399 299 399 499 499 399 399 399 499 499 499 399 499 399 499 499 399 299
1 1 88 80 4 1 64 140 499 499 499 399 399 499 399 499 499 399 499 499 399 499 399 499 499 399 499 499 499 399 399 499 399 399 499 399 499 399 499 399 599 499 399 399 399 399 399 499 699 499 299 399 499 499 499 499 599 599 499 399 399 499 399 499 699 799 799 499 399 399 399 399
1 1 88 88 4 1 64 140 1199 799 799 499 499 499 499 499 999 999 599 499 499 399 399 399 899 899 799 599 399 499 499 499 1199 1199 599 699 499 499 499 399 1099 899 599 599 499 399 499 399 1199 1199 799 799 299 499 499 299 1099 1199 599 699 399 499 399 399 1199 999 799 599 499 399 399 299
1 1 88 96 4 1 64 140 1199 1199 799 799 499 499 499 399 1099 999 599 699 499 399 399 399 1099 1199 799 599 399 399 399 299 1199 999 799 799 399 499 299 399 999 1099 699 599 399 399 399 399 999 999 799 699 399 399 499 399 999 999 799 399 499 299 399 299 799 799 799 499 399 399 399 399
1 1 88 104 4 1 64 140 599 599 599 399 499 499 399 399 799 399 399 499 499 499 299 299 499 499 399 399 399 399 399 399 399 399 399 499 499 399 399 399 499 399 499 499 499 399 399 399 499 399 499 399 499 299 399 399 399 399 399 499 399 399 399 399 399 499 499 499 399 399 399 399
1 1 88 112 4 1 64 140 499 499 399 399 399 299 399 399 499 399 499 399 399 399 299 399 499 499 399 399 399 399 399 399 499 499 499 399 399 399 399 399 499 499 399 399 399 399 299 399 399 399 399 399 399 399 299 299 499 399 399 399 399 399 399 399 399 299 399 399 399 399 399 399
1 1 88 120 4 1 64 140 399 299 399 399 399 399 399 399 399 399 399 399 399 399 299 299 399 399 299 399 399 299 399 299 399 399 299 299 399 299 399 399 399 299 399 299 399 299 299 399 399 399 399 399 399 399 399 399 399 399 299 299 399 299 299 399 399 399 299 399 399 299 399 399
1 1 96 0 4 1 64 140 2699 2699 2599 2399 2499 2199 2299 2399 2699 2699 2499 2599 2299 2399 2399 2199 2699 2699 2499 2499 2499 2499 2299 2399 2699 2699 2499 2599 2299 2399 2199 1999 2699 2699 2599 2499 2399 2399 2199 1999 2699 2599 2499 2599 2499 2299 1999 2199 2499 2699 2499 2599 2299 2399 2199 1999 2299 2499 2499 2499 2499 2299 2399 1999
1 1 96 8 4 1 64 140 2399 2499 2299 2499 2299 2399 2199 2099 2399 2599 2499 2399 2399 2199 2099 1799 2199 2399 2299 2199 2099 1999 1899 1699 2199 2199 2199 2199 1799 1899 1499 1499 2199 2099 1999 1899 1799 1499 1299 1099 2099 1999 1699 1699 1499 1599 1199 1099 1799 1899 1699 1599 1399 1399 1199 899 2099 1899 1699 1599 1399 1199 1099 799
1 1 96 16 4 1 64 140 2199 1999 1999 1899 1299 1199 1099 699 2399 2299 2199 1899 1599 1199 999 999 2399 2199 2199 1899 1499 1299 999 799 2399 2199 1999 1899 1699 1299 1099 799 2199 2099 1899 1899 1499 1099 999 799 1999 1999 1699 1699 1399 999 699 799 1799 1699 1599 1399 1099 999 799 699 1699 1499 1599 1499 1199 1199 699 799
1 1 96 24 4 1 64 140 1699 1699 1499 1499 1399 1099 999 899 2099 1899 1699 1499 1399 899 999 899 1999 1799 1699 1499 1299 1399 999 1099 2199 2099 1899 1699 1499 1299 1099 1199 2399 2199 1799 1899 1599 1299 1399 1199 2399 2399 2099 1799 1699 1599 1599 999 2599 2299 1999 1899 1799 1499 1299 1199 2499 2399 2099 1699 1699 1599 1399 1199
1 1 96 32 4 1 64 140 2399 2299 1999 1899 1699 1299 1199 999 2499 2399 2199 1899 1499 1299 1199 799 2399 2399 2199 1699 1299 999 999 799 2399 2199 1999 1499 1399 899 799 599 2199 1899 1499 1399 899 799 599 399 1799 1699 1299 1099 799 799 599 399 1799 1499 1399 899 699 599 299 399 1699 1599 1199 999 799 599 499 399
1 1 96 40 4 1 64 140 1599 1399 1099 1099 699 699 299 399 1399 1199 999 899 799 599 499 299 1299 1099 999 799 699 699 499 399 1099 999 899 799 599 499 399 399 1199 999 699 799 399 399 299 399 999 999 799 799 399 499 399 399 999 799 799 499 399 399 499 399 699 799 599 399 499 399 399 399
1 1 96 48 4 1 64 140 799 699 399 399 399 399 399 399 799 399 399 399 399 499 399 399 799 399 499 399 399 399 399 399 699 499 399 499 499 399 399 399 499 499 399 399 399 399 299 299 499 499 499 399 399 399 399 399 399 399 399 399 399 399 399 399 499 399 399 399 399 399 399 399
1 1 96 56 4 1 64 140 399 499 499 399 399 399 299 299 399 399 399 399 399 399 399 299 499 399 499 499 399 399 399 299 499 499 399 399 399 499 399 399 499 499 399 499 399 299 399 299 499 399 399 399 399 399 399 399 499 399 399 299 399 399 399 299 499 399 499 399 299 399 399 399
1 1 96 64 4 1 64 140 399 499 399 399 299 399 399 299 499 499 399 399 399 399 399 299 399 399 399 299 399 399 299 399 399 399 399 399 399 299 399 399 499 499 399 299 399 399 399 399 499 399 399 399 299 399 399 399 399 399 399 299 399 399 299 399 399 399 399 399 299 399 399 299
1 1 96 72 4 1 64 140 499 399 399 399 399 299 399 299 499 399 399 399 399 399 399 399 499 399 399 399 399 399 399 399 499 399 299 399 399 299 299 399 399 399 399 299 299 399 299 299 399 399 399 299 299 399 399 399 399 499 399 399 399 299 399 399 399 399 299 399 399 399 399 399
1 1 96 80 4 1 64 140 399 399 399 399 299 399 299 399 399 399 399 299 399 299 399 399 499 399 299 299 399 399 399 399 499 499 399 399 399 399 399 299 299 399 399 399 399 399 399 299 399 399 399 299 399 399 399 399 499 399 399 399 399 399 399 399 499 399 399 399 299 399 299 399
1 1 96 88 4 1 64 140 399 399 399 399 399 399 299 299 499 399 399 299 399 399 299 399 399 399 399 399 399 299 399 399 499 399 299 399 399 399 399 399 399 399 299 399 399 299 299 299 399 399 399 399 399 399 399 399 399 399 399 399 299 299 399 399 399 399 399 399 399 399 399 399
1 1 96 96 4 1 64 140 399 399 399 399 299 399 299 399 399 399 399 399 399 399 399 399 399 399 399 399 399 399 399 399 399 399 299 399 399 399 399 299 399 399 399 399 399 399 399 299 399 399 299 299 299 399 399 399 399 299 299 399 399 399 299 399 399 399 299 399 299 299 399 399
1 1 96 104 4 1 64 140 399 399 399 399 299 399 299 399 399 399 399 399 399 299 399 399 299 299 399 399 399 299 299 399 399 399 399 399 399 399 399 399 399 399 399 399 399 399 399 399 399 399 399 299 299 299 299 399 399 299 399 399 299 399 399 299 399 299 299 399 399 399 399 299
1 1 96 112 4 1 64 140 399 399 399 399 399 399 399 399 399 399 399 299 399 399 299 299 299 399 299 299 399 399 299 399 299 399 399 399 399 399 199 299 299 299 399 299 399 299 199 299 399 399 399 399 399 299 199 199 299 299 299 399 399 199 299 99 399 399 399 399 299 199 99 199
1 1 96 120 4 1 64 140 299 399 299 299 199 199 299 199 399 199 199 199 99 199 199 199 399 299 399 299 299 299 199 299 399 399 299 199 299 299 199 99 399 299 299 199 199 99 99 199 399 399 299 199 99 199 199 99 399 399 199 199 199 299 199 199 399 399 199 199 99 199 99 199
1 1 104 0 4 1 64 140 2199 1999 1699 1599 1099 699 599 399 2099 2099 1699 1399 999 799 599 399 2099 1799 1699 1299 999 799 599 399 2099 1699 1499 1099 999 799 599 399 1799 1699 1299 1199 899 599 499 399 1799 1399 1299 999 699 599 399 299 1699 1599 1399 1199 699 599 399 399 1899 1599 999 899 599 599 399 299
1 1 104 8 4 1 64 140 1799 1299 1099 799 799 499 399 399 1699 1399 799 799 599 399 399 399 1399 1099 899 799 399 299 399 399 1299 1099 699 699 399 399 399 399 1199 799 799 499 399 399 399 299 799 799 599 399 399 399 399 399 799 599 299 499 399 399 399 299 699 499 399 399 399 399 399 399
1 1 104 16 4 1 64 140 799 599 399 299 399 399 399 399 799 599 599 299 299 399 299 399 799 699 399 399 399 399 399 399 799 399 399 399 299 399 399 399 799 499 399 399 299 399 399 399 599 499 399 299 299 399 399 399 599 599 299 299 299 399 299 399 799 799 499 399 399 399 399 399
1 1 104 24 4 1 64 140 999 799 799 599 399 399 399 399 699 999 799 599 399 399 299 399 1199 999 699 499 299 299 399 399 1099 999 799 399 399 399 299 399 1199 799 799 499 399 399 299 399 999 799 799 599 299 399 399 399 799 699 799 399 299 399 399 299 599 699 499 399 399 399 399 399
1 1 104 32 4 1 64 140 799 599 399 299 399 399 399 299 599 399 399 399 399 399 399 399 399 399 399 299 399 399 299 299 399 399 399 399 299 399 299 399 399 299 399 299 399 399 399 399 399 299 399 399 399 399 399 399 399 399 399 399 399 399 299 399 399 299 399 399 399 399 399 399
1 1 104 40 4 1 64 140 399 399 399 399 399 299 399 299 299 399 399 399 399 399 399 399 299 399 299 399 299 299 399 399 399 299 299 399 399 399 399 399 399 399 299 399 299 399 399 299 299 299 299 399 399 399 399 399 299 399 399 399 399 299 399 399 399 399 299 399 299 399 399 299
1 1 104 48 4 1 64 140 399 399 399 399 299 299 399 399 299 399 399 399 399 399 399 399 399 299 399 399 399 399 399 399 399 299 399 299 299 399 399 399 299 299 399 399 399 399 399 399 399 399 299 299 399 299 399 399 399 399 399 399 299 399 299 299 399 299 399 399 399 399 399 399
1 1 104 56 4 1 64 140 399 399 399 399 399 399 399 399 399 399 399 399 299 399 299 399 399 399 399 399 399 399 399 399 399 399 299 399 299 399 399 399 299 399 399 399 399 299 399 399 399 299 299 399 399 399 399 399 399 399 399 399 399 399 399 299 399 399 399 399 399 299 399 299
1 1 104 64 4 1 64 140 399 399 399 299 399 299 399 299 399 299 399 399 399 399 399 399 399 399 399 299 399 399 399 399 399 299 399 299 399 399 399 299 299 399 399 399 399 299 299 199 399 399 399 399 399 299 399 399 399 399 399 299 399 299 399 299 299 399 399 399 399 399 399 299
1 1 104 72 4 1 64 140 399 299 399 399 399 299 399 299 299 299 399 299 399 299 399 299 299 399 399 299 399 399 399 299 399 399 299 399 399 399 299 299 299 399 399 399 399 399 399 299 399 399 399 399 399 399 399 399 299 299 299 399 399 399 299 299 399 399 399 399 399 399 299 299
1 1 104 80 4 1 64 140 399 399 399 399 299 399 299 299 399 399 399 299 399 399 299 299 399 399 299 399 299 299 199 299 399 399 399 399 399 399 199 299 399 399 399 299 299 399 299 199 399 399 399 399 399 299 299 399 399 399 399 399 399 399 299 299 299 399 399 399 399 399 299 299
1 1 104 88 4 1 64 140 399 299 399 399 299 299 299 199 399 399 399 299 399 299 199 99 399 399 399 399 399 199 199 99 399 399 399 299 299 299 199 199 399 399 399 299 299 99 299 299 399 399 299 299 199 199 99 199 399 299 199 199 299 199 299 199 299 299 399 199 99 299 199 199
1 1 104 96 4 1 64 140 299 199 399 199 199 199 199 199 299 299 199 299 399 199 199 299 399 299 299 299 299 299 199 199 199 199 299 299 299 99 299 199 299 299 299 299 99 99 99 199 399 299 399 299 299 299 199 199 299 399 299 399 299 199 199 199 299 299 299 299 99 199 299 99
1 1 104 104 4 1 64 140 299 299 299 299 299 199 99 0 299 299 299 299 299 99 99 99 399 299 199 299 199 99 99 99 399 299 299 199 199 99 99 0 399 199 199 199 199 99 99 99 399 399 299 99 199 199 99 99 399 299 199 199 299 199 0 0 299 199 99 199 199 199 0 99
1 1 104 112 4 1 64 140 299 99 299 199 199 299 199 99 299 199 199 199 299 199 99 0 399 399 199 199 199 199 199 0 299 199 99 99 0 0 0 0 199 199 0 99 99 0 0 0 299 199 99 99 0 0 0 0 299 299 99 0 0 0 0 0 199 299 0 0 0 0 0 0
1 1 104 120 4 1 64 140 199 299 0 0 0 0 0 0 199 299 99 0 0 0 0 0 199 99 99 0 0 0 0 0 199 199 0 99 0 0 0 0 99 0 99 99 0 0 0 0 99 0 99 99 99 0 0 0 0 99 99 99 0 0 0 0 199 0 0 199 0 0 0 0
1 1 112 0 4 1 64 140 299 399 299 399 399 399 399 399 299 399 399 399 299 399 299 399 399 399 399 399 399 299 399 399 399 399 299 399 299 399 299 399 299 399 299 399 399 399 399 399 399 399 399 399 299 399 399 399 399 399 399 399 399 299 399 399 399 399 399 399 299 299 399 399
1 1 112 8 4 1 64 140 299 399 399 399 399 399 399 399 399 399 299 399 399 299 399 399 399 299 399 399 399 399 399 399 399 299 399 399 399 399 399 399 399 399 399 399 399 299 399 399 299 399 299 399 299 299 399 299 399 399 399 399 299 299 399 399 399 399 399 299 399 399 299 199
1 1 112 16 4 1 64 140 299 299 399 399 399 399 399 299 399 299 399 399 399 399 399 399 399 399 299 399 399 399 399 199 399 399 399 299 299 299 399 299 399 399 299 399 399 399 299 199 299 399 399 399 399 399 399 199 399 299 299 399 399 399 399 299 299 299 399 399 399 299 299 299
1 1 112 24 4 1 64 140 399 399 299 399 399 399 299 299 399 299 399 299 399 399 299 299 399 399 399 299 399 399 299 299 299 399 399 299 399 299 299 199 399 399 399 399 399 299 199 299 299 399 399 399 299 399 299 299 399 399 399 299 299 399 299 299 399 299 399 299 299 299 299 199
1 1 112 32 4 1 64 140 299 399 399 399 399 299 299 299 299 299 399 399 399 299 299 299 399 299 299 299 299 399 299 399 299 399 399 399 199 199 299 299 299 399 399 399 299 299 299 299 299 399 399 399 199 299 299 199 399 399 399 399 199 199 299 99 399 399 399 399 299 399 299 99
1 1 112 40 4 1 64 140 399 399 299 399 299 399 399 199 399 399 299 199 399 399 299 199 399 299 299 299 399 299 299 99 399 399 299 299 299 299 199 199 399 399 299 299 299 299 99 99 399 399 399 299 299 299 99 199 299 399 399 299 299 199 99 199 399 399 299 399 299 299 199 199
1 1 112 48 4 1 64 140 399 299 299 299 199 199 199 199 399 299 299 299 199 199 199 199 399 299 299 299 299 299 199 99 399 299 199 199 399 199 199 99 399 299 399 299 199 299 199 199 299 399 299 199 299 199 299 299 299 399 299 399 199 199 99 199 399 299 299 299 399 199 299 99
1 1 112 56 4 1 64 140 299 299 299 299 99 199 199 0 299 199 399 199 99 99 299 0 299 199 299 299 299 199 199 99 399 299 299 199 199 199 99 0 299 199 299 199 199 99 99 0 299 299 199 199 199 199 299 0 399 399 299 199 199 99 99 99 299 299 299 199 99 199 99 0
1 1 112 64 4 1 64 140 299 399 299 199 199 199 99 99 299 299 199 199 199 199 99 99 299 399 299 299 199 299 0 199 199 399 199 199 199 199 199 199 299 299 299 199 299 199 99 99 299 299 399 99 199 99 99 99 299 399 299 199 199 199 99 199 199 199 199 199 199 199 99 0
1 1 112 72 4 1 64 140 299 299 299 199 199 99 0 0 199 399 199 199 199 0 0 99 299 199 199 299 199 99 199 0 299 299 99 299 99 199 99 0 299 99 99 299 199 99 99 0 299 299 99 99 99 99 199 0 299 299 199 199 99 0 99 0 299 399 99 199 99 99 99 0
1 1 112 80 4 1 64 140 199 299 199 99 99 99 99 0 399 299 99 299 99 199 99 0 299 299 99 199 99 0 99 0 299 199 99 199 99 99 0 0 299 299 99 99 0 199 199 0 199 299 199 199 0 99 99 0 99 199 199 99 99 0 0 0 199 299 99 99 0 0 0 0
1 1 112 88 4 1 64 140 199 0 99 99 0 0 0 0 299 0 99 99 0 0 0 0 99 0 99 0 0 0 0 0 199 99 199 99 0 0 0 0 299 99 199 99 0 0 0 0 99 199 0 0 0 0 0 0 99 99 99 0 0 0 0 0 299 99 99 0 0 0 0 0
1 1 112 96 4 1 64 140 199 99 99 0 0 0 0 0 99 99 99 0 0 0 0 0 99 99 99 0 0 0 0 0 0 199 99 0 0 0 0 0 99 99 99 0 0 0 0 0 0 199 99 0 0 0 0 0 99 0 0 0 0 0 0 0 0 0 0 0 0 0 0 0
1 1 112 104 4 1 64 140 0 0 0 0 0 0 0 0 0 0 0 0 0 0 0 0 0 0 0 0 0 0 0 0 0 0 0 0 0 0 0 0 0 0 0 0 0 0 0 0 0 0 0 0 0 0 0 0 99 0 0 0 0 0 0 0 199 0 0 0 0 0 0 0
1 1 112 112 4 1 1 140 0
1 1 112 120 4 1 1 140 0
1 1 120 0 4 1 64 140 299 199 299 299 199 199 199 99 299 299 299 199 199 199 199 0 399 299 299 299 199 299 199 0 299 299 299 299 299 199 99 0 299 399 299 299 199 299 199 0 299 299 299 99 199 299 99 99 299 199 299 299 299 199 99 99 399 199 199 199 199 199 99 99
1 1 120 8 4 1 64 140 299 299 199 199 199 199 199 99 299 299 399 99 199 299 99 0 199 299 199 199 99 199 199 99 299 299 299 199 199 299 99 99 299 199 199 199 199 199 99 0 299 399 299 99 199 299 0 99 399 199 299 199 199 0 199 199 399 299 299 299 199 199 99 99
1 1 120 16 4 1 64 140 299 299 299 199 299 199 199 99 199 299 299 199 299 99 99 199 299 299 199 299 199 0 99 0 299 299 199 199 299 199 99 0 299 299 199 199 299 99 99 0 299 399 299 199 299 99 0 0 299 399 99 199 99 99 99 99 299 299 199 199 99 0 99 0
1 1 120 24 4 1 64 140 299 399 99 299 199 99 0 0 199 299 99 199 0 99 199 0 399 199 199 99 99 99 0 0 299 299 99 299 99 99 0 0 299 199 99 299 199 99 0 0 299 199 199 99 99 99 0 0 299 199 99 99 99 99 0 0 299 199 199 199 0 0 0 0
1 1 120 32 4 1 64 140 199 99 99 199 0 199 0 0 199 99 199 99 99 0 0 0 99 199 99 0 0 0 0 0 99 299 99 99 99 0 0 0 299 99 99 199 0 0 0 0 299 299 99 199 99 0 0 0 99 199 99 99 0 0 0 0 99 199 0 99 0 0 0 0
1 1 120 40 4 1 64 140 199 99 99 0 0 0 0 0 199 99 99 0 0 0 0 0 199 0 99 199 0 0 0 0 199 0 99 0 0 0 0 0 199 199 0 0 0 0 0 0 199 0 99 0 0 0 0 0 99 99 99 0 0 0 0 0 99 0 99 0 0 0 0 0
1 1 120 48 4 1 64 140 99 0 99 0 0 0 0 0 0 99 0 0 0 0 0 0 99 0 0 0 0 0 0 0 0 199 0 0 0 0 0 0 99 99 0 0 0 0 0 0 199 99 0 0 0 0 0 0 99 99 0 0 0 0 0 0 99 0 0 0 0 0 0 0
1 1 120 56 4 1 64 140 99 0 0 0 0 0 0 0 199 199 0 0 0 0 0 0 199 0 0 0 0 0 0 0 99 0 0 0 0 0 0 0 99 0 0 0 0 0 0 0 0 0 0 0 0 0 0 0 0 0 0 0 0 0 0 0 0 0 0 0 0 0 0 0
1 1 120 64 4 1 1 140 0
1 1 120 72 4 1 1 140 0
1 1 120 80 4 1 1 140 0
1 1 120 88 4 1 1 140 0
1 1 120 96 4 1 1 140 0
1 1 120 104 4 1 1 140 0
1 1 120 112 4 1 1 140 0
1 1 120 120 4 1 1 140 0
1 2 0 0 4 64 64 146 146 146 146 144 145 143 143 146 146 146 146 16529 143 143 143 146 146 146 144 143 143 143 143 146 146 146 16528 32913 143 143 143 146 146 146 146 146 16528 143 143 146 146 146 146 146 146 16529 143 146 146 146 146 146 146 16529 143 146 146 146 146 146 146 16529 143 6099 6199 5799 5799 5499 5299 5399 5099 5999 5799 5599 5799 5499 5299 5199 4899 5999 5699 5599 5499 5399 5099 4999 4899 6199 5999 5699 5499 5399 5099 4999 4799 6499 6199 5899 5599 5499 5299 4899 4999 6499 6299 6199 5799 5699 5299 5199 4999 6799 6599 6199 6199 5899 5699 5499 5299 6899 6799 6399 6199 5999 5799 5599 5299
1 2 0 8 4 64 64 146 146 146 146 146 146 16529 143 146 146 146 146 146 146 16529 143 146 146 146 146 146 146 16529 143 146 146 146 146 146 144 143 143 146 146 146 146 146 16528 143 143 146 146 146 146 146 146 16529 143 146 146 146 146 146 146 16529 143 146 146 146 146 146 146 16529 143 6999 6799 6499 6499 6199 5999 5599 5499 7199 6899 6699 6499 6199 5799 5599 5399 7299 6799 6499 6399 5999 5699 5599 5299 7099 6699 6499 6099 5999 5599 5299 5299 6899 6699 6499 6099 5899 5599 5399 5199 6599 6499 6399 5999 5699 5599 5499 5199 6399 6399 6199 5999 5799 5699 5599 5499 6099 6099 6099 6199 5799 5699 5499 5499
1 2 0 16 4 64 64 146 146 146 146 146 146 16529 143 146 146 146 146 146 146 16529 143 146 146 144 145 145 145 143 143 145 145 143 143 143 143 143 143 143 143 143 143 143 143 143 143 143 143 143 143 143 143 143 143 143 143 143 143 143 143 143 143 143 143 143 143 143 143 143 143 5999 6099 5999 5899 5799 5699 5499 5499 5799 5899 5899 5799 5599 5799 5499 5399 5499 5799 5599 5599 5499 5299 5299 5199 5399 5499 5299 5499 5299 5099 5099 4899 5399 5399 5399 5299 5099 4999 4999 4899 5199 5299 5299 4899 4999 4999 4699 4699 5099 5099 5099 4999 4899 4699 4599 4299 5099 5099 5299 4999 4699 4599 4199 4299
1 2 0 24 4 1 64 143 4899 5099 5199 4999 4499 4499 4099 4199 5199 5099 5099 4999 4799 4299 3999 3999 5099 5299 5299 4999 4699 4499 3999 3899 4999 4999 4999 4999 4699 4399 4099 4099 4799 4999 4999 4899 4699 4299 4099 4199 4599 4699 4599 4699 4499 4399 4199 4299 4299 4499 4599 4399 4499 4299 4299 4199 4099 4299 4299 4199 4299 4099 4299 4099
1 2 0 32 4 64 64 143 143 143 143 143 143 143 143 143 143 143 143 143 143 143 143 143 143 143 143 143 143 143 143 143 143 143 143 143 143 143 143 143 143 143 143 143 143 143 143 143 143 143 143 143 143 143 143 49293 143 143 143 143 143 143 143 140 49293 143 143 143 143 143 143 4099 4299 4199 4099 4299 4099 4099 4099 3999 4199 4199 4199 4199 4199 4099 4199 4099 3999 4199 4199 4199 4099 4099 4199 3899 3999 4099 4099 4199 4199 4099 4099 3899 3899 3999 4199 4199 4199 4199 4199 3699 3899 3999 3999 4299 4199 4199 4099 3699 3799 3999 3999 4299 4199 4199 4199 3399 3699 3799 3999 3999 4099 3999 3999
1 2 0 40 4 64 64 140 49294 143 143 143 143 143 143 140 140 142 49293 143 143 143 143 140 140 140 140 49293 143 143 143 140 140 140 140 140 142 142 142 140 140 140 140 140 140 140 140 140 140 140 140 140 140 140 140 140 140 140 140 140 140 140 140 140 140 140 140 140 140 140 140 3599 3599 3699 3899 3999 3999 4099 4099 3199 3399 3499 3799 3799 3899 3999 3899 3199 3299 3599 3599 3699 3699 3899 3899 2899 3099 3099 3499 3599 3499 3399 3599 2699 2999 3099 3199 3299 3399 3399 3299 2599 2899 2999 2999 3199 3199 3199 3199 2499 2499 2699 2699 2799 2799 2899 2799 2399 2399 2499 2499 2699 2699 2699 2699
1 2 0 48 4 1 64 140 2199 2299 2299 2299 2499 2399 2399 2499 2199 1999 2199 2399 2399 2499 2499 2399 2099 2199 2199 1999 2299 2199 2299 2399 1699 1799 1999 1999 2199 2199 2199 1999 1699 1899 1899 1999 1899 1999 1999 1999 1499 1699 1699 1699 1899 1699 1699 1699 1499 1599 1599 1499 1499 1599 1599 1499 1599 1499 1499 1499 1499 1699 1499 1499
1 2 0 56 4 1 64 140 1399 1299 1399 1599 1499 1399 1399 1299 1099 1099 1199 1299 1299 1299 1099 1099 1199 899 1099 1099 1099 1199 1299 1199 999 999 1099 1199 1199 1199 1199 1099 999 1099 999 999 999 1199 1099 799 799 999 1099 999 1199 999 799 699 799 799 799 799 799 799 699 799 399 399 499 499 399 499 399 399
1 2 0 64 4 1 64 140 499 399 399 399 499 399 399 499 399 399 399 499 499 499 499 399 499 499 399 499 399 399 499 499 399 399 399 499 499 499 499 499 499 399 499 399 499 499 399 399 499 399 399 499 399 499 499 499 399 399 499 499 499 499 399 299 399 499 499 399 299 399 299 399
1 2 0 72 4 1 64 140 399 399 399 299 299 399 399 399 399 299 399 399 299 399 399 399 399 399 399 399 399 399 399 399 299 299 399 399 399 399 399 399 299 399 399 299 399 299 299 299 399 399 399 399 299 299 299 299 299 299 299 299 299 199 199 99 299 399 399 399 199 99 99 99
1 2 0 80 4 1 64 140 399 299 299 299 199 0 99 0 299 299 99 199 99 0 0 0 299 299 199 199 0 0 0 0 299 199 99 0 0 0 0 0 299 99 0 0 0 0 0 0 199 199 0 0 0 0 0 0 99 299 199 0 0 0 0 0 299 299 199 0 0 0 0 0
1 2 0 88 4 1 64 140 399 399 199 99 0 0 0 0 399 399 199 0 0 0 0 0 399 199 199 0 0 0 0 0 399 299 299 0 0 0 0 0 299 299 199 0 0 0 0 0 399 399 199 0 0 0 0 0 0 0 0 0 0 0 0 0 0 0 0 0 0 0 0 0
1 2 0 96 4 1 64 140 0 0 0 0 0 0 0 0 199 99 0 0 0 0 0 0 0 0 0 0 0 0 0 0 0 0 0 0 0 0 0 0 799 599 599 599 599 799 599 599 799 799 799 799 699 699 599 599 799 799 799 799 799 799 699 799 799 699 799 799 599 799 699 699
1 2 0 104 4 64 64 140 140 140 140 140 140 140 140 140 140 140 140 140 140 140 140 140 140 140 140 140 140 140 140 140 140 140 140 140 140 140 140 140 140 140 140 140 140 140 140 0 0 0 0 0 0 0 0 0 0 0 0 0 0 0 0 0 0 0 0 0 0 0 0 799 799 799 999 799 699 699 799 799 999 799 799 999 799 799 799 799 799 999 799 699 899 799 799 999 799 799 899 799 999 799 799 999 999 999 699 799 999 799 799 0 0 0 0 0 0 0 0 0 0 0 0 0 0 0 0 0 0 0 0 0 0 0 0
1 2 0 112 4 1 1 0 0
1 2 0 120 4 1 1 0 0
1 2 8 0 4 64 64 143 143 143 143 143 143 143 143 143 143 143 143 143 143 143 143 143 143 143 143 143 143 143 143 143 143 143 143 143 143 143 143 143 143 143 143 143 143 143 143 143 143 143 143 143 143 143 141 143 143 143 143 143 143 143 16525 143 143 143 143 143 143 143 143 4999 4899 4899 4699 4599 4499 4299 4199 4899 4999 4899 4599 4699 4099 4299 3999 4899 4899 4799 4699 4499 4099 4299 3999 4699 4699 4499 4399 4099 4199 4099 3999 4699 4699 4599 4199 4299 3999 4199 3899 4899 4699 4399 4099 4099 4099 3999 3699 4899 4799 4699 4299 4199 3999 3999 3799 5099 4899 4699 4599 4299 3999 4099 3799
1 2 8 8 4 64 64 143 143 143 143 143 143 143 143 143 143 143 143 143 143 143 143 143 143 143 143 143 143 143 143 143 143 143 143 143 143 143 143 143 143 143 143 143 143 143 141 143 143 143 143 143 143 143 143 143 143 143 143 143 143 143 143 143 143 143 143 143 143 143 143 5299 5099 4999 4699 4499 4299 4099 3899 5299 5099 4999 4799 4299 4099 4299 3999 5099 4999 4699 4699 4399 4299 4299 4199 4999 4799 4599 4599 4299 4099 4099 3999 4999 4799 4699 4599 4299 3999 3799 3699 5099 4999 4899 4599 4299 4099 3899 3799 5399 5199 4999 4699 4499 4199 3999 3999 5299 5199 4999 4899 4599 4299 4199 3999
1 2 8 16 4 64 64 143 143 143 143 143 143 143 143 143 143 143 143 143 143 143 141 143 143 143 143 143 143 143 16526 143 143 143 143 143 143 143 16526 143 143 143 143 143 143 141 140 143 143 143 143 143 141 140 140 143 143 143 143 141 140 140 140 143 143 141 142 140 140 140 140 5299 5099 4999 4699 4699 4099 4299 3999 5299 4999 4999 4899 4599 4299 4099 3799 5199 4999 4899 4699 4499 4299 3999 3699 4999 4699 4799 4399 4199 4199 3899 3399 4699 4699 4099 4299 3999 3899 3699 3399 4599 4099 4099 3999 3899 3699 3499 3399 4199 3999 4099 3899 3799 3599 3599 3299 4199 3899 3699 3699 3599 3399 3299 3099
1 2 8 24 4 64 64 143 141 140 140 140 140 140 140 143 16526 140 140 140 140 140 140 143 16526 140 140 140 140 140 140 143 16525 140 140 140 140 140 140 143 143 16526 140 140 140 140 140 143 143 16525 140 140 140 140 140 143 143 143 16526 140 140 140 140 143 143 143 16526 140 140 140 140 3899 3799 3799 3599 3599 3299 3299 3199 3899 3599 3599 3499 3499 3299 3199 3199 3799 3599 3599 3599 3499 3499 3099 3099 3899 3799 3599 3599 3599 3399 3199 3299 3999 3799 3799 3599 3599 3299 3099 3099 3999 3999 3699 3499 3599 3499 3099 3199 4199 3699 3699 3599 3399 3399 3499 3299 4099 3899 3899 3699 3599 3599 3299 3199
1 2 8 32 4 64 64 143 143 143 16525 140 140 140 140 143 143 143 143 16526 140 140 140 143 143 143 143 16525 140 140 140 143 143 143 143 143 16526 140 140 143 143 143 143 143 16526 140 140 143 143 143 143 141 140 140 140 143 143 143 143 16526 140 140 140 143 143 143 141 140 140 140 140 3999 3899 3899 3699 3599 3499 3499 3199 3999 4099 3699 3699 3599 3599 3499 3099 4099 3999 4099 3899 3799 3599 3399 3399 3999 3999 3999 3899 3799 3699 3599 3599 3999 3899 3999 3899 3899 3599 3699 3499 3999 3999 3799 3899 3699 3599 3599 3599 4099 3799 3899 3899 3599 3599 3599 3599 4099 3999 3899 3399 3599 3299 3399 3299
1 2 8 40 4 64 64 143 143 141 140 140 140 140 140 141 142 140 140 140 140 140 140 16526 140 140 140 140 140 140 140 140 140 140 140 140 140 140 140 140 140 140 140 140 140 140 140 140 140 140 140 140 140 140 140 140 140 140 140 140 140 140 140 140 140 140 140 140 140 140 140 3999 3899 3599 3599 3399 3099 3099 3199 3699 3399 3599 3299 3099 2999 2999 2999 3599 3599 3099 3199 2999 2899 2799 2899 3599 3299 3099 2999 2899 2799 2799 2899 3199 3099 2999 2799 2899 2699 2699 2699 3199 2999 2899 2699 2699 2399 2399 2599 2899 2499 2599 2599 2399 2499 2499 2499 2699 2699 2499 2399 2499 2399 2299 2399
1 2 8 48 4 1 64 140 2499 2599 2499 2299 2199 2099 2199 2199 2499 2299 2299 2199 2199 2199 1999 1999 2399 2299 1999 2099 1999 1999 1999 1899 2199 2199 2199 1999 1899 1699 1899 1799 1899 1999 1899 1899 1699 1699 1799 1699 1699 1799 1699 1699 1699 1499 1499 1699 1699 1499 1499 1499 1699 1499 1499 1499 1699 1399 1499 1499 1299 1499 1299 1299
1 2 8 56 4 1 64 140 1199 1299 1399 1399 1099 1299 1299 1099 1099 1199 1199 1199 1199 1099 1199 1099 999 999 999 999 1099 1099 1199 1099 999 999 999 999 799 999 799 899 999 699 599 799 799 899 799 899 799 599 599 799 799 799 799 599 599 499 399 499 599 599 599 799 399 399 499 499 399 499 499 499
1 2 8 64 4 1 64 140 399 399 399 499 399 499 399 499 399 499 499 499 399 399 399 399 499 499 499 499 399 499 499 399 499 399 499 399 399 399 399 499 399 499 499 499 399 399 499 499 499 399 399 299 299 299 299 499 299 299 399 299 299 399 399 399 399 399 399 399 399 399 399 399
1 2 8 72 4 1 64 140 299 399 399 299 399 399 399 399 399 399 399 399 399 299 399 399 399 299 399 399 299 399 299 299 399 199 299 299 299 199 399 299 299 299 299 99 199 299 299 199 299 199 99 299 199 99 199 99 99 99 0 99 0 99 199 99 0 0 0 0 0 0 99 199
1 2 8 80 4 1 64 140 0 0 0 0 0 0 99 199 0 0 0 0 0 0 0 0 0 0 0 0 0 0 0 0 0 0 0 0 0 0 0 0 0 0 0 0 0 0 0 0 0 0 0 0 0 0 0 0 0 0 0 0 0 0 0 0 0 0 0 0 0 0 0 0
1 2 8 88 4 1 1 140 0
1 2 8 96 4 1 64 140 0 0 0 0 0 0 0 0 0 0 0 0 0 0 0 0 0 0 0 0 0 0 0 0 0 0 0 0 0 0 0 0 399 499 399 499 399 499 499 399 499 599 499 499 499 499 499 399 599 399 399 499 599 599 599 499 599 799 799 599 599 599 799 699
1 2 8 104 4 64 64 140 140 140 140 140 140 140 140 140 140 140 140 140 140 140 140 140 140 140 140 140 140 140 140 140 140 140 140 140 140 140 140 140 140 140 140 140 140 140 140 0 0 0 0 0 0 0 0 0 0 0 0 0 0 0 0 0 0 0 0 0 0 0 0 799 599 599 799 599 599 699 599 799 599 799 599 799 799 799 799 699 799 799 799 799 799 799 799 799 799 999 799 799 899 799 999 799 799 999 999 799 699 799 899 0 0 0 0 0 0 0 0 0 0 0 0 0 0 0 0 0 0 0 0 0 0 0 0
1 2 8 112 4 1 1 0 0
1 2 8 120 4 1 1 0 0
1 2 16 0 4 64 64 143 16526 140 140 140 140 140 140 143 16526 140 140 140 140 140 140 143 16526 140 140 140 140 140 140 143 16526 140 140 140 140 140 140 141 140 140 140 140 140 140 140 140 140 140 140 140 140 140 140 140 140 140 140 140 140 140 140 16525 140 140 140 140 140 140 140 3899 3599 3299 3199 2999 2999 2999 2999 3799 3599 3299 3099 2999 2999 2999 2999 3899 3599 3499 3199 2999 2999 2999 2999 3899 3599 3299 3099 2999 2799 2799 2799 3699 3399 3299 3199 2999 2999 2799 2899 3699 3599 3399 3299 3099 2799 2999 2899 3699 3599 3299 3199 3299 3099 2999 2899 3799 3599 3399 3299 3099 2999 2999 2999
1 2 16 8 4 64 64 143 16526 140 140 140 140 140 140 143 16526 140 140 140 140 140 140 143 16526 140 140 140 140 140 140 141 140 140 140 140 140 140 140 140 140 140 140 140 140 140 140 16525 140 140 140 140 140 140 140 143 16526 140 140 140 140 140 140 143 16526 140 140 140 140 140 140 3799 3599 3599 3499 3099 3299 2999 2899 3899 3799 3399 3599 3399 3199 3299 2999 3899 3699 3599 3599 3299 3199 3299 3099 3699 3599 3599 3599 3299 3199 3299 3199 3699 3499 3599 3499 3499 3099 3299 3199 3599 3599 3599 3599 3499 3299 3199 3199 3799 3599 3599 3499 3399 3099 3199 2999 3899 3399 3399 3499 3099 3299 2999 2999
1 2 16 16 4 64 64 143 16526 140 140 140 140 140 140 142 140 140 140 140 140 140 140 140 140 140 140 140 140 140 140 140 140 140 140 140 140 140 140 140 140 140 140 140 140 140 140 140 140 140 140 140 140 140 140 140 140 140 140 140 140 140 140 140 140 140 140 140 140 140 140 3899 3499 3499 3299 3099 3099 2999 2999 3599 3499 3299 3099 3099 3099 2899 2899 3599 3399 3199 3099 2899 2799 2899 2899 3399 3299 3199 2999 2999 2899 2899 2799 3299 3199 3099 2999 2799 2799 2799 2799 3099 3199 2999 2999 2799 2799 2799 2699 3299 2999 2999 2899 2899 2699 2699 2699 3299 2999 2999 2799 2899 2699 2699 2699
1 2 16 24 4 1 64 140 3199 2999 2999 2999 2799 2699 2699 2699 3199 2899 2799 2899 2699 2699 2699 2499 3299 2999 2999 2899 2699 2699 2499 2299 3199 2899 2999 2899 2699 2699 2699 2299 3199 2999 2999 2899 2599 2699 2699 2499 3099 2999 2999 2799 2799 2699 2499 2499 3199 2999 2999 2799 2699 2699 2699 2499 3199 2999 2999 2899 2699 2699 2699 2499
1 2 16 32 4 1 64 140 3099 2799 2799 2899 2699 2699 2499 2599 3099 2999 2999 2999 2799 2899 2699 2599 3199 3199 2999 2899 2799 2999 2699 2399 3399 3099 3099 2999 2999 2799 2699 2399 3499 3199 3099 3099 2999 2899 2699 2599 3499 3099 3299 3299 2999 2799 2499 2299 3299 3199 3199 3099 2899 2699 2599 2399 3299 3099 3199 3199 2899 2799 2499 2399
1 2 16 40 4 1 64 140 3299 3199 2999 2999 2799 2499 2599 2399 2999 3099 3199 2999 2899 2699 2599 2199 2899 2899 2799 2799 2699 2499 2399 2199 2699 2699 2699 2699 2699 2599 2399 2199 2699 2699 2699 2699 2399 2499 2399 2199 2499 2499 2499 2399 2299 2399 2199 2099 2399 2599 2599 2399 2399 2199 2199 2199 2399 2399 2399 2299 2399 2199 2199 1999
1 2 16 48 4 1 64 140 2099 2199 2199 2199 2199 2099 2199 2199 1999 2199 2199 2199 2199 2199 2199 2199 1999 1999 1999 2099 2199 2199 2199 2199 1699 1899 1999 1999 2199 2199 2199 2199 1699 1899 1799 2199 2399 2399 2199 2299 1799 1799 2099 2199 2199 2199 2199 2399 1699 1799 1799 2199 2199 2399 2399 2199 1599 1699 1899 2099 2199 2199 2299 2199
1 2 16 56 4 1 64 140 1499 1499 1699 1899 1999 2199 2299 2399 1299 1399 1699 1899 2099 1999 2199 2199 1199 1199 1599 1699 1699 1799 1999 2199 899 1199 1399 1299 1499 1699 1899 1899 999 899 1099 1099 1499 1299 1499 1799 799 799 999 999 1099 1099 1299 1699 799 599 799 599 799 799 899 1199 499 399 499 399 499 499 399 599
1 2 16 64 4 1 64 140 499 399 499 499 399 399 499 399 499 399 399 399 499 399 499 399 499 499 499 499 399 499 399 499 399 499 399 499 499 499 399 399 499 399 499 399 399 399 499 399 299 399 499 499 499 399 399 399 299 399 299 399 299 399 399 399 399 399 399 299 399 399 299 399
1 2 16 72 4 1 64 140 399 299 399 299 399 399 299 299 399 399 299 399 399 399 399 199 299 399 299 299 199 399 399 399 299 199 299 299 399 299 399 399 199 299 299 199 399 399 499 399 199 99 399 399 299 499 399 399 199 299 399 399 399 399 399 299 199 199 399 399 399 399 299 399
1 2 16 80 4 1 64 140 0 199 299 199 299 299 199 199 0 0 199 99 199 199 99 199 0 0 0 0 0 0 0 0 0 0 0 0 0 0 0 0 0 0 0 0 0 0 0 0 0 0 0 0 0 0 0 0 0 0 0 0 0 0 0 0 0 0 0 0 0 0 0 0
1 2 16 88 4 1 1 140 0
1 2 16 96 4 1 64 140 0 0 0 0 0 0 0 0 0 0 0 0 0 0 0 0 0 0 0 0 0 0 0 0 0 0 0 0 0 0 0 0 499 399 499 499 399 599 499 599 599 599 599 599 599 699 599 599 599 499 599 799 699 699 799 599 599 599 599 599 599 799 799 599
1 2 16 104 4 64 64 140 140 140 140 140 140 140 140 140 140 140 140 140 140 140 140 140 140 140 140 140 140 140 140 140 140 140 140 140 140 140 140 140 140 140 140 140 140 140 140 0 0 0 0 0 0 0 0 0 0 0 0 0 0 0 0 0 0 0 0 0 0 0 0 799 599 799 799 799 599 699 799 699 799 799 799 799 999 799 799 799 799 799 999 699 899 799 999 999 799 999 899 799 799 799 999 799 799 799 799 999 799 799 899 0 0 0 0 0 0 0 0 0 0 0 0 0 0 0 0 0 0 0 0 0 0 0 0
1 2 16 112 4 1 1 0 0
1 2 16 120 4 1 1 0 0
1 2 24 0 4 1 64 140 2799 2899 2799 2999 2999 3099 3099 3199 2999 2899 2899 2799 2999 3199 3299 3299 2799 2899 2699 2899 2899 2899 2999 2799 2799 2699 2699 2699 2699 2899 2699 2699 2799 2699 2699 2699 2699 2699 2499 2599 2899 2899 2699 2699 2499 2599 2599 2599 2899 2799 2699 2699 2599 2499 2499 2299 2899 2999 2899 2699 2499 2599 2299 2299
1 2 24 8 4 1 64 140 2899 2999 2799 2699 2599 2399 2299 2399 3099 3099 2899 2699 2699 2299 2599 2399 3199 3199 2999 2799 2499 2599 2299 2399 3099 2999 2999 2799 2699 2499 2399 2299 3099 3199 2799 2799 2899 2599 2499 2399 3299 3199 2999 2999 2899 2699 2599 2299 2999 2899 2899 2799 2699 2699 2599 2499 2999 2999 2799 2799 2699 2499 2699 2499
1 2 24 16 4 1 64 140 2999 2799 2899 2799 2699 2799 2699 2599 2799 2899 2899 2699 2799 2699 2599 2499 2899 2899 2699 2699 2699 2699 2699 2599 2899 2799 2699 2699 2599 2499 2499 2599 2899 2699 2699 2499 2699 2299 2599 2499 2499 2699 2699 2699 2399 2399 2499 2399 2699 2699 2699 2599 2499 2599 2499 2299 2699 2699 2399 2599 2499 2599 2299 2499
1 2 24 24 4 1 64 140 2499 2299 2499 2399 2499 2299 2299 2299 2499 2599 2499 2499 2399 2299 2199 2199 2499 2499 2299 2399 2499 2399 2199 2199 2399 2599 2399 2299 2399 2399 2299 1999 2399 2499 2299 2399 2299 2199 2199 1999 2499 2399 2499 2299 2399 2299 2099 2199 2599 2299 2399 2199 1999 2199 2099 1999 2299 2399 2399 2199 1999 1999 2199 2099
1 2 24 32 4 1 64 140 2399 2199 2199 2199 2199 1999 2099 1799 2399 2199 2199 2199 2199 2099 1899 1899 2299 2199 2199 1999 1899 2099 1899 1899 2399 2199 1999 2099 1999 1899 1899 1899 2399 1999 2299 1999 2099 1699 1699 1899 2399 2199 2199 1999 1999 1899 1899 1699 2499 2199 1999 1999 1699 1899 1899 1699 2199 2199 2099 1799 1899 1799 1699 1699
1 2 24 40 4 1 64 140 2199 1899 1899 1899 1699 1699 1499 1599 2199 1899 1899 1899 1699 1699 1499 1499 1999 2099 1899 1699 1899 1699 1599 1499 2199 1999 1899 1899 1899 1699 1699 1499 1899 1799 1799 1699 1799 1699 1499 1499 1999 1699 1899 1899 1699 1699 1499 1499 1799 1799 1799 1699 1699 1699 1499 1499 2099 1899 1899 1799 1799 1899 1699 1499
1 2 24 48 4 1 64 140 2199 2099 2099 1899 1899 1699 1899 1599 1999 2099 1899 1899 1999 1699 1699 1699 2199 1899 2099 1899 1799 1899 1699 1699 2099 2099 1999 1999 1799 1899 1799 1699 2199 2199 2199 2099 1899 1899 1699 1699 2199 2199 2199 2199 1899 1699 1899 1799 2299 2199 2399 2199 2199 1899 1699 1699 2199 2299 2199 2199 2099 1899 1799 1899
1 2 24 56 4 1 64 140 2399 2399 2399 2199 2099 1899 1899 1699 2199 2399 2199 2199 2099 1699 1599 1599 1999 2199 2199 1999 1899 1699 1599 1299 1899 1899 1899 1899 1499 1299 1399 1099 1899 1699 1699 1599 1399 1399 899 799 1499 1499 1499 1299 1099 899 899 799 1099 1099 1099 999 799 799 499 499 499 499 599 499 499 399 399 399
1 2 24 64 4 1 64 140 499 499 399 399 399 399 399 399 499 299 399 399 399 399 299 399 499 399 299 399 399 299 399 399 399 399 399 399 399 399 399 399 399 399 299 399 399 399 299 399 399 399 399 399 399 399 299 299 399 399 299 299 299 299 199 99 399 299 399 299 199 299 99 99
1 2 24 72 4 1 64 140 299 399 299 299 99 99 0 0 399 399 399 499 399 399 399 199 499 399 499 399 399 299 199 0 499 399 399 299 299 199 0 0 499 399 399 299 99 99 0 0 399 299 399 199 99 0 0 0 299 399 299 99 0 0 0 0 199 99 99 0 0 0 0 0
1 2 24 80 4 1 64 140 199 0 0 0 0 0 0 0 0 0 0 0 0 0 0 0 0 0 0 0 0 0 0 0 0 0 0 0 0 0 0 0 0 0 0 0 0 0 0 0 0 0 0 0 0 0 0 0 0 0 0 0 0 0 0 0 0 0 0 0 0 0 0 0
1 2 24 88 4 1 1 140 0
1 2 24 96 4 1 64 140 0 0 0 0 0 0 0 0 0 0 0 0 0 0 0 0 0 0 0 0 0 0 0 0 0 0 0 0 0 0 0 0 599 599 599 799 799 599 599 599 599 599 699 599 599 599 599 599 599 599 799 599 799 599 799 599 799 599 799 699 799 799 599 799
1 2 24 104 4 64 64 140 140 140 140 140 140 140 140 140 140 140 140 140 140 140 140 140 140 140 140 140 140 140 140 140 140 140 140 140 140 140 140 140 140 140 140 140 140 140 140 0 0 0 0 0 0 0 0 0 0 0 0 0 0 0 0 0 0 0 0 0 0 0 0 899 799 799 799 799 999 799 799 799 999 799 599 799 999 899 899 799 999 999 999 899 799 999 799 799 799 999 999 699 699 799 999 999 999 999 899 999 999 899 999 0 0 0 0 0 0 0 0 0 0 0 0 0 0 0 0 0 0 0 0 0 0 0 0
1 2 24 112 4 1 1 0 0
1 2 24 120 4 1 1 0 0
1 2 32 0 4 64 64 140 140 140 140 140 140 142 49293 140 140 140 140 140 140 140 49294 140 140 140 140 140 140 140 140 140 140 140 140 140 140 140 140 140 140 140 140 140 140 140 140 140 140 140 140 140 140 140 140 140 140 140 140 140 140 140 140 140 140 140 140 140 140 140 140 3299 3299 3399 3499 3299 3399 3599 3599 3099 3299 3199 3199 3199 3199 3399 3399 2899 2899 2899 2899 2999 2999 3099 3499 2699 2699 2699 2699 2699 2799 2999 3299 2499 2399 2599 2599 2599 2599 2899 2999 2299 2299 2299 2299 2299 2399 2299 2699 2199 2099 2199 1999 1999 2199 2199 2299 2099 2199 2199 2099 1999 1999 1899 2099
1 2 32 8 4 1 64 140 2199 2199 2099 2099 1799 1899 1699 1899 2199 1999 1899 2099 1699 1699 1699 1699 2299 2199 1899 1999 1699 1699 1699 1699 2199 2199 1999 2099 1699 1699 1899 1499 1999 2099 2099 1899 1899 1699 1699 1699 2399 2199 1999 1899 1999 1799 1699 1699 2299 2199 2199 2199 1999 2099 1899 1699 2399 2399 2199 2199 1999 2099 1899 1899
1 2 32 16 4 1 64 140 2399 2399 2399 2199 2199 2199 1999 1799 2499 2399 2299 2399 2199 2199 2199 1999 2599 2399 2499 2399 2299 2299 2199 2199 2499 2499 2299 2399 2399 2199 2199 2199 2599 2599 2399 2399 2299 2299 2199 2199 2499 2299 2399 2399 2199 2199 2299 1999 2399 2399 2399 2399 2399 2199 2199 2099 2399 2399 2199 2399 2199 2199 2199 2199
1 2 32 24 4 1 64 140 2399 2199 2199 2199 2199 2199 2199 1999 2399 2199 2199 2399 1999 2199 1999 1999 2099 2199 2199 2099 1999 2199 1999 2099 2099 2199 2199 1999 1899 1999 1999 1899 2199 2199 2099 2099 1999 1699 1899 1899 2099 2099 1999 2099 1899 1699 1899 1799 1999 1899 1799 1799 1799 1899 1899 1699 1899 1699 1899 1699 1799 1699 1699 1899
1 2 32 32 4 1 64 140 1799 1799 1899 1699 1899 1699 1699 1699 1699 1899 1699 1899 1699 1699 1699 1699 1799 1699 1899 1899 1899 1899 1799 1699 1899 1899 1899 1599 1499 1699 1699 1699 1699 1799 1699 1699 1499 1499 1699 1599 1699 1799 1699 1599 1699 1499 1699 1499 1699 1699 1499 1699 1499 1399 1599 1299 1499 1499 1499 1499 1499 1499 1299 1399
1 2 32 40 4 1 64 140 1499 1499 1499 1599 1499 1299 1599 1599 1499 1699 1599 1499 1399 1399 1499 1299 1499 1699 1499 1299 1299 1299 1399 1299 1499 1599 1399 1299 1499 1299 1399 1199 1499 1499 1399 1599 1399 1199 1199 1199 1499 1699 1499 1299 1399 1199 1199 1199 1699 1699 1399 1299 1199 1099 1199 1199 1599 1499 1499 1299 1199 1199 1199 999
1 2 32 48 4 1 64 140 1599 1499 1299 1399 1199 1199 899 1099 1499 1499 1499 1199 1099 1099 1099 999 1599 1499 1399 1299 1199 1199 1199 999 1799 1699 1599 1199 1099 1099 1199 999 1499 1699 1399 1299 1199 999 999 1199 1499 1499 1499 1299 1199 1099 1199 999 1699 1499 1399 1299 1199 1099 999 999 1499 1299 1299 1099 1199 999 899 799
1 2 32 56 4 1 64 140 1499 1599 1299 1099 1199 1099 899 999 1399 1299 1199 999 999 899 999 699 1199 1099 1199 999 999 799 899 799 899 699 899 899 799 799 599 799 699 799 599 599 799 799 699 699 599 799 699 599 799 499 499 599 499 499 399 399 399 399 399 399 399 399 399 399 399 399 399 199
1 2 32 64 4 1 64 140 399 399 399 399 199 299 299 399 399 299 299 199 299 199 199 199 399 199 299 99 299 199 99 99 199 299 299 299 99 99 0 0 99 199 99 99 0 0 0 0 299 99 0 0 0 0 0 0 99 0 0 0 0 0 0 0 0 0 0 0 0 0 0 0
1 2 32 72 4 1 64 140 0 0 0 0 0 0 0 0 199 0 0 0 0 0 0 0 0 0 0 0 0 0 0 0 0 0 0 0 0 0 0 0 0 0 0 0 0 0 0 0 0 0 0 0 0 0 0 0 0 0 0 0 0 0 0 0 0 0 0 0 0 0 0 0
1 2 32 80 4 1 1 140 0
1 2 32 88 4 1 1 140 0
1 2 32 96 4 1 64 140 0 0 0 0 0 0 0 0 0 0 0 0 0 0 0 0 0 0 0 0 0 0 0 0 0 0 0 0 0 0 0 0 599 599 399 499 599 399 399 499 799 799 799 599 799 599 599 599 799 699 799 599 799 599 599 699 799 599 799 799 699 799 599 599
1 2 32 104 4 64 64 140 140 140 140 140 140 140 140 140 140 140 140 140 140 140 140 140 140 140 140 140 140 140 140 140 140 140 140 140 140 140 140 140 140 140 140 140 140 140 140 0 0 0 0 0 0 0 0 0 0 0 0 0 0 0 0 0 0 0 0 0 0 0 0 999 799 799 699 799 799 799 799 999 799 899 799 799 799 799 899 899 799 999 799 899 799 699 799 799 899 799 799 799 799 799 799 799 799 699 699 999 899 799 799 0 0 0 0 0 0 0 0 0 0 0 0 0 0 0 0 0 0 0 0 0 0 0 0
1 2 32 112 4 1 1 0 0
1 2 32 120 4 1 1 0 0
1 2 40 0 4 64 64 143 143 143 143 143 143 143 143 143 143 143 143 143 143 143 143 49293 143 143 143 143 143 143 143 140 49293 143 143 143 143 143 143 140 140 142 142 49293 143 143 143 140 140 140 140 140 142 49293 143 140 140 140 140 140 140 140 142 140 140 140 140 140 140 140 140 3799 3999 4199 4299 4299 4499 4199 4299 3599 3899 3999 4099 4299 4299 4299 4199 3599 3799 3899 3899 4099 4299 4299 4299 3399 3599 3799 3899 3999 4099 4199 4199 3099 3099 3599 3599 3699 3799 3899 3999 2999 3299 3299 3399 3599 3599 3699 3699 2599 2899 2899 2999 3199 3499 3599 3599 2399 2499 2799 2699 2999 3099 3099 3199
1 2 40 8 4 1 64 140 1999 2199 2399 2599 2699 2999 2999 2999 1699 1999 2099 2199 2599 2699 2699 2799 1699 1799 2099 2099 2399 2599 2499 2699 1699 1499 1799 1899 2099 2199 2399 2499 1499 1699 1699 1899 1699 1999 2199 1999 1699 1699 1599 1599 1699 1899 1699 1899 1699 1599 1499 1499 1499 1499 1699 1499 1699 1599 1499 1599 1499 1499 1599 1399
1 2 40 16 4 1 64 140 1699 1899 1899 1699 1499 1699 1499 1299 1799 1899 1799 1699 1699 1499 1299 1299 2099 1999 1899 1999 2099 1699 1499 1299 2099 2199 2199 1999 1999 1999 1699 1599 1999 2099 2199 1999 1999 1999 1899 1599 1999 1999 2199 1999 1999 1899 1799 1499 2199 2199 1999 2099 2099 1899 1799 1699 2199 2199 2199 2099 1899 1999 1899 1899
1 2 40 24 4 1 64 140 1999 1999 2099 1999 1999 1799 1699 1899 1999 1899 1999 2099 1799 1699 1899 1799 1899 1899 1899 1999 1899 1699 1799 1699 1899 1899 1699 1699 1699 1699 1699 1499 1899 1799 1899 1699 1799 1699 1699 1499 1899 1799 1699 1699 1799 1699 1699 1499 1699 1899 1899 1699 1699 1699 1499 1499 1699 1899 1899 1899 1699 1499 1599 1699
1 2 40 32 4 1 64 140 1699 1499 1599 1699 1499 1599 1599 1599 1599 1499 1499 1599 1499 1599 1399 1599 1499 1699 1599 1499 1499 1499 1599 1499 1599 1699 1499 1499 1499 1499 1299 1099 1599 1599 1499 1599 1499 1299 1099 1099 1599 1499 1499 1499 1099 1199 1099 899 1399 1599 1399 1399 1299 1199 1199 1099 1499 1499 1399 1199 1199 999 899 999
1 2 40 40 4 1 64 140 1099 1299 1199 1099 1199 1099 799 999 1099 1099 1099 999 899 999 999 899 1199 1099 1099 1099 999 999 999 799 1099 1199 1199 999 999 999 999 799 1199 1099 1099 1199 999 799 699 799 1099 1099 1199 1199 899 599 699 599 1199 1199 1199 999 699 799 799 799 1099 1199 999 799 799 799 799 599
1 2 40 48 4 1 64 140 999 999 999 799 599 799 799 599 1199 999 799 799 799 599 499 399 1099 999 799 699 799 599 399 299 999 999 999 799 799 499 499 399 799 899 799 799 799 599 399 299 799 799 799 799 599 499 299 399 799 799 799 599 599 399 399 399 799 799 599 499 499 299 399 399
1 2 40 56 4 1 64 140 799 599 699 399 299 399 399 299 799 599 399 399 399 399 399 399 699 799 399 399 399 299 399 399 799 699 399 299 299 399 399 399 599 399 299 399 299 399 299 199 499 299 399 299 299 299 299 199 399 299 199 199 299 299 199 199 199 399 99 99 99 0 99 0
1 2 40 64 4 1 64 140 299 199 99 0 0 0 0 0 199 99 0 0 0 0 0 0 0 0 0 0 0 0 0 0 0 0 0 0 0 0 0 0 0 0 0 0 0 0 0 0 0 0 0 0 0 0 0 0 0 0 0 0 0 0 0 0 0 0 0 0 0 0 0 0
1 2 40 72 4 1 1 140 0
1 2 40 80 4 1 1 140 0
1 2 40 88 4 1 1 140 0
1 2 40 96 4 1 64 140 0 0 0 0 0 0 0 0 0 0 0 0 0 0 0 0 0 0 0 0 0 0 0 0 0 0 0 0 0 0 0 0 499 599 499 499 399 499 499 399 499 599 599 499 599 399 399 599 799 599 599 599 599 599 499 699 799 599 799 599 799 799 799 499
1 2 40 104 4 64 64 140 140 140 140 140 140 140 140 140 140 140 140 140 140 140 140 140 140 140 140 140 140 140 140 140 140 140 140 140 140 140 140 140 140 140 140 140 140 140 140 0 0 0 0 0 0 0 0 0 0 0 0 0 0 0 0 0 0 0 0 0 0 0 0 599 799 599 799 599 599 599 699 799 799 799 799 799 799 599 599 799 799 799 799 799 799 799 799 799 999 599 799 699 799 799 899 799 999 999 999 799 799 799 699 0 0 0 0 0 0 0 0 0 0 0 0 0 0 0 0 0 0 0 0 0 0 0 0
1 2 40 112 4 1 1 0 0
1 2 40 120 4 1 1 0 0
1 2 48 0 4 64 64 143 143 143 143 143 16525 140 140 143 143 143 143 143 143 16526 140 143 143 143 143 143 143 16526 140 143 143 143 143 143 141 140 140 143 143 143 143 141 140 140 140 143 143 141 142 140 140 140 140 142 142 140 140 140 140 140 140 140 140 140 140 140 140 140 140 4199 4299 4099 3899 3899 3699 3499 3099 4299 4299 4099 4199 4099 3799 3599 3399 4299 4199 3999 3999 3899 3899 3599 3599 4199 3999 3899 3899 3899 3699 3699 3599 3899 3999 3899 3899 3799 3499 3599 3499 3899 3899 3799 3699 3599 3499 3599 3499 3599 3599 3599 3599 3599 3599 3599 3199 3299 3499 3599 3599 3599 3499 3399 3099
1 2 48 8 4 1 64 140 3199 3099 3199 3299 3299 3399 3299 3199 2899 2999 2999 3199 3099 3099 3199 2999 2699 2699 2799 2999 3099 3299 3199 2999 2399 2499 2699 2699 2799 2999 2999 2699 2299 2499 2499 2499 2499 2699 2699 2299 2099 2199 2399 2299 2399 2399 2399 2299 1699 1899 1999 2199 2099 2199 1999 2099 1499 1699 1699 1699 1699 1699 1899 1699
1 2 48 16 4 1 64 140 1399 1399 1599 1499 1399 1499 1499 1299 1099 1099 1099 1199 1099 899 1099 1199 1099 1099 1199 999 999 999 999 999 1299 999 1199 999 999 899 799 999 1299 1099 899 899 999 999 899 999 1399 1399 999 1199 999 999 799 999 1499 1299 1199 1099 999 999 899 999 1499 1299 1399 1199 1099 899 899 999
1 2 48 24 4 1 64 140 1499 1499 1499 1399 1199 899 1099 999 1699 1499 1499 1399 1399 899 1199 899 1499 1599 1499 1099 1099 999 899 899 1499 1599 1299 1299 1099 999 1099 999 1499 1599 1299 1399 1399 1099 999 1199 1599 1499 1499 1299 1399 1099 999 1099 1499 1699 1499 1399 1099 999 999 1199 1599 1699 1399 1199 1099 1099 999 899
1 2 48 32 4 1 64 140 1499 1599 1399 1099 1199 999 1099 999 1399 1399 1099 1099 1199 1199 999 999 1399 1199 1099 1099 899 999 799 599 1199 1099 899 1099 999 799 799 799 1099 999 899 799 799 799 699 499 999 999 699 699 799 599 499 399 899 999 799 699 799 499 499 399 899 599 799 699 399 399 399 399
1 2 48 40 4 1 64 140 799 599 499 499 499 499 399 399 799 599 499 499 499 399 399 399 799 599 499 399 399 299 399 399 799 799 399 499 399 299 399 299 799 399 399 399 299 399 399 299 399 399 399 399 399 399 399 299 399 499 499 399 399 299 399 399 499 399 299 399 299 399 299 399
1 2 48 48 4 1 64 140 599 299 399 399 299 399 399 399 399 299 399 399 399 299 399 399 399 399 399 399 399 399 399 399 299 399 299 399 399 299 299 399 399 399 399 399 399 299 299 299 399 299 399 299 399 399 399 399 399 399 399 399 399 399 399 299 399 299 399 299 299 399 299 299
1 2 48 56 4 1 64 140 299 399 399 399 299 299 299 299 399 399 399 399 299 399 299 399 299 399 399 299 399 399 399 399 399 299 299 299 299 299 299 199 299 199 299 399 299 299 199 299 199 199 199 199 399 399 399 199 199 299 199 199 199 199 99 199 99 0 99 0 0 99 99 99
1 2 48 64 4 1 1 140 0
1 2 48 72 4 1 1 140 0
1 2 48 80 4 1 1 140 0
1 2 48 88 4 1 1 140 0
1 2 48 96 4 1 64 140 0 0 0 0 0 0 0 0 0 0 0 0 0 0 0 0 0 0 0 0 0 0 0 0 0 0 0 0 0 0 0 0 499 399 299 299 399 399 399 299 499 499 399 399 399 399 399 299 599 399 299 399 499 399 499 399 599 699 699 599 599 399 399 499
1 2 48 104 4 64 64 140 140 140 140 140 140 140 140 140 140 140 140 140 140 140 140 140 140 140 140 140 140 140 140 140 140 140 140 140 140 140 140 140 140 140 140 140 140 140 140 0 0 0 0 0 0 0 0 0 0 0 0 0 0 0 0 0 0 0 0 0 0 0 0 699 699 599 699 499 599 599 599 599 799 699 599 599 499 599 499 799 599 799 699 799 599 799 799 799 799 799 799 699 599 799 699 799 799 799 799 799 999 699 799 0 0 0 0 0 0 0 0 0 0 0 0 0 0 0 0 0 0 0 0 0 0 0 0
1 2 48 112 4 1 1 0 0
1 2 48 120 4 1 1 0 0
1 2 56 0 4 1 64 140 3199 2799 2799 2699 2499 2299 2199 2199 3299 2899 2699 2599 2399 1999 1999 2199 3199 2799 2599 2399 2399 2099 2099 1799 3099 2999 2699 2599 2199 2199 1899 1799 3199 2999 2699 2299 2199 2199 1999 1899 3099 2999 2699 2599 2299 2199 1899 1899 3099 2799 2699 2499 2199 2199 2099 1699 3299 2999 2699 2499 2199 2199 1799 1699
1 2 56 8 4 1 64 140 2999 2899 2699 2499 2199 1999 1799 1699 2999 2699 2499 2399 2199 1899 1899 1699 2799 2599 2399 2199 1899 1799 1599 1399 2499 2399 2199 1899 1899 1599 1499 1299 2499 2099 1899 1699 1699 1399 1399 1099 2199 1999 1699 1499 1299 1099 999 1099 1899 1799 1899 1599 1299 899 1199 899 1699 1599 1799 1499 1099 1199 999 799
1 2 56 16 4 1 64 140 1299 1399 1199 1199 899 999 799 799 999 1199 899 899 799 799 799 799 999 999 899 899 999 699 599 599 999 999 999 799 899 999 799 799 999 999 899 999 999 999 999 899 999 999 999 699 999 999 899 799 999 999 999 999 999 799 999 799 1099 999 999 799 799 799 799 799
1 2 56 24 4 1 64 140 1099 999 799 799 799 799 799 699 999 899 699 599 799 799 799 799 999 999 799 799 799 799 799 799 999 999 699 799 799 799 799 799 1199 899 799 599 699 799 799 799 1099 999 799 699 799 599 799 799 799 799 799 799 799 599 599 599 999 799 799 799 799 699 599 599
1 2 56 32 4 1 64 140 799 799 699 799 599 599 399 399 999 599 799 599 499 599 399 299 799 799 499 499 399 399 399 399 599 399 499 399 399 299 399 399 399 499 299 399 399 399 299 399 399 399 399 399 299 399 399 399 299 399 399 399 299 399 399 399 399 399 399 399 399 299 399 299
1 2 56 40 4 1 64 140 299 399 399 399 399 399 299 399 399 299 399 399 299 399 399 399 399 299 299 399 399 399 399 299 399 399 299 399 299 399 399 399 399 399 399 399 299 299 399 399 399 399 399 399 299 299 299 399 399 299 399 399 399 399 399 399 399 399 299 399 399 399 299 399
1 2 56 48 4 1 64 140 399 299 399 399 399 399 299 399 399 399 399 399 399 299 399 299 299 299 399 399 299 399 399 299 399 399 299 399 299 399 299 399 399 399 399 399 399 299 299 399 399 399 399 399 299 399 399 399 399 299 399 299 399 399 399 399 399 399 399 299 399 399 399 399
1 2 56 56 4 1 64 140 299 399 399 399 399 399 399 199 399 299 399 399 299 399 299 299 299 299 299 299 299 399 399 399 399 299 299 299 199 299 399 199 199 299 199 299 299 299 99 299 299 199 299 299 199 99 199 199 199 199 199 99 199 99 199 299 199 199 199 99 0 199 199 199
1 2 56 64 4 1 64 140 99 99 99 99 0 199 199 199 0 0 199 0 99 199 0 99 0 0 0 0 0 99 99 0 0 0 0 0 0 0 0 0 0 0 0 0 0 0 0 0 0 0 0 0 0 0 0 0 0 0 0 0 0 0 0 0 0 0 0 0 0 0 0 0
1 2 56 72 4 1 1 140 0
1 2 56 80 4 1 1 140 0
1 2 56 88 4 1 1 140 0
1 2 56 96 4 1 64 140 0 0 0 0 0 0 0 0 0 0 0 0 0 0 0 0 0 0 0 0 0 0 0 0 0 0 0 0 0 0 0 0 299 399 399 399 399 399 399 399 399 399 299 499 499 499 599 499 499 499 399 499 399 499 599 599 399 399 399 699 599 699 499 699
1 2 56 104 4 64 64 140 140 140 140 140 140 140 140 140 140 140 140 140 140 140 140 140 140 140 140 140 140 140 140 140 140 140 140 140 140 140 140 140 140 140 140 140 140 140 140 0 0 0 0 0 0 0 0 0 0 0 0 0 0 0 0 0 0 0 0 0 0 0 0 499 499 499 599 499 599 599 799 599 499 599 599 799 699 599 599 599 599 799 599 699 699 599 599 599 799 599 599 799 599 799 799 599 799 599 699 799 699 699 799 0 0 0 0 0 0 0 0 0 0 0 0 0 0 0 0 0 0 0 0 0 0 0 0
1 2 56 112 4 1 1 0 0
1 2 56 120 4 1 1 0 0
1 2 64 0 4 1 64 140 2199 2199 2199 2199 2099 1999 1899 1699 2199 2199 2299 1999 2199 1899 1699 1299 1899 1999 2099 1999 1899 1699 1499 1099 1999 1999 1999 1899 1699 1599 1199 999 1799 1799 1799 1899 1699 1499 1099 999 1899 1699 1899 1699 1599 1399 1099 999 1699 1699 1699 1499 1499 1399 1399 999 1699 1699 1699 1599 1399 1199 1099 899
1 2 64 8 4 1 64 140 1899 1699 1499 1499 1299 1199 999 999 1499 1599 1599 1399 1199 1099 899 799 1599 1099 1199 1099 999 1199 999 999 1299 1299 1099 1199 999 799 799 799 1199 899 899 799 799 699 799 799 1199 1199 999 799 799 799 799 799 999 999 799 799 799 799 599 699 699 899 799 799 799 799 399 499
1 2 64 16 4 1 64 140 799 699 799 799 799 499 499 499 599 799 799 799 799 399 499 399 799 799 699 799 699 399 399 399 799 799 699 799 599 399 399 499 699 599 799 799 599 399 399 499 799 699 599 699 499 499 399 399 799 799 599 599 499 399 499 399 799 799 799 599 499 399 399 399
1 2 64 24 4 1 64 140 799 799 699 799 399 399 499 499 799 699 599 499 499 399 399 399 699 699 499 399 499 399 399 299 799 799 399 399 399 399 399 299 599 599 399 399 399 399 299 399 599 499 399 299 399 399 299 399 699 399 299 399 399 399 399 399 299 299 399 299 299 399 399 299
1 2 64 32 4 1 64 140 399 399 399 299 299 399 299 399 299 299 299 299 299 299 399 399 399 399 399 399 399 399 399 399 399 399 399 299 399 299 399 299 299 399 399 399 299 399 399 399 399 399 299 299 399 399 299 299 299 399 299 299 399 399 399 399 399 299 299 399 399 399 399 399
1 2 64 40 4 1 64 140 399 299 399 399 299 299 399 399 399 399 399 399 399 399 399 399 399 299 399 399 399 399 399 399 299 399 399 399 299 399 399 399 399 399 399 399 399 299 399 399 399 399 399 399 399 399 399 299 399 299 399 399 399 299 299 299 399 399 399 399 399 399 299 299
1 2 64 48 4 1 64 140 299 399 399 399 299 199 299 299 399 399 399 399 299 299 299 199 399 399 399 299 299 399 399 199 399 399 299 299 299 299 299 199 399 299 299 299 299 199 199 199 299 199 299 199 299 299 299 199 299 299 299 299 399 299 199 199 299 199 399 299 199 299 299 199
1 2 64 56 4 1 64 140 299 299 299 299 199 199 99 299 299 299 299 99 199 199 199 199 299 299 99 199 199 199 99 99 199 299 99 99 199 299 0 199 299 99 199 199 299 199 0 199 199 299 199 99 299 99 199 0 99 299 199 199 99 99 99 0 0 0 199 199 0 99 0 0
1 2 64 64 4 1 64 140 99 0 99 99 99 99 0 0 99 0 99 99 99 99 0 0 99 199 0 0 99 0 0 0 0 99 0 0 99 0 0 0 0 99 0 0 0 0 0 0 0 0 0 0 0 0 0 0 0 0 0 0 0 0 0 0 0 0 0 0 0 0 0 0
1 2 64 72 4 1 64 140 0 0 0 0 0 0 0 0 199 199 299 299 199 399 199 199 99 299 99 199 299 299 199 199 99 0 99 199 199 199 99 99 0 99 99 199 299 0 0 199 0 0 0 0 0 0 199 199 0 0 0 99 99 0 99 0 0 0 0 0 99 99 99 0
1 2 64 80 4 1 64 140 0 0 0 0 0 0 99 99 0 0 0 0 0 0 99 99 0 0 0 0 0 0 99 0 0 0 0 0 0 0 0 0 0 0 0 0 0 0 0 0 0 0 0 0 0 0 0 0 0 0 0 0 0 0 0 0 0 0 0 0 0 0 0 0
1 2 64 88 4 1 1 140 0
1 2 64 96 4 1 64 140 0 0 0 0 0 0 0 0 0 0 0 0 0 0 0 0 0 0 0 0 0 0 0 0 0 0 0 0 0 0 0 0 499 599 599 599 599 799 499 599 699 599 499 599 599 599 799 599 599 499 599 599 599 599 599 799 599 499 599 699 799 599 799 599
1 2 64 104 4 64 64 140 140 140 140 140 140 140 140 140 140 140 140 140 140 140 140 140 140 140 140 140 140 140 140 140 140 140 140 140 140 140 140 140 140 140 140 140 140 140 140 0 0 0 0 0 0 0 0 0 0 0 0 0 0 0 0 0 0 0 0 0 0 0 0 599 599 699 599 799 799 799 599 599 799 799 599 699 599 799 799 799 799 599 799 799 599 799 799 799 599 599 699 799 799 699 799 799 599 799 799 799 799 599 799 0 0 0 0 0 0 0 0 0 0 0 0 0 0 0 0 0 0 0 0 0 0 0 0
1 2 64 112 4 1 1 0 0
1 2 64 120 4 1 1 0 0
1 2 72 0 4 1 64 140 1299 1199 799 599 799 399 399 499 899 799 599 799 699 499 499 499 999 599 599 499 699 399 499 499 999 799 699 499 399 399 499 499 799 799 599 599 499 399 399 499 599 799 799 699 399 399 499 399 799 799 699 499 499 499 399 399 799 799 699 399 499 499 399 399
1 2 72 8 4 1 64 140 899 799 599 499 399 399 399 399 699 799 599 499 499 399 499 399 799 799 599 799 599 399 399 399 799 799 599 599 499 499 399 499 599 799 599 699 499 499 499 499 599 499 499 399 499 399 399 499 499 399 499 399 499 499 399 499 399 499 499 399 399 499 399 499
1 2 72 16 4 1 64 140 499 499 399 499 399 499 499 399 499 399 499 499 399 399 399 499 499 399 399 399 399 399 499 499 499 499 399 399 399 499 399 499 399 499 399 499 499 399 399 499 399 399 399 399 499 499 299 499 399 399 399 399 399 399 399 399 399 499 499 399 399 399 399 399
1 2 72 24 4 1 64 140 499 499 499 399 399 299 399 399 399 399 399 399 399 399 399 399 399 399 399 399 399 299 299 299 399 399 399 399 399 399 399 399 399 299 399 299 399 299 399 399 399 399 399 399 399 299 399 399 399 399 399 399 299 299 299 399 399 399 399 399 399 399 399 399
1 2 72 32 4 1 64 140 399 399 399 399 399 299 399 299 399 399 399 299 299 399 299 399 399 399 399 399 299 399 299 399 299 399 399 399 399 299 399 299 399 399 399 399 399 299 299 199 399 399 399 399 399 399 199 299 399 399 399 399 399 399 399 299 399 299 399 399 399 399 399 299
1 2 72 40 4 1 64 140 399 399 399 299 299 399 399 199 399 299 399 399 299 299 199 199 299 399 399 399 199 299 199 199 399 399 299 199 299 299 399 299 299 299 299 299 299 399 199 199 399 299 299 299 299 299 199 199 299 299 299 299 199 99 199 99 299 299 299 299 199 199 199 299
1 2 72 48 4 1 64 140 299 299 199 199 199 199 199 199 399 199 299 299 199 199 199 0 299 199 199 199 299 0 99 99 99 199 199 299 99 0 99 99 199 199 199 99 0 199 99 0 299 199 99 199 0 99 0 0 199 0 99 99 99 0 0 0 299 99 99 99 0 0 0 0
1 2 72 56 4 1 64 140 99 99 99 0 0 0 0 0 99 0 0 0 0 0 0 0 199 0 0 0 0 0 0 0 99 0 0 0 0 0 0 0 0 0 0 0 0 0 0 0 0 0 0 0 0 0 0 0 0 0 0 0 0 0 0 0 0 0 0 0 0 0 0 0
1 2 72 64 4 1 1 140 0
1 2 72 72 4 1 64 140 0 0 0 0 0 0 0 0 199 99 99 0 0 0 0 0 199 0 0 0 0 0 0 0 199 99 99 0 0 0 0 0 199 99 99 0 0 0 0 0 199 99 0 0 0 0 0 0 299 99 0 0 0 0 0 0 299 99 0 0 0 0 0 0
1 2 72 80 4 1 1 140 0
1 2 72 88 4 1 1 140 0
1 2 72 96 4 1 64 140 0 0 0 0 0 0 0 0 0 0 0 0 0 0 0 0 0 0 0 0 0 0 0 0 0 0 0 0 0 0 0 0 599 799 599 799 599 499 599 399 799 599 599 699 699 599 499 599 599 699 699 599 599 799 599 499 599 599 599 599 699 599 599 599
1 2 72 104 4 64 64 140 140 140 140 140 140 140 140 140 140 140 140 140 140 140 140 140 140 140 140 140 140 140 140 140 140 140 140 140 140 140 140 140 140 140 140 140 140 140 140 0 0 0 0 0 0 0 0 0 0 0 0 0 0 0 0 0 0 0 0 0 0 0 0 799 599 599 799 799 799 599 599 799 799 599 599 599 599 599 799 799 799 599 599 599 699 699 699 599 799 799 699 599 799 799 599 799 799 799 599 699 799 699 599 0 0 0 0 0 0 0 0 0 0 0 0 0 0 0 0 0 0 0 0 0 0 0 0
1 2 72 112 4 1 1 0 0
1 2 72 120 4 1 1 0 0
1 2 80 0 4 1 64 140 399 499 499 499 499 499 499 299 399 499 499 399 499 499 399 399 399 499 499 399 499 399 399 399 499 399 399 499 399 399 399 399 499 499 399 399 399 399 399 299 499 399 399 499 399 499 399 399 399 399 499 499 399 399 399 399 499 499 499 499 499 499 399 299
1 2 80 8 4 1 64 140 399 399 499 499 399 399 399 299 399 399 499 499 299 399 299 399 499 499 499 499 399 399 399 299 399 399 499 399 399 399 399 299 399 399 399 399 399 399 399 399 399 499 299 399 399 299 399 399 399 499 399 399 299 399 399 299 299 399 399 399 399 399 399 399
1 2 80 16 4 1 64 140 399 399 399 299 399 399 399 399 399 299 399 399 399 399 299 399 399 399 399 399 399 399 399 399 399 399 399 299 399 399 399 299 399 399 399 399 399 399 399 199 299 399 299 399 399 399 399 199 399 399 399 399 399 299 399 399 399 399 299 399 299 399 299 299
1 2 80 24 4 1 64 140 299 399 299 399 399 399 399 299 399 299 399 399 299 399 299 299 399 399 299 299 399 399 399 399 399 299 399 399 399 399 299 299 399 399 399 399 299 399 299 399 399 399 299 299 399 399 399 299 399 399 399 399 399 399 299 299 399 399 299 399 299 199 299 299
1 2 80 32 4 1 64 140 399 299 299 299 199 399 299 299 299 299 199 299 299 399 399 299 199 399 299 299 299 299 399 299 299 399 299 199 299 299 299 299 299 199 299 399 299 299 199 199 299 299 399 399 199 299 299 199 299 299 99 199 199 199 299 99 199 199 199 299 99 199 299 199
1 2 80 40 4 1 64 140 99 99 99 299 199 99 199 0 199 299 199 99 199 99 99 99 299 99 99 99 99 0 199 199 199 99 99 199 0 99 0 199 99 99 99 199 99 199 0 0 0 99 0 99 0 0 0 0 0 0 199 0 0 0 0 0 299 99 0 0 0 0 0 0
1 2 80 48 4 1 64 140 0 0 0 0 0 0 0 0 0 0 0 0 0 0 0 0 99 99 0 0 0 0 0 0 199 0 0 0 0 0 0 0 0 0 0 0 0 0 0 0 0 0 0 0 0 0 0 0 0 0 0 0 0 0 0 0 0 0 0 0 0 0 0 0
1 2 80 56 4 1 1 140 0
1 2 80 64 4 1 1 140 0
1 2 80 72 4 1 1 140 0
1 2 80 80 4 1 1 140 0
1 2 80 88 4 1 1 140 0
1 2 80 96 4 1 64 140 0 0 0 0 0 0 0 0 0 0 0 0 0 0 0 0 0 0 0 0 0 0 0 0 0 0 0 0 0 0 0 0 499 599 399 499 499 499 399 399 599 399 499 399 399 399 399 499 599 699 499 599 499 499 499 499 599 599 599 599 499 499 399 399
1 2 80 104 4 64 64 140 140 140 140 140 140 140 140 140 140 140 140 140 140 140 140 140 140 140 140 140 140 140 140 140 140 140 140 140 140 140 140 140 140 140 140 140 140 140 140 0 0 0 0 0 0 0 0 0 0 0 0 0 0 0 0 0 0 0 0 0 0 0 0 599 699 499 699 599 599 399 499 799 399 499 499 499 399 499 499 599 599 499 699 599 599 499 399 599 699 599 599 599 599 499 499 599 599 699 599 699 499 599 599 0 0 0 0 0 0 0 0 0 0 0 0 0 0 0 0 0 0 0 0 0 0 0 0
1 2 80 112 4 1 1 0 0
1 2 80 120 4 1 1 0 0
1 2 88 0 4 1 64 140 399 399 399 399 399 399 399 399 399 399 399 399 299 399 399 399 299 399 399 399 299 299 399 399 399 299 399 399 399 299 399 299 399 399 399 399 299 299 399 299 399 399 399 299 399 399 399 299 299 399 399 399 299 399 399 399 299 399 399 399 299 399 399 399
1 2 88 8 4 1 64 140 399 299 399 399 399 399 399 399 299 399 399 399 399 399 399 399 299 299 299 399 399 399 399 299 399 399 399 399 399 399 299 299 399 399 399 299 299 299 399 199 299 299 299 399 399 399 299 299 299 399 399 399 399 399 299 299 399 399 299 399 399 399 199 199
1 2 88 16 4 1 64 140 299 299 399 399 399 299 299 399 399 399 399 299 399 299 299 299 399 299 399 299 299 399 399 299 399 299 299 299 199 199 99 299 299 299 299 299 199 199 299 99 299 299 199 299 199 299 299 199 199 299 299 199 299 199 199 199 399 399 399 299 199 299 199 99
1 2 88 24 4 1 64 140 299 299 399 199 199 199 99 199 299 299 99 199 299 299 99 199 299 199 199 199 99 99 199 99 299 399 199 199 199 199 199 99 399 299 199 99 99 199 299 299 299 299 199 199 299 0 0 99 299 199 0 99 0 99 0 199 199 199 199 99 99 199 99 99
1 2 88 32 4 1 64 140 299 299 199 99 99 99 99 99 299 199 199 0 99 199 0 0 299 199 199 0 99 199 99 99 299 199 99 0 0 0 0 0 199 99 0 199 99 0 0 0 199 199 99 99 0 0 0 0 199 299 0 199 99 0 0 0 99 99 0 0 0 0 0 0
1 2 88 40 4 1 64 140 99 0 0 0 0 0 0 0 99 99 0 0 0 0 0 0 99 99 0 0 0 0 0 0 0 0 0 0 0 0 0 0 0 0 0 0 0 0 0 0 0 0 0 0 0 0 0 0 0 0 0 0 0 0 0 0 0 0 0 0 0 0 0 0
1 2 88 48 4 1 1 140 0
1 2 88 56 4 1 1 140 0
1 2 88 64 4 1 1 140 0
1 2 88 72 4 1 1 140 0
1 2 88 80 4 1 1 140 0
1 2 88 88 4 1 1 140 0
1 2 88 96 4 1 64 140 0 0 0 0 0 0 0 0 0 0 0 0 0 0 0 0 0 0 0 0 0 0 0 0 0 0 0 0 0 0 0 0 399 299 399 399 399 399 399 299 399 399 399 399 399 299 399 399 499 499 399 399 399 399 399 399 399 399 399 499 399 299 399 299
1 2 88 104 4 64 64 140 140 140 140 140 140 140 140 140 140 140 140 140 140 140 140 140 140 140 140 140 140 140 140 140 140 140 140 140 140 140 140 140 140 140 140 140 140 140 140 0 0 0 0 0 0 0 0 0 0 0 0 0 0 0 0 0 0 0 0 0 0 0 0 399 399 499 499 399 499 399 399 499 499 499 499 499 399 399 399 599 499 399 399 399 399 499 399 499 499 599 399 499 499 399 399 499 599 599 599 599 499 399 499 0 0 0 0 0 0 0 0 0 0 0 0 0 0 0 0 0 0 0 0 0 0 0 0
1 2 88 112 4 1 1 0 0
1 2 88 120 4 1 1 0 0
1 2 96 0 4 1 64 140 299 399 99 99 199 199 99 99 399 299 299 199 199 99 199 199 399 299 299 199 299 199 199 299 399 299 299 199 199 99 299 199 299 199 299 299 199 199 99 0 299 299 399 399 99 99 99 0 299 299 299 299 299 199 0 0 399 199 299 299 199 99 0 0
1 2 96 8 4 1 64 140 399 299 299 299 199 199 199 0 399 299 199 199 299 199 0 0 299 199 199 299 199 199 199 0 299 199 199 199 299 299 99 0 399 199 99 199 199 299 199 99 299 199 299 199 199 199 0 0 299 99 199 299 199 299 0 0 299 99 199 99 99 0 99 0
1 2 96 16 4 1 64 140 299 399 199 199 199 99 199 0 199 299 99 199 0 99 0 0 199 199 199 99 0 0 0 0 99 199 199 99 0 0 0 0 199 199 199 0 0 0 0 0 199 199 0 0 0 0 0 0 199 299 199 0 0 0 0 0 199 199 0 0 0 0 0 0
1 2 96 24 4 1 64 140 199 99 99 0 0 0 0 0 199 99 199 199 0 0 0 0 99 99 199 99 0 0 0 0 99 99 0 0 0 0 0 0 0 99 99 99 0 0 0 0 0 0 0 0 0 0 0 0 0 0 0 0 0 0 0 0 0 0 0 0 0 0 0 0
1 2 96 32 4 1 1 140 0
1 2 96 40 4 1 1 140 0
1 2 96 48 4 1 1 140 0
1 2 96 56 4 1 1 140 0
1 2 96 64 4 1 1 140 0
1 2 96 72 4 1 1 140 0
1 2 96 80 4 1 1 140 0
1 2 96 88 4 1 1 140 0
1 2 96 96 4 1 64 140 0 0 0 0 0 0 0 0 0 0 0 0 0 0 0 0 0 0 0 0 0 0 0 0 0 0 0 0 0 0 0 0 299 299 299 399 199 399 199 299 399 399 299 299 299 299 399 299 299 399 399 299 299 399 399 399 399 399 399 399 399 299 399 399
1 2 96 104 4 64 64 140 140 140 140 140 140 140 140 140 140 140 140 140 140 140 140 140 140 140 140 140 140 140 140 140 140 140 140 140 140 140 140 140 140 140 140 140 140 140 140 0 0 0 0 0 0 0 0 0 0 0 0 0 0 0 0 0 0 0 0 0 0 0 0 299 299 399 399 399 399 399 299 399 499 399 399 299 399 399 399 499 399 399 499 499 399 399 499 399 399 499 399 499 399 399 399 399 499 499 399 499 499 499 499 0 0 0 0 0 0 0 0 0 0 0 0 0 0 0 0 0 0 0 0 0 0 0 0
1 2 96 112 4 1 1 0 0
1 2 96 120 4 1 1 0 0
1 2 104 0 4 1 64 140 99 99 0 0 0 0 0 0 0 0 0 0 0 0 0 0 99 199 0 0 0 0 0 0 0 0 0 0 0 0 0 0 0 0 0 0 0 0 0 0 0 0 0 0 0 0 0 0 0 0 0 0 0 0 0 0 0 0 0 0 0 0 0 0
1 2 104 8 4 1 1 140 0
1 2 104 16 4 1 1 140 0
1 2 104 24 4 1 1 140 0
1 2 104 32 4 1 1 140 0
1 2 104 40 4 1 1 140 0
1 2 104 48 4 1 1 140 0
1 2 104 56 4 1 1 140 0
1 2 104 64 4 1 1 140 0
1 2 104 72 4 1 1 140 0
1 2 104 80 4 1 1 140 0
1 2 104 88 4 1 1 140 0
1 2 104 96 4 1 64 140 0 0 0 0 0 0 0 0 0 0 0 0 0 0 0 0 0 0 0 0 0 0 0 0 0 0 0 0 0 0 0 0 299 199 299 199 299 299 299 299 199 299 299 299 299 299 299 299 299 399 399 399 199 299 299 199 299 399 399 399 399 299 399 299
1 2 104 104 4 64 64 140 140 140 140 140 140 140 140 140 140 140 140 140 140 140 140 140 140 140 140 140 140 140 140 140 140 140 140 140 140 140 140 140 140 140 140 140 140 140 140 0 0 0 0 0 0 0 0 0 0 0 0 0 0 0 0 0 0 0 0 0 0 0 0 299 399 299 399 399 299 299 399 299 399 399 399 299 499 399 399 499 499 399 399 399 399 499 399 399 399 499 399 499 499 399 499 499 499 399 399 499 399 499 499 0 0 0 0 0 0 0 0 0 0 0 0 0 0 0 0 0 0 0 0 0 0 0 0
1 2 104 112 4 1 1 0 0
1 2 104 120 4 1 1 0 0
1 2 112 0 4 1 1 140 0
1 2 112 8 4 1 1 140 0
1 2 112 16 4 1 1 140 0
1 2 112 24 4 1 1 140 0
1 2 112 32 4 1 1 140 0
1 2 112 40 4 1 1 140 0
1 2 112 48 4 1 1 140 0
1 2 112 56 4 1 1 140 0
1 2 112 64 4 1 1 140 0
1 2 112 72 4 1 1 140 0
1 2 112 80 4 1 1 140 0
1 2 112 88 4 1 1 140 0
1 2 112 96 4 1 64 140 0 0 0 0 0 0 0 0 0 0 0 0 0 0 0 0 0 0 0 0 0 0 0 0 0 0 0 0 0 0 0 0 299 299 299 299 199 199 99 99 199 399 199 199 199 199 199 99 299 399 299 399 299 199 199 199 299 399 399 299 299 299 299 299
1 2 112 104 4 64 64 140 140 140 140 140 140 140 140 140 140 140 140 140 140 140 140 140 140 140 140 140 140 140 140 140 140 140 140 140 140 140 140 140 140 140 140 140 140 140 140 0 0 0 0 0 0 0 0 0 0 0 0 0 0 0 0 0 0 0 0 0 0 0 0 399 399 399 399 299 399 299 299 399 299 399 399 399 399 399 399 399 499 399 399 299 299 399 499 399 399 399 399 399 399 399 499 399 499 399 399 399 499 499 499 0 0 0 0 0 0 0 0 0 0 0 0 0 0 0 0 0 0 0 0 0 0 0 0
1 2 112 112 4 1 1 0 0
1 2 112 120 4 1 1 0 0
1 2 120 0 4 1 1 140 0
1 2 120 8 4 1 1 140 0
1 2 120 16 4 1 1 140 0
1 2 120 24 4 1 1 140 0
1 2 120 32 4 1 1 140 0
1 2 120 40 4 1 1 140 0
1 2 120 48 4 1 1 140 0
1 2 120 56 4 1 1 140 0
1 2 120 64 4 1 1 140 0
1 2 120 72 4 1 1 140 0
1 2 120 80 4 1 1 140 0
1 2 120 88 4 1 1 140 0
1 2 120 96 4 1 64 140 0 0 0 0 0 0 0 0 0 0 0 0 0 0 0 0 0 0 0 0 0 0 0 0 0 0 0 0 0 0 0 0 0 0 199 199 0 0 99 99 0 199 199 199 199 99 299 299 99 199 199 299 199 199 99 199 299 299 299 299 399 399 199 299
1 2 120 104 4 64 64 140 140 140 140 140 140 140 140 140 140 140 140 140 140 140 140 140 140 140 140 140 140 140 140 140 140 140 140 140 140 140 140 140 140 140 140 140 140 140 140 0 0 0 0 0 0 0 0 0 0 0 0 0 0 0 0 0 0 0 0 0 0 0 0 299 399 199 299 399 399 299 399 399 399 399 399 399 299 399 399 499 499 399 399 399 499 499 399 399 399 499 399 399 499 499 499 699 499 699 499 499 499 699 499 0 0 0 0 0 0 0 0 0 0 0 0 0 0 0 0 0 0 0 0 0 0 0 0
1 2 120 112 4 1 1 0 0
1 2 120 120 4 1 1 0 0
2 -2 0 0 4 1 1 0 0
2 -2 0 8 4 1 1 0 0
2 -2 0 16 4 64 64 0 0 0 0 0 0 0 0 0 0 0 0 0 0 0 0 0 0 0 0 0 0 0 0 0 0 0 0 0 0 0 0 0 0 0 0 0 0 0 0 140 140 140 140 140 140 140 140 140 140 140 140 140 140 140 140 140 140 140 140 140 140 140 140 0 0 0 0 0 0 0 0 0 0 0 0 0 0 0 0 0 0 0 0 0 0 0 0 0 0 0 0 0 0 0 0 0 0 0 0 0 0 0 0 999 999 999 999 999 899 899 999 999 999 999 899 899 899 799 999 999 999 999 999 899 999 999 999
2 -2 0 24 4 1 64 140 999 899 899 899 999 999 999 899 999 899 999 799 999 999 899 999 899 999 999 999 999 899 999 999 999 799 999 999 999 899 899 799 999 999 899 999 999 899 999 999 899 899 999 999 999 999 899 799 699 999 899 899 899 899 699 999 299 799 799 899 999 899 999 999
2 -2 0 32 4 1 64 140 0 299 599 799 899 899 799 999 0 0 99 399 999 999 999 999 0 0 0 99 599 799 799 899 0 0 0 0 199 599 799 899 0 0 0 0 0 99 499 899 0 0 0 0 0 0 99 499 0 0 0 0 0 0 0 99 0 0 0 0 0 0 0 0
2 -2 0 40 4 1 1 140 0
2 -2 0 48 4 1 1 140 0
2 -2 0 56 4 1 1 140 0
2 -2 0 64 4 1 1 140 0
2 -2 0 72 4 1 1 140 0
2 -2 0 80 4 1 1 140 0
2 -2 0 88 4 1 1 140 0
2 -2 0 96 4 1 1 140 0
2 -2 0 104 4 1 1 140 0
2 -2 0 112 4 1 1 140 0
2 -2 0 120 4 1 1 140 0
2 -2 8 0 4 1 1 0 0
2 -2 8 8 4 1 1 0 0
2 -2 8 16 4 64 64 0 0 0 0 0 0 0 0 0 0 0 0 0 0 0 0 0 0 0 0 0 0 0 0 0 0 0 0 0 0 0 0 0 0 0 0 0 0 0 0 140 140 140 140 140 140 140 140 140 140 140 140 140 140 140 140 140 140 140 140 140 140 140 140 0 0 0 0 0 0 0 0 0 0 0 0 0 0 0 0 0 0 0 0 0 0 0 0 0 0 0 0 0 0 0 0 0 0 0 0 0 0 0 0 999 899 999 899 999 999 999 899 999 699 699 899 999 999 999 999 999 999 899 799 999 999 799 999
2 -2 8 24 4 1 64 140 799 999 999 999 799 799 999 899 899 999 899 999 899 999 999 999 899 899 999 799 899 799 899 799 799 999 999 699 899 899 999 999 999 899 999 999 999 799 899 999 999 899 799 999 699 899 999 999 999 999 799 999 999 899 999 799 999 899 999 999 999 999 899 799
2 -2 8 32 4 1 64 140 999 899 999 899 699 999 899 899 799 999 899 899 999 999 799 999 999 999 999 899 999 899 999 999 999 999 999 999 999 999 799 999 999 799 999 899 999 999 999 999 799 999 999 999 999 899 799 799 599 699 999 999 899 699 999 999 199 599 799 999 899 799 699 799
2 -2 8 40 4 1 64 140 0 199 399 599 499 299 399 399 0 0 0 99 99 0 0 0 0 0 0 0 0 0 0 0 0 0 0 0 0 0 0 0 0 0 0 0 0 0 0 0 0 0 0 0 0 0 0 0 0 0 0 0 0 0 0 0 0 0 0 0 0 0 0 0
2 -2 8 48 4 1 1 140 0
2 -2 8 56 4 1 1 140 0
2 -2 8 64 4 1 1 140 0
2 -2 8 72 4 1 1 140 0
2 -2 8 80 4 1 1 140 0
2 -2 8 88 4 1 1 140 0
2 -2 8 96 4 1 1 140 0
2 -2 8 104 4 1 1 140 0
2 -2 8 112 4 1 1 140 0
2 -2 8 120 4 1 1 140 0
2 -2 16 0 4 1 1 0 0
2 -2 16 8 4 1 1 0 0
2 -2 16 16 4 64 64 0 0 0 0 0 0 0 0 0 0 0 0 0 0 0 0 0 0 0 0 0 0 0 0 0 0 0 0 0 0 0 0 0 0 0 0 0 0 0 0 140 140 140 140 140 140 140 140 140 140 140 140 140 140 140 140 140 140 140 140 140 140 140 140 0 0 0 0 0 0 0 0 0 0 0 0 0 0 0 0 0 0 0 0 0 0 0 0 0 0 0 0 0 0 0 0 0 0 0 0 0 0 0 0 799 999 899 999 899 999 999 999 899 899 999 999 999 999 899 999 999 899 899 999 899 799 899 799
2 -2 16 24 4 1 64 140 999 999 799 999 799 999 699 999 899 999 999 999 999 899 899 899 999 999 999 999 999 999 999 999 999 999 999 899 999 899 899 899 899 899 999 799 899 999 999 999 999 899 899 999 799 899 899 999 899 999 999 999 999 899 999 799 899 999 999 999 999 999 999 999
2 -2 16 32 4 1 64 140 999 999 799 999 899 999 999 999 999 899 999 899 999 999 999 999 999 999 999 799 999 999 999 699 999 899 899 899 699 999 999 999 999 899 999 999 899 999 999 799 899 899 999 899 999 999 899 999 999 799 999 999 999 999 899 899 799 699 999 799 899 899 999 999
2 -2 16 40 4 1 64 140 399 399 399 399 399 599 599 799 0 0 0 0 0 199 99 99 0 0 0 0 0 0 0 0 0 0 0 0 0 0 0 0 0 0 0 0 0 0 0 0 0 0 0 0 0 0 0 0 0 0 0 0 0 0 0 0 0 0 0 0 0 0 0 0
2 -2 16 48 4 1 1 140 0
2 -2 16 56 4 1 1 140 0
2 -2 16 64 4 1 1 140 0
2 -2 16 72 4 1 1 140 0
2 -2 16 80 4 1 1 140 0
2 -2 16 88 4 1 1 140 0
2 -2 16 96 4 1 1 140 0
2 -2 16 104 4 1 1 140 0
2 -2 16 112 4 1 1 140 0
2 -2 16 120 4 1 1 140 0
2 -2 24 0 4 1 1 0 0
2 -2 24 8 4 1 1 0 0
2 -2 24 16 4 64 64 0 0 0 0 0 0 0 0 0 0 0 0 0 0 0 0 0 0 0 0 0 0 0 0 0 0 0 0 0 0 0 0 0 0 0 0 0 0 0 0 140 140 140 140 140 140 140 140 140 140 140 140 140 140 140 140 140 140 140 140 140 140 140 140 0 0 0 0 0 0 0 0 0 0 0 0 0 0 0 0 0 0 0 0 0 0 0 0 0 0 0 0 0 0 0 0 0 0 0 0 0 0 0 0 999 999 999 899 999 899 999 899 999 999 999 999 999 999 999 999 899 899 799 999 999 899 799 899
2 -2 24 24 4 1 64 140 899 899 999 899 999 999 999 999 999 999 899 999 999 999 999 999 899 999 999 899 899 999 899 899 999 999 999 899 999 999 999 999 999 999 999 999 899 999 999 999 999 899 999 999 899 699 999 999 899 999 999 999 899 999 899 999 899 999 999 999 899 999 899 999
2 -2 24 32 4 1 64 140 999 999 999 999 999 899 999 799 899 999 899 999 999 999 799 999 999 999 999 999 899 999 899 999 999 799 899 999 999 999 899 999 999 999 999 999 999 899 999 999 999 999 999 999 999 999 999 999 999 899 999 899 999 899 699 999 999 999 999 999 999 999 999 999
2 -2 24 40 4 1 64 140 999 799 899 999 999 999 999 899 199 299 599 799 899 899 999 999 0 0 0 199 399 699 699 999 0 0 0 0 0 0 199 199 0 0 0 0 0 0 0 0 0 0 0 0 0 0 0 0 0 0 0 0 0 0 0 0 0 0 0 0 0 0 0 0
2 -2 24 48 4 1 1 140 0
2 -2 24 56 4 1 1 140 0
2 -2 24 64 4 1 1 140 0
2 -2 24 72 4 1 1 140 0
2 -2 24 80 4 1 1 140 0
2 -2 24 88 4 1 1 140 0
2 -2 24 96 4 1 1 140 0
2 -2 24 104 4 1 1 140 0
2 -2 24 112 4 1 1 140 0
2 -2 24 120 4 1 1 140 0
2 -2 32 0 4 1 1 0 0
2 -2 32 8 4 1 1 0 0
2 -2 32 16 4 64 64 0 0 0 0 0 0 0 0 0 0 0 0 0 0 0 0 0 0 0 0 0 0 0 0 0 0 0 0 0 0 0 0 0 0 0 0 0 0 0 0 140 140 140 140 140 140 140 140 140 140 140 140 140 140 140 140 140 140 140 140 140 140 140 140 0 0 0 0 0 0 0 0 0 0 0 0 0 0 0 0 0 0 0 0 0 0 0 0 0 0 0 0 0 0 0 0 0 0 0 0 0 0 0 0 799 899 799 999 999 999 899 899 899 899 999 899 999 899 999 999 999 999 999 999 999 899 999 999
2 -2 32 24 4 1 64 140 999 999 999 999 999 999 999 999 999 999 899 999 999 999 999 999 999 899 999 999 999 799 899 999 999 999 899 999 899 899 799 899 999 999 999 999 999 999 799 999 999 899 899 999 999 899 999 999 899 999 899 999 899 999 999 999 799 799 799 899 999 999 899 999
2 -2 32 32 4 1 64 140 899 999 999 999 999 899 799 999 999 799 999 999 899 999 899 899 999 799 999 999 899 999 999 899 899 999 999 899 999 999 999 999 999 999 899 999 899 999 799 999 999 999 999 999 899 999 899 999 899 999 999 999 899 899 999 999 999 999 999 799 999 799 999 999
2 -2 32 40 4 1 64 140 899 999 899 799 899 899 899 999 999 999 799 999 999 999 899 999 999 799 999 799 799 999 799 899 299 299 399 399 399 399 299 499 0 0 0 0 0 0 0 0 0 0 0 0 0 0 0 0 0 0 0 0 0 0 0 0 0 0 0 0 0 0 0 0
2 -2 32 48 4 1 1 140 0
2 -2 32 56 4 1 1 140 0
2 -2 32 64 4 1 1 140 0
2 -2 32 72 4 1 1 140 0
2 -2 32 80 4 1 1 140 0
2 -2 32 88 4 1 1 140 0
2 -2 32 96 4 1 1 140 0
2 -2 32 104 4 1 1 140 0
2 -2 32 112 4 1 1 140 0
2 -2 32 120 4 1 1 140 0
2 -2 40 0 4 1 1 0 0
2 -2 40 8 4 1 1 0 0
2 -2 40 16 4 64 64 0 0 0 0 0 0 0 0 0 0 0 0 0 0 0 0 0 0 0 0 0 0 0 0 0 0 0 0 0 0 0 0 0 0 0 0 0 0 0 0 140 140 140 140 140 140 140 140 140 140 140 140 140 140 140 140 140 140 140 140 140 140 140 140 0 0 0 0 0 0 0 0 0 0 0 0 0 0 0 0 0 0 0 0 0 0 0 0 0 0 0 0 0 0 0 0 0 0 0 0 0 0 0 0 899 999 999 999 999 999 999 899 899 899 999 799 799 899 899 899 899 999 999 999 799 999 999 999
2 -2 40 24 4 1 64 140 799 799 999 999 899 899 999 899 899 999 899 999 899 899 699 999 999 999 999 999 999 999 999 899 999 899 899 899 899 999 999 999 999 999 999 999 999 999 999 999 999 999 899 999 799 999 899 899 999 699 999 999 899 999 999 999 899 899 999 899 999 999 899 799
2 -2 40 32 4 1 64 140 999 999 999 999 999 999 899 699 899 999 699 999 899 999 999 999 899 899 899 999 999 999 999 899 999 999 999 799 999 899 899 899 899 999 999 899 899 999 999 899 899 999 999 999 899 799 999 999 799 999 999 999 899 999 699 999 999 899 899 899 999 999 999 999
2 -2 40 40 4 1 64 140 999 999 999 999 999 899 999 899 999 999 999 799 899 999 999 899 999 999 999 899 899 999 999 999 699 799 999 999 999 999 999 799 199 199 399 599 799 799 799 899 0 0 0 199 199 399 599 799 0 0 0 0 0 0 0 199 0 0 0 0 0 0 0 0
2 -2 40 48 4 1 1 140 0
2 -2 40 56 4 1 1 140 0
2 -2 40 64 4 1 1 140 0
2 -2 40 72 4 1 1 140 0
2 -2 40 80 4 1 1 140 0
2 -2 40 88 4 1 1 140 0
2 -2 40 96 4 1 1 140 0
2 -2 40 104 4 1 1 140 0
2 -2 40 112 4 1 1 140 0
2 -2 40 120 4 1 1 140 0
2 -2 48 0 4 1 1 0 0
2 -2 48 8 4 1 1 0 0
2 -2 48 16 4 64 64 0 0 0 0 0 0 0 0 0 0 0 0 0 0 0 0 0 0 0 0 0 0 0 0 0 0 0 0 0 0 0 0 0 0 0 0 0 0 0 0 140 140 140 140 140 140 140 140 140 140 140 140 140 140 140 140 140 140 140 140 140 140 140 140 0 0 0 0 0 0 0 0 0 0 0 0 0 0 0 0 0 0 0 0 0 0 0 0 0 0 0 0 0 0 0 0 0 0 0 0 0 0 0 0 999 999 999 899 999 999 999 799 999 999 999 899 999 999 999 899 999 999 999 999 899 999 999 999
2 -2 48 24 4 1 64 140 999 999 799 999 999 899 999 999 999 999 999 999 999 999 899 999 999 999 899 999 999 799 999 999 999 999 799 999 999 999 799 899 799 999 899 899 899 999 899 999 899 899 999 999 999 899 799 899 999 899 999 899 999 999 999 899 999 999 999 999 999 999 699 999
2 -2 48 32 4 1 64 140 999 799 999 999 899 699 999 899 999 999 999 999 899 899 899 999 699 999 899 999 899 899 999 899 799 799 899 999 999 999 999 999 899 899 999 999 999 999 999 999 999 999 899 999 799 999 999 899 899 999 999 899 999 999 899 799 899 999 999 999 899 999 999 999
2 -2 48 40 4 1 64 140 999 999 999 999 999 999 999 999 999 999 999 899 999 899 899 799 799 899 999 999 799 999 999 899 899 899 999 999 999 999 999 899 999 999 899 999 999 899 999 999 999 999 699 999 999 899 899 899 499 799 999 999 899 899 999 999 99 399 799 799 799 999 999 799
2 -2 48 48 4 1 64 140 0 0 0 399 799 999 999 899 0 0 0 0 0 499 799 999 0 0 0 0 0 0 299 599 0 0 0 0 0 0 0 199 0 0 0 0 0 0 0 0 0 0 0 0 0 0 0 0 0 0 0 0 0 0 0 0 0 0 0 0 0 0 0 0
2 -2 48 56 4 1 1 140 0
2 -2 48 64 4 1 1 140 0
2 -2 48 72 4 1 1 140 0
2 -2 48 80 4 1 1 140 0
2 -2 48 88 4 1 1 140 0
2 -2 48 96 4 1 64 140 0 0 0 0 0 0 0 0 0 0 0 0 0 0 0 0 0 0 0 0 0 0 0 0 0 0 0 0 0 0 0 0 0 0 0 0 0 0 0 0 0 0 0 0 0 0 0 0 0 0 0 0 0 0 0 0 99 199 0 0 0 0 0 0
2 -2 48 104 4 1 64 140 99 99 99 0 0 0 0 0 0 0 99 99 0 0 0 0 0 0 99 0 0 99 99 0 99 99 99 99 99 0 99 99 0 99 99 0 0 199 99 199 99 99 0 199 0 99 99 99 99 99 199 99 199 0 99 99 0 99 99 199 99 0 99 0
2 -2 48 112 4 1 64 140 0 0 0 0 99 99 99 99 0 199 0 99 99 99 99 99 0 99 99 99 99 199 99 99 99 199 0 99 99 99 99 99 99 99 0 199 199 199 99 99 0 199 99 0 99 99 99 0 99 199 99 0 99 99 99 0 99 199 99 199 99 99 199 99
2 -2 48 120 4 1 64 140 199 99 0 99 99 99 99 0 199 199 199 199 99 99 199 199 199 99 199 99 99 199 199 0 299 199 199 199 199 99 0 99 99 199 199 299 199 299 99 99 199 199 299 199 199 199 199 299 99 299 299 199 99 99 199 199 199 299 199 199 199 99 99 299
2 -2 56 0 4 1 1 0 0
2 -2 56 8 4 1 1 0 0
2 -2 56 16 4 64 64 0 0 0 0 0 0 0 0 0 0 0 0 0 0 0 0 0 0 0 0 0 0 0 0 0 0 0 0 0 0 0 0 0 0 0 0 0 0 0 0 140 140 140 140 140 140 140 140 140 140 140 140 140 140 140 140 140 140 140 140 140 140 140 140 0 0 0 0 0 0 0 0 0 0 0 0 0 0 0 0 0 0 0 0 0 0 0 0 0 0 0 0 0 0 0 0 0 0 0 0 0 0 0 0 999 899 899 999 999 799 999 999 999 899 999 899 999 799 899 999 899 899 999 999 999 899 899 999
2 -2 56 24 4 1 64 140 899 999 999 999 799 999 999 999 899 899 999 999 899 999 899 899 899 899 899 799 899 899 999 999 999 999 999 999 899 899 999 999 899 999 999 999 999 999 999 899 999 999 999 899 999 999 899 999 999 999 999 999 899 999 999 999 999 999 999 899 899 999 999 899
2 -2 56 32 4 1 64 140 799 999 899 999 799 999 999 999 999 899 899 899 799 999 899 999 999 899 999 799 899 999 999 999 899 999 999 999 999 999 999 899 999 899 899 999 999 899 899 899 999 999 999 899 899 899 999 999 899 899 999 999 899 999 899 999 999 799 999 899 999 799 999 999
2 -2 56 40 4 1 64 140 999 699 999 999 899 999 999 999 799 999 999 899 999 899 699 999 999 999 999 999 899 999 999 999 899 999 999 999 999 999 899 899 999 999 999 899 799 899 999 999 999 899 999 999 999 999 999 799 899 999 999 999 999 899 899 899 999 899 999 899 999 999 999 999
2 -2 56 48 4 1 64 140 999 799 999 999 999 899 799 999 999 999 999 899 999 899 899 999 799 899 999 999 999 999 999 999 399 799 899 999 999 999 899 999 0 299 599 799 899 999 999 899 0 0 199 499 799 999 999 999 0 0 0 199 399 699 799 899 0 0 0 0 0 299 499 799
2 -2 56 56 4 1 64 140 0 0 0 0 0 0 0 299 0 0 0 0 0 0 0 0 0 0 0 0 0 0 0 0 0 0 0 0 0 0 0 0 0 0 0 0 0 0 0 0 0 0 0 0 0 0 0 0 0 0 0 0 0 0 0 0 0 0 0 0 0 0 0 0
2 -2 56 64 4 1 1 140 0
2 -2 56 72 4 1 1 140 0
2 -2 56 80 4 1 1 140 0
2 -2 56 88 4 1 1 140 0
2 -2 56 96 4 1 1 140 0
2 -2 56 104 4 1 64 140 0 0 0 0 0 0 0 0 0 0 0 0 0 0 0 0 0 0 0 0 0 0 0 0 99 0 0 0 0 0 0 0 99 99 99 0 0 0 0 0 0 99 0 0 99 0 0 0 99 199 0 0 99 0 0 0 99 99 99 99 199 0 99 0
2 -2 56 112 4 1 64 140 99 0 99 99 99 99 99 99 99 99 99 0 99 99 99 0 199 0 99 0 99 99 0 99 0 99 99 99 0 99 99 99 99 99 0 99 0 99 99 199 99 99 99 199 199 0 199 99 0 99 99 99 99 0 0 99 199 99 199 199 99 0 99 99
2 -2 56 120 4 1 64 140 199 199 0 99 99 99 0 0 199 299 199 299 99 99 99 0 99 199 199 199 199 0 0 99 0 99 199 199 199 99 99 99 99 99 99 199 99 299 99 199 0 99 99 0 299 199 299 0 99 199 0 0 199 199 299 199 299 199 0 99 99 199 299 299
2 -2 64 0 4 1 1 0 0
2 -2 64 8 4 1 1 0 0
2 -2 64 16 4 64 64 0 0 0 0 0 0 0 0 0 0 0 0 0 0 0 0 0 0 0 0 0 0 0 0 0 0 0 0 0 0 0 0 0 0 0 0 0 0 0 0 140 140 140 140 140 140 140 140 140 140 140 140 140 140 140 140 140 140 140 140 140 140 140 140 0 0 0 0 0 0 0 0 0 0 0 0 0 0 0 0 0 0 0 0 0 0 0 0 0 0 0 0 0 0 0 0 0 0 0 0 0 0 0 0 899 999 999 999 999 999 999 999 999 999 999 999 899 899 999 999 999 999 999 899 799 899 999 799
2 -2 64 24 4 1 64 140 899 899 799 899 999 999 999 999 999 999 999 999 899 999 999 999 999 999 999 999 899 899 999 999 899 899 799 999 999 899 899 899 899 899 999 799 899 899 899 899 999 999 999 999 999 799 999 999 799 999 999 999 999 999 999 899 999 799 999 999 999 999 899 799
2 -2 64 32 4 1 64 140 999 999 899 999 999 799 999 999 999 899 999 999 999 899 899 999 899 999 799 899 899 999 999 799 899 999 899 899 899 999 999 799 999 999 999 899 999 999 899 999 799 899 999 999 999 899 899 999 999 899 899 899 999 999 999 999 899 999 899 899 799 999 799 999
2 -2 64 40 4 1 64 140 899 899 899 899 999 999 999 999 899 999 899 999 999 899 999 999 699 899 899 999 799 999 799 999 999 999 999 999 999 999 999 899 999 999 999 799 999 899 999 999 999 899 799 899 899 999 999 999 699 899 999 999 999 999 999 999 899 999 899 999 999 899 999 799
2 -2 64 48 4 1 64 140 899 799 999 899 899 899 899 999 999 999 999 999 899 999 999 899 999 899 999 699 999 899 799 999 699 999 999 999 999 999 999 999 999 899 999 999 999 999 899 899 999 999 999 999 799 899 899 899 899 999 899 899 799 699 999 999 999 799 999 999 899 799 999 799
2 -2 64 56 4 1 64 140 799 799 899 999 999 999 999 799 299 599 999 799 799 999 999 599 0 99 399 699 999 999 799 399 0 0 99 299 599 899 799 99 0 0 0 199 199 699 399 0 0 0 0 0 0 299 199 0 0 0 0 0 0 0 0 0 0 0 0 0 0 0 0 0
2 -2 64 64 4 1 1 140 0
2 -2 64 72 4 1 1 140 0
2 -2 64 80 4 1 1 140 0
2 -2 64 88 4 1 1 140 0
2 -2 64 96 4 1 1 140 0
2 -2 64 104 4 1 1 140 0
2 -2 64 112 4 1 64 140 0 0 0 0 0 0 0 0 199 0 0 0 0 0 0 0 0 0 0 0 0 0 0 0 99 0 99 199 0 0 0 0 199 199 0 0 199 0 0 0 99 99 0 99 99 199 0 0 99 199 99 0 99 0 0 0 99 0 0 0 99 199 99 99
2 -2 64 120 4 1 64 140 0 99 99 99 99 99 99 0 0 99 99 99 199 99 0 0 99 0 99 99 99 0 199 99 199 0 0 0 99 99 199 0 99 0 199 0 99 99 0 99 99 99 0 99 99 0 0 0 0 99 99 0 99 99 99 99 299 99 0 199 0 99 199 99
2 -2 72 0 4 1 1 0 0
2 -2 72 8 4 1 1 0 0
2 -2 72 16 4 64 64 0 0 0 0 0 0 0 0 0 0 0 0 0 0 0 0 0 0 0 0 0 0 0 0 0 0 0 0 0 0 0 0 0 0 0 0 0 0 0 0 140 140 140 140 140 140 140 140 140 140 140 140 140 140 140 140 140 140 140 140 140 140 140 140 0 0 0 0 0 0 0 0 0 0 0 0 0 0 0 0 0 0 0 0 0 0 0 0 0 0 0 0 0 0 0 0 0 0 0 0 0 0 0 0 899 899 799 899 799 599 799 699 899 699 899 899 699 799 799 699 899 799 799 899 899 799 799 699
2 -2 72 24 4 1 64 140 799 899 799 899 799 699 799 699 799 899 899 899 899 799 799 699 899 799 699 699 799 799 799 699 899 899 799 799 799 799 699 699 899 899 899 899 799 799 799 699 899 799 799 799 799 699 699 699 899 699 799 899 799 599 799 599 899 899 899 899 799 799 599 699
2 -2 72 32 4 1 64 140 899 799 699 899 799 799 699 699 899 899 799 899 899 699 799 699 899 899 899 899 899 699 799 699 799 899 799 799 899 699 599 699 999 899 899 899 799 799 799 599 899 899 699 899 899 799 699 399 999 899 899 899 699 699 599 299 899 899 899 799 699 699 599 0
2 -2 72 40 4 1 64 140 899 699 799 899 699 599 399 0 899 899 899 899 899 599 199 0 899 899 799 899 799 399 99 0 899 899 899 899 699 299 0 0 899 899 799 899 699 199 0 0 899 699 899 699 399 99 0 0 899 699 799 699 299 0 0 0 899 899 899 499 99 0 0 0
2 -2 72 48 4 1 64 140 899 899 599 399 0 0 0 0 899 899 699 299 0 0 0 0 899 799 499 0 0 0 0 0 799 599 299 0 0 0 0 0 999 499 0 0 0 0 0 0 799 399 0 0 0 0 0 0 799 99 0 0 0 0 0 0 499 0 0 0 0 0 0 0
2 -2 72 56 4 1 64 140 199 0 0 0 0 0 0 0 0 0 0 0 0 0 0 0 0 0 0 0 0 0 0 0 0 0 0 0 0 0 0 0 0 0 0 0 0 0 0 0 0 0 0 0 0 0 0 0 0 0 0 0 0 0 0 0 0 0 0 0 0 0 0 0
2 -2 72 64 4 1 1 140 0
2 -2 72 72 4 1 1 140 0
2 -2 72 80 4 1 1 140 0
2 -2 72 88 4 1 1 140 0
2 -2 72 96 4 1 1 140 0
2 -2 72 104 4 1 1 140 0
2 -2 72 112 4 1 1 140 0
2 -2 72 120 4 1 64 140 0 0 0 0 0 0 0 0 199 0 0 0 0 0 0 0 99 0 0 0 0 0 0 0 199 99 99 0 0 0 0 0 0 99 0 0 0 0 0 0 0 0 99 99 0 0 0 0 99 99 0 0 199 0 0 0 0 99 0 199 99 0 0 0
2 -2 80 0 4 1 1 0 0
2 -2 80 8 4 1 1 0 0
2 -2 80 16 4 64 64 0 0 0 0 0 0 0 0 0 0 0 0 0 0 0 0 0 0 0 0 0 0 0 0 0 0 0 0 0 0 0 0 0 0 0 0 0 0 0 0 140 140 140 140 140 140 140 140 140 140 140 140 140 140 140 140 140 140 140 140 140 140 140 140 0 0 0 0 0 0 0 0 0 0 0 0 0 0 0 0 0 0 0 0 0 0 0 0 0 0 0 0 0 0 0 0 0 0 0 0 0 0 0 0 699 599 599 499 399 299 199 0 599 599 599 399 399 299 99 0 699 599 499 399 399 199 99 0
2 -2 80 24 4 1 64 140 599 499 599 499 399 199 0 0 699 599 599 399 299 99 0 0 499 599 599 499 199 0 0 0 699 599 499 399 99 0 0 0 699 599 499 299 0 0 0 0 499 599 499 199 0 0 0 0 599 599 299 0 0 0 0 0 699 599 199 0 0 0 0 0
2 -2 80 32 4 1 64 140 699 399 99 0 0 0 0 0 699 299 0 0 0 0 0 0 499 99 0 0 0 0 0 0 399 0 0 0 0 0 0 0 199 0 0 0 0 0 0 0 99 0 0 0 0 0 0 0 0 0 0 0 0 0 0 0 0 0 0 0 0 0 0 0
2 -2 80 40 4 1 1 140 0
2 -2 80 48 4 1 1 140 0
2 -2 80 56 4 1 1 140 0
2 -2 80 64 4 1 64 140 0 0 0 0 0 0 0 0 0 0 0 0 0 0 0 0 0 0 0 0 0 0 0 0 0 0 0 0 0 0 0 99 0 0 0 0 0 0 0 99 0 0 0 0 0 0 0 99 0 0 0 0 0 0 99 199 0 0 0 0 0 0 99 199
2 -2 80 72 4 1 64 140 0 0 0 0 0 0 199 299 0 0 0 0 0 0 199 299 0 0 0 0 0 99 299 199 0 0 0 0 0 199 299 199 0 0 0 0 99 299 299 199 0 0 0 0 99 299 299 299 0 0 0 0 199 299 199 299 0 0 0 99 299 399 299 299
2 -2 80 80 4 1 64 140 0 0 0 0 199 299 299 199 0 0 0 0 99 299 299 199 0 0 0 0 0 199 199 299 0 0 0 0 0 199 299 299 0 0 0 0 0 0 299 199 0 0 0 0 0 0 99 299 0 0 0 0 0 0 99 199 0 0 0 0 0 0 0 99
2 -2 80 88 4 1 64 140 0 0 0 0 0 0 0 99 0 0 0 0 0 0 0 99 0 0 0 0 0 0 0 0 0 0 0 0 0 0 0 0 0 0 0 0 0 0 0 0 0 0 0 0 0 0 0 0 0 0 0 0 0 0 0 0 0 0 0 0 0 0 0 0
2 -2 80 96 4 1 1 140 0
2 -2 80 104 4 1 1 140 0
2 -2 80 112 4 1 1 140 0
2 -2 80 120 4 1 1 140 0
2 -2 88 0 4 1 1 0 0
2 -2 88 8 4 1 1 0 0
2 -2 88 16 4 64 1 0 0 0 0 0 0 0 0 0 0 0 0 0 0 0 0 0 0 0 0 0 0 0 0 0 0 0 0 0 0 0 0 0 0 0 0 0 0 0 0 140 140 140 140 140 140 140 140 140 140 140 140 140 140 140 140 140 140 140 140 140 140 140 140 0
2 -2 88 24 4 1 1 140 0
2 -2 88 32 4 1 1 140 0
2 -2 88 40 4 1 1 140 0
2 -2 88 48 4 1 1 140 0
2 -2 88 56 4 1 64 140 0 0 0 0 0 0 0 0 0 0 0 0 0 99 0 0 0 0 0 0 99 99 0 0 0 0 0 99 99 99 0 0 0 0 99 99 99 99 0 0 0 0 99 99 99 0 0 0 0 99 99 99 99 0 0 0 0 99 99 99 99 0 0 0
2 -2 88 64 4 1 64 140 0 99 99 99 99 0 0 0 99 199 99 99 99 99 0 0 99 199 99 99 99 99 0 0 199 99 99 99 99 0 0 0 199 199 99 99 99 99 0 0 199 199 99 99 99 0 0 0 199 199 99 99 99 99 0 0 199 199 99 99 99 99 0 0
2 -2 88 72 4 1 64 140 199 99 99 99 99 99 0 0 199 199 99 99 99 0 0 0 199 199 99 99 99 99 0 0 199 199 99 99 99 0 0 0 199 199 99 99 99 99 0 0 199 199 99 99 99 0 0 0 199 99 99 99 99 99 0 0 199 99 99 99 99 0 0 0
2 -2 88 80 4 1 64 140 199 199 99 99 99 99 0 0 199 199 99 99 99 99 0 0 199 199 99 99 99 99 0 0 199 199 99 99 99 99 0 0 199 199 99 99 99 99 0 0 199 199 99 99 99 99 0 0 199 199 99 99 99 99 0 0 199 199 99 99 99 99 0 0
2 -2 88 88 4 1 64 140 199 99 99 99 99 0 0 0 99 199 99 99 99 0 0 0 99 99 99 99 99 99 0 0 0 99 99 99 99 99 0 0 0 99 99 99 99 99 0 0 0 99 99 99 99 0 0 0 0 0 99 99 99 99 0 0 0 0 0 0 0 0 0 0
2 -2 88 96 4 1 1 140 0
2 -2 88 104 4 1 1 140 0
2 -2 88 112 4 1 1 140 0
2 -2 88 120 4 1 1 140 0
2 -2 96 0 4 1 1 0 0
2 -2 96 8 4 1 1 0 0
2 -2 96 16 4 64 1 0 0 0 0 0 0 0 0 0 0 0 0 0 0 0 0 0 0 0 0 0 0 0 0 0 0 0 0 0 0 0 0 0 0 0 0 0 0 0 0 140 140 140 140 140 140 140 140 140 140 140 140 140 140 140 140 140 140 140 140 140 140 140 140 0
2 -2 96 24 4 1 1 140 0
2 -2 96 32 4 1 1 140 0
2 -2 96 40 4 1 1 140 0
2 -2 96 48 4 1 1 140 0
2 -2 96 56 4 1 1 140 0
2 -2 96 64 4 1 1 140 0
2 -2 96 72 4 1 1 140 0
2 -2 96 80 4 1 1 140 0
2 -2 96 88 4 1 1 140 0
2 -2 96 96 4 1 1 140 0
2 -2 96 104 4 1 1 140 0
2 -2 96 112 4 1 1 140 0
2 -2 96 120 4 1 1 140 0
2 -2 104 0 4 1 1 0 0
2 -2 104 8 4 1 1 0 0
2 -2 104 16 4 64 64 0 0 0 0 0 0 0 0 0 0 0 0 0 0 0 0 0 0 0 0 0 0 0 0 0 0 0 0 0 0 0 0 0 0 0 0 0 0 0 0 140 140 140 140 0 0 0 0 140 140 140 140 0 0 0 0 140 140 140 140 0 0 0 0 0 0 0 0 0 0 0 0 0 0 0 0 0 0 0 0 0 0 0 0 0 0 0 0 0 0 0 0 0 0 0 0 0 0 0 0 0 0 0 0 0 0 0 1299 0 0 0 0 0 0 0 1199 0 0 0 0 0 0 0 1299 0 0 0 0
2 -2 104 24 4 64 64 140 140 140 140 0 0 0 0 140 140 140 140 0 0 0 0 140 140 140 140 0 0 0 0 140 140 140 140 0 0 0 0 140 140 140 140 0 0 0 0 140 140 140 140 0 0 0 0 140 140 140 140 0 0 0 0 140 140 140 140 0 0 0 0 0 0 0 1299 0 0 0 0 0 0 0 1199 0 0 0 0 0 0 0 1299 0 0 0 0 0 0 0 1299 0 0 0 0 0 0 0 1199 0 0 0 0 0 0 0 1299 0 0 0 0 0 0 0 1399 0 0 0 0 0 0 0 1199 0 0 0 0
2 -2 104 32 4 64 64 140 140 140 140 0 0 0 0 140 140 140 140 0 0 0 0 140 140 140 140 0 0 0 0 140 140 140 140 0 0 0 0 140 140 140 140 0 0 0 0 140 140 140 140 0 0 0 0 140 140 140 140 0 0 0 0 140 140 140 140 0 0 0 0 0 0 0 1299 0 0 0 0 0 0 0 1299 0 0 0 0 0 0 0 1299 0 0 0 0 0 0 0 1199 0 0 0 0 0 0 0 1299 0 0 0 0 0 0 0 1399 0 0 0 0 0 0 0 1199 0 0 0 0 0 0 0 1299 0 0 0 0
2 -2 104 40 4 64 64 140 140 140 140 0 0 0 0 140 140 140 140 0 0 0 0 140 140 140 140 0 0 0 0 140 140 140 140 0 0 0 0 140 140 140 140 0 0 0 0 140 140 140 140 0 0 0 0 140 140 140 140 0 0 0 0 140 140 140 140 0 0 0 0 0 0 0 1199 0 0 0 0 0 0 0 1199 0 0 0 0 0 0 0 1299 0 0 0 0 0 0 0 1299 0 0 0 0 0 0 0 1399 0 0 0 0 0 0 0 1399 0 0 0 0 0 0 0 1399 0 0 0 0 0 0 0 1399 0 0 0 0
2 -2 104 48 4 64 64 140 140 140 140 0 0 0 0 140 140 140 140 0 0 0 0 140 140 140 140 0 0 0 0 140 140 140 140 0 0 0 0 140 140 140 140 0 0 0 0 140 140 140 140 0 0 0 0 140 140 140 140 0 0 0 0 140 140 140 140 0 0 0 0 0 0 0 1399 0 0 0 0 0 0 0 1199 0 0 0 0 0 0 0 1299 0 0 0 0 0 0 0 1299 0 0 0 0 0 0 0 1199 0 0 0 0 0 0 0 1299 0 0 0 0 0 0 0 1399 0 0 0 0 0 0 0 1299 0 0 0 0
2 -2 104 56 4 64 64 140 140 140 140 0 0 0 0 140 140 140 140 0 0 0 0 140 140 140 140 0 0 0 0 140 140 140 140 0 0 0 0 140 140 140 140 0 0 0 0 140 140 140 140 0 0 0 0 140 140 140 140 0 0 0 0 140 140 140 140 0 0 0 0 0 0 0 1399 0 0 0 0 0 0 0 1399 0 0 0 0 0 0 0 1399 0 0 0 0 0 0 0 1399 0 0 0 0 0 0 0 1399 0 0 0 0 0 0 0 1299 0 0 0 0 0 0 0 1299 0 0 0 0 0 0 0 1299 0 0 0 0
2 -2 104 64 4 64 64 140 140 140 140 0 0 0 0 140 140 140 140 0 0 0 0 140 140 140 140 0 0 0 0 140 140 140 140 0 0 0 0 140 140 140 140 0 0 0 0 140 140 140 140 0 0 0 0 140 140 140 140 0 0 0 0 140 140 140 140 0 0 0 0 0 0 0 1299 0 0 0 0 0 0 0 1299 0 0 0 0 0 0 0 1499 0 0 0 0 0 0 0 1299 0 0 0 0 0 0 0 1299 0 0 0 0 0 0 0 1399 0 0 0 0 0 0 0 1399 0 0 0 0 0 0 0 1299 0 0 0 0
2 -2 104 72 4 64 64 140 140 140 140 0 0 0 0 140 140 140 140 0 0 0 0 140 140 140 140 0 0 0 0 140 140 140 140 0 0 0 0 140 140 140 140 0 0 0 0 140 140 140 140 0 0 0 0 140 140 140 140 0 0 0 0 140 140 140 140 0 0 0 0 0 0 0 1299 0 0 0 0 0 0 0 1299 0 0 0 0 0 0 0 1299 0 0 0 0 0 0 0 1199 0 0 0 0 0 0 0 1299 0 0 0 0 0 0 0 1399 0 0 0 0 0 0 0 1299 0 0 0 0 0 0 0 1499 0 0 0 0
2 -2 104 80 4 64 64 140 140 140 140 0 0 0 0 140 140 140 140 0 0 0 0 140 140 140 140 0 0 0 0 140 140 140 140 0 0 0 0 140 140 140 140 0 0 0 0 140 140 140 140 0 0 0 0 140 140 140 140 0 0 0 0 140 140 140 140 0 0 0 0 0 0 0 1299 0 0 0 0 0 0 0 1399 0 0 0 0 0 0 0 1399 0 0 0 0 0 0 0 1399 0 0 0 0 0 0 0 1299 0 0 0 0 0 0 0 1299 0 0 0 0 0 0 0 1299 0 0 0 0 0 0 0 1199 0 0 0 0
2 -2 104 88 4 64 64 140 140 140 140 0 0 0 0 140 140 140 140 0 0 0 0 140 140 140 140 0 0 0 0 140 140 140 140 0 0 0 0 140 140 140 140 0 0 0 0 140 140 140 140 0 0 0 0 140 140 140 140 0 0 0 0 140 140 140 140 0 0 0 0 0 0 0 1199 0 0 0 0 0 0 0 1299 0 0 0 0 0 0 0 1299 0 0 0 0 0 0 0 1299 0 0 0 0 0 0 0 1299 0 0 0 0 0 0 0 1299 0 0 0 0 0 0 0 1199 0 0 0 0 0 0 0 1299 0 0 0 0
2 -2 104 96 4 64 64 140 140 140 140 0 0 0 0 140 140 140 140 0 0 0 0 140 140 140 140 0 0 0 0 140 140 140 140 0 0 0 0 140 140 140 140 0 0 0 0 140 140 140 140 0 0 0 0 140 140 140 140 0 0 0 0 140 140 140 140 0 0 0 0 0 0 0 1199 0 0 0 0 0 0 0 1199 0 0 0 0 0 0 0 1099 0 0 0 0 0 0 0 999 0 0 0 0 0 0 0 1199 0 0 0 0 0 0 0 1199 0 0 0 0 0 0 0 1099 0 0 0 0 0 0 0 999 0 0 0 0
2 -2 104 104 4 64 64 140 140 140 140 0 0 0 0 140 140 140 140 0 0 0 0 140 140 140 140 0 0 0 0 140 140 140 140 0 0 0 0 140 140 140 140 0 0 0 0 140 140 140 140 0 0 0 0 140 140 140 140 0 0 0 0 140 140 140 140 0 0 0 0 0 0 0 1099 0 0 0 0 0 0 0 1099 0 0 0 0 0 0 0 999 0 0 0 0 0 0 0 899 0 0 0 0 0 0 0 999 0 0 0 0 0 0 0 999 0 0 0 0 0 0 0 899 0 0 0 0 0 0 0 899 0 0 0 0
2 -2 104 112 4 64 64 140 140 140 140 0 0 0 0 140 140 140 140 0 0 0 0 140 140 140 140 0 0 0 0 140 140 140 140 0 0 0 0 140 140 140 140 0 0 0 0 140 140 140 140 0 0 0 0 140 140 140 140 0 0 0 0 140 140 140 140 0 0 0 0 0 0 0 999 0 0 0 0 0 0 0 999 0 0 0 0 0 0 0 1099 0 0 0 0 0 0 0 899 0 0 0 0 0 0 0 999 0 0 0 0 0 0 0 899 0 0 0 0 0 0 0 799 0 0 0 0 0 0 0 799 0 0 0 0
2 -2 104 120 4 64 64 140 140 140 140 0 0 0 0 140 140 140 140 0 0 0 0 140 140 140 140 0 0 0 0 140 140 140 140 0 0 0 0 140 140 140 140 0 0 0 0 140 140 140 140 0 0 0 0 140 140 140 140 0 0 0 0 140 140 140 140 0 0 0 0 0 0 0 999 0 0 0 0 0 0 0 899 0 0 0 0 0 0 0 899 0 0 0 0 0 0 0 999 0 0 0 0 0 0 0 999 0 0 0 0 0 0 0 1099 0 0 0 0 0 0 0 999 0 0 0 0 0 0 0 999 0 0 0 0
2 -2 112 0 4 1 1 0 0
2 -2 112 8 4 1 1 0 0
2 -2 112 16 4 1 1 0 0
2 -2 112 24 4 1 1 0 0
2 -2 112 32 4 1 1 0 0
2 -2 112 40 4 1 1 0 0
2 -2 112 48 4 1 1 0 0
2 -2 112 56 4 1 1 0 0
2 -2 112 64 4 1 1 0 0
2 -2 112 72 4 1 1 0 0
2 -2 112 80 4 1 1 0 0
2 -2 112 88 4 1 1 0 0
2 -2 112 96 4 1 1 0 0
2 -2 112 104 4 1 1 0 0
2 -2 112 112 4 1 1 0 0
2 -2 112 120 4 1 1 0 0
2 -2 120 0 4 1 1 0 0
2 -2 120 8 4 1 1 0 0
2 -2 120 16 4 1 1 0 0
2 -2 120 24 4 1 1 0 0
2 -2 120 32 4 1 1 0 0
2 -2 120 40 4 1 1 0 0
2 -2 120 48 4 1 1 0 0
2 -2 120 56 4 1 1 0 0
2 -2 120 64 4 1 1 0 0
2 -2 120 72 4 1 1 0 0
2 -2 120 80 4 1 1 0 0
2 -2 120 88 4 1 1 0 0
2 -2 120 96 4 1 1 0 0
2 -2 120 104 4 1 1 0 0
2 -2 120 112 4 1 1 0 0
2 -2 120 120 4 1 1 0 0
2 -1 0 0 4 1 1 140 0
2 -1 0 8 4 1 1 140 0
2 -1 0 16 4 1 1 140 0
2 -1 0 24 4 1 1 140 0
2 -1 0 32 4 1 1 140 0
2 -1 0 40 4 1 1 140 0
2 -1 0 48 4 1 1 140 0
2 -1 0 56 4 1 1 140 0
2 -1 0 64 4 1 1 140 0
2 -1 0 72 4 1 1 140 0
2 -1 0 80 4 1 1 140 0
2 -1 0 88 4 1 1 140 0
2 -1 0 96 4 1 1 140 0
2 -1 0 104 4 1 1 140 0
2 -1 0 112 4 1 1 140 0
2 -1 0 120 4 1 1 140 0
2 -1 8 0 4 1 1 140 0
2 -1 8 8 4 1 1 140 0
2 -1 8 16 4 1 1 140 0
2 -1 8 24 4 1 1 140 0
2 -1 8 32 4 1 1 140 0
2 -1 8 40 4 1 1 140 0
2 -1 8 48 4 1 1 140 0
2 -1 8 56 4 1 1 140 0
2 -1 8 64 4 1 1 140 0
2 -1 8 72 4 1 1 140 0
2 -1 8 80 4 1 1 140 0
2 -1 8 88 4 1 1 140 0
2 -1 8 96 4 1 1 140 0
2 -1 8 104 4 1 1 140 0
2 -1 8 112 4 1 1 140 0
2 -1 8 120 4 1 1 140 0
2 -1 16 0 4 1 1 140 0
2 -1 16 8 4 1 1 140 0
2 -1 16 16 4 1 1 140 0
2 -1 16 24 4 1 1 140 0
2 -1 16 32 4 1 1 140 0
2 -1 16 40 4 1 1 140 0
2 -1 16 48 4 1 1 140 0
2 -1 16 56 4 1 1 140 0
2 -1 16 64 4 1 1 140 0
2 -1 16 72 4 1 1 140 0
2 -1 16 80 4 1 1 140 0
2 -1 16 88 4 1 1 140 0
2 -1 16 96 4 1 1 140 0
2 -1 16 104 4 1 1 140 0
2 -1 16 112 4 1 1 140 0
2 -1 16 120 4 1 1 140 0
2 -1 24 0 4 1 1 140 0
2 -1 24 8 4 1 1 140 0
2 -1 24 16 4 1 1 140 0
2 -1 24 24 4 1 1 140 0
2 -1 24 32 4 1 1 140 0
2 -1 24 40 4 1 1 140 0
2 -1 24 48 4 1 1 140 0
2 -1 24 56 4 1 1 140 0
2 -1 24 64 4 1 1 140 0
2 -1 24 72 4 1 1 140 0
2 -1 24 80 4 1 1 140 0
2 -1 24 88 4 1 1 140 0
2 -1 24 96 4 1 1 140 0
2 -1 24 104 4 1 1 140 0
2 -1 24 112 4 1 1 140 0
2 -1 24 120 4 1 1 140 0
2 -1 32 0 4 1 1 140 0
2 -1 32 8 4 1 1 140 0
2 -1 32 16 4 1 1 140 0
2 -1 32 24 4 1 1 140 0
2 -1 32 32 4 1 1 140 0
2 -1 32 40 4 1 1 140 0
2 -1 32 48 4 1 1 140 0
2 -1 32 56 4 1 1 140 0
2 -1 32 64 4 1 1 140 0
2 -1 32 72 4 1 1 140 0
2 -1 32 80 4 1 1 140 0
2 -1 32 88 4 1 1 140 0
2 -1 32 96 4 1 1 140 0
2 -1 32 104 4 1 1 140 0
2 -1 32 112 4 1 1 140 0
2 -1 32 120 4 1 1 140 0
2 -1 40 0 4 1 1 140 0
2 -1 40 8 4 1 1 140 0
2 -1 40 16 4 1 1 140 0
2 -1 40 24 4 1 1 140 0
2 -1 40 32 4 1 1 140 0
2 -1 40 40 4 1 1 140 0
2 -1 40 48 4 1 1 140 0
2 -1 40 56 4 1 1 140 0
2 -1 40 64 4 1 1 140 0
2 -1 40 72 4 1 1 140 0
2 -1 40 80 4 1 1 140 0
2 -1 40 88 4 1 1 140 0
2 -1 40 96 4 1 1 140 0
2 -1 40 104 4 1 1 140 0
2 -1 40 112 4 1 1 140 0
2 -1 40 120 4 1 1 140 0
2 -1 48 0 4 1 64 140 199 299 299 199 299 299 199 199 99 299 299 199 99 99 199 199 199 199 199 199 199 299 199 99 199 199 199 199 199 99 199 199 199 299 199 199 99 199 299 199 199 199 199 199 199 99 199 199 99 199 99 199 199 199 199 199 199 99 199 299 99 99 99 99
2 -1 48 8 4 1 64 140 199 199 199 99 299 99 199 199 99 299 199 199 299 199 199 199 199 299 199 99 299 299 299 199 199 199 199 199 199 199 199 199 99 99 299 299 199 199 199 199 0 99 199 299 299 299 199 199 199 199 299 199 199 99 199 299 99 99 199 199 199 99 299 199
2 -1 48 16 4 1 64 140 99 199 0 299 199 299 199 199 99 0 99 199 199 299 199 199 99 99 0 99 299 199 199 199 99 99 99 0 199 199 199 99 0 0 99 99 0 199 99 299 99 0 0 99 99 0 199 199 0 99 199 99 0 99 0 299 0 199 99 0 0 99 0 199
2 -1 48 24 4 1 64 140 99 0 0 99 199 0 199 99 99 0 199 99 99 99 99 0 99 199 99 99 99 0 99 199 0 199 99 99 99 199 0 0 0 99 199 99 99 99 0 0 0 199 0 199 99 99 99 99 0 0 199 0 99 0 0 99 0 0 99 99 99 99 99 0
2 -1 48 32 4 1 64 140 0 0 0 199 0 99 0 0 0 0 0 0 99 0 99 99 0 0 0 0 0 99 99 99 0 0 0 0 0 99 199 99 0 0 0 0 0 0 99 99 0 0 0 0 0 0 99 199 0 0 0 0 0 0 0 99 0 0 0 0 0 0 0 0
2 -1 48 40 4 1 1 140 0
2 -1 48 48 4 1 1 140 0
2 -1 48 56 4 1 1 140 0
2 -1 48 64 4 1 1 140 0
2 -1 48 72 4 1 1 140 0
2 -1 48 80 4 1 1 140 0
2 -1 48 88 4 1 1 140 0
2 -1 48 96 4 1 1 140 0
2 -1 48 104 4 1 1 140 0
2 -1 48 112 4 1 64 140 0 0 0 0 0 0 0 0 0 0 0 0 0 0 0 0 0 0 0 0 0 0 0 0 0 0 0 0 0 0 0 0 0 0 0 0 0 0 0 0 0 0 0 99 99 99 0 0 0 0 99 199 199 0 99 0 0 199 99 0 99 199 0 0
2 -1 48 120 4 1 64 140 99 99 99 99 99 0 0 99 0 99 99 0 199 0 299 199 99 99 99 99 199 99 199 199 99 0 99 0 199 199 299 199 199 0 99 199 199 199 199 299 99 99 99 199 199 99 199 199 99 99 199 199 299 199 199 299 299 199 199 299 99 199 299 299
2 -1 56 0 4 1 64 140 199 199 299 99 99 199 199 199 99 199 199 199 0 199 99 99 299 199 299 299 199 99 99 199 199 299 299 199 199 99 199 299 299 299 99 199 299 99 199 99 199 199 199 199 299 199 199 299 99 199 299 99 199 199 199 199 199 199 299 299 199 299 199 99
2 -1 56 8 4 1 64 140 99 299 199 199 299 299 299 299 99 299 99 199 299 199 99 299 199 199 199 299 299 99 199 199 299 199 99 199 199 199 199 299 199 199 199 99 199 199 199 199 199 199 299 99 199 199 199 299 199 199 199 199 199 199 199 199 199 199 199 199 199 99 199 199
2 -1 56 16 4 1 64 140 199 199 99 299 99 199 299 299 99 199 199 299 199 199 299 199 199 299 199 199 199 299 299 199 299 199 99 199 199 299 299 99 99 299 199 199 99 299 199 299 199 99 199 299 199 199 199 199 299 199 199 199 199 299 199 199 99 99 299 199 99 199 299 299
2 -1 56 24 4 1 64 140 99 199 299 299 199 199 199 199 199 199 199 199 299 99 199 199 199 199 199 199 99 199 299 199 0 99 299 299 199 99 199 299 99 99 99 199 299 199 299 199 0 0 99 299 199 99 199 199 99 99 99 99 199 99 99 199 99 99 0 99 199 199 299 199
2 -1 56 32 4 1 64 140 0 99 99 99 199 99 199 199 99 99 0 99 0 199 0 299 0 0 0 99 99 199 199 99 199 99 199 99 99 99 99 0 99 99 99 99 99 99 199 199 199 0 99 99 199 99 99 0 99 0 99 99 99 99 0 199 0 99 99 99 99 99 99 99
2 -1 56 40 4 1 64 140 0 99 99 0 99 99 0 99 0 199 199 99 99 0 99 0 0 0 99 99 99 199 99 199 0 0 99 99 0 199 99 199 0 0 0 99 99 99 99 199 0 0 0 0 199 99 99 99 0 0 0 0 0 0 99 99 0 0 0 0 0 0 99 99
2 -1 56 48 4 1 64 140 0 0 0 0 0 0 99 199 0 0 0 0 0 0 199 199 0 0 0 0 0 0 0 99 0 0 0 0 0 0 0 0 0 0 0 0 0 0 0 0 0 0 0 0 0 0 0 0 0 0 0 0 0 0 0 0 0 0 0 0 0 0 0 0
2 -1 56 56 4 1 1 140 0
2 -1 56 64 4 1 1 140 0
2 -1 56 72 4 1 1 140 0
2 -1 56 80 4 1 1 140 0
2 -1 56 88 4 1 1 140 0
2 -1 56 96 4 1 1 140 0
2 -1 56 104 4 1 1 140 0
2 -1 56 112 4 1 1 140 0
2 -1 56 120 4 1 64 140 0 0 0 0 0 0 0 0 99 0 0 0 0 0 0 0 199 0 0 0 0 0 0 0 199 0 0 0 0 0 0 0 299 99 0 0 0 0 0 0 299 299 0 0 0 0 0 0 299 399 99 0 0 0 0 0 199 299 199 0 0 0 0 0
2 -1 64 0 4 1 64 140 199 299 99 99 99 199 199 0 199 199 99 99 99 0 0 99 199 199 299 199 0 199 99 0 199 99 199 199 199 0 99 0 199 199 99 199 199 99 0 99 0 199 199 199 199 299 99 99 99 299 299 299 299 199 99 99 99 99 99 199 199 299 99 0
2 -1 64 8 4 1 64 140 99 99 199 299 199 199 199 199 199 199 99 99 99 199 199 199 99 299 199 99 299 199 199 199 299 199 199 199 199 99 299 199 199 299 99 299 0 99 199 199 199 199 199 199 299 199 99 199 299 199 299 199 199 199 299 299 199 299 199 199 199 199 199 299
2 -1 64 16 4 1 64 140 199 199 199 199 199 199 99 199 199 199 199 99 199 99 199 199 299 199 299 199 299 199 199 99 99 199 299 299 299 199 199 199 99 99 299 199 299 299 199 199 199 199 99 199 299 99 199 299 199 199 199 199 199 199 99 199 99 199 199 199 199 299 199 199
2 -1 64 24 4 1 64 140 199 199 199 199 199 99 199 199 299 199 199 199 99 199 199 199 199 199 199 299 199 99 99 299 199 199 199 199 299 199 99 199 99 199 199 199 199 99 199 199 199 199 99 199 199 99 99 199 199 199 199 299 199 199 99 299 99 199 99 199 199 199 199 199
2 -1 64 32 4 1 64 140 199 299 299 199 199 99 199 99 199 299 299 199 199 199 199 299 99 99 199 199 199 299 199 299 99 199 299 299 199 199 199 299 199 199 199 199 299 99 299 199 199 199 199 199 199 199 199 99 199 299 199 199 199 199 299 199 99 0 99 0 299 199 199 199
2 -1 64 40 4 1 64 140 0 99 299 99 199 99 99 299 99 0 99 0 299 199 199 99 99 99 99 199 0 199 199 0 0 99 99 0 99 99 99 199 0 99 99 0 99 0 299 99 99 0 0 99 99 0 99 0 0 99 199 99 99 0 0 0 99 99 0 99 0 99 99 99
2 -1 64 48 4 1 64 140 99 0 99 0 99 0 0 99 99 0 199 99 0 99 99 99 199 99 0 99 99 0 199 99 0 0 199 99 199 99 199 99 99 0 0 199 99 0 0 199 199 0 0 0 99 0 0 99 0 0 199 99 0 99 99 99 0 0 0 99 99 99 199 199
2 -1 64 56 4 1 64 140 0 0 0 0 99 0 0 199 0 0 0 0 99 99 99 0 0 0 0 0 0 99 199 99 0 0 0 0 0 199 99 99 0 0 0 0 0 99 99 99 0 0 0 0 0 99 0 0 0 0 0 0 0 0 99 199 0 0 0 0 0 0 0 199
2 -1 64 64 4 1 64 140 0 0 0 0 0 0 0 99 0 0 0 0 0 0 0 0 0 0 0 0 0 0 0 0 0 0 0 0 0 0 0 0 0 0 0 0 0 0 0 0 0 0 0 0 0 0 0 0 0 0 0 0 0 0 0 0 0 0 0 0 0 0 0 0
2 -1 64 72 4 1 1 140 0
2 -1 64 80 4 1 1 140 0
2 -1 64 88 4 1 1 140 0
2 -1 64 96 4 1 1 140 0
2 -1 64 104 4 1 1 140 0
2 -1 64 112 4 1 1 140 0
2 -1 64 120 4 1 1 140 0
2 -1 72 0 4 1 64 140 199 199 199 99 99 0 0 0 99 99 0 99 0 99 0 0 99 0 99 99 99 0 99 0 99 0 99 0 0 99 199 99 99 99 99 99 99 99 0 99 99 99 99 0 99 99 99 99 199 99 0 99 99 99 0 99 99 99 99 199 99 0 99 199
2 -1 72 8 4 1 64 140 99 199 99 99 99 199 0 99 99 0 99 199 199 0 0 99 199 99 0 99 99 0 99 99 99 99 199 99 99 99 99 199 199 99 0 99 99 0 199 99 199 199 199 199 0 99 99 199 199 99 199 0 0 199 199 99 199 199 199 199 199 199 199 0
2 -1 72 16 4 1 64 140 199 299 199 199 0 199 0 0 199 199 199 199 0 99 99 0 199 99 199 199 199 0 0 99 0 99 99 199 199 99 0 99 0 199 199 199 199 199 99 99 199 0 199 299 199 199 99 0 199 199 99 199 299 99 199 199 199 199 99 299 199 99 199 99
2 -1 72 24 4 1 64 140 199 299 99 0 199 99 199 199 199 299 0 99 199 299 199 99 199 199 199 99 99 99 199 199 299 199 99 0 99 199 199 199 299 199 199 199 99 99 199 199 199 99 199 199 99 0 199 199 199 199 199 99 99 0 99 199 199 299 199 299 99 199 0 199
2 -1 72 32 4 1 64 140 199 199 99 299 199 99 99 99 299 299 99 199 99 99 0 199 199 199 199 199 299 99 0 99 199 199 199 199 199 99 99 99 99 199 199 99 199 99 99 99 199 299 99 199 199 199 99 99 199 99 99 199 199 299 199 99 99 199 199 299 199 199 99 99
2 -1 72 40 4 1 64 140 199 199 0 199 199 199 0 99 199 299 199 199 199 199 199 99 199 299 99 0 99 299 99 199 199 199 99 99 199 199 199 99 99 199 99 199 99 299 0 199 99 199 99 99 199 299 99 0 99 0 199 99 0 199 199 99 99 0 199 99 99 199 199 99
2 -1 72 48 4 1 64 140 99 99 299 199 99 99 199 99 99 99 99 99 99 0 99 0 0 99 99 99 0 99 99 99 99 99 99 0 0 99 199 99 99 99 0 199 199 0 99 0 99 199 99 99 0 0 99 99 0 99 199 99 99 99 99 99 0 99 0 0 0 99 0 99
2 -1 72 56 4 1 64 140 99 99 199 0 99 199 0 99 99 0 0 99 0 99 99 99 99 99 99 199 99 0 99 99 199 0 99 99 0 99 99 99 99 199 99 0 99 199 0 99 0 199 99 0 0 99 99 99 0 199 99 99 99 99 99 0 99 99 99 0 99 99 0 99
2 -1 72 64 4 1 64 140 0 0 99 0 99 199 99 99 0 0 99 99 99 99 0 0 0 0 99 99 0 99 0 99 0 0 199 0 0 99 99 199 0 0 199 99 0 99 99 99 0 0 0 0 0 0 99 99 0 0 0 0 0 0 99 99 0 0 0 0 0 0 199 99
2 -1 72 72 4 1 64 140 0 0 0 0 0 0 99 0 0 0 0 0 0 0 0 99 0 0 0 0 0 0 0 0 0 0 0 0 0 0 0 0 0 0 0 0 0 0 199 0 0 0 0 0 0 0 0 0 0 0 0 0 0 0 0 0 0 0 0 0 0 0 0 0
2 -1 72 80 4 1 1 140 0
2 -1 72 88 4 1 1 140 0
2 -1 72 96 4 1 1 140 0
2 -1 72 104 4 1 1 140 0
2 -1 72 112 4 1 1 140 0
2 -1 72 120 4 1 1 140 0
2 -1 80 0 4 1 64 140 0 0 0 0 0 0 0 0 0 0 0 0 0 0 0 0 0 0 0 0 0 0 0 0 0 0 0 0 0 0 0 0 99 0 0 0 0 0 0 0 99 0 0 0 0 0 0 0 0 99 0 0 0 0 0 0 0 99 0 0 0 0 0 0
2 -1 80 8 4 1 64 140 0 99 0 0 0 0 0 0 99 99 99 0 0 0 0 0 99 99 99 0 0 0 0 0 0 99 99 99 0 0 0 0 99 99 99 99 99 0 0 0 0 99 99 99 99 0 0 0 0 99 99 0 0 0 0 0 99 99 99 99 99 0 0 0
2 -1 80 16 4 1 64 140 99 0 0 99 99 0 0 0 99 99 99 0 99 0 0 0 99 0 99 99 0 0 0 0 0 99 99 99 99 0 0 0 99 0 99 99 99 0 0 0 99 99 99 99 0 0 0 0 99 99 99 99 99 0 0 99 99 99 0 99 99 99 0 0
2 -1 80 24 4 1 64 140 99 99 99 0 99 0 0 99 99 0 99 99 99 99 0 0 0 99 99 0 0 0 0 99 99 99 0 99 99 0 0 0 99 0 99 99 0 99 0 0 99 99 99 99 99 0 99 0 99 99 99 0 99 0 0 0 99 99 99 99 99 0 0 0
2 -1 80 32 4 1 64 140 99 99 0 99 99 0 0 0 99 99 99 99 99 0 0 0 99 199 99 99 99 99 0 0 99 99 0 0 99 0 99 0 99 99 99 0 99 99 0 0 99 99 99 0 99 0 0 0 99 0 99 99 0 0 99 0 99 99 99 99 99 0 0 0
2 -1 80 40 4 1 64 140 99 99 99 99 99 0 0 0 99 99 99 99 0 0 0 0 99 99 99 99 0 0 0 0 99 99 0 99 99 99 0 0 99 0 0 99 99 0 0 0 99 99 99 99 0 0 99 0 99 99 0 0 0 0 0 0 99 0 99 99 99 0 0 0
2 -1 80 48 4 1 64 140 99 0 99 0 0 0 0 0 99 99 0 99 99 0 0 0 99 99 99 99 0 0 99 0 99 0 99 0 0 0 0 0 0 0 99 99 99 0 0 0 0 99 99 0 99 0 0 0 99 99 99 99 0 0 0 0 99 99 99 99 99 0 0 0
2 -1 80 56 4 1 64 140 99 99 99 99 99 0 0 99 0 99 0 99 99 99 99 0 0 99 99 0 99 0 0 0 99 99 99 99 99 0 0 0 0 99 99 0 99 0 0 0 99 99 99 99 99 0 0 0 99 99 99 0 99 0 0 99 0 99 99 0 99 0 0 0
2 -1 80 64 4 1 64 140 99 99 0 0 0 0 0 0 0 99 0 0 99 0 0 99 99 0 0 0 0 0 0 99 99 99 0 0 0 0 0 99 99 99 0 0 0 0 0 0 99 0 0 0 0 0 0 0 99 0 0 0 0 99 0 0 0 0 0 0 0 0 0 0
2 -1 80 72 4 1 64 140 0 0 0 0 0 0 0 0 0 0 0 0 0 99 99 0 0 0 0 0 0 0 0 0 0 0 0 0 0 0 0 0 0 0 0 0 0 0 0 0 0 0 0 0 0 0 0 0 0 0 0 0 0 0 0 0 0 0 0 0 0 0 0 0
2 -1 80 80 4 1 1 140 0
2 -1 80 88 4 1 1 140 0
2 -1 80 96 4 1 1 140 0
2 -1 80 104 4 1 1 140 0
2 -1 80 112 4 1 1 140 0
2 -1 80 120 4 1 1 140 0
2 -1 88 0 4 1 1 140 0
2 -1 88 8 4 1 1 140 0
2 -1 88 16 4 1 1 140 0
2 -1 88 24 4 1 64 140 0 0 0 0 0 0 0 0 0 0 0 0 0 0 0 0 0 0 0 0 0 0 0 0 0 0 0 0 0 0 0 0 0 0 0 0 0 0 0 0 0 0 0 0 0 0 0 0 0 0 0 0 0 0 0 0 99 0 0 0 0 0 0 0
2 -1 88 32 4 1 64 140 99 0 0 0 0 0 0 0 0 0 0 0 0 0 0 0 0 0 0 0 0 0 0 0 0 0 0 0 0 0 0 0 99 0 0 0 0 0 0 0 99 0 0 0 0 0 0 0 0 0 0 0 0 0 0 0 0 0 0 0 0 0 0 0
2 -1 88 40 4 1 64 140 0 0 0 0 0 0 0 0 99 0 0 0 0 0 0 0 99 0 0 0 0 0 0 0 0 0 0 0 0 0 0 0 0 0 0 0 0 0 0 0 0 0 0 0 0 0 0 0 0 0 0 0 0 0 0 0 0 0 0 0 0 0 0 0
2 -1 88 48 4 1 64 140 0 0 0 0 0 0 0 0 0 0 0 0 0 0 0 0 99 0 0 0 0 0 0 0 0 0 0 0 0 0 0 0 99 0 0 0 0 0 0 0 99 0 0 0 0 0 0 0 99 0 0 0 0 0 0 0 0 0 0 0 0 0 0 0
2 -1 88 56 4 1 64 140 0 0 0 0 0 0 0 0 0 0 0 0 0 0 0 0 0 0 0 0 0 0 0 0 0 0 0 0 0 0 0 0 0 0 0 0 0 0 0 0 0 0 0 0 0 0 0 0 99 0 0 0 0 0 0 0 99 0 0 0 0 0 0 0
2 -1 88 64 4 1 1 140 0
2 -1 88 72 4 1 64 140 99 0 0 0 0 0 0 0 0 0 0 0 0 0 0 0 99 0 0 0 0 0 0 0 99 0 0 0 0 0 0 0 0 0 0 0 0 0 0 0 0 0 0 0 0 0 0 0 0 0 0 0 0 0 0 0 0 0 0 0 0 0 0 0
2 -1 88 80 4 1 1 140 0
2 -1 88 88 4 1 1 140 0
2 -1 88 96 4 1 1 140 0
2 -1 88 104 4 1 1 140 0
2 -1 88 112 4 1 1 140 0
2 -1 88 120 4 1 1 140 0
2 -1 96 0 4 1 1 140 0
2 -1 96 8 4 1 1 140 0
2 -1 96 16 4 1 1 140 0
2 -1 96 24 4 1 1 140 0
2 -1 96 32 4 1 1 140 0
2 -1 96 40 4 1 1 140 0
2 -1 96 48 4 1 1 140 0
2 -1 96 56 4 1 1 140 0
2 -1 96 64 4 1 1 140 0
2 -1 96 72 4 1 1 140 0
2 -1 96 80 4 1 1 140 0
2 -1 96 88 4 1 1 140 0
2 -1 96 96 4 1 1 140 0
2 -1 96 104 4 1 1 140 0
2 -1 96 112 4 1 1 140 0
2 -1 96 120 4 1 1 140 0
2 -1 104 0 4 64 64 140 140 140 140 0 0 0 0 140 140 140 140 0 0 0 0 140 140 140 140 0 0 0 0 140 140 140 140 0 0 0 0 140 140 140 140 0 0 0 0 140 140 140 140 0 0 0 0 140 140 140 140 0 0 0 0 140 140 140 140 0 0 0 0 0 0 0 899 0 0 0 0 0 0 0 899 0 0 0 0 0 0 0 799 0 0 0 0 0 0 0 799 0 0 0 0 0 0 0 899 0 0 0 0 0 0 0 899 0 0 0 0 0 0 0 999 0 0 0 0 0 0 0 999 0 0 0 0
2 -1 104 8 4 64 64 140 140 140 140 0 0 0 0 140 140 140 140 0 0 0 0 140 140 140 140 0 0 0 0 140 140 140 140 0 0 0 0 140 140 140 140 0 0 0 0 140 140 140 140 0 0 0 0 140 140 140 140 0 0 0 0 140 140 140 140 0 0 0 0 0 0 0 1099 0 0 0 0 0 0 0 999 0 0 0 0 0 0 0 799 0 0 0 0 0 0 0 899 0 0 0 0 0 0 0 799 0 0 0 0 0 0 0 899 0 0 0 0 0 0 0 899 0 0 0 0 0 0 0 799 0 0 0 0
2 -1 104 16 4 64 64 140 140 140 140 0 0 0 0 140 140 140 140 0 0 0 0 140 140 140 140 0 0 0 0 140 140 140 140 0 0 0 0 140 140 140 140 0 0 0 0 140 140 140 140 0 0 0 0 140 140 140 140 0 0 0 0 140 140 140 140 0 0 0 0 0 0 0 899 0 0 0 0 0 0 0 799 0 0 0 0 0 0 0 999 0 0 0 0 0 0 0 999 0 0 0 0 0 0 0 999 0 0 0 0 0 0 0 999 0 0 0 0 0 0 0 999 0 0 0 0 0 0 0 799 0 0 0 0
2 -1 104 24 4 64 64 140 140 140 140 0 0 0 0 140 140 140 140 0 0 0 0 140 140 140 140 0 0 0 0 140 140 140 140 0 0 0 0 140 140 140 140 0 0 0 0 140 140 140 140 0 0 0 0 140 140 140 140 0 0 0 0 140 140 140 140 0 0 0 0 0 0 0 799 0 0 0 0 0 0 0 899 0 0 0 0 0 0 0 799 0 0 0 0 0 0 0 799 0 0 0 0 0 0 0 999 0 0 0 0 0 0 0 899 0 0 0 0 0 0 0 999 0 0 0 0 0 0 0 1099 0 0 0 0
2 -1 104 32 4 64 64 140 140 140 140 0 0 0 0 140 140 140 140 0 0 0 0 140 140 140 140 0 0 0 0 140 140 140 140 0 0 0 0 140 140 140 140 0 0 0 0 140 140 140 140 0 0 0 0 140 140 140 140 0 0 0 0 140 140 140 140 0 0 0 0 0 0 0 899 0 0 0 0 0 0 0 899 0 0 0 0 0 0 0 899 0 0 0 0 0 0 0 999 0 0 0 0 0 0 0 899 0 0 0 0 0 0 0 999 0 0 0 0 0 0 0 799 0 0 0 0 0 0 0 899 0 0 0 0
2 -1 104 40 4 64 64 140 140 140 140 0 0 0 0 140 140 140 140 0 0 0 0 140 140 140 140 0 0 0 0 140 140 140 140 0 0 0 0 140 140 140 140 0 0 0 0 140 140 140 140 0 0 0 0 140 140 140 140 0 0 0 0 140 140 140 140 0 0 0 0 0 0 0 899 0 0 0 0 0 0 0 1099 0 0 0 0 0 0 0 1099 0 0 0 0 0 0 0 999 0 0 0 0 0 0 0 899 0 0 0 0 0 0 0 999 0 0 0 0 0 0 0 899 0 0 0 0 0 0 0 899 0 0 0 0
2 -1 104 48 4 64 64 140 140 140 140 0 0 0 0 140 140 140 140 0 0 0 0 140 140 140 140 0 0 0 0 140 140 140 140 0 0 0 0 140 140 140 140 0 0 0 0 140 140 140 140 0 0 0 0 140 140 140 140 0 0 0 0 140 140 140 140 0 0 0 0 0 0 0 899 0 0 0 0 0 0 0 799 0 0 0 0 0 0 0 999 0 0 0 0 0 0 0 799 0 0 0 0 0 0 0 899 0 0 0 0 0 0 0 999 0 0 0 0 0 0 0 999 0 0 0 0 0 0 0 999 0 0 0 0
2 -1 104 56 4 64 64 140 140 140 140 0 0 0 0 140 140 140 140 0 0 0 0 140 140 140 140 0 0 0 0 140 140 140 140 0 0 0 0 140 140 140 140 0 0 0 0 140 140 140 140 0 0 0 0 140 140 140 140 0 0 0 0 140 140 140 140 0 0 0 0 0 0 0 899 0 0 0 0 0 0 0 999 0 0 0 0 0 0 0 799 0 0 0 0 0 0 0 899 0 0 0 0 0 0 0 799 0 0 0 0 0 0 0 899 0 0 0 0 0 0 0 899 0 0 0 0 0 0 0 899 0 0 0 0
2 -1 104 64 4 64 64 140 140 140 140 0 0 0 0 140 140 140 140 0 0 0 0 140 140 140 140 0 0 0 0 140 140 140 140 0 0 0 0 140 140 140 140 0 0 0 0 140 140 140 140 0 0 0 0 140 140 140 140 0 0 0 0 140 140 140 140 0 0 0 0 0 0 0 999 0 0 0 0 0 0 0 899 0 0 0 0 0 0 0 1099 0 0 0 0 0 0 0 899 0 0 0 0 0 0 0 799 0 0 0 0 0 0 0 899 0 0 0 0 0 0 0 799 0 0 0 0 0 0 0 799 0 0 0 0
2 -1 104 72 4 64 64 140 140 140 140 0 0 0 0 140 140 140 140 0 0 0 0 140 140 140 140 0 0 0 0 140 140 140 140 0 0 0 0 140 140 140 140 0 0 0 0 140 140 140 140 0 0 0 0 140 140 140 140 0 0 0 0 140 140 140 140 0 0 0 0 0 0 0 899 0 0 0 0 0 0 0 799 0 0 0 0 0 0 0 999 0 0 0 0 0 0 0 999 0 0 0 0 0 0 0 999 0 0 0 0 0 0 0 999 0 0 0 0 0 0 0 999 0 0 0 0 0 0 0 999 0 0 0 0
2 -1 104 80 4 64 64 140 140 140 140 0 0 0 0 140 140 140 140 0 0 0 0 140 140 140 140 0 0 0 0 140 140 140 140 0 0 0 0 140 140 140 140 0 0 0 0 140 140 140 140 0 0 0 0 140 140 140 140 0 0 0 0 140 140 140 140 0 0 0 0 0 0 0 899 0 0 0 0 0 0 0 799 0 0 0 0 0 0 0 899 0 0 0 0 0 0 0 899 0 0 0 0 0 0 0 899 0 0 0 0 0 0 0 999 0 0 0 0 0 0 0 999 0 0 0 0 0 0 0 999 0 0 0 0
2 -1 104 88 4 64 64 140 140 140 140 0 0 0 0 140 140 140 140 0 0 0 0 140 140 140 140 0 0 0 0 140 140 140 140 0 0 0 0 140 140 140 140 0 0 0 0 140 140 140 140 0 0 0 0 140 140 140 140 0 0 0 0 140 140 140 140 0 0 0 0 0 0 0 899 0 0 0 0 0 0 0 999 0 0 0 0 0 0 0 799 0 0 0 0 0 0 0 899 0 0 0 0 0 0 0 899 0 0 0 0 0 0 0 799 0 0 0 0 0 0 0 799 0 0 0 0 0 0 0 999 0 0 0 0
2 -1 104 96 4 64 64 140 140 140 140 0 0 0 0 140 140 140 140 0 0 0 0 140 140 140 140 0 0 0 0 140 140 140 140 0 0 0 0 140 140 140 140 0 0 0 0 140 140 140 140 0 0 0 0 140 140 140 140 0 0 0 0 140 140 140 140 0 0 0 0 0 0 0 899 0 0 0 0 0 0 0 899 0 0 0 0 0 0 0 999 0 0 0 0 0 0 0 999 0 0 0 0 0 0 0 899 0 0 0 0 0 0 0 999 0 0 0 0 0 0 0 799 0 0 0 0 0 0 0 899 0 0 0 0
2 -1 104 104 4 64 64 140 140 140 140 0 0 0 0 140 140 140 140 0 0 0 0 140 140 140 140 0 0 0 0 140 140 140 140 0 0 0 0 140 140 140 140 0 0 0 0 140 140 140 140 0 0 0 0 140 140 140 140 0 0 0 0 140 140 140 140 0 0 0 0 0 0 0 799 0 0 0 0 0 0 0 899 0 0 0 0 0 0 0 799 0 0 0 0 0 0 0 799 0 0 0 0 0 0 0 899 0 0 0 0 0 0 0 899 0 0 0 0 0 0 0 999 0 0 0 0 0 0 0 899 0 0 0 0
2 -1 104 112 4 64 64 140 140 140 140 0 0 0 0 140 140 140 140 0 0 0 0 140 140 140 140 0 0 0 0 140 140 140 140 0 0 0 0 140 140 140 140 0 0 0 0 140 140 140 140 0 0 0 0 140 140 140 140 0 0 0 0 140 140 140 140 0 0 0 0 0 0 0 999 0 0 0 0 0 0 0 799 0 0 0 0 0 0 0 899 0 0 0 0 0 0 0 899 0 0 0 0 0 0 0 899 0 0 0 0 0 0 0 899 0 0 0 0 0 0 0 799 0 0 0 0 0 0 0 999 0 0 0 0
2 -1 104 120 4 64 64 140 140 140 140 0 0 0 0 140 140 140 140 0 0 0 0 140 140 140 140 0 0 0 0 140 140 140 140 0 0 0 0 140 140 140 140 0 0 0 0 140 140 140 140 0 0 0 0 140 140 140 140 0 0 0 0 140 140 140 140 0 0 0 0 0 0 0 999 0 0 0 0 0 0 0 999 0 0 0 0 0 0 0 999 0 0 0 0 0 0 0 999 0 0 0 0 0 0 0 899 0 0 0 0 0 0 0 999 0 0 0 0 0 0 0 899 0 0 0 0 0 0 0 699 0 0 0 0
2 -1 112 0 4 1 1 0 0
2 -1 112 8 4 1 1 0 0
2 -1 112 16 4 1 1 0 0
2 -1 112 24 4 1 1 0 0
2 -1 112 32 4 1 1 0 0
2 -1 112 40 4 1 1 0 0
2 -1 112 48 4 1 1 0 0
2 -1 112 56 4 1 1 0 0
2 -1 112 64 4 1 1 0 0
2 -1 112 72 4 1 1 0 0
2 -1 112 80 4 1 1 0 0
2 -1 112 88 4 1 1 0 0
2 -1 112 96 4 1 1 0 0
2 -1 112 104 4 1 1 0 0
2 -1 112 112 4 1 1 0 0
2 -1 112 120 4 1 1 0 0
2 -1 120 0 4 1 1 0 0
2 -1 120 8 4 1 1 0 0
2 -1 120 16 4 1 1 0 0
2 -1 120 24 4 1 1 0 0
2 -1 120 32 4 1 1 0 0
2 -1 120 40 4 1 1 0 0
2 -1 120 48 4 1 1 0 0
2 -1 120 56 4 1 1 0 0
2 -1 120 64 4 1 1 0 0
2 -1 120 72 4 1 1 0 0
2 -1 120 80 4 1 1 0 0
2 -1 120 88 4 1 1 0 0
2 -1 120 96 4 1 1 0 0
2 -1 120 104 4 1 1 0 0
2 -1 120 112 4 1 1 0 0
2 -1 120 120 4 1 1 0 0
2 0 0 0 4 1 1 140 0
2 0 0 8 4 1 1 140 0
2 0 0 16 4 1 1 140 0
2 0 0 24 4 1 1 140 0
2 0 0 32 4 1 1 140 0
2 0 0 40 4 1 1 140 0
2 0 0 48 4 1 1 140 0
2 0 0 56 4 1 1 140 0
2 0 0 64 4 1 1 140 0
2 0 0 72 4 1 1 140 0
2 0 0 80 4 1 64 140 0 0 0 0 0 0 0 0 0 0 0 0 0 0 0 0 0 0 0 0 0 0 0 0 0 0 0 0 0 0 0 0 0 0 0 0 0 0 0 0 199 99 0 0 0 0 0 0 299 99 0 0 0 0 0 0 99 99 0 0 0 0 0 0
2 0 0 88 4 1 64 140 0 0 0 0 0 0 0 0 0 0 99 0 0 0 0 0 99 99 99 0 0 0 0 0 0 199 199 199 99 0 0 0 0 0 299 0 0 0 0 0 0 0 0 99 0 0 0 0 0 0 0 0 0 0 0 0 0 0 0 0 99 0 0 0
2 0 0 96 4 1 64 140 0 0 0 0 99 0 0 0 0 0 0 0 0 0 0 0 0 0 0 0 0 0 0 0 0 0 0 0 0 0 0 0 0 0 0 0 0 0 0 0 0 0 0 0 0 0 0 0 0 0 0 0 0 0 99 0 0 0 0 0 0 0 99 0
2 0 0 104 4 1 64 140 0 0 0 0 0 0 0 0 0 0 0 0 0 0 99 0 0 0 0 0 0 0 0 0 0 0 0 0 0 0 99 0 0 0 0 0 0 0 99 0 0 0 0 0 0 0 99 0 99 0 0 0 0 0 0 0 0 0 0 0 0 0 99 0
2 0 0 112 4 1 64 140 99 0 0 0 0 0 99 99 99 0 0 0 0 0 99 0 99 0 0 0 0 0 0 99 99 0 0 0 0 0 199 0 0 0 0 0 0 0 299 99 99 0 0 0 0 0 99 99 199 0 0 0 0 0 99 99 0 0 0 0 0 0 199 99
2 0 0 120 4 1 64 140 0 0 0 0 0 0 99 0 99 0 0 0 0 0 199 99 99 0 0 0 0 0 99 99 199 0 0 0 0 0 199 99 99 0 0 0 0 0 99 99 0 0 0 0 0 0 99 99 99 0 0 0 0 0 199 0 99 0 0 0 0 0 0 99
2 0 8 0 4 1 1 140 0
2 0 8 8 4 1 1 140 0
2 0 8 16 4 1 1 140 0
2 0 8 24 4 1 1 140 0
2 0 8 32 4 1 1 140 0
2 0 8 40 4 1 1 140 0
2 0 8 48 4 1 1 140 0
2 0 8 56 4 1 1 140 0
2 0 8 64 4 1 1 140 0
2 0 8 72 4 1 1 140 0
2 0 8 80 4 1 1 140 0
2 0 8 88 4 1 1 140 0
2 0 8 96 4 1 1 140 0
2 0 8 104 4 1 1 140 0
2 0 8 112 4 1 1 140 0
2 0 8 120 4 1 1 140 0
2 0 16 0 4 1 1 140 0
2 0 16 8 4 1 1 140 0
2 0 16 16 4 1 1 140 0
2 0 16 24 4 1 1 140 0
2 0 16 32 4 1 1 140 0
2 0 16 40 4 1 1 140 0
2 0 16 48 4 1 1 140 0
2 0 16 56 4 1 1 140 0
2 0 16 64 4 1 1 140 0
2 0 16 72 4 1 1 140 0
2 0 16 80 4 1 1 140 0
2 0 16 88 4 1 1 140 0
2 0 16 96 4 1 1 140 0
2 0 16 104 4 1 1 140 0
2 0 16 112 4 1 1 140 0
2 0 16 120 4 1 1 140 0
2 0 24 0 4 1 1 140 0
2 0 24 8 4 1 1 140 0
2 0 24 16 4 1 1 140 0
2 0 24 24 4 1 1 140 0
2 0 24 32 4 1 1 140 0
2 0 24 40 4 1 1 140 0
2 0 24 48 4 1 1 140 0
2 0 24 56 4 1 1 140 0
2 0 24 64 4 1 1 140 0
2 0 24 72 4 1 1 140 0
2 0 24 80 4 1 1 140 0
2 0 24 88 4 1 1 140 0
2 0 24 96 4 1 1 140 0
2 0 24 104 4 1 1 140 0
2 0 24 112 4 1 1 140 0
2 0 24 120 4 1 1 140 0
2 0 32 0 4 1 1 140 0
2 0 32 8 4 1 1 140 0
2 0 32 16 4 1 1 140 0
2 0 32 24 4 1 1 140 0
2 0 32 32 4 1 1 140 0
2 0 32 40 4 1 1 140 0
2 0 32 48 4 1 1 140 0
2 0 32 56 4 1 1 140 0
2 0 32 64 4 1 1 140 0
2 0 32 72 4 1 1 140 0
2 0 32 80 4 1 1 140 0
2 0 32 88 4 1 1 140 0
2 0 32 96 4 1 1 140 0
2 0 32 104 4 1 1 140 0
2 0 32 112 4 1 1 140 0
2 0 32 120 4 1 1 140 0
2 0 40 0 4 1 1 140 0
2 0 40 8 4 1 1 140 0
2 0 40 16 4 1 1 140 0
2 0 40 24 4 1 1 140 0
2 0 40 32 4 1 1 140 0
2 0 40 40 4 1 1 140 0
2 0 40 48 4 1 1 140 0
2 0 40 56 4 1 1 140 0
2 0 40 64 4 1 1 140 0
2 0 40 72 4 1 1 140 0
2 0 40 80 4 1 1 140 0
2 0 40 88 4 1 1 140 0
2 0 40 96 4 1 1 140 0
2 0 40 104 4 1 1 140 0
2 0 40 112 4 1 1 140 0
2 0 40 120 4 1 1 140 0
2 0 48 0 4 1 64 140 199 199 199 199 299 299 299 299 199 199 99 199 299 199 299 199 99 199 299 299 299 199 299 299 199 299 399 299 399 299 299 299 199 99 199 299 299 399 299 399 199 199 199 299 299 299 299 399 199 199 399 299 299 299 399 299 199 299 299 299 199 399 399 299
2 0 48 8 4 1 64 140 299 399 399 399 299 399 299 399 199 199 299 299 299 299 399 399 199 299 199 299 299 299 299 399 299 199 299 299 299 299 199 299 199 299 199 199 199 399 299 399 199 399 299 399 299 399 399 399 299 199 299 399 399 399 399 399 299 199 299 299 399 399 399 399
2 0 48 16 4 1 64 140 199 299 299 299 299 299 399 299 199 299 399 199 299 299 399 299 299 299 299 299 399 299 399 399 199 199 299 299 299 299 299 399 199 399 299 299 299 399 399 399 299 299 299 299 399 399 399 399 299 299 299 199 399 299 299 399 199 399 299 299 199 199 199 399
2 0 48 24 4 1 64 140 199 399 299 199 199 299 299 399 99 299 199 199 199 299 199 299 199 299 99 299 299 299 299 399 199 199 199 199 299 199 199 299 199 99 199 199 299 199 199 299 199 99 299 199 199 199 199 299 0 0 99 199 199 299 199 99 99 99 0 99 299 199 199 99
2 0 48 32 4 1 64 140 0 99 99 99 199 299 199 199 99 99 0 0 99 0 199 299 0 99 0 199 199 99 99 299 99 199 99 99 99 199 99 99 0 99 99 0 99 0 199 99 0 0 0 99 0 0 99 99 0 0 199 99 199 0 99 99 0 0 0 199 199 99 99 99
2 0 48 40 4 1 64 140 0 0 99 0 0 199 99 99 0 0 0 0 199 99 99 99 0 0 0 99 99 99 0 199 0 0 0 99 99 99 99 199 0 0 99 199 99 0 99 199 0 0 0 99 199 0 99 99 0 0 0 99 0 0 99 99 0 0 0 0 0 99 99 99
2 0 48 48 4 1 64 140 0 0 0 0 0 199 0 99 0 0 0 0 99 99 99 99 0 0 0 0 0 99 99 99 0 0 0 0 0 0 0 99 0 0 0 0 0 99 0 99 0 0 0 0 0 99 0 0 0 0 0 0 0 0 99 99 0 0 0 0 0 0 99 99
2 0 48 56 4 1 64 140 0 0 0 0 0 0 99 99 0 0 0 0 0 0 99 199 0 0 0 0 0 0 99 99 0 0 0 0 0 0 0 99 0 0 0 0 0 0 0 99 0 0 0 0 0 0 0 99 0 0 0 0 0 0 0 99 0 0 0 0 0 0 0 99
2 0 48 64 4 1 1 140 0
2 0 48 72 4 1 1 140 0
2 0 48 80 4 1 1 140 0
2 0 48 88 4 1 1 140 0
2 0 48 96 4 1 1 140 0
2 0 48 104 4 1 1 140 0
2 0 48 112 4 1 1 140 0
2 0 48 120 4 1 1 140 0
2 0 56 0 4 1 64 140 299 399 399 0 0 0 0 0 399 299 399 199 0 0 0 0 399 399 399 299 0 0 0 0 399 299 399 399 0 0 0 0 399 399 399 399 0 0 0 0 399 299 399 499 199 0 0 0 399 399 399 499 299 0 0 0 399 499 499 499 399 0 0 0
2 0 56 8 4 1 64 140 399 499 399 399 499 99 0 0 399 299 499 499 399 199 0 0 399 399 399 299 399 299 0 0 399 399 399 399 399 299 0 0 399 299 499 399 399 499 0 0 399 299 399 399 499 499 299 0 399 499 499 499 499 599 299 0 399 299 299 499 499 499 499 0
2 0 56 16 4 1 64 140 299 299 399 499 499 399 399 399 299 499 399 399 399 399 399 399 399 399 399 499 499 499 599 599 299 399 499 399 399 399 499 499 399 399 399 399 499 399 399 399 399 399 499 399 399 399 499 499 399 299 299 499 499 499 499 499 399 399 299 399 399 399 399 399
2 0 56 24 4 1 64 140 299 399 399 399 399 399 399 499 299 399 299 399 399 399 499 399 299 299 299 399 399 399 499 499 199 299 199 399 399 299 299 399 299 299 399 399 299 399 399 399 299 299 299 299 299 399 399 399 399 299 299 299 299 399 399 299 199 399 199 199 299 299 399 399
2 0 56 32 4 1 64 140 199 199 99 299 199 299 299 399 299 199 199 199 199 399 399 299 299 199 199 199 199 299 399 399 99 299 99 299 199 99 299 199 99 99 99 99 199 199 299 399 99 99 99 199 199 99 199 299 199 99 199 299 199 99 199 299 0 199 0 299 199 199 199 99
2 0 56 40 4 1 64 140 199 199 99 99 199 199 199 199 199 199 0 99 99 199 199 199 99 99 0 99 99 299 299 199 99 199 99 0 0 299 199 299 0 99 99 99 99 199 199 99 99 199 99 99 199 199 199 199 99 0 0 0 99 199 199 199 199 99 0 99 99 99 199 199
2 0 56 48 4 1 64 140 199 0 0 0 99 199 99 199 99 99 0 99 199 199 199 199 99 99 99 99 199 299 99 199 99 99 99 99 0 199 299 99 0 0 99 0 99 199 199 199 99 0 99 99 99 199 199 199 99 199 99 0 99 199 99 199 0 199 0 199 99 99 199 99
2 0 56 56 4 1 64 140 199 0 199 99 99 0 199 199 99 0 0 99 199 0 199 299 0 99 99 0 99 99 199 199 0 99 99 0 99 99 0 199 0 99 99 0 99 199 199 299 99 0 0 99 99 99 99 199 199 99 199 99 199 99 99 299 99 199 199 99 99 99 99 0
2 0 56 64 4 1 64 140 199 199 99 99 0 199 99 99 199 199 0 99 99 0 99 99 0 99 99 99 99 0 99 99 0 199 0 0 0 99 99 99 0 199 199 199 99 0 0 0 0 0 0 99 199 199 99 199 0 0 0 0 199 0 99 99 0 0 0 99 99 199 99 0
2 0 56 72 4 1 64 140 0 0 99 99 99 199 0 0 0 0 0 99 99 0 99 0 0 0 199 0 99 99 199 99 0 0 0 99 0 99 0 99 0 0 0 0 199 0 0 99 0 0 0 199 199 99 99 99 0 0 0 99 99 99 199 199 0 0 0 0 0 99 99 99
2 0 56 80 4 1 64 140 0 0 0 0 0 0 99 99 0 0 0 99 99 99 99 99 0 0 0 0 99 99 99 99 0 0 0 199 99 99 99 99 0 0 0 0 199 0 99 99 0 0 0 0 99 99 99 199 0 0 0 0 99 99 99 0 0 0 0 0 0 0 99 199
2 0 56 88 4 1 64 140 0 0 0 0 0 0 0 99 0 0 0 0 0 0 99 99 0 0 0 0 0 0 99 0 0 0 0 0 0 99 0 99 0 0 0 0 0 0 199 99 0 0 0 0 0 0 99 0 0 0 0 0 0 0 99 99 0 0 0 0 0 0 0 0
2 0 56 96 4 1 64 140 0 0 0 0 0 0 99 99 0 0 0 0 0 0 0 0 0 0 0 0 0 0 0 99 0 0 0 0 0 0 0 0 0 0 0 0 0 0 0 99 0 0 0 0 0 0 0 199 0 0 0 0 0 0 0 0 0 0 0 0 0 0 0 0
2 0 56 104 4 1 1 140 0
2 0 56 112 4 1 1 140 0
2 0 56 120 4 1 1 140 0
2 0 64 0 4 1 1 140 0
2 0 64 8 4 1 1 140 0
2 0 64 16 4 1 64 140 0 0 0 0 0 0 0 0 0 0 0 0 0 0 0 0 199 0 0 0 0 0 0 0 399 0 0 0 0 0 0 0 499 99 0 0 0 0 0 0 499 399 0 0 0 0 0 0 499 499 0 0 0 0 0 0 599 499 0 0 0 0 0 0
2 0 64 24 4 1 64 140 399 599 299 0 0 0 0 0 499 499 399 0 0 0 0 0 399 399 399 0 0 0 0 0 499 399 399 99 0 0 0 0 499 499 399 299 0 0 0 0 399 499 399 299 0 0 0 0 299 399 499 499 199 0 0 0 399 299 399 499 299 0 0 0
2 0 64 32 4 1 64 140 399 399 499 399 499 0 0 0 399 399 399 399 499 199 0 0 299 399 399 399 499 299 0 0 399 299 299 399 399 399 0 0 199 299 399 399 399 399 0 0 299 299 399 399 399 399 0 0 299 299 399 399 399 299 0 0 299 199 299 299 399 399 0 0
2 0 64 40 4 1 64 140 299 299 299 399 399 399 0 0 299 299 299 299 399 399 199 0 299 299 299 299 299 399 199 0 199 199 299 299 299 399 399 0 299 199 399 299 299 299 399 0 299 99 199 299 199 299 299 0 199 299 199 199 399 299 399 0 199 299 199 299 399 299 399 0
2 0 64 48 4 1 64 140 199 199 99 299 199 299 299 0 199 199 399 299 299 299 399 0 199 199 199 299 299 199 299 0 99 199 299 299 399 399 399 0 99 199 399 299 299 299 399 0 199 199 399 299 299 299 399 0 199 299 299 299 299 299 299 0 299 99 299 299 299 299 299 0
2 0 64 56 4 1 64 140 99 299 199 399 299 199 299 0 299 199 299 399 299 299 299 99 99 199 299 299 299 299 299 199 199 299 299 199 299 299 299 399 199 199 299 199 399 299 299 299 299 199 199 199 299 299 299 299 299 199 199 299 299 299 299 299 199 99 199 199 199 399 299 199
2 0 64 64 4 1 64 140 299 299 199 299 199 399 299 299 99 199 199 199 199 299 199 399 199 199 199 199 199 299 399 399 99 299 99 99 199 299 399 399 0 199 199 299 99 199 299 299 0 199 299 199 99 99 199 199 199 199 299 299 99 199 299 399 99 199 199 99 199 199 299 299
2 0 64 72 4 1 64 140 199 99 99 299 199 99 199 399 99 99 199 299 99 199 199 299 0 99 299 199 199 199 199 299 0 99 299 199 99 199 299 299 99 199 199 199 199 199 99 299 99 99 199 199 199 199 99 99 99 99 0 199 199 199 99 299 99 99 99 299 299 199 199 199
2 0 64 80 4 1 64 140 99 0 0 299 199 199 99 199 99 99 99 299 199 199 99 199 0 99 199 299 199 199 199 199 99 99 0 0 199 199 99 199 99 99 0 0 99 299 199 99 0 99 0 99 299 199 199 199 99 199 99 199 199 199 99 199 99 99 99 199 299 99 299 299
2 0 64 88 4 1 64 140 99 199 0 99 199 299 99 299 99 99 199 99 99 199 199 199 0 99 99 99 99 199 199 199 0 199 99 0 199 299 299 299 99 0 99 99 99 199 99 199 99 199 0 0 99 199 199 199 0 0 0 99 199 0 199 99 0 99 99 199 0 99 199 199
2 0 64 96 4 1 64 140 99 99 99 0 99 199 299 199 99 99 99 0 199 0 99 99 99 199 99 99 0 99 0 299 0 99 99 99 0 0 199 199 0 99 99 99 0 0 99 99 0 99 199 0 99 99 99 299 99 0 0 99 0 199 199 99 199 99 0 99 99 99 199 199
2 0 64 104 4 1 64 140 0 0 0 99 99 99 0 0 0 99 99 99 99 0 99 199 0 0 99 99 99 99 0 99 99 99 199 99 99 199 199 99 99 0 0 99 0 99 99 99 0 99 99 99 199 99 199 0 0 0 99 0 99 99 0 0 0 99 0 199 0 99 199 99
2 0 64 112 4 1 64 140 0 0 0 0 0 199 199 99 0 0 99 99 199 99 0 99 0 0 0 99 99 199 0 99 0 0 99 99 99 0 0 99 0 0 199 99 99 0 99 199 0 0 0 99 0 99 199 0 0 0 199 99 99 0 99 0 0 0 99 199 99 0 0 0
2 0 64 120 4 1 64 140 0 0 99 99 0 99 0 0 0 0 199 0 0 199 99 199 0 0 0 99 99 99 99 199 0 0 99 0 0 99 99 99 0 0 199 99 99 199 0 99 0 0 99 199 99 99 0 99 0 0 0 99 0 99 0 0 0 0 0 99 0 99 0 99
2 0 72 0 4 1 1 140 0
2 0 72 8 4 1 1 140 0
2 0 72 16 4 1 1 140 0
2 0 72 24 4 1 1 140 0
2 0 72 32 4 1 1 140 0
2 0 72 40 4 1 1 140 0
2 0 72 48 4 1 1 140 0
2 0 72 56 4 1 1 140 0
2 0 72 64 4 1 1 140 0
2 0 72 72 4 1 1 140 0
2 0 72 80 4 1 1 140 0
2 0 72 88 4 1 64 140 0 0 0 0 0 0 0 0 99 0 0 0 0 0 0 0 0 0 0 0 0 0 0 0 199 0 0 0 0 0 0 0 199 0 0 0 0 0 0 0 199 0 0 0 0 0 0 0 199 0 0 0 0 0 0 0 299 0 0 0 0 0 0 0
2 0 72 96 4 1 64 140 299 0 0 0 0 0 0 0 199 0 0 0 0 0 0 0 199 0 0 0 0 0 0 0 199 0 0 0 0 0 0 0 199 0 0 0 0 0 0 0 199 0 0 0 0 0 0 0 99 0 0 0 0 0 0 0 99 0 0 0 0 0 0 0
2 0 72 104 4 1 64 140 199 0 0 0 0 0 0 0 199 0 0 0 0 0 0 0 199 0 0 0 0 0 0 0 199 0 0 0 0 0 0 0 199 0 0 0 0 0 0 0 199 0 0 0 0 0 0 0 299 0 0 0 0 0 0 0 299 0 0 0 0 0 0 0
2 0 72 112 4 1 64 140 0 0 0 0 0 0 0 0 99 0 0 0 0 0 0 0 99 0 0 0 0 0 0 0 0 0 0 0 0 0 0 0 0 0 0 0 0 0 0 0 0 0 0 0 0 0 0 0 99 0 0 0 0 0 0 0 99 0 0 0 0 0 0 0
2 0 72 120 4 1 64 140 0 0 0 0 0 0 0 0 199 0 0 0 0 0 0 0 99 0 0 0 0 0 0 0 0 0 0 0 0 0 0 0 0 0 0 0 0 0 0 0 99 0 0 0 0 0 0 0 99 0 0 0 0 0 0 0 99 0 0 0 0 0 0 0
2 0 80 0 4 1 1 140 0
2 0 80 8 4 1 1 140 0
2 0 80 16 4 1 1 140 0
2 0 80 24 4 1 1 140 0
2 0 80 32 4 1 1 140 0
2 0 80 40 4 1 1 140 0
2 0 80 48 4 1 1 140 0
2 0 80 56 4 1 1 140 0
2 0 80 64 4 1 1 140 0
2 0 80 72 4 1 1 140 0
2 0 80 80 4 1 1 140 0
2 0 80 88 4 1 1 140 0
2 0 80 96 4 1 1 140 0
2 0 80 104 4 1 1 140 0
2 0 80 112 4 1 1 140 0
2 0 80 120 4 1 1 140 0
2 0 88 0 4 1 1 140 0
2 0 88 8 4 1 1 140 0
2 0 88 16 4 1 1 140 0
2 0 88 24 4 1 1 140 0
2 0 88 32 4 1 1 140 0
2 0 88 40 4 1 1 140 0
2 0 88 48 4 1 1 140 0
2 0 88 56 4 1 1 140 0
2 0 88 64 4 1 1 140 0
2 0 88 72 4 1 1 140 0
2 0 88 80 4 1 1 140 0
2 0 88 88 4 1 1 140 0
2 0 88 96 4 1 1 140 0
2 0 88 104 4 1 1 140 0
2 0 88 112 4 1 1 140 0
2 0 88 120 4 1 1 140 0
2 0 96 0 4 1 1 140 0
2 0 96 8 4 1 1 140 0
2 0 96 16 4 1 1 140 0
2 0 96 24 4 1 1 140 0
2 0 96 32 4 1 1 140 0
2 0 96 40 4 1 1 140 0
2 0 96 48 4 1 1 140 0
2 0 96 56 4 1 1 140 0
2 0 96 64 4 1 1 140 0
2 0 96 72 4 1 1 140 0
2 0 96 80 4 1 1 140 0
2 0 96 88 4 1 1 140 0
2 0 96 96 4 1 1 140 0
2 0 96 104 4 1 1 140 0
2 0 96 112 4 1 1 140 0
2 0 96 120 4 1 1 140 0
2 0 104 0 4 64 64 140 140 140 140 0 0 0 0 140 140 140 140 0 0 0 0 140 140 140 140 0 0 0 0 140 140 140 140 0 0 0 0 140 140 140 140 0 0 0 0 140 140 140 140 0 0 0 0 140 140 140 140 0 0 0 0 140 140 140 140 0 0 0 0 0 0 0 899 0 0 0 0 0 0 0 899 0 0 0 0 0 0 0 799 0 0 0 0 0 0 0 999 0 0 0 0 0 0 0 999 0 0 0 0 0 0 0 999 0 0 0 0 0 0 0 999 0 0 0 0 0 0 0 899 0 0 0 0
2 0 104 8 4 64 64 140 140 140 140 0 0 0 0 140 140 140 140 0 0 0 0 140 140 140 140 0 0 0 0 140 140 140 140 0 0 0 0 140 140 140 140 0 0 0 0 140 140 140 140 0 0 0 0 140 140 140 140 0 0 0 0 140 140 140 140 0 0 0 0 0 0 0 999 0 0 0 0 0 0 0 899 0 0 0 0 0 0 0 899 0 0 0 0 0 0 0 799 0 0 0 0 0 0 0 899 0 0 0 0 0 0 0 899 0 0 0 0 0 0 0 999 0 0 0 0 0 0 0 999 0 0 0 0
2 0 104 16 4 64 64 140 140 140 140 0 0 0 0 140 140 140 140 0 0 0 0 140 140 140 140 0 0 0 0 140 140 140 140 0 0 0 0 140 140 140 140 0 0 0 0 140 140 140 140 0 0 0 0 140 140 140 140 0 0 0 0 140 140 140 140 0 0 0 0 0 0 0 999 0 0 0 0 0 0 0 1099 0 0 0 0 0 0 0 899 0 0 0 0 0 0 0 899 0 0 0 0 0 0 0 899 0 0 0 0 0 0 0 899 0 0 0 0 0 0 0 899 0 0 0 0 0 0 0 899 0 0 0 0
2 0 104 24 4 64 64 140 140 140 140 0 0 0 0 140 140 140 140 0 0 0 0 140 140 140 140 0 0 0 0 140 140 140 140 0 0 0 0 140 140 140 140 0 0 0 0 140 140 140 140 0 0 0 0 140 140 140 140 0 0 0 0 140 140 140 140 0 0 0 0 0 0 0 1099 0 0 0 0 0 0 0 999 0 0 0 0 0 0 0 1099 0 0 0 0 0 0 0 1199 0 0 0 0 0 0 0 1199 0 0 0 0 0 0 0 1199 0 0 0 0 0 0 0 1099 0 0 0 0 0 0 0 1299 0 0 0 0
2 0 104 32 4 64 64 140 140 140 140 0 0 0 0 140 140 140 140 0 0 0 0 140 140 140 140 0 0 0 0 140 140 140 140 0 0 0 0 140 140 140 140 0 0 0 0 140 140 140 140 0 0 0 0 140 140 140 140 0 0 0 0 140 140 140 140 0 0 0 0 0 0 0 1099 0 0 0 0 0 0 0 1199 0 0 0 0 0 0 0 1199 0 0 0 0 0 0 0 1299 0 0 0 0 0 0 0 1199 0 0 0 0 0 0 0 1399 0 0 0 0 0 0 0 1399 0 0 0 0 0 0 0 1399 0 0 0 0
2 0 104 40 4 64 64 140 140 140 140 0 0 0 0 140 140 140 140 0 0 0 0 140 140 140 140 0 0 0 0 140 140 140 140 0 0 0 0 140 140 140 140 0 0 0 0 140 140 140 140 0 0 0 0 140 140 140 140 0 0 0 0 140 140 140 140 0 0 0 0 0 0 0 1399 0 0 0 0 0 0 0 1299 0 0 0 0 0 0 0 1299 0 0 0 0 0 0 0 1299 0 0 0 0 0 0 0 1299 0 0 0 0 0 0 0 1299 0 0 0 0 0 0 0 1299 0 0 0 0 0 0 0 1199 0 0 0 0
2 0 104 48 4 64 64 140 140 140 140 0 0 0 0 140 140 140 140 0 0 0 0 140 140 140 140 0 0 0 0 140 140 140 140 0 0 0 0 140 140 140 140 0 0 0 0 140 140 140 140 0 0 0 0 140 140 140 140 0 0 0 0 140 140 140 140 0 0 0 0 0 0 0 1299 0 0 0 0 0 0 0 1399 0 0 0 0 0 0 0 1499 0 0 0 0 0 0 0 1299 0 0 0 0 0 0 0 1299 0 0 0 0 0 0 0 1299 0 0 0 0 0 0 0 1299 0 0 0 0 0 0 0 1199 0 0 0 0
2 0 104 56 4 64 64 140 140 140 140 0 0 0 0 140 140 140 140 0 0 0 0 140 140 140 140 0 0 0 0 140 140 140 140 0 0 0 0 140 140 140 140 0 0 0 0 140 140 140 140 0 0 0 0 140 140 140 140 0 0 0 0 140 140 140 140 0 0 0 0 0 0 0 1199 0 0 0 0 0 0 0 1299 0 0 0 0 0 0 0 1399 0 0 0 0 0 0 0 1299 0 0 0 0 0 0 0 1399 0 0 0 0 0 0 0 1399 0 0 0 0 0 0 0 1399 0 0 0 0 0 0 0 1299 0 0 0 0
2 0 104 64 4 64 64 140 140 140 140 0 0 0 0 140 140 140 140 0 0 0 0 140 140 140 140 0 0 0 0 140 140 140 140 0 0 0 0 140 140 140 140 0 0 0 0 140 140 140 140 0 0 0 0 140 140 140 140 0 0 0 0 140 140 140 140 0 0 0 0 0 0 0 1299 0 0 0 0 0 0 0 1299 0 0 0 0 0 0 0 1299 0 0 0 0 0 0 0 1199 0 0 0 0 0 0 0 1299 0 0 0 0 0 0 0 1299 0 0 0 0 0 0 0 1299 0 0 0 0 0 0 0 1299 0 0 0 0
2 0 104 72 4 64 64 140 140 140 140 0 0 0 0 140 140 140 140 0 0 0 0 140 140 140 140 0 0 0 0 140 140 140 140 0 0 0 0 140 140 140 140 0 0 0 0 140 140 140 140 0 0 0 0 140 140 140 140 0 0 0 0 140 140 140 140 0 0 0 0 0 0 0 1299 0 0 0 0 0 0 0 1399 0 0 0 0 0 0 0 1299 0 0 0 0 0 0 0 1399 0 0 0 0 0 0 0 1399 0 0 0 0 0 0 0 1299 0 0 0 0 0 0 0 1299 0 0 0 0 0 0 0 1299 0 0 0 0
2 0 104 80 4 64 64 140 140 140 140 0 0 0 0 140 140 140 140 0 0 0 0 140 140 140 140 0 0 0 0 140 140 140 140 0 0 0 0 140 140 140 140 0 0 0 0 140 140 140 140 0 0 0 0 140 140 140 140 0 0 0 0 140 140 140 140 0 0 0 0 0 0 0 1299 0 0 0 0 0 0 0 1399 0 0 0 0 0 0 0 1399 0 0 0 0 0 0 0 1399 0 0 0 0 0 0 0 1499 0 0 0 0 0 0 0 1499 0 0 0 0 0 0 0 1299 0 0 0 0 0 0 0 1299 0 0 0 0
2 0 104 88 4 64 64 140 140 140 140 0 0 0 0 140 140 140 140 0 0 0 0 140 140 140 140 0 0 0 0 140 140 140 140 0 0 0 0 140 140 140 140 0 0 0 0 140 140 140 140 0 0 0 0 140 140 140 140 0 0 0 0 140 140 140 140 0 0 0 0 0 0 0 1399 0 0 0 0 0 0 0 1399 0 0 0 0 0 0 0 1299 0 0 0 0 0 0 0 1299 0 0 0 0 0 0 0 1499 0 0 0 0 0 0 0 1499 0 0 0 0 0 0 0 1399 0 0 0 0 0 0 0 1499 0 0 0 0
2 0 104 96 4 64 64 140 140 140 140 0 0 0 0 140 140 140 140 0 0 0 0 140 140 140 140 0 0 0 0 140 140 140 140 0 0 0 0 140 140 140 140 0 0 0 0 140 140 140 140 0 0 0 0 140 140 140 140 0 0 0 0 140 140 140 140 0 0 0 0 0 0 0 1399 0 0 0 0 0 0 0 1499 0 0 0 0 0 0 0 1499 0 0 0 0 0 0 0 1399 0 0 0 0 0 0 0 1499 0 0 0 0 0 0 0 1499 0 0 0 0 0 0 0 1499 0 0 0 0 0 0 0 1599 0 0 0 0
2 0 104 104 4 64 64 140 140 140 140 0 0 0 0 140 140 140 140 0 0 0 0 140 140 140 140 0 0 0 0 140 140 140 140 0 0 0 0 140 140 140 140 0 0 0 0 140 140 140 140 0 0 0 0 140 140 140 140 0 0 0 0 140 140 140 140 0 0 0 0 0 0 0 1799 0 0 0 0 0 0 0 1699 0 0 0 0 0 0 0 1799 0 0 0 0 0 0 0 1599 0 0 0 0 0 0 0 1799 0 0 0 0 0 0 0 1899 0 0 0 0 0 0 0 1899 0 0 0 0 0 0 0 1899 0 0 0 0
2 0 104 112 4 64 64 140 140 140 140 0 0 0 0 140 140 140 140 0 0 0 0 140 140 140 140 0 0 0 0 140 140 140 140 0 0 0 0 140 140 140 140 0 0 0 0 140 140 140 140 0 0 0 0 140 140 140 140 0 0 0 0 140 140 140 140 0 0 0 0 0 0 0 1899 0 0 0 0 0 0 0 1799 0 0 0 0 0 0 0 1899 0 0 0 0 0 0 0 1999 0 0 0 0 0 0 99 1999 0 0 0 0 0 0 0 2299 0 0 0 0 0 0 99 2199 0 0 0 0 0 0 99 2199 0 0 0 0
2 0 104 120 4 64 64 140 140 140 140 0 0 0 0 140 140 140 140 0 0 0 0 140 140 140 140 0 0 0 0 140 140 140 140 0 0 0 0 140 140 140 140 0 0 0 0 140 140 140 140 0 0 0 0 140 140 140 140 0 0 0 0 140 140 140 140 0 0 0 0 0 0 99 2399 0 0 0 0 0 0 99 2299 0 0 0 0 0 0 99 2199 0 0 0 0 0 0 99 2199 0 0 0 0 0 0 99 2399 0 0 0 0 0 0 99 2399 0 0 0 0 0 0 99 2499 0 0 0 0 0 0 99 2499 0 0 0 0
2 0 112 0 4 1 1 0 0
2 0 112 8 4 1 1 0 0
2 0 112 16 4 1 1 0 0
2 0 112 24 4 1 1 0 0
2 0 112 32 4 1 1 0 0
2 0 112 40 4 1 1 0 0
2 0 112 48 4 1 1 0 0
2 0 112 56 4 1 1 0 0
2 0 112 64 4 1 1 0 0
2 0 112 72 4 1 1 0 0
2 0 112 80 4 1 1 0 0
2 0 112 88 4 1 1 0 0
2 0 112 96 4 1 1 0 0
2 0 112 104 4 1 1 0 0
2 0 112 112 4 1 1 0 0
2 0 112 120 4 1 1 0 0
2 0 120 0 4 1 1 0 0
2 0 120 8 4 1 1 0 0
2 0 120 16 4 1 1 0 0
2 0 120 24 4 1 1 0 0
2 0 120 32 4 1 1 0 0
2 0 120 40 4 1 1 0 0
2 0 120 48 4 1 1 0 0
2 0 120 56 4 1 1 0 0
2 0 120 64 4 1 1 0 0
2 0 120 72 4 1 1 0 0
2 0 120 80 4 1 1 0 0
2 0 120 88 4 1 1 0 0
2 0 120 96 4 1 1 0 0
2 0 120 104 4 1 1 0 0
2 0 120 112 4 1 1 0 0
2 0 120 120 4 1 1 0 0
2 1 0 0 4 1 64 140 99 0 0 0 0 0 199 99 0 0 0 0 0 0 199 0 99 0 0 0 0 0 199 99 99 0 0 0 0 0 99 199 99 0 0 0 0 0 99 0 99 0 0 0 0 0 99 99 99 0 0 0 0 0 199 0 0 0 0 0 0 0 99 199
2 1 0 8 4 1 64 140 0 0 0 0 0 0 0 0 0 0 0 0 0 0 99 99 99 0 0 0 0 0 0 199 0 0 0 0 0 0 99 99 0 0 0 0 0 0 199 199 0 0 0 0 0 0 99 0 0 0 0 0 0 0 99 0 0 0 0 0 0 0 199 0
2 1 0 16 4 1 64 140 0 0 0 0 0 0 99 0 0 0 0 0 0 0 99 0 0 0 0 0 0 0 199 0 0 0 0 0 0 0 99 0 0 0 0 0 0 0 0 0 0 0 0 0 0 0 0 0 0 0 0 0 0 0 0 0 0 0 0 0 0 0 0 0
2 1 0 24 4 1 1 140 0
2 1 0 32 4 1 1 140 0
2 1 0 40 4 1 1 140 0
2 1 0 48 4 1 1 140 0
2 1 0 56 4 1 1 140 0
2 1 0 64 4 1 1 140 0
2 1 0 72 4 1 1 140 0
2 1 0 80 4 1 1 140 0
2 1 0 88 4 1 1 140 0
2 1 0 96 4 1 1 140 0
2 1 0 104 4 1 1 140 0
2 1 0 112 4 1 1 140 0
2 1 0 120 4 1 1 140 0
2 1 8 0 4 1 1 140 0
2 1 8 8 4 1 1 140 0
2 1 8 16 4 1 1 140 0
2 1 8 24 4 1 1 140 0
2 1 8 32 4 1 1 140 0
2 1 8 40 4 1 1 140 0
2 1 8 48 4 1 1 140 0
2 1 8 56 4 1 1 140 0
2 1 8 64 4 1 1 140 0
2 1 8 72 4 1 1 140 0
2 1 8 80 4 1 1 140 0
2 1 8 88 4 1 1 140 0
2 1 8 96 4 1 1 140 0
2 1 8 104 4 1 1 140 0
2 1 8 112 4 1 1 140 0
2 1 8 120 4 1 1 140 0
2 1 16 0 4 1 1 140 0
2 1 16 8 4 1 1 140 0
2 1 16 16 4 1 1 140 0
2 1 16 24 4 1 1 140 0
2 1 16 32 4 1 1 140 0
2 1 16 40 4 1 1 140 0
2 1 16 48 4 1 1 140 0
2 1 16 56 4 1 1 140 0
2 1 16 64 4 1 1 140 0
2 1 16 72 4 1 1 140 0
2 1 16 80 4 1 1 140 0
2 1 16 88 4 1 1 140 0
2 1 16 96 4 1 1 140 0
2 1 16 104 4 1 1 140 0
2 1 16 112 4 1 1 140 0
2 1 16 120 4 1 1 140 0
2 1 24 0 4 1 1 140 0
2 1 24 8 4 1 1 140 0
2 1 24 16 4 1 1 140 0
2 1 24 24 4 1 1 140 0
2 1 24 32 4 1 1 140 0
2 1 24 40 4 1 1 140 0
2 1 24 48 4 1 1 140 0
2 1 24 56 4 1 1 140 0
2 1 24 64 4 1 1 140 0
2 1 24 72 4 1 1 140 0
2 1 24 80 4 1 1 140 0
2 1 24 88 4 1 1 140 0
2 1 24 96 4 1 1 140 0
2 1 24 104 4 1 1 140 0
2 1 24 112 4 1 1 140 0
2 1 24 120 4 1 1 140 0
2 1 32 0 4 1 1 140 0
2 1 32 8 4 1 1 140 0
2 1 32 16 4 1 1 140 0
2 1 32 24 4 1 1 140 0
2 1 32 32 4 1 1 140 0
2 1 32 40 4 1 1 140 0
2 1 32 48 4 1 1 140 0
2 1 32 56 4 1 1 140 0
2 1 32 64 4 1 1 140 0
2 1 32 72 4 1 1 140 0
2 1 32 80 4 1 1 140 0
2 1 32 88 4 1 1 140 0
2 1 32 96 4 1 1 140 0
2 1 32 104 4 1 1 140 0
2 1 32 112 4 1 1 140 0
2 1 32 120 4 1 1 140 0
2 1 40 0 4 1 1 140 0
2 1 40 8 4 1 1 140 0
2 1 40 16 4 1 1 140 0
2 1 40 24 4 1 1 140 0
2 1 40 32 4 1 1 140 0
2 1 40 40 4 1 1 140 0
2 1 40 48 4 1 1 140 0
2 1 40 56 4 1 1 140 0
2 1 40 64 4 1 1 140 0
2 1 40 72 4 1 1 140 0
2 1 40 80 4 1 1 140 0
2 1 40 88 4 1 1 140 0
2 1 40 96 4 1 1 140 0
2 1 40 104 4 1 1 140 0
2 1 40 112 4 1 1 140 0
2 1 40 120 4 1 1 140 0
2 1 48 0 4 1 1 140 0
2 1 48 8 4 1 1 140 0
2 1 48 16 4 1 1 140 0
2 1 48 24 4 1 1 140 0
2 1 48 32 4 1 1 140 0
2 1 48 40 4 1 1 140 0
2 1 48 48 4 1 1 140 0
2 1 48 56 4 1 1 140 0
2 1 48 64 4 1 1 140 0
2 1 48 72 4 1 1 140 0
2 1 48 80 4 1 1 140 0
2 1 48 88 4 1 1 140 0
2 1 48 96 4 1 1 140 0
2 1 48 104 4 1 1 140 0
2 1 48 112 4 1 64 140 0 0 0 0 0 0 0 0 0 0 0 0 0 0 0 0 0 0 0 0 0 0 0 0 0 0 0 0 0 0 0 0 0 0 0 0 0 0 0 0 0 0 0 0 0 0 0 0 0 0 0 0 0 0 0 99 0 0 0 0 0 0 199 0
2 1 48 120 4 1 64 140 0 0 0 0 0 199 199 99 0 0 0 99 0 99 99 99 0 0 99 99 99 99 99 99 199 99 99 0 99 99 99 0 0 199 99 0 99 99 99 0 99 99 99 99 99 99 199 99 199 99 199 99 0 0 99 99 0 199 199 99 99 99 99 0
2 1 56 0 4 1 1 140 0
2 1 56 8 4 1 1 140 0
2 1 56 16 4 1 1 140 0
2 1 56 24 4 1 1 140 0
2 1 56 32 4 1 1 140 0
2 1 56 40 4 1 1 140 0
2 1 56 48 4 1 1 140 0
2 1 56 56 4 1 1 140 0
2 1 56 64 4 1 1 140 0
2 1 56 72 4 1 1 140 0
2 1 56 80 4 1 1 140 0
2 1 56 88 4 1 1 140 0
2 1 56 96 4 1 1 140 0
2 1 56 104 4 1 64 140 0 0 0 0 0 0 0 0 0 0 0 0 0 0 0 0 0 0 0 0 0 0 0 0 0 0 0 0 0 0 0 0 0 0 0 0 0 0 0 0 0 0 0 0 0 0 0 0 0 0 0 0 0 0 0 0 0 0 0 0 0 0 0 199
2 1 56 112 4 1 64 140 0 0 0 0 0 0 99 99 0 0 0 0 0 0 199 99 0 0 0 0 0 0 99 99 0 0 0 0 99 99 99 99 0 0 99 99 199 99 99 99 0 199 99 99 99 99 99 99 99 99 0 99 199 99 199 0 0 99 99 99 0 99 0 0
2 1 56 120 4 1 64 140 199 99 99 0 99 99 99 0 0 99 0 99 99 0 99 0 0 199 199 99 99 99 0 99 99 199 199 99 0 0 0 99 99 99 199 99 99 199 0 99 99 0 0 99 99 99 199 0 199 0 0 99 99 99 99 0 0 99 199 0 99 99 0 0
2 1 64 0 4 1 64 140 0 0 199 0 99 199 99 99 0 0 99 99 99 99 0 0 0 0 99 99 0 0 199 99 0 0 99 99 99 0 199 0 0 0 0 199 99 99 0 199 0 0 99 99 199 0 0 0 0 0 99 199 199 199 0 199 0 0 0 99 99 199 0 99
2 1 64 8 4 1 64 140 0 0 99 99 99 0 0 99 0 99 0 99 0 99 0 99 0 0 99 99 99 99 99 199 0 199 199 99 99 199 99 99 0 0 0 0 99 0 99 99 0 0 0 99 99 99 0 99 0 0 0 99 0 99 0 199 0 0 99 99 199 99 199 0
2 1 64 16 4 1 64 140 0 199 99 0 99 99 199 0 0 99 99 0 99 99 0 199 0 0 0 99 0 99 99 199 0 0 99 99 199 99 99 99 0 99 0 0 99 99 199 0 0 99 0 99 0 99 99 99 0 99 0 99 99 99 199 0 0 0 0 99 0 199 99 0
2 1 64 24 4 1 64 140 0 199 99 99 99 199 0 99 0 0 199 0 199 0 99 99 0 0 99 199 99 99 0 0 0 0 99 99 199 0 99 99 0 0 99 0 99 0 0 99 0 0 99 0 0 199 0 99 0 0 0 0 99 0 0 0 0 0 99 99 99 99 0 99
2 1 64 32 4 1 64 140 0 0 0 99 199 99 99 99 0 0 0 0 0 99 99 99 0 0 0 0 0 99 99 199 0 0 0 0 199 99 0 99 0 0 0 0 0 99 99 0 0 0 0 0 0 0 0 0 0 0 0 0 0 0 99 0 0 0 0 0 0 99 99 0
2 1 64 40 4 1 64 140 0 0 0 0 0 199 99 0 0 0 0 0 0 99 0 0 0 0 0 0 0 0 0 0 0 0 0 0 0 0 0 0 0 0 0 0 0 0 0 0 0 0 0 0 0 0 0 0 0 0 0 0 0 0 0 0 0 0 0 0 0 0 0 0
2 1 64 48 4 1 1 140 0
2 1 64 56 4 1 1 140 0
2 1 64 64 4 1 1 140 0
2 1 64 72 4 1 1 140 0
2 1 64 80 4 1 1 140 0
2 1 64 88 4 1 1 140 0
2 1 64 96 4 1 1 140 0
2 1 64 104 4 1 64 140 0 0 0 0 0 0 0 0 0 0 0 0 0 0 0 0 0 0 0 0 0 0 0 0 0 0 0 0 0 0 0 0 0 0 0 0 0 0 0 0 0 0 0 0 0 0 0 0 99 99 0 199 0 0 0 0 99 99 99 199 0 0 0 0
2 1 64 112 4 1 64 140 99 0 99 199 99 99 0 0 99 99 99 99 199 0 0 0 99 99 99 99 199 0 99 99 99 99 199 99 199 99 99 99 99 99 199 99 99 99 0 199 199 199 99 0 0 99 99 99 199 0 99 99 0 199 99 99 99 99 99 99 99 99 99 99
2 1 64 120 4 1 64 140 99 99 99 0 99 199 0 199 99 0 0 99 99 99 199 99 199 99 99 99 0 0 199 99 0 0 0 99 199 99 99 199 99 0 99 99 0 99 0 0 199 99 99 99 199 199 199 99 99 99 0 199 199 99 0 199 199 99 99 199 99 0 199 99
2 1 72 0 4 1 64 140 99 0 0 0 0 0 0 0 99 0 0 0 0 0 0 0 0 0 0 0 0 0 0 0 99 0 0 0 0 0 0 0 99 0 0 0 0 0 0 0 99 0 0 0 0 0 0 0 0 0 0 0 0 0 0 0 0 0 0 0 0 0 0 0
2 1 72 8 4 1 64 140 99 0 0 0 0 0 0 0 99 0 0 0 0 0 0 0 99 0 0 0 0 0 0 0 99 0 0 0 0 0 0 0 299 0 0 0 0 0 0 0 0 0 0 0 0 0 0 0 99 0 0 0 0 0 0 0 99 0 0 0 0 0 0 0
2 1 72 16 4 1 64 140 99 0 0 0 0 0 0 0 0 0 0 0 0 0 0 0 99 0 0 0 0 0 0 0 199 0 0 0 0 0 0 0 0 0 0 0 0 0 0 0 0 0 0 0 0 0 0 0 99 0 0 0 0 0 0 0 99 0 0 0 0 0 0 0
2 1 72 24 4 1 64 140 99 0 0 0 0 0 0 0 99 0 0 0 0 0 0 0 99 0 0 0 0 0 0 0 99 0 0 0 0 0 0 0 199 0 0 0 0 0 0 0 99 0 0 0 0 0 0 0 99 0 0 0 0 0 0 0 0 0 0 0 0 0 0 0
2 1 72 32 4 1 1 140 0
2 1 72 40 4 1 1 140 0
2 1 72 48 4 1 1 140 0
2 1 72 56 4 1 1 140 0
2 1 72 64 4 1 1 140 0
2 1 72 72 4 1 1 140 0
2 1 72 80 4 1 1 140 0
2 1 72 88 4 1 1 140 0
2 1 72 96 4 1 1 140 0
2 1 72 104 4 1 64 140 0 0 0 0 0 0 0 0 0 0 0 0 0 0 99 99 0 0 0 0 0 0 99 99 0 0 0 0 0 99 0 0 0 0 0 0 0 99 0 99 0 0 0 0 99 99 99 99 0 0 0 99 99 99 0 199 0 0 99 0 99 0 0 0
2 1 72 112 4 1 64 140 0 0 0 99 99 0 199 99 0 99 99 199 99 0 0 99 99 0 0 99 99 99 99 0 99 99 0 99 199 199 99 99 0 0 199 99 99 199 99 0 99 199 99 199 99 99 99 0 199 99 0 0 99 0 99 0 99 99 99 0 0 0 199 99
2 1 72 120 4 1 64 140 0 99 199 99 0 99 199 199 99 99 199 0 199 99 199 199 99 199 199 99 99 0 0 199 0 0 0 99 99 99 299 199 0 99 99 99 0 299 199 199 99 99 0 199 99 199 99 199 99 0 99 199 99 99 199 199 99 99 299 199 199 99 199 199
2 1 80 0 4 1 1 140 0
2 1 80 8 4 1 1 140 0
2 1 80 16 4 1 1 140 0
2 1 80 24 4 1 1 140 0
2 1 80 32 4 1 1 140 0
2 1 80 40 4 1 1 140 0
2 1 80 48 4 1 1 140 0
2 1 80 56 4 1 1 140 0
2 1 80 64 4 1 1 140 0
2 1 80 72 4 1 1 140 0
2 1 80 80 4 1 1 140 0
2 1 80 88 4 1 1 140 0
2 1 80 96 4 1 64 140 0 0 0 0 0 0 0 0 0 0 0 0 0 0 0 0 0 0 0 0 0 0 0 0 0 0 99 99 0 0 0 0 0 0 99 99 99 199 0 0 0 99 99 99 99 99 99 0 0 99 0 99 0 0 99 99 99 0 0 99 99 99 0 99
2 1 80 104 4 1 64 140 99 99 199 0 99 0 99 99 99 0 0 0 99 0 99 99 99 199 99 99 99 99 0 0 199 0 0 0 0 199 99 99 199 99 0 0 99 199 99 99 0 99 99 99 0 99 99 0 99 199 99 0 99 199 99 99 99 99 99 0 0 0 99 99
2 1 80 112 4 1 64 140 99 99 99 0 199 99 99 99 99 99 99 99 99 0 99 0 199 0 99 0 99 99 99 99 0 99 0 99 99 99 0 99 199 0 99 199 199 99 99 0 0 99 99 199 0 99 0 99 199 99 99 99 99 0 99 99 0 99 99 99 0 0 99 99
2 1 80 120 4 1 64 140 99 0 0 99 0 99 0 0 99 199 199 199 99 99 99 99 199 199 199 0 99 99 0 0 299 199 299 99 0 99 0 0 199 199 199 199 99 0 0 99 199 199 99 99 199 99 99 99 99 199 99 199 199 199 99 99 99 199 99 99 199 99 0 99
2 1 88 0 4 1 1 140 0
2 1 88 8 4 1 1 140 0
2 1 88 16 4 1 1 140 0
2 1 88 24 4 1 1 140 0
2 1 88 32 4 1 1 140 0
2 1 88 40 4 1 1 140 0
2 1 88 48 4 1 1 140 0
2 1 88 56 4 1 1 140 0
2 1 88 64 4 1 1 140 0
2 1 88 72 4 1 1 140 0
2 1 88 80 4 1 1 140 0
2 1 88 88 4 1 1 140 0
2 1 88 96 4 1 64 140 0 0 0 0 0 0 0 0 0 0 0 0 0 0 0 0 0 0 0 0 0 0 0 0 0 0 0 0 0 0 0 0 0 0 0 0 0 0 0 0 0 0 0 0 0 0 0 0 0 0 0 0 0 0 0 0 99 99 0 0 0 0 0 0
2 1 88 104 4 1 64 140 99 0 0 0 0 0 0 0 99 0 99 0 0 0 0 0 99 99 99 0 0 0 0 0 99 99 99 0 0 0 0 0 0 99 99 0 0 0 0 0 0 99 0 0 0 0 99 0 99 99 0 99 0 99 0 0 0 99 0 0 99 99 99 0
2 1 88 112 4 1 64 140 99 99 0 0 0 0 0 0 0 0 0 0 0 0 99 0 99 99 0 0 0 0 0 0 99 0 99 0 0 0 0 0 99 99 0 0 0 0 0 0 0 99 0 0 0 0 0 0 99 99 0 0 99 0 0 0 99 99 99 0 99 0 0 0
2 1 88 120 4 1 64 140 99 99 0 0 99 0 0 0 99 0 99 0 0 0 0 0 99 99 0 0 0 0 0 0 0 0 0 0 0 0 0 0 99 0 0 0 0 0 0 0 99 99 0 99 0 0 0 0 99 99 0 0 0 0 0 0 99 0 0 0 99 0 0 0
2 1 96 0 4 1 1 140 0
2 1 96 8 4 1 1 140 0
2 1 96 16 4 1 1 140 0
2 1 96 24 4 1 1 140 0
2 1 96 32 4 1 1 140 0
2 1 96 40 4 1 1 140 0
2 1 96 48 4 1 1 140 0
2 1 96 56 4 1 1 140 0
2 1 96 64 4 1 1 140 0
2 1 96 72 4 1 1 140 0
2 1 96 80 4 1 1 140 0
2 1 96 88 4 1 1 140 0
2 1 96 96 4 1 1 140 0
2 1 96 104 4 1 1 140 0
2 1 96 112 4 1 1 140 0
2 1 96 120 4 1 1 140 0
2 1 104 0 4 64 64 140 140 140 140 0 0 0 0 140 140 140 140 0 0 0 0 140 140 140 140 0 0 0 0 140 140 140 140 0 0 0 0 140 140 140 140 0 0 0 0 140 140 140 140 0 0 0 0 140 140 140 140 0 0 0 0 140 140 140 140 0 0 0 0 0 99 99 2299 0 0 0 0 0 99 99 2599 0 0 0 0 0 99 99 2499 0 0 0 0 0 0 99 2399 0 0 0 0 0 99 99 2499 0 0 0 0 0 0 99 2499 0 0 0 0 0 0 99 2499 0 0 0 0 0 99 99 2399 0 0 0 0
2 1 104 8 4 64 64 140 140 140 140 0 0 0 0 140 140 140 140 0 0 0 0 140 140 140 140 0 0 0 0 140 140 140 140 0 0 0 0 140 140 140 140 0 0 0 0 140 140 140 140 0 0 0 0 140 140 140 140 0 0 0 0 140 140 140 140 0 0 0 0 0 0 99 2599 0 0 0 0 0 0 99 2499 0 0 0 0 0 0 99 2399 0 0 0 0 0 0 99 2599 0 0 0 0 0 0 99 2399 0 0 0 0 0 0 99 2499 0 0 0 0 0 0 99 2399 0 0 0 0 0 0 99 2399 0 0 0 0
2 1 104 16 4 64 64 140 140 140 140 0 0 0 0 140 140 140 140 0 0 0 0 140 140 140 140 0 0 0 0 140 140 140 140 0 0 0 0 140 140 140 140 0 0 0 0 140 140 140 140 0 0 0 0 140 140 140 140 0 0 0 0 140 140 140 140 0 0 0 0 0 0 99 2499 0 0 0 0 0 0 99 2299 0 0 0 0 0 0 99 2399 0 0 0 0 0 0 99 2399 0 0 0 0 0 0 99 2299 0 0 0 0 0 0 99 2299 0 0 0 0 0 0 99 2299 0 0 0 0 0 0 99 2199 0 0 0 0
2 1 104 24 4 64 64 140 140 140 140 0 0 0 0 140 140 140 140 0 0 0 0 140 140 140 140 0 0 0 0 140 140 140 140 0 0 0 0 140 140 140 140 0 0 0 0 140 140 140 140 0 0 0 0 140 140 140 140 0 0 0 0 140 140 140 140 0 0 0 0 0 0 99 2199 0 0 0 0 0 0 99 2099 0 0 0 0 0 0 99 2099 0 0 0 0 0 0 0 1899 0 0 0 0 0 0 99 1899 0 0 0 0 0 0 0 1799 0 0 0 0 0 0 0 1599 0 0 0 0 0 0 0 1599 0 0 0 0
2 1 104 32 4 64 64 140 140 140 140 0 0 0 0 140 140 140 140 0 0 0 0 140 140 140 140 0 0 0 0 140 140 140 140 0 0 0 0 140 140 140 140 0 0 0 0 140 140 140 140 0 0 0 0 140 140 140 140 0 0 0 0 140 140 140 140 0 0 0 0 0 0 0 1599 0 0 0 0 0 0 0 1399 0 0 0 0 0 0 0 1199 0 0 0 0 0 0 0 1199 0 0 0 0 0 0 0 999 0 0 0 0 0 0 0 899 0 0 0 0 0 0 0 799 0 0 0 0 0 0 0 699 0 0 0 0
2 1 104 40 4 64 64 140 140 140 140 0 0 0 0 140 140 140 140 0 0 0 0 140 140 140 140 0 0 0 0 140 140 140 140 0 0 0 0 140 140 140 140 0 0 0 0 140 140 140 140 0 0 0 0 140 140 140 140 0 0 0 0 140 140 140 140 0 0 0 0 0 0 0 799 0 0 0 0 0 0 0 699 0 0 0 0 0 0 0 699 0 0 0 0 0 0 0 499 0 0 0 0 0 0 0 399 0 0 0 0 0 0 0 399 0 0 0 0 0 0 0 199 0 0 0 0 0 0 0 199 0 0 0 0
2 1 104 48 4 64 64 140 140 140 140 0 0 0 0 140 140 140 140 0 0 0 0 140 140 140 140 0 0 0 0 140 140 140 140 0 0 0 0 140 140 140 140 0 0 0 0 140 140 140 140 0 0 0 0 140 140 140 140 0 0 0 0 140 140 140 140 0 0 0 0 0 0 0 199 0 0 0 0 0 0 0 99 0 0 0 0 0 0 0 99 0 0 0 0 0 0 0 99 0 0 0 0 0 0 0 99 0 0 0 0 0 0 0 199 0 0 0 0 0 0 0 199 0 0 0 0 0 0 0 199 0 0 0 0
2 1 104 56 4 64 64 140 140 140 140 0 0 0 0 140 140 140 140 0 0 0 0 140 140 140 140 0 0 0 0 140 140 140 140 0 0 0 0 140 140 140 140 0 0 0 0 140 140 140 140 0 0 0 0 140 140 140 140 0 0 0 0 140 140 140 140 0 0 0 0 0 0 0 99 0 0 0 0 0 0 0 99 0 0 0 0 0 0 0 99 0 0 0 0 0 0 0 0 0 0 0 0 0 0 0 0 0 0 0 0 0 0 0 0 0 0 0 0 0 0 0 99 0 0 0 0 0 0 0 99 0 0 0 0
2 1 104 64 4 64 64 140 140 140 140 0 0 0 0 140 140 140 140 0 0 0 0 140 140 140 140 0 0 0 0 140 140 140 140 0 0 0 0 140 140 140 140 0 0 0 0 140 140 140 140 0 0 0 0 140 140 140 140 0 0 0 0 140 140 140 140 0 0 0 0 0 0 0 99 0 0 0 0 0 0 0 99 0 0 0 0 0 0 0 199 0 0 0 0 0 0 0 0 0 0 0 0 0 0 0 99 0 0 0 0 0 0 0 99 0 0 0 0 0 0 0 99 0 0 0 0 0 0 0 199 0 0 0 0
2 1 104 72 4 64 64 140 140 140 140 0 0 0 0 140 140 140 140 0 0 0 0 140 140 140 140 0 0 0 0 140 140 140 140 0 0 0 0 140 140 140 140 0 0 0 0 140 140 140 140 0 0 0 0 140 140 140 140 0 0 0 0 140 140 140 140 0 0 0 0 0 0 0 299 0 0 0 0 0 0 0 299 0 0 0 0 0 0 0 299 0 0 0 0 0 0 0 399 0 0 0 0 0 0 0 199 0 0 0 0 0 0 0 199 0 0 0 0 0 0 0 99 0 0 0 0 0 0 0 99 0 0 0 0
2 1 104 80 4 64 64 140 140 140 140 0 0 0 0 140 140 140 140 0 0 0 0 140 140 140 140 0 0 0 0 140 140 140 140 0 0 0 0 140 140 140 140 0 0 0 0 140 140 140 140 0 0 0 0 140 140 140 140 0 0 0 0 140 140 140 140 0 0 0 0 0 0 0 199 0 0 0 0 0 0 0 199 0 0 0 0 0 0 0 199 0 0 0 0 0 0 0 99 0 0 0 0 0 0 0 299 0 0 0 0 0 0 0 299 0 0 0 0 0 0 0 299 0 0 0 0 0 0 0 299 0 0 0 0
2 1 104 88 4 64 64 140 140 140 140 0 0 0 0 140 140 140 140 0 0 0 0 140 140 140 140 0 0 0 0 140 140 140 140 0 0 0 0 140 140 140 140 0 0 0 0 140 140 140 140 0 0 0 0 140 140 140 140 0 0 0 0 140 140 140 140 0 0 0 0 0 0 0 99 0 0 0 0 0 0 0 199 0 0 0 0 0 0 0 99 0 0 0 0 0 0 0 99 0 0 0 0 0 0 0 0 0 0 0 0 0 0 0 199 0 0 0 0 0 0 0 199 0 0 0 0 0 0 0 199 0 0 0 0
2 1 104 96 4 64 64 140 140 140 140 0 0 0 0 140 140 140 140 0 0 0 0 140 140 140 140 0 0 0 0 140 140 140 140 0 0 0 0 140 140 140 140 0 0 0 0 140 140 140 140 0 0 0 0 140 140 140 140 0 0 0 0 140 140 140 140 0 0 0 0 0 0 0 299 0 0 0 0 0 0 0 199 0 0 0 0 0 0 0 299 0 0 0 0 0 0 0 99 0 0 0 0 0 0 0 99 0 0 0 0 0 0 0 99 0 0 0 0 0 0 0 0 0 0 0 0 0 0 0 99 0 0 0 0
2 1 104 104 4 64 64 140 140 140 140 0 0 0 0 140 140 140 140 0 0 0 0 140 140 140 140 0 0 0 0 140 140 140 140 0 0 0 0 140 140 140 140 0 0 0 0 140 140 140 140 0 0 0 0 140 140 140 140 0 0 0 0 140 140 140 140 0 0 0 0 0 0 0 199 0 0 0 0 0 0 0 99 0 0 0 0 0 0 0 199 0 0 0 0 0 0 0 299 0 0 0 0 0 0 0 299 0 0 0 0 0 0 0 199 0 0 0 0 0 0 0 199 0 0 0 0 0 0 0 99 0 0 0 0
2 1 104 112 4 64 64 140 140 140 140 0 0 0 0 140 140 140 140 0 0 0 0 140 140 140 140 0 0 0 0 140 140 140 140 0 0 0 0 140 140 140 140 0 0 0 0 140 140 140 140 0 0 0 0 140 140 140 140 0 0 0 0 140 140 140 140 0 0 0 0 0 0 0 99 0 0 0 0 0 0 0 0 0 0 0 0 0 0 0 0 0 0 0 0 0 0 0 0 0 0 0 0 0 0 0 99 0 0 0 0 0 0 0 199 0 0 0 0 0 0 0 299 0 0 0 0 0 0 0 99 0 0 0 0
2 1 104 120 4 64 64 140 140 140 140 0 0 0 0 140 140 140 140 0 0 0 0 140 140 140 140 0 0 0 0 140 140 140 140 0 0 0 0 140 140 140 140 0 0 0 0 140 140 140 140 0 0 0 0 140 140 140 140 0 0 0 0 140 140 140 140 0 0 0 0 0 0 0 199 0 0 0 0 0 0 0 99 0 0 0 0 0 0 0 0 0 0 0 0 0 0 0 0 0 0 0 0 0 0 0 99 0 0 0 0 0 0 0 99 0 0 0 0 0 0 0 99 0 0 0 0 0 0 0 199 0 0 0 0
2 1 112 0 4 1 1 0 0
2 1 112 8 4 1 1 0 0
2 1 112 16 4 1 1 0 0
2 1 112 24 4 1 1 0 0
2 1 112 32 4 1 1 0 0
2 1 112 40 4 1 1 0 0
2 1 112 48 4 1 1 0 0
2 1 112 56 4 1 1 0 0
2 1 112 64 4 1 1 0 0
2 1 112 72 4 1 1 0 0
2 1 112 80 4 1 1 0 0
2 1 112 88 4 1 1 0 0
2 1 112 96 4 1 1 0 0
2 1 112 104 4 1 1 0 0
2 1 112 112 4 1 1 0 0
2 1 112 120 4 1 1 0 0
2 1 120 0 4 1 1 0 0
2 1 120 8 4 1 1 0 0
2 1 120 16 4 1 1 0 0
2 1 120 24 4 1 1 0 0
2 1 120 32 4 1 1 0 0
2 1 120 40 4 1 1 0 0
2 1 120 48 4 1 1 0 0
2 1 120 56 4 1 1 0 0
2 1 120 64 4 1 1 0 0
2 1 120 72 4 1 1 0 0
2 1 120 80 4 1 1 0 0
2 1 120 88 4 1 1 0 0
2 1 120 96 4 1 1 0 0
2 1 120 104 4 1 1 0 0
2 1 120 112 4 1 1 0 0
2 1 120 120 4 1 1 0 0
2 2 0 0 4 1 1 140 0
2 2 0 8 4 1 1 140 0
2 2 0 16 4 1 1 140 0
2 2 0 24 4 1 1 140 0
2 2 0 32 4 1 1 140 0
2 2 0 40 4 1 1 140 0
2 2 0 48 4 1 1 140 0
2 2 0 56 4 1 1 140 0
2 2 0 64 4 1 1 140 0
2 2 0 72 4 1 1 140 0
2 2 0 80 4 1 1 140 0
2 2 0 88 4 1 1 140 0
2 2 0 96 4 1 64 140 0 0 0 0 0 0 0 0 0 0 0 0 0 0 0 0 0 0 0 0 0 0 0 0 0 0 0 0 0 0 0 0 199 199 199 199 299 299 399 299 99 99 199 199 299 399 399 399 299 199 299 199 399 299 399 399 399 299 299 399 299 399 499 399
2 2 0 104 4 64 64 140 140 140 140 140 140 140 140 140 140 140 140 140 140 140 140 140 140 140 140 140 140 140 140 140 140 140 140 140 140 140 140 140 140 140 140 140 140 140 140 0 0 0 0 0 0 0 0 0 0 0 0 0 0 0 0 0 0 0 0 0 0 0 0 299 299 399 399 399 499 499 599 399 399 499 599 399 499 599 699 499 699 499 599 499 599 599 599 499 499 599 799 599 599 799 699 399 799 799 599 799 599 799 599 0 0 0 0 0 0 0 0 0 0 0 0 0 0 0 0 0 0 0 0 0 0 0 0
2 2 0 112 4 1 1 0 0
2 2 0 120 4 1 1 0 0
2 2 8 0 4 1 1 140 0
2 2 8 8 4 1 1 140 0
2 2 8 16 4 1 1 140 0
2 2 8 24 4 1 1 140 0
2 2 8 32 4 1 1 140 0
2 2 8 40 4 1 1 140 0
2 2 8 48 4 1 1 140 0
2 2 8 56 4 1 1 140 0
2 2 8 64 4 1 1 140 0
2 2 8 72 4 1 1 140 0
2 2 8 80 4 1 1 140 0
2 2 8 88 4 1 1 140 0
2 2 8 96 4 1 64 140 0 0 0 0 0 0 0 0 0 0 0 0 0 0 0 0 0 0 0 0 0 0 0 0 0 0 0 0 0 0 0 0 399 299 399 299 299 499 399 399 399 499 399 399 599 399 699 499 399 399 499 599 599 799 599 799 399 599 599 599 599 799 699 599
2 2 8 104 4 64 64 140 140 140 140 140 140 140 140 140 140 140 140 140 140 140 140 140 140 140 140 140 140 140 140 140 140 140 140 140 140 140 140 140 140 140 140 140 140 140 140 0 0 0 0 0 0 0 0 0 0 0 0 0 0 0 0 0 0 0 0 0 0 0 0 599 599 399 599 599 799 799 799 599 599 599 599 799 799 799 799 699 599 599 599 799 799 799 799 799 599 599 699 799 799 799 999 599 699 799 699 699 699 999 699 0 0 0 0 0 0 0 0 0 0 0 0 0 0 0 0 0 0 0 0 0 0 0 0
2 2 8 112 4 1 1 0 0
2 2 8 120 4 1 1 0 0
2 2 16 0 4 1 1 140 0
2 2 16 8 4 1 1 140 0
2 2 16 16 4 1 1 140 0
2 2 16 24 4 1 1 140 0
2 2 16 32 4 1 1 140 0
2 2 16 40 4 1 1 140 0
2 2 16 48 4 1 1 140 0
2 2 16 56 4 1 1 140 0
2 2 16 64 4 1 1 140 0
2 2 16 72 4 1 1 140 0
2 2 16 80 4 1 1 140 0
2 2 16 88 4 1 1 140 0
2 2 16 96 4 1 64 140 0 0 0 0 0 0 0 0 0 0 0 0 0 0 0 0 0 0 0 0 0 0 0 0 0 0 0 0 0 0 0 0 499 499 499 499 399 599 699 599 599 499 599 799 599 699 799 599 599 699 799 799 599 799 799 599 599 699 799 599 799 799 799 799
2 2 16 104 4 64 64 140 140 140 140 140 140 140 140 140 140 140 140 140 140 140 140 140 140 140 140 140 140 140 140 140 140 140 140 140 140 140 140 140 140 140 140 140 140 140 140 0 0 0 0 0 0 0 0 0 0 0 0 0 0 0 0 0 0 0 0 0 0 0 0 799 699 799 599 799 799 799 799 699 799 799 799 799 799 799 799 799 699 799 799 799 799 799 799 799 799 799 799 999 899 799 899 799 699 999 999 799 799 799 999 0 0 0 0 0 0 0 0 0 0 0 0 0 0 0 0 0 0 0 0 0 0 0 0
2 2 16 112 4 1 1 0 0
2 2 16 120 4 1 1 0 0
2 2 24 0 4 1 1 140 0
2 2 24 8 4 1 1 140 0
2 2 24 16 4 1 1 140 0
2 2 24 24 4 1 1 140 0
2 2 24 32 4 1 1 140 0
2 2 24 40 4 1 1 140 0
2 2 24 48 4 1 1 140 0
2 2 24 56 4 1 1 140 0
2 2 24 64 4 1 1 140 0
2 2 24 72 4 1 1 140 0
2 2 24 80 4 1 1 140 0
2 2 24 88 4 1 1 140 0
2 2 24 96 4 1 64 140 0 0 0 0 0 0 0 0 0 0 0 0 0 0 0 0 0 0 0 0 0 0 0 0 0 0 0 0 0 0 0 0 599 599 799 799 599 599 799 799 599 599 799 699 799 599 799 799 599 799 799 799 899 999 799 799 799 599 799 699 899 999 999 799
2 2 24 104 4 64 64 140 140 140 140 140 140 140 140 140 140 140 140 140 140 140 140 140 140 140 140 140 140 140 140 140 140 140 140 140 140 140 140 140 140 140 140 140 140 140 140 0 0 0 0 0 0 0 0 0 0 0 0 0 0 0 0 0 0 0 0 0 0 0 0 799 999 799 999 799 899 999 899 999 799 899 999 899 999 799 899 799 799 799 799 899 999 899 999 799 999 999 799 899 999 999 999 799 999 999 899 999 899 999 999 0 0 0 0 0 0 0 0 0 0 0 0 0 0 0 0 0 0 0 0 0 0 0 0
2 2 24 112 4 1 1 0 0
2 2 24 120 4 1 1 0 0
2 2 32 0 4 1 1 140 0
2 2 32 8 4 1 1 140 0
2 2 32 16 4 1 1 140 0
2 2 32 24 4 1 1 140 0
2 2 32 32 4 1 1 140 0
2 2 32 40 4 1 1 140 0
2 2 32 48 4 1 1 140 0
2 2 32 56 4 1 1 140 0
2 2 32 64 4 1 1 140 0
2 2 32 72 4 1 1 140 0
2 2 32 80 4 1 1 140 0
2 2 32 88 4 1 1 140 0
2 2 32 96 4 1 64 140 0 0 0 0 0 0 0 0 0 0 0 0 0 0 0 0 0 0 0 0 0 0 0 0 0 0 0 0 0 0 0 0 599 799 299 0 0 0 0 0 799 899 699 199 0 0 0 0 799 799 799 799 499 0 0 0 799 799 699 799 799 799 399 299
2 2 32 104 4 64 64 140 140 140 140 140 140 140 140 140 140 140 140 140 140 140 140 140 140 140 140 140 140 140 140 140 140 140 140 140 140 140 140 140 140 140 140 140 140 140 140 0 0 0 0 0 0 0 0 0 0 0 0 0 0 0 0 0 0 0 0 0 0 0 0 999 899 799 799 799 899 799 799 999 799 899 899 999 799 699 799 999 999 999 899 899 899 999 899 999 999 999 899 999 999 999 999 899 799 999 899 999 999 999 899 0 0 0 0 0 0 0 0 0 0 0 0 0 0 0 0 0 0 0 0 0 0 0 0
2 2 32 112 4 1 1 0 0
2 2 32 120 4 1 1 0 0
2 2 40 0 4 1 1 140 0
2 2 40 8 4 1 1 140 0
2 2 40 16 4 1 1 140 0
2 2 40 24 4 1 1 140 0
2 2 40 32 4 1 1 140 0
2 2 40 40 4 1 1 140 0
2 2 40 48 4 1 1 140 0
2 2 40 56 4 1 1 140 0
2 2 40 64 4 1 1 140 0
2 2 40 72 4 1 1 140 0
2 2 40 80 4 1 1 140 0
2 2 40 88 4 1 1 140 0
2 2 40 96 4 1 64 140 0 0 0 0 0 0 0 0 0 0 0 0 0 0 0 0 0 0 0 0 0 0 0 0 0 0 0 0 0 0 0 0 0 0 0 0 0 0 0 0 0 0 0 0 0 0 0 0 0 0 0 0 0 0 99 199 199 199 299 299 399 399 499 599
2 2 40 104 4 64 64 140 140 140 140 140 140 140 140 140 140 140 140 140 140 140 140 140 140 140 140 140 140 140 140 140 140 140 140 140 140 140 140 140 140 140 140 140 140 140 140 0 0 0 0 0 0 0 0 0 0 0 0 0 0 0 0 0 0 0 0 0 0 0 0 799 699 799 799 799 799 799 999 799 799 999 799 999 799 799 799 999 999 899 999 999 999 999 999 999 899 999 999 899 899 999 999 999 799 999 999 999 999 999 899 0 0 0 0 0 0 0 0 0 0 0 0 0 0 0 0 0 0 0 0 0 0 0 0
2 2 40 112 4 1 1 0 0
2 2 40 120 4 1 1 0 0
2 2 48 0 4 1 64 140 199 99 99 99 199 99 0 99 0 99 99 99 99 99 99 0 199 99 199 99 0 199 99 99 99 0 99 99 99 99 99 99 0 0 99 199 99 99 199 0 0 0 99 99 99 99 99 99 0 0 99 0 0 99 99 0 0 0 199 0 99 0 99 0
2 2 48 8 4 1 64 140 0 99 0 199 99 199 99 0 0 199 0 99 0 99 99 0 0 99 99 99 199 99 199 99 0 199 99 99 99 99 199 99 0 199 99 99 99 99 199 99 0 99 0 0 0 99 0 99 0 199 99 199 99 99 199 199 0 99 99 99 99 0 0 99
2 2 48 16 4 1 64 140 99 0 99 0 0 99 99 99 99 99 0 99 99 0 0 0 99 99 99 99 0 0 0 199 99 99 199 99 99 199 0 199 99 199 99 0 99 99 99 99 99 99 99 99 0 99 199 199 99 99 99 99 99 99 199 0 0 0 199 0 99 99 99 0
2 2 48 24 4 1 64 140 0 0 99 99 0 199 99 199 199 0 0 99 99 0 0 99 99 0 99 0 99 99 0 99 99 0 0 199 99 99 199 0 99 99 99 99 99 99 0 0 0 99 0 99 199 99 0 199 199 0 99 99 99 99 199 99 0 99 199 99 0 99 199 99
2 2 48 32 4 1 64 140 99 99 99 199 99 199 299 199 0 0 0 199 199 199 99 199 199 199 0 299 99 199 199 199 199 99 99 299 299 99 199 199 0 99 99 99 199 199 199 299 99 199 0 99 299 199 199 199 199 99 99 299 99 199 299 199 0 99 0 199 199 199 299 199
2 2 48 40 4 1 64 140 0 99 99 199 299 199 299 199 0 99 99 199 99 99 299 199 0 99 0 199 199 299 199 199 99 0 0 199 199 299 99 99 99 99 99 199 299 199 299 199 199 0 0 199 299 99 199 299 99 99 99 199 199 99 199 199 99 99 199 299 199 199 299 299
2 2 48 48 4 1 64 140 0 199 99 199 99 199 299 99 0 199 199 299 199 299 199 99 99 0 199 99 299 199 99 199 199 99 199 299 299 199 199 299 99 199 199 99 299 199 199 199 199 199 299 199 99 199 99 99 99 299 99 199 99 199 199 199 299 299 299 99 199 199 299 199
2 2 48 56 4 1 64 140 199 199 299 199 199 99 199 199 199 299 299 299 299 199 299 199 299 199 99 99 99 199 99 299 199 299 199 99 99 199 299 299 299 299 99 199 299 199 199 199 99 199 199 99 199 199 299 299 199 199 299 199 99 199 299 99 199 99 99 199 199 299 99 199
2 2 48 64 4 1 64 140 299 99 199 199 199 199 99 199 199 199 199 199 99 199 199 199 99 299 199 199 199 199 299 199 199 99 299 199 199 299 99 299 99 199 299 199 299 99 99 199 299 199 199 199 99 199 99 199 199 199 199 99 199 199 199 299 199 199 99 199 299 199 199 299
2 2 48 72 4 1 64 140 199 299 199 199 199 199 199 99 299 199 199 199 299 99 199 99 99 99 0 99 99 99 99 99 99 99 0 99 99 0 99 99 0 0 99 99 199 99 99 199 99 99 99 99 99 99 99 99 99 99 99 99 99 99 99 99 99 199 99 99 0 99 99 199
2 2 48 80 4 1 64 140 0 199 99 99 99 0 0 199 199 99 99 199 0 0 0 99 99 99 99 99 99 99 99 99 99 99 0 199 199 99 0 99 99 99 0 199 0 99 0 0 99 0 0 99 0 99 0 199 99 99 99 199 99 99 199 99 99 99 0 0 99 99 0 99
2 2 48 88 4 1 64 140 199 99 99 99 0 99 99 99 99 0 99 99 199 199 0 99 99 99 99 99 99 99 0 0 99 99 199 199 0 99 199 0 0 0 0 0 0 0 0 0 0 0 0 0 0 0 0 0 0 0 0 0 0 0 0 0 0 0 0 0 0 0 0 0
2 2 48 96 4 1 64 140 0 0 0 0 0 0 0 99 0 0 0 0 0 0 99 399 0 0 0 0 0 99 299 699 0 0 0 0 99 399 799 699 0 0 0 199 299 599 799 799 0 99 199 399 699 799 799 999 199 499 699 799 799 699 899 799 799 799 799 999 799 999 999 799
2 2 48 104 4 64 64 140 140 140 140 140 140 140 140 140 140 140 140 140 140 140 140 140 140 140 140 140 140 140 140 140 140 140 140 140 140 140 140 140 140 140 140 140 140 140 140 0 0 0 0 0 0 0 0 0 0 0 0 0 0 0 0 0 0 0 0 0 0 0 0 699 799 799 899 799 799 799 799 699 799 899 699 899 699 799 799 899 999 999 899 899 799 999 999 999 799 899 999 999 999 999 999 999 999 899 899 899 999 899 999 0 0 0 0 0 0 0 0 0 0 0 0 0 0 0 0 0 0 0 0 0 0 0 0
2 2 48 112 4 1 1 0 0
2 2 48 120 4 1 1 0 0
2 2 56 0 4 1 64 140 99 0 0 0 99 99 99 199 199 99 0 99 99 99 0 99 99 199 99 99 99 0 199 0 99 99 99 199 199 0 0 0 99 99 0 0 0 0 0 199 99 99 199 99 99 99 99 199 0 99 199 99 99 99 99 99 199 0 199 0 0 99 0 99
2 2 56 8 4 1 64 140 199 99 0 199 99 99 0 99 0 199 99 99 0 99 0 299 99 99 99 99 199 199 99 199 0 99 99 99 199 199 299 199 99 199 99 99 199 99 199 199 99 99 99 0 99 199 299 199 99 99 199 199 199 199 99 299 99 0 99 0 99 199 99 199
2 2 56 16 4 1 64 140 0 99 99 99 199 199 299 199 99 99 99 0 299 199 199 99 99 99 0 99 199 299 99 299 199 0 99 199 199 199 199 299 199 99 99 299 99 199 199 99 99 0 199 299 199 299 299 99 99 99 99 199 299 199 299 199 99 199 99 199 99 99 199 199
2 2 56 24 4 1 64 140 99 199 299 299 299 99 99 199 199 99 99 199 199 199 199 199 0 299 199 199 199 299 199 199 199 99 199 199 199 199 199 299 99 199 199 199 99 199 99 299 299 99 199 299 199 299 199 299 299 199 199 199 199 199 199 99 199 299 199 199 99 199 299 299
2 2 56 32 4 1 64 140 99 199 199 199 199 199 299 99 299 199 299 299 199 299 299 99 299 199 199 199 199 199 199 199 199 299 199 199 199 199 199 199 199 199 199 199 199 99 199 299 199 99 299 99 199 199 99 299 299 199 199 99 199 299 199 199 199 99 299 199 299 199 299 199
2 2 56 40 4 1 64 140 299 99 299 199 199 199 199 199 99 299 199 199 199 99 199 299 199 199 99 199 199 199 99 199 99 99 199 299 199 299 199 99 99 199 199 99 199 199 199 99 99 199 199 199 199 199 299 99 99 99 99 199 299 199 299 199 199 299 199 199 99 199 199 299
2 2 56 48 4 1 64 140 199 199 199 199 299 199 299 199 199 199 199 299 199 199 99 99 299 199 299 199 199 99 299 199 199 299 199 199 299 199 99 199 199 199 199 199 299 199 199 99 199 299 199 99 299 99 199 199 199 99 199 299 199 299 299 199 299 199 299 199 299 199 199 99
2 2 56 56 4 1 64 140 99 99 199 199 199 199 99 199 199 199 99 99 99 299 299 199 199 299 199 199 199 199 199 199 99 299 199 199 299 199 199 199 299 199 199 199 199 199 199 199 199 199 299 199 299 199 99 99 99 199 299 199 199 299 299 199 199 199 199 199 99 299 99 199
2 2 56 64 4 1 64 140 299 199 299 99 199 299 199 99 199 199 199 299 99 199 99 199 99 199 199 199 199 199 199 199 199 199 99 99 99 199 199 199 199 299 99 299 299 199 199 199 199 199 199 199 199 99 199 199 99 299 199 199 199 199 199 99 99 299 99 199 99 299 299 299
2 2 56 72 4 1 64 140 299 199 99 99 199 199 0 0 199 199 199 199 99 99 0 199 99 199 99 99 99 99 99 0 99 99 99 0 0 99 0 99 99 199 99 0 99 199 99 0 99 199 99 0 99 0 99 99 99 199 0 99 99 199 99 99 99 0 0 99 199 0 99 99
2 2 56 80 4 1 64 140 99 99 199 99 0 99 99 99 199 99 99 0 99 199 99 99 0 99 199 99 0 99 99 99 199 99 99 99 99 0 99 99 0 99 99 0 0 99 99 99 99 0 99 0 99 0 0 99 199 0 99 99 99 99 0 0 0 199 99 99 99 199 99 99
2 2 56 88 4 1 64 140 199 0 99 0 199 199 199 199 0 99 99 0 99 199 99 0 99 99 199 0 99 199 99 99 199 199 99 99 0 0 0 0 0 0 0 0 0 0 0 0 0 0 0 0 0 0 0 0 0 0 0 0 0 0 0 0 0 199 299 99 199 0 99 0
2 2 56 96 4 1 64 140 299 499 599 599 599 599 499 499 699 899 799 799 999 999 999 799 799 799 899 799 799 899 999 799 799 799 799 799 699 799 799 899 999 799 999 999 699 899 999 699 999 899 999 999 799 799 999 799 699 999 699 799 999 799 799 999 799 799 999 899 699 799 799 799
2 2 56 104 4 64 64 140 140 140 140 140 140 140 140 140 140 140 140 140 140 140 140 140 140 140 140 140 140 140 140 140 140 140 140 140 140 140 140 140 140 140 140 140 140 140 140 0 0 0 0 0 0 0 0 0 0 0 0 0 0 0 0 0 0 0 0 0 0 0 0 799 799 799 799 799 799 999 799 899 799 999 799 799 999 999 899 799 999 799 899 899 999 999 999 999 999 999 999 999 999 899 999 899 799 899 999 899 899 799 999 0 0 0 0 0 0 0 0 0 0 0 0 0 0 0 0 0 0 0 0 0 0 0 0
2 2 56 112 4 1 1 0 0
2 2 56 120 4 1 1 0 0
2 2 64 0 4 1 64 140 99 0 99 99 99 99 99 0 0 99 0 0 0 0 99 99 99 99 99 199 99 99 99 199 0 199 0 199 99 0 199 199 99 99 99 0 199 199 99 199 199 199 99 99 99 99 99 199 0 99 99 199 299 99 199 199 99 199 299 199 199 99 199 299
2 2 64 8 4 1 64 140 199 299 99 99 99 99 199 199 199 199 299 199 199 199 299 199 199 199 99 199 99 199 199 199 199 99 99 299 199 199 199 99 199 199 199 299 99 99 199 199 199 299 199 199 199 199 299 199 299 299 99 299 99 99 199 299 199 199 99 99 299 199 199 199
2 2 64 16 4 1 64 140 99 199 299 199 199 299 99 299 199 99 299 199 199 299 99 199 99 299 199 199 199 199 199 199 299 199 199 99 299 199 99 199 299 299 99 99 199 199 199 199 99 99 199 199 199 199 199 199 199 199 199 199 199 199 199 299 99 299 199 199 199 299 199 199
2 2 64 24 4 1 64 140 199 199 199 99 299 99 199 99 199 299 199 199 199 199 199 199 199 99 199 199 299 199 299 99 99 199 199 199 199 99 199 199 199 299 299 199 299 299 199 199 199 199 99 99 199 199 199 99 299 199 199 199 299 199 299 199 99 199 199 299 299 199 99 99
2 2 64 32 4 1 64 140 199 199 199 199 199 199 99 199 199 99 199 199 299 299 199 199 99 199 199 199 199 299 199 199 199 199 199 199 99 199 199 299 99 199 299 199 199 99 199 199 199 99 99 199 199 199 199 199 99 199 99 299 199 199 299 99 199 199 199 199 199 199 299 199
2 2 64 40 4 1 64 140 99 199 199 299 299 99 199 199 199 99 199 299 199 199 199 99 199 199 299 199 199 199 199 299 299 199 199 199 199 199 99 299 99 199 199 199 199 199 199 299 299 199 199 199 299 99 199 199 199 199 199 199 199 199 99 199 199 199 99 199 199 199 199 199
2 2 64 48 4 1 64 140 299 199 199 99 199 299 199 299 299 199 99 99 199 199 299 299 199 99 199 199 199 99 199 199 299 99 299 199 199 299 199 99 299 199 199 299 199 199 199 99 199 199 199 299 99 199 199 199 299 199 99 199 99 199 199 299 99 299 299 199 299 199 199 199
2 2 64 56 4 1 64 140 199 199 199 199 199 199 199 99 99 299 299 199 199 99 199 199 199 99 199 199 199 99 199 199 99 199 199 199 299 199 199 199 199 199 99 299 299 99 199 299 199 199 199 199 199 299 199 199 199 99 199 99 199 99 99 199 199 299 199 99 199 199 199 299
2 2 64 64 4 1 64 140 199 299 199 299 99 199 199 199 199 199 199 199 199 199 199 299 199 199 299 199 199 299 299 199 199 199 199 199 199 199 199 199 199 199 199 199 199 199 99 199 299 199 199 99 199 199 0 199 199 199 199 99 99 0 99 99 199 299 99 99 99 99 199 99
2 2 64 72 4 1 64 140 199 99 99 0 99 0 199 99 199 0 99 0 99 99 0 0 99 0 199 99 99 0 99 99 199 99 0 199 99 99 0 99 199 99 199 99 0 0 99 99 99 99 99 99 99 99 99 0 0 99 0 99 99 0 99 0 99 99 99 0 0 199 0 199
2 2 64 80 4 1 64 140 99 0 99 99 99 199 0 99 99 0 0 99 99 199 0 99 99 0 99 99 0 0 99 199 0 99 99 99 199 0 0 99 0 99 99 0 0 199 0 99 99 0 199 0 99 99 99 99 0 99 99 0 99 99 0 99 99 199 99 0 0 99 0 199
2 2 64 88 4 1 64 140 99 0 0 99 99 99 99 0 199 99 99 99 0 0 0 0 0 0 0 0 0 0 0 0 0 0 0 0 0 0 0 0 0 0 0 0 0 0 0 0 0 0 0 0 0 0 0 0 0 0 0 0 0 0 299 399 199 99 199 199 199 499 599 799
2 2 64 96 4 1 64 140 699 599 599 599 699 799 799 799 999 799 799 999 799 699 799 799 799 999 999 799 799 799 799 699 899 899 999 799 999 799 799 899 799 799 799 999 799 799 799 799 799 799 999 699 799 999 999 799 899 799 799 799 799 799 799 999 799 899 799 999 999 999 899 999
2 2 64 104 4 64 64 140 140 140 140 140 140 140 140 140 140 140 140 140 140 140 140 140 140 140 140 140 140 140 140 140 140 140 140 140 140 140 140 140 140 140 140 140 140 140 140 0 0 0 0 0 0 0 0 0 0 0 0 0 0 0 0 0 0 0 0 0 0 0 0 999 999 999 999 999 999 899 699 799 999 799 999 999 899 899 899 999 999 999 699 999 899 999 999 999 999 999 999 999 899 699 999 999 999 999 899 899 899 999 899 0 0 0 0 0 0 0 0 0 0 0 0 0 0 0 0 0 0 0 0 0 0 0 0
2 2 64 112 4 1 1 0 0
2 2 64 120 4 1 1 0 0
2 2 72 0 4 1 64 140 0 199 199 199 199 199 199 199 199 99 199 199 99 199 299 199 299 199 299 299 199 199 299 299 99 199 199 99 299 299 99 199 199 199 199 199 299 199 299 199 299 299 199 299 199 199 199 299 199 199 299 299 199 199 199 299 299 199 199 199 199 99 99 299
2 2 72 8 4 1 64 140 199 199 199 199 299 199 299 199 199 99 199 199 199 299 99 199 99 99 199 199 199 199 299 199 199 199 199 299 99 299 199 199 299 299 199 299 199 199 199 199 99 99 199 199 99 199 99 199 99 199 99 299 99 199 299 199 299 199 99 199 299 199 99 199
2 2 72 16 4 1 64 140 99 199 299 199 199 199 299 99 199 199 199 199 199 299 199 299 199 199 199 99 299 299 99 199 299 299 299 99 199 199 199 299 299 99 199 199 99 199 299 199 299 199 299 199 199 199 199 99 99 99 199 199 299 99 199 99 199 199 299 199 299 199 299 99
2 2 72 24 4 1 64 140 199 199 199 199 199 199 299 199 199 199 199 199 199 99 199 199 199 199 99 299 299 199 199 299 199 199 199 199 199 199 299 199 299 299 199 199 199 99 199 99 299 199 299 199 199 199 299 199 199 199 299 99 199 199 299 299 199 299 299 199 199 199 199 199
2 2 72 32 4 1 64 140 199 99 199 299 199 99 99 199 299 199 199 199 199 199 199 199 199 199 299 199 199 199 199 199 299 199 199 99 99 199 199 199 299 299 199 299 199 199 199 199 199 99 199 299 199 299 199 199 199 99 199 199 199 299 199 199 199 199 199 299 99 199 199 199
2 2 72 40 4 1 64 140 199 199 199 299 199 199 199 199 99 199 199 299 99 199 199 199 99 199 199 199 199 99 199 199 199 299 199 99 99 199 199 299 99 199 99 199 299 99 199 199 99 199 299 199 199 199 199 199 299 199 199 199 199 299 299 199 199 299 199 199 199 299 199 199
2 2 72 48 4 1 64 140 299 199 199 199 99 199 99 199 199 299 199 99 299 299 299 199 299 99 199 199 199 299 99 199 199 99 299 199 199 199 299 199 199 199 199 99 299 199 199 299 199 99 299 99 299 299 199 199 199 199 199 199 199 199 199 199 199 199 99 299 299 199 199 99
2 2 72 56 4 1 64 140 199 99 199 199 99 199 199 199 199 199 199 199 299 199 199 199 199 199 199 199 99 199 199 199 299 199 199 299 299 199 199 199 199 199 299 99 199 199 299 199 199 299 99 199 299 99 299 199 99 199 99 199 299 299 199 199 99 99 299 199 299 99 99 99
2 2 72 64 4 1 64 140 199 199 99 199 199 199 99 99 299 199 199 199 99 99 0 99 299 199 199 199 0 99 199 0 99 99 0 0 99 99 0 0 99 0 99 99 99 99 99 99 99 0 99 199 0 99 99 0 99 99 199 99 199 99 199 99 0 99 99 99 0 99 99 99
2 2 72 72 4 1 64 140 0 99 99 0 99 99 99 0 99 99 0 199 99 99 0 0 199 99 99 0 0 99 0 0 99 199 99 99 199 99 0 99 0 0 0 199 199 99 99 0 99 99 99 99 0 99 99 199 99 99 199 199 99 0 99 99 0 99 0 0 199 99 99 99
2 2 72 80 4 1 64 140 199 199 99 0 99 99 0 199 99 0 99 0 99 0 199 0 99 0 199 199 0 99 99 99 0 199 199 99 199 0 99 199 99 99 199 99 0 99 99 0 99 99 0 99 0 199 0 0 99 99 0 99 0 0 0 0 0 0 0 0 0 0 0 0
2 2 72 88 4 1 64 140 0 0 0 0 0 0 0 0 0 0 0 0 0 0 0 99 0 0 0 0 0 0 199 399 0 0 0 0 99 399 499 699 0 0 99 399 499 699 599 799 99 299 499 599 799 699 699 699 499 799 799 799 799 599 899 699 999 799 799 799 899 699 699 599
2 2 72 96 4 1 64 140 799 699 899 999 799 699 699 699 899 999 799 699 799 799 699 899 699 899 999 999 799 599 699 899 999 999 799 799 799 699 899 799 999 899 799 999 799 899 899 899 799 999 799 899 899 899 899 799 999 999 999 999 899 799 899 699 999 899 799 999 899 799 899 899
2 2 72 104 4 64 64 140 140 140 140 140 140 140 140 140 140 140 140 140 140 140 140 140 140 140 140 140 140 140 140 140 140 140 140 140 140 140 140 140 140 140 140 140 140 140 140 0 0 0 0 0 0 0 0 0 0 0 0 0 0 0 0 0 0 0 0 0 0 0 0 899 999 999 999 899 799 899 699 999 899 999 999 899 899 899 799 999 999 999 999 899 799 899 799 999 999 999 999 899 899 899 899 999 999 999 999 899 899 799 899 0 0 0 0 0 0 0 0 0 0 0 0 0 0 0 0 0 0 0 0 0 0 0 0
2 2 72 112 4 1 1 0 0
2 2 72 120 4 1 1 0 0
2 2 80 0 4 1 64 140 199 199 199 199 199 99 199 99 199 99 199 199 99 99 99 99 199 199 199 199 99 99 99 99 199 199 199 199 99 199 199 99 199 199 199 199 99 99 99 99 299 99 199 199 99 99 99 99 199 199 99 199 99 99 99 99 99 199 199 99 99 199 199 99
2 2 80 8 4 1 64 140 299 199 199 99 99 99 99 99 299 199 199 99 199 99 99 99 299 199 99 99 99 199 99 99 99 199 199 99 99 99 199 99 199 199 199 199 99 199 99 99 99 199 199 199 99 99 99 99 199 199 199 99 99 199 199 99 99 199 199 99 99 199 99 99
2 2 80 16 4 1 64 140 299 199 199 99 99 99 99 99 199 199 199 199 99 99 199 99 99 99 199 99 99 199 99 99 199 199 199 99 99 99 99 99 199 199 199 199 99 99 199 199 199 199 199 199 99 99 199 99 199 199 199 99 99 99 199 99 99 199 199 99 99 99 99 199
2 2 80 24 4 1 64 140 299 199 99 99 99 99 99 99 299 99 99 99 99 99 99 99 199 199 199 199 99 99 199 99 199 199 199 99 199 99 99 99 199 199 199 99 199 199 99 99 99 99 199 199 99 99 199 99 299 199 199 99 99 199 99 99 199 199 199 99 199 99 99 99
2 2 80 32 4 1 64 140 199 199 199 99 99 99 99 99 99 199 199 199 199 199 99 99 99 199 199 199 99 99 199 99 199 199 199 99 99 99 99 99 199 199 99 199 99 199 199 99 199 199 199 99 99 199 199 99 199 199 199 99 99 99 199 99 199 199 99 99 99 199 99 99
2 2 80 40 4 1 64 140 299 199 199 99 99 99 99 199 99 199 199 99 99 99 99 99 199 199 199 99 99 99 199 99 299 199 199 199 99 99 199 99 299 199 199 99 99 99 99 99 99 199 199 199 99 99 199 99 299 199 99 99 99 99 99 99 99 199 199 99 99 99 99 99
2 2 80 48 4 1 64 140 299 199 199 99 199 199 199 99 199 199 199 99 99 99 199 99 199 99 199 199 99 99 99 199 199 199 99 99 199 99 99 0 199 199 199 99 99 99 99 99 99 199 199 99 199 199 99 0 199 99 99 99 99 99 99 99 199 199 99 99 199 99 0 0
2 2 80 56 4 1 64 140 199 199 199 99 99 99 0 99 199 199 199 99 99 99 99 99 199 199 99 199 99 99 0 0 199 199 199 0 99 99 99 0 199 199 99 99 99 99 99 0 199 199 0 99 99 99 99 99 199 0 99 0 99 99 0 99 199 199 99 99 99 99 99 0
2 2 80 64 4 1 64 140 199 99 199 99 99 99 99 99 0 99 99 0 99 99 0 99 199 99 99 99 99 99 0 99 99 0 0 99 99 99 99 99 199 199 99 99 99 99 99 99 99 99 99 0 99 0 99 0 0 0 199 99 0 99 99 0 99 0 199 99 99 99 99 99
2 2 80 72 4 1 64 140 0 99 99 0 0 99 0 0 0 99 99 99 99 99 0 0 199 0 99 0 99 99 0 0 99 199 99 0 99 0 99 99 0 99 99 0 99 99 99 0 99 99 0 0 99 0 99 99 199 199 0 99 99 99 99 99 99 199 99 99 99 99 99 0
2 2 80 80 4 1 64 140 99 199 99 99 99 0 0 0 99 0 99 99 99 0 0 99 99 99 0 0 0 0 99 299 99 99 0 0 0 99 199 399 0 0 0 0 99 199 399 399 0 0 0 0 299 399 599 399 0 0 0 299 499 499 599 399 0 0 299 399 499 599 599 499
2 2 80 88 4 1 64 140 99 199 599 599 499 599 599 499 399 499 599 599 699 599 399 499 699 599 799 699 499 499 599 399 799 799 699 599 499 499 399 399 799 599 799 599 499 599 499 399 699 599 799 699 599 599 399 399 699 599 699 699 499 499 599 399 699 799 799 599 499 499 399 499
2 2 80 96 4 1 64 140 699 599 499 699 599 599 399 499 799 599 599 599 699 499 599 499 799 599 599 699 599 599 599 399 799 799 799 699 599 599 599 499 899 799 799 699 499 499 599 399 799 799 699 699 599 599 499 499 899 799 699 699 699 599 599 499 699 599 799 699 599 599 499 499
2 2 80 104 4 64 64 140 140 140 140 140 140 140 140 140 140 140 140 140 140 140 140 140 140 140 140 140 140 140 140 140 140 140 140 140 140 140 140 140 140 140 140 140 140 140 140 0 0 0 0 0 0 0 0 0 0 0 0 0 0 0 0 0 0 0 0 0 0 0 0 799 799 799 699 699 599 599 399 899 799 799 699 699 599 599 499 799 599 699 699 699 599 599 499 699 799 799 699 599 599 499 499 799 599 799 699 699 599 499 499 0 0 0 0 0 0 0 0 0 0 0 0 0 0 0 0 0 0 0 0 0 0 0 0
2 2 80 112 4 1 1 0 0
2 2 80 120 4 1 1 0 0
2 2 88 0 4 1 64 140 99 0 0 0 0 0 0 0 99 0 0 0 0 0 0 0 0 0 0 0 0 0 0 0 0 99 0 0 0 0 0 0 99 0 0 0 99 0 0 0 0 0 0 99 0 0 0 0 0 99 0 0 0 0 0 0 99 99 0 0 0 0 0 0
2 2 88 8 4 1 64 140 99 0 0 0 0 0 0 0 0 99 99 0 0 0 0 0 0 99 99 99 0 0 0 0 99 99 0 99 0 0 0 0 99 99 99 0 0 0 0 0 99 99 99 99 0 0 0 0 99 99 99 99 99 0 0 0 99 99 99 99 0 0 0 0
2 2 88 16 4 1 64 140 99 0 99 99 0 0 0 0 99 99 99 99 0 0 0 0 99 99 99 99 99 99 0 0 99 99 0 99 0 0 0 0 99 99 0 99 0 0 0 0 0 99 99 99 99 0 0 0 99 0 99 99 0 0 0 0 99 99 99 99 0 0 0 0
2 2 88 24 4 1 64 140 99 0 99 99 99 99 0 0 99 0 99 99 0 0 0 0 99 99 99 99 0 0 0 0 99 99 99 99 0 0 0 0 99 0 99 99 0 0 0 0 99 99 99 99 0 99 0 0 99 99 99 99 0 0 0 0 99 99 99 99 0 0 0 0
2 2 88 32 4 1 64 140 0 99 99 99 0 0 0 0 99 99 99 99 0 0 0 0 99 99 0 99 99 99 0 0 99 99 99 99 0 0 0 0 99 99 99 99 99 0 0 0 99 0 99 0 99 0 0 0 0 0 99 0 0 0 0 0 99 0 99 99 0 0 0 0
2 2 88 40 4 1 64 140 99 99 99 99 99 0 0 0 99 99 99 99 0 0 0 0 99 99 99 99 0 0 0 0 99 99 99 99 0 0 0 0 99 99 0 0 0 0 0 0 99 0 0 0 0 0 0 0 0 99 0 0 0 0 0 0 99 99 0 0 0 0 0 0
2 2 88 48 4 1 64 140 99 0 0 0 0 0 0 0 99 0 0 0 0 0 0 0 99 0 0 0 0 0 0 0 0 99 0 0 0 0 0 0 0 99 0 99 0 0 0 0 0 0 0 0 0 0 0 0 0 0 99 0 0 0 0 0 0 0 0 0 0 0 0 0
2 2 88 56 4 1 64 140 0 0 0 0 0 0 0 0 0 0 0 0 0 0 0 0 0 0 0 0 0 0 0 0 0 0 0 99 0 0 0 0 99 0 99 0 0 0 0 0 99 0 0 0 0 0 0 0 0 0 0 0 0 0 0 0 0 99 0 0 0 0 0 0
2 2 88 64 4 1 64 140 99 0 0 0 0 0 0 0 0 0 0 0 0 0 0 0 0 0 0 0 0 0 0 99 0 0 0 0 0 0 0 99 0 0 0 99 0 0 99 99 99 99 0 0 0 0 99 99 0 0 0 0 0 99 99 99 0 99 0 0 99 99 99 99
2 2 88 72 4 1 64 140 0 0 99 99 99 99 99 99 0 99 0 99 99 99 99 99 99 0 0 99 99 99 99 99 0 0 99 199 199 99 99 99 0 0 99 199 199 99 99 99 0 0 99 199 199 99 99 99 0 199 299 199 199 99 99 99 0 199 199 199 199 99 99 99
2 2 88 80 4 1 64 140 199 299 299 199 199 199 99 99 299 299 299 199 199 199 99 99 299 299 299 199 99 99 99 99 299 299 299 199 199 99 99 99 399 299 299 199 199 199 99 99 299 299 299 199 199 199 99 99 399 399 299 199 199 99 99 99 399 299 299 199 199 199 99 99
2 2 88 88 4 1 64 140 399 299 299 199 199 99 99 99 399 399 299 199 199 199 99 99 299 299 299 199 199 199 99 99 299 299 199 199 199 199 99 99 399 299 299 199 199 199 99 99 299 299 299 199 199 199 99 99 299 399 299 299 199 199 99 99 299 399 299 199 199 199 99 99
2 2 88 96 4 1 64 140 399 299 299 299 199 199 99 99 399 399 299 199 199 199 99 99 399 299 299 199 199 99 99 99 399 399 299 199 199 199 99 99 399 299 299 299 199 199 99 99 399 399 299 199 199 99 99 99 399 399 299 299 199 199 99 99 399 299 299 199 199 199 99 99
2 2 88 104 4 64 64 140 140 140 140 140 140 140 140 140 140 140 140 140 140 140 140 140 140 140 140 140 140 140 140 140 140 140 140 140 140 140 140 140 140 140 140 140 140 140 140 0 0 0 0 0 0 0 0 0 0 0 0 0 0 0 0 0 0 0 0 0 0 0 0 399 299 299 299 199 199 99 99 499 299 299 199 199 199 99 99 399 399 299 199 199 199 99 99 399 399 299 299 199 199 99 99 399 299 199 299 199 199 99 99 0 0 0 0 0 0 0 0 0 0 0 0 0 0 0 0 0 0 0 0 0 0 0 0
2 2 88 112 4 1 1 0 0
2 2 88 120 4 1 1 0 0
2 2 96 0 4 1 1 140 0
2 2 96 8 4 1 1 140 0
2 2 96 16 4 1 1 140 0
2 2 96 24 4 1 1 140 0
2 2 96 32 4 1 1 140 0
2 2 96 40 4 1 1 140 0
2 2 96 48 4 1 1 140 0
2 2 96 56 4 1 1 140 0
2 2 96 64 4 1 64 140 0 0 0 0 0 0 0 0 0 0 0 0 0 0 0 0 99 0 0 0 0 0 0 0 99 0 0 0 0 0 0 0 0 0 0 0 0 0 0 0 99 0 0 0 0 0 0 0 99 0 0 0 0 0 0 0 99 0 0 0 0 0 0 0
2 2 96 72 4 1 64 140 99 0 0 0 0 0 0 0 0 0 0 0 0 0 0 0 0 0 0 0 0 0 0 0 99 99 0 0 0 0 0 0 0 0 0 0 0 0 0 0 99 0 0 0 0 0 0 0 99 0 0 0 0 0 0 0 99 0 0 0 0 0 0 0
2 2 96 80 4 1 64 140 99 0 0 0 0 0 0 0 99 0 0 0 0 0 0 0 99 99 0 0 0 0 0 0 99 0 0 0 0 0 0 0 99 0 0 0 0 0 0 0 99 0 0 0 0 0 0 0 99 0 0 0 0 0 0 0 99 0 0 0 0 0 0 0
2 2 96 88 4 1 64 140 99 0 0 0 0 0 0 0 99 0 0 0 0 0 0 0 99 99 0 0 0 0 0 0 99 99 0 0 0 0 0 0 99 99 0 0 0 0 0 0 99 99 0 0 0 0 0 0 99 99 0 0 0 0 0 0 99 0 0 0 0 0 0 0
2 2 96 96 4 1 64 140 99 99 0 0 0 0 0 0 99 99 0 0 0 0 0 0 99 0 0 0 0 0 0 0 99 0 0 0 0 0 0 0 99 0 0 0 0 0 0 0 99 99 0 0 0 0 0 0 99 0 0 0 0 0 0 0 99 99 0 0 0 0 0 0
2 2 96 104 4 64 64 140 140 140 140 140 140 140 140 140 140 140 140 140 140 140 140 140 140 140 140 140 140 140 140 140 140 140 140 140 140 140 140 140 140 140 140 140 140 140 140 0 0 0 0 0 0 0 0 0 0 0 0 0 0 0 0 0 0 0 0 0 0 0 0 99 0 0 0 0 0 0 0 99 99 0 0 0 0 0 0 99 99 0 0 0 0 0 0 99 0 0 0 0 0 0 0 99 99 0 0 0 0 0 0 0 0 0 0 0 0 0 0 0 0 0 0 0 0 0 0 0 0 0 0 0 0 0 0
2 2 96 112 4 1 1 0 0
2 2 96 120 4 1 1 0 0
2 2 104 0 4 64 64 140 140 140 140 0 0 0 0 140 140 140 140 0 0 0 0 140 140 140 140 0 0 0 0 140 140 140 140 0 0 0 0 140 140 140 140 0 0 0 0 140 140 140 140 0 0 0 0 140 140 140 140 0 0 0 0 140 140 140 140 0 0 0 0 0 0 0 199 0 0 0 0 0 0 0 299 0 0 0 0 0 0 0 299 0 0 0 0 0 0 0 299 0 0 0 0 0 0 0 199 0 0 0 0 0 0 0 199 0 0 0 0 0 0 0 199 0 0 0 0 0 0 0 199 0 0 0 0
2 2 104 8 4 64 64 140 140 140 140 0 0 0 0 140 140 140 140 0 0 0 0 140 140 140 140 0 0 0 0 140 140 140 140 0 0 0 0 140 140 140 140 0 0 0 0 140 140 140 140 0 0 0 0 140 140 140 140 0 0 0 0 140 140 140 140 0 0 0 0 0 0 0 199 0 0 0 0 0 0 0 199 0 0 0 0 0 0 0 199 0 0 0 0 0 0 0 299 0 0 0 0 0 0 0 399 0 0 0 0 0 0 0 299 0 0 0 0 0 0 0 299 0 0 0 0 0 0 0 199 0 0 0 0
2 2 104 16 4 64 64 140 140 140 140 0 0 0 0 140 140 140 140 0 0 0 0 140 140 140 140 0 0 0 0 140 140 140 140 0 0 0 0 140 140 140 140 0 0 0 0 140 140 140 140 0 0 0 0 140 140 140 140 0 0 0 0 140 140 140 140 0 0 0 0 0 0 0 199 0 0 0 0 0 0 0 199 0 0 0 0 0 0 0 199 0 0 0 0 0 0 0 299 0 0 0 0 0 0 0 199 0 0 0 0 0 0 0 299 0 0 0 0 0 0 0 299 0 0 0 0 0 0 0 299 0 0 0 0
2 2 104 24 4 64 64 140 140 140 140 0 0 0 0 140 140 140 140 0 0 0 0 140 140 140 140 0 0 0 0 140 140 140 140 0 0 0 0 140 140 140 140 0 0 0 0 140 140 140 140 0 0 0 0 140 140 140 140 0 0 0 0 140 140 140 140 0 0 0 0 0 0 0 299 0 0 0 0 0 0 0 299 0 0 0 0 0 0 0 299 0 0 0 0 0 0 0 199 0 0 0 0 0 0 0 299 0 0 0 0 0 0 0 99 0 0 0 0 0 0 0 199 0 0 0 0 0 0 0 199 0 0 0 0
2 2 104 32 4 64 64 140 140 140 140 0 0 0 0 140 140 140 140 0 0 0 0 140 140 140 140 0 0 0 0 140 140 140 140 0 0 0 0 140 140 140 140 0 0 0 0 140 140 140 140 0 0 0 0 140 140 140 140 0 0 0 0 140 140 140 140 0 0 0 0 0 0 0 299 0 0 0 0 0 0 0 99 0 0 0 0 0 0 0 299 0 0 0 0 0 0 0 399 0 0 0 0 0 0 0 399 0 0 0 0 0 0 0 399 0 0 0 0 0 0 0 299 0 0 0 0 0 0 0 199 0 0 0 0
2 2 104 40 4 64 64 140 140 140 140 0 0 0 0 140 140 140 140 0 0 0 0 140 140 140 140 0 0 0 0 140 140 140 140 0 0 0 0 140 140 140 140 0 0 0 0 140 140 140 140 0 0 0 0 140 140 140 140 0 0 0 0 140 140 140 140 0 0 0 0 0 0 0 199 0 0 0 0 0 0 0 99 0 0 0 0 0 0 0 199 0 0 0 0 0 0 0 199 0 0 0 0 0 0 0 299 0 0 0 0 0 0 0 399 0 0 0 0 0 0 0 299 0 0 0 0 0 0 0 399 0 0 0 0
2 2 104 48 4 64 64 140 140 140 140 0 0 0 0 140 140 140 140 0 0 0 0 140 140 140 140 0 0 0 0 140 140 140 140 0 0 0 0 140 140 140 140 0 0 0 0 140 140 140 140 0 0 0 0 140 140 140 140 0 0 0 0 140 140 140 140 0 0 0 0 0 0 0 299 0 0 0 0 0 0 0 399 0 0 0 0 0 0 0 299 0 0 0 0 0 0 0 199 0 0 0 0 0 0 0 199 0 0 0 0 0 0 0 199 0 0 0 0 0 0 0 299 0 0 0 0 0 0 0 299 0 0 0 0
2 2 104 56 4 64 64 140 140 140 140 0 0 0 0 140 140 140 140 0 0 0 0 140 140 140 140 0 0 0 0 140 140 140 140 0 0 0 0 140 140 140 140 0 0 0 0 140 140 140 140 0 0 0 0 140 140 140 140 0 0 0 0 140 140 140 140 0 0 0 0 0 0 0 299 0 0 0 0 0 0 0 299 0 0 0 0 0 0 0 399 0 0 0 0 0 0 0 399 0 0 0 0 0 0 0 399 0 0 0 0 0 0 0 299 0 0 0 0 0 0 0 199 0 0 0 0 0 0 0 199 0 0 0 0
2 2 104 64 4 64 64 140 140 140 140 0 0 0 0 140 140 140 140 0 0 0 0 140 140 140 140 0 0 0 0 140 140 140 140 0 0 0 0 140 140 140 140 0 0 0 0 140 140 140 140 0 0 0 0 140 140 140 140 0 0 0 0 140 140 140 140 0 0 0 0 0 0 0 99 0 0 0 0 0 0 0 199 0 0 0 0 0 0 0 199 0 0 0 0 0 0 0 299 0 0 0 0 0 0 0 399 0 0 0 0 0 0 0 399 0 0 0 0 0 0 0 399 0 0 0 0 0 0 0 399 0 0 0 0
2 2 104 72 4 64 64 140 140 140 140 0 0 0 0 140 140 140 140 0 0 0 0 140 140 140 140 0 0 0 0 140 140 140 140 0 0 0 0 140 140 140 140 0 0 0 0 140 140 140 140 0 0 0 0 140 140 140 140 0 0 0 0 140 140 140 140 0 0 0 0 0 0 0 199 0 0 0 0 0 0 0 199 0 0 0 0 0 0 0 99 0 0 0 0 0 0 0 199 0 0 0 0 0 0 0 199 0 0 0 0 0 0 0 199 0 0 0 0 0 0 0 299 0 0 0 0 0 0 0 399 0 0 0 0
2 2 104 80 4 64 64 140 140 140 140 0 0 0 0 140 140 140 140 0 0 0 0 140 140 140 140 0 0 0 0 140 140 140 140 0 0 0 0 140 140 140 140 0 0 0 0 140 140 140 140 0 0 0 0 140 140 140 140 0 0 0 0 140 140 140 140 0 0 0 0 0 0 0 299 0 0 0 0 0 0 0 399 0 0 0 0 0 0 0 299 0 0 0 0 0 0 0 299 0 0 0 0 0 0 0 299 0 0 0 0 0 0 0 99 0 0 0 0 0 0 0 99 0 0 0 0 0 0 0 199 0 0 0 0
2 2 104 88 4 64 64 140 140 140 140 0 0 0 0 140 140 140 140 0 0 0 0 140 140 140 140 0 0 0 0 140 140 140 140 0 0 0 0 140 140 140 140 0 0 0 0 140 140 140 140 0 0 0 0 140 140 140 140 0 0 0 0 140 140 140 140 0 0 0 0 0 0 0 199 0 0 0 0 0 0 0 299 0 0 0 0 0 0 0 399 0 0 0 0 0 0 0 299 0 0 0 0 0 0 0 299 0 0 0 0 0 0 0 299 0 0 0 0 0 0 0 199 0 0 0 0 0 0 0 299 0 0 0 0
2 2 104 96 4 64 64 140 140 140 140 0 0 0 0 140 140 140 140 0 0 0 0 140 140 140 140 0 0 0 0 140 140 140 140 0 0 0 0 140 140 140 140 0 0 0 0 140 140 140 140 0 0 0 0 140 140 140 140 0 0 0 0 140 140 140 140 0 0 0 0 0 0 0 299 0 0 0 0 0 0 0 199 0 0 0 0 0 0 0 199 0 0 0 0 0 0 0 199 0 0 0 0 0 0 0 299 0 0 0 0 0 0 0 299 0 0 0 0 0 0 0 299 0 0 0 0 0 0 0 399 0 0 0 0
2 2 104 104 4 64 64 140 140 140 140 0 0 0 0 140 140 140 140 0 0 0 0 140 140 140 140 0 0 0 0 140 140 140 140 0 0 0 0 140 140 140 140 0 0 0 0 0 0 0 0 0 0 0 0 0 0 0 0 0 0 0 0 0 0 0 0 0 0 0 0 0 0 0 199 0 0 0 0 0 0 0 299 0 0 0 0 0 0 0 299 0 0 0 0 0 0 0 199 0 0 0 0 0 0 0 199 0 0 0 0 0 0 0 0 0 0 0 0 0 0 0 0 0 0 0 0 0 0 0 0 0 0 0 0
2 2 104 112 4 1 1 0 0
2 2 104 120 4 1 1 0 0
2 2 112 0 4 1 1 0 0
2 2 112 8 4 1 1 0 0
2 2 112 16 4 1 1 0 0
2 2 112 24 4 1 1 0 0
2 2 112 32 4 1 1 0 0
2 2 112 40 4 1 1 0 0
2 2 112 48 4 1 1 0 0
2 2 112 56 4 1 1 0 0
2 2 112 64 4 1 1 0 0
2 2 112 72 4 1 1 0 0
2 2 112 80 4 1 1 0 0
2 2 112 88 4 1 1 0 0
2 2 112 96 4 1 1 0 0
2 2 112 104 4 1 1 0 0
2 2 112 112 4 1 1 0 0
2 2 112 120 4 1 1 0 0
2 2 120 0 4 1 1 0 0
2 2 120 8 4 1 1 0 0
2 2 120 16 4 1 1 0 0
2 2 120 24 4 1 1 0 0
2 2 120 32 4 1 1 0 0
2 2 120 40 4 1 1 0 0
2 2 120 48 4 1 1 0 0
2 2 120 56 4 1 1 0 0
2 2 120 64 4 1 1 0 0
2 2 120 72 4 1 1 0 0
2 2 120 80 4 1 1 0 0
2 2 120 88 4 1 1 0 0
2 2 120 96 4 1 1 0 0
2 2 120 104 4 1 1 0 0
2 2 120 112 4 1 1 0 0
2 2 120 120 4 1 1 0 0