elevdump version 2
0 0 0 0 4 1 64 25 3960 4026 3993 4026 4158 4257 4257 4356 3861 3828 3894 4026 4158 4257 4356 4356 3861 3894 4059 4158 4257 4356 4356 4455 3960 4059 4158 4257 4257 4356 4455 4455 4059 4158 4257 4356 4356 4455 4455 4455 4257 4257 4356 4356 4455 4455 4455 4455 4356 4356 4455 4455 4455 4455 4455 4455 4356 4455 4455 4455 4455 4455 4455 4455
0 0 0 8 4 1 64 25 4455 4455 4455 4455 4455 4455 4455 4455 4455 4455 4455 4455 4455 4455 4455 4455 4455 4455 4455 4455 4455 4455 4455 4422 4455 4455 4554 4554 4554 4488 4455 4422 4554 4554 4554 4554 4554 4455 4455 4356 4554 4455 4455 4455 4455 4356 4356 4257 4455 4455 4356 4356 4356 4257 4158 4059 4356 4356 4257 4257 4158 4059 3960 3861
0 0 0 16 4 1 64 25 4257 4257 4158 4059 3960 3861 3663 3564 4059 4059 3960 3762 3663 3564 3366 3201 3762 3762 3663 3465 3366 3267 3069 2871 3465 3366 3267 3168 3069 2970 2772 2574 3168 3069 2970 2871 2772 2574 2475 2376 2772 2739 2574 2475 2475 2277 2178 2079 2475 2376 2277 2178 2178 2079 1980 1848 2178 2079 1980 1914 1914 1815 1617 1485
0 0 0 24 4 1 64 25 1815 1683 1584 1518 1419 1353 1188 990 1386 1254 1122 990 891 792 594 495 792 660 561 429 363 330 198 132 330 297 132 165 99 66 66 0 0 0 0 0 0 0 0 0 0 0 0 0 0 0 0 0 0 0 0 0 0 0 0 66 33 99 0 0 0 33 198 231
0 0 0 32 4 1 64 25 99 99 99 33 165 198 462 627 66 99 132 264 495 627 891 1155 132 231 429 627 891 1188 1452 1650 330 561 858 1155 1353 1584 1782 1980 726 990 1353 1617 1749 1881 1980 2178 1188 1485 1749 1914 1980 2178 2277 2475 1650 1848 2079 2178 2277 2376 2574 2772 2079 2178 2376 2541 2574 2673 2871 3069
0 0 0 40 4 64 64 25 25 25 25 25 25 32793 32793 25 25 25 25 25 32793 25 25 25 25 32793 32793 32793 25 25 25 32793 32793 25 25 25 25 25 25 25 25 25 25 25 25 25 25 25 25 25 25 25 25 25 25 25 25 25 25 25 25 25 25 25 25 25 25 25 25 25 25 2376 2475 2673 2772 2871 2970 3168 3366 2673 2772 2970 3069 3168 3168 3366 3564 2970 3069 3267 3366 3432 3498 3663 3861 3267 3366 3564 3663 3729 3762 3927 4059 3663 3663 3762 3927 3960 4059 4158 4257 3861 3894 3960 4059 4158 4257 4356 4455 3993 4059 4158 4257 4257 4455 4554 4653 4191 4257 4356 4455 4455 4653 4818 4950
0 0 0 48 4 1 64 25 4290 4356 4455 4554 4587 4752 4983 5148 4356 4389 4488 4587 4686 4884 5049 5247 4389 4455 4488 4686 4752 4884 5148 5346 4389 4488 4587 4686 4752 4950 5247 5544 4455 4554 4587 4686 4785 4983 5346 5643 4488 4554 4653 4686 4851 5082 5445 5742 4587 4653 4752 4785 4950 5181 5544 5841 4686 4752 4851 4983 5148 5346 5709 5973
0 0 0 56 4 1 64 25 4752 4884 4983 5181 5346 5544 5841 6138 4917 5049 5148 5346 5445 5742 6039 6336 5016 5148 5247 5445 5544 5841 6138 6435 4983 5247 5445 5643 5742 5940 6237 6534 4983 5247 5445 5643 5841 6039 6336 6666 5049 5247 5445 5643 5841 6039 6435 6732 5049 5247 5544 5742 5940 6138 6534 6930 5049 5346 5643 5841 6039 6336 6732 7029
0 0 0 64 4 1 64 25 5148 5346 5643 5841 6138 6435 6831 7227 5148 5445 5742 5940 6237 6567 6930 7425 5148 5445 5841 6138 6435 6732 7128 7524 5247 5544 5940 6237 6633 6930 7326 7623 5412 5742 6039 6435 6831 7128 7524 7821 5445 5742 6138 6534 6930 7227 7722 8019 5445 5742 6138 6534 6930 7326 7722 8085 5247 5544 5940 6336 6732 7128 7524 7887
0 0 0 72 4 64 64 25 25 25 25 25 25 25 25 25 25 25 25 25 25 25 25 49177 25 25 25 25 25 25 25 25 25 49177 25 25 25 25 25 25 25 25 49177 25 25 25 25 25 25 25 49177 25 25 25 25 25 25 25 25 49177 25 25 25 25 25 25 25 25 49177 25 25 4752 5049 5445 5775 6171 6567 7029 7359 4059 4323 4653 4950 5346 5742 6204 6600 3465 3696 3960 4224 4554 4884 5247 5577 3069 3267 3531 3762 3960 4257 4554 4752 2871 3069 3366 3498 3663 3894 4158 4356 2475 2772 3069 3300 3564 3795 4059 4158 1749 2079 2475 2871 3267 3597 3927 4059 891 1089 1485 2079 2673 3168 3630 3960
0 0 0 80 4 64 64 25 25 25 25 25 25 49177 25 25 25 25 25 25 25 25 49177 25 25 25 25 25 25 25 49177 25 25 25 25 25 25 25 25 25 25 25 25 25 25 25 25 25 25 25 25 25 25 25 25 25 25 25 25 25 25 25 25 25 25 25 25 25 25 25 25 297 396 693 1188 1782 2475 3069 3663 99 99 264 495 990 1683 2376 3168 99 99 99 198 495 990 1683 2574 0 99 99 0 198 495 1188 1980 0 0 0 0 0 297 726 1485 0 0 0 0 0 99 429 1056 0 0 0 0 0 99 297 759 0 0 0 0 0 99 198 594
0 0 0 88 4 1 64 25 0 0 0 0 0 0 99 495 0 0 0 0 0 0 99 495 0 0 0 0 0 0 198 495 0 0 0 0 0 0 198 693 0 0 0 0 0 99 396 858 0 0 0 0 99 297 594 1188 99 99 99 99 297 495 891 1485 99 198 198 297 495 891 1287 1914
0 0 0 96 4 64 64 25 25 25 25 25 25 25 49177 25 25 25 25 25 25 25 32793 25 25 25 25 25 25 49177 25 25 25 25 25 25 25 32793 25 25 25 25 25 25 32793 25 25 25 25 32793 32793 32793 25 25 25 32793 32793 25 25 25 25 25 25 25 25 25 25 25 25 25 25 297 396 495 693 891 1287 1782 2376 726 792 891 1089 1386 1881 2376 2871 1287 1386 1485 1782 1980 2277 2772 3267 1881 1914 2079 2277 2475 2772 3168 3564 2574 2574 2673 2838 2970 3267 3465 3762 3069 3069 3168 3267 3267 3465 3663 3861 3366 3465 3465 3564 3564 3762 3861 4158 3663 3663 3762 3861 3861 3960 4158 4356
0 0 0 104 4 1 64 25 4059 4059 4158 4158 4158 4257 4356 4455 4752 4653 4554 4356 4356 4455 4554 4554 5742 5445 5049 4752 4653 4620 4653 4653 7128 6534 5841 5148 4851 4653 4653 4653 8316 7524 6534 5544 4950 4752 4653 4653 9108 8217 7029 5940 5148 4752 4653 4653 9603 8712 7524 6336 5445 4851 4653 4653 9900 9207 8019 6831 5742 5049 4752 4653
0 0 0 112 4 1 64 25 10296 9702 8712 7425 6336 5445 5049 4851 10593 10098 9306 8217 7128 6237 5544 5247 10791 10494 9900 9108 8217 7326 6534 6138 10890 10692 10395 9801 9207 8415 7722 7326 10989 10890 10692 10296 9900 9405 8910 8613 10989 10989 10791 10593 10296 9999 9702 9504 10989 10989 10890 10791 10593 10296 10197 10098 10989 10989 10890 10791 10692 10593 10395 10296
0 0 0 120 4 1 64 25 10989 10989 10989 10890 10791 10593 10494 10395 10989 10989 10989 10890 10791 10692 10494 10395 11187 11187 10989 10989 10791 10692 10494 10494 11187 11187 11088 11088 10989 10791 10593 10494 11385 11385 11286 11088 10989 10890 10692 10494 11484 11385 11286 11088 10989 10890 10593 10494 11484 11484 11286 11088 10989 10890 10593 10494 11583 11583 11385 11187 10989 10791 10593 10395
0 0 8 0 4 1 64 25 4356 4455 4455 4455 4455 4455 4455 4356 4455 4455 4455 4455 4455 4455 4455 4356 4455 4455 4455 4455 4455 4455 4356 4257 4455 4455 4455 4455 4455 4455 4356 4257 4455 4455 4455 4455 4455 4455 4356 4257 4455 4455 4455 4455 4455 4356 4257 4158 4455 4455 4455 4455 4455 4356 4158 4059 4455 4455 4455 4455 4356 4257 4059 3861
0 0 8 8 4 64 64 25 25 25 25 25 25 25 25 25 25 25 25 25 25 25 16409 25 25 25 25 25 25 25 25 25 25 25 25 25 25 25 25 25 25 25 25 25 25 25 25 25 25 25 25 25 25 25 25 25 25 25 25 25 25 25 25 25 25 25 25 25 25 25 25 4455 4455 4455 4356 4257 4158 3960 3762 4455 4455 4356 4257 4158 4059 3861 3663 4356 4356 4257 4158 4059 3861 3663 3465 4356 4257 4158 4059 3861 3663 3465 3168 4257 4158 4059 3861 3663 3465 3267 2970 4158 3960 3861 3663 3465 3234 2970 2673 3960 3762 3564 3366 3168 2937 2673 2475 3762 3564 3267 3069 2871 2640 2376 2178
0 0 8 16 4 1 64 25 3465 3267 2970 2772 2574 2376 2178 1980 3069 2871 2673 2475 2310 2079 1881 1782 2772 2574 2376 2277 2079 1881 1683 1584 2475 2376 2178 2046 1881 1683 1485 1287 2277 2079 1980 1848 1683 1485 1221 990 1980 1881 1782 1584 1386 1221 891 660 1716 1584 1452 1287 1089 792 561 330 1353 1221 1023 858 660 396 198 165
0 0 8 24 4 1 64 25 792 693 594 396 297 165 66 66 396 264 165 99 99 99 99 165 99 66 0 0 66 132 264 429 0 0 0 0 132 330 627 858 0 0 66 231 462 792 1089 1386 66 132 264 495 858 1254 1617 1815 165 363 561 924 1353 1749 2013 2178 396 726 1056 1452 1815 2178 2376 2574
0 0 8 32 4 64 64 25 25 25 25 25 25 25 32793 25 25 25 25 25 25 32793 25 25 25 25 25 25 32793 25 25 25 25 25 25 32793 25 25 25 25 25 25 32793 25 25 25 25 25 25 32793 25 25 25 25 25 25 32793 25 25 25 25 25 25 32793 25 25 25 25 25 25 25 891 1188 1584 1947 2277 2508 2772 2970 1452 1749 2046 2310 2574 2871 3135 3366 1848 2079 2409 2607 2871 3168 3366 3663 2178 2376 2607 2871 3168 3432 3696 3960 2376 2574 2871 3135 3399 3663 3927 4257 2673 2871 3069 3366 3597 3894 4158 4455 2904 3102 3366 3564 3795 4158 4455 4653 3267 3465 3630 3861 4059 4356 4653 4950
0 0 8 40 4 1 64 25 3465 3663 3861 4059 4356 4554 4851 5148 3663 3861 4092 4257 4554 4851 5049 5346 3960 4158 4356 4521 4752 5049 5346 5643 4158 4356 4554 4752 4950 5247 5544 5907 4356 4554 4752 4983 5181 5445 5742 6138 4554 4752 4950 5148 5412 5643 5940 6336 4752 4950 5148 5346 5577 5940 6237 6633 5049 5148 5346 5544 5775 6138 6534 6930
0 0 8 48 4 1 64 25 5148 5346 5544 5742 6039 6435 6831 7227 5346 5544 5742 5940 6270 6633 7128 7524 5544 5742 5940 6237 6534 6930 7425 7821 5676 5940 6237 6534 6831 7326 7722 8217 5841 6138 6435 6831 7227 7623 8019 8514 5973 6336 6633 7029 7425 7821 8316 8712 6138 6534 6897 7227 7722 8217 8679 9108 6237 6633 7029 7425 7920 8415 8910 9405
0 0 8 56 4 1 64 25 6435 6831 7227 7623 8118 8613 9207 9702 6633 6930 7425 7821 8316 8910 9504 9999 6732 7128 7524 8019 8613 9207 9702 10230 6864 7293 7722 8217 8811 9504 9999 10494 7029 7425 7821 8415 9009 9702 10296 10791 7128 7524 8019 8613 9207 9900 10593 11088 7326 7722 8217 8844 9471 10197 10791 11286 7425 7920 8514 9009 9702 10395 10989 11484
0 0 8 64 4 1 64 25 7623 8118 8613 9141 9801 10593 11187 11583 7821 8217 8712 9207 9900 10659 11286 11682 7920 8316 8811 9405 10098 10692 11286 11583 8118 8514 9009 9405 9999 10593 11187 11583 8217 8712 9108 9504 9999 10494 10989 11385 8382 8712 9207 9504 9999 10494 10890 11187 8415 8712 9108 9471 9834 10329 10692 10989 8217 8547 8910 9240 9702 10197 10593 10890
0 0 8 72 4 1 64 25 7755 8118 8514 8910 9405 9900 10362 10758 6963 7359 7755 8217 8778 9372 9900 10395 5907 6270 6666 7161 7821 8580 9306 9999 5049 5379 5742 6237 6831 7557 8415 9306 4488 4752 5049 5445 5973 6633 7524 8481 4257 4455 4653 4884 5313 5907 6699 7656 4158 4356 4455 4653 4917 5412 6072 6930 4158 4356 4455 4554 4752 5049 5610 6435
0 0 8 80 4 64 64 25 25 25 25 25 25 25 25 25 25 25 25 25 25 25 25 25 25 25 25 25 25 25 25 49177 25 25 25 25 25 25 25 49177 25 25 25 25 25 25 25 25 49177 25 25 25 25 25 25 25 49177 25 25 25 25 25 25 25 49177 25 25 25 25 25 25 4059 4257 4455 4554 4653 4884 5346 6039 3762 4158 4455 4554 4653 4851 5181 5841 3267 3861 4356 4554 4653 4752 5115 5709 2772 3564 4158 4554 4653 4752 5049 5610 2376 3201 3960 4455 4653 4752 5049 5544 1881 2871 3663 4257 4587 4752 5016 5544 1551 2541 3465 4059 4554 4752 5049 5577 1287 2277 3267 3960 4455 4752 5049 5643
0 0 8 88 4 64 64 25 49177 25 25 25 25 25 25 25 49177 25 25 25 25 25 25 25 49177 25 25 25 25 25 25 25 49177 25 25 25 25 25 25 25 32793 25 25 25 25 25 25 49177 25 25 25 25 25 25 25 49177 25 25 25 25 25 25 25 32793 25 25 25 25 25 25 25 1188 2178 3168 3927 4455 4752 5049 5643 1188 2079 3069 3894 4422 4785 5115 5709 1254 2178 3102 3927 4455 4818 5148 5808 1386 2277 3201 3960 4455 4818 5247 5940 1584 2475 3399 4059 4488 4851 5346 6138 1881 2772 3597 4158 4554 4884 5478 6336 2277 3168 3861 4356 4653 5016 5676 6666 2673 3465 4059 4422 4719 5148 5973 7029
0 0 8 96 4 1 64 25 3069 3696 4257 4554 4851 5412 6336 7524 3465 3960 4356 4587 5016 5709 6732 8085 3663 4158 4455 4653 5148 5940 7128 8448 3861 4158 4455 4719 5247 6138 7392 8712 3960 4257 4521 4752 5247 6237 7524 8844 4059 4290 4554 4785 5313 6303 7623 9009 4224 4422 4653 4851 5346 6369 7722 9009 4356 4521 4653 4950 5511 6534 7821 9108
0 0 8 104 4 1 64 25 4455 4653 4752 5049 5676 6699 8052 9207 4554 4653 4752 5115 5742 6831 8151 9273 4653 4653 4851 5148 5808 6864 8217 9306 4653 4653 4752 5148 5742 6864 8217 9372 4653 4653 4752 5049 5742 6831 8217 9405 4653 4653 4752 5049 5709 6831 8217 9405 4653 4653 4752 5115 5742 6864 8217 9405 4653 4653 4851 5247 5940 7128 8415 9504
0 0 8 112 4 1 64 25 4752 4785 5049 5445 6336 7524 8811 9702 5082 5148 5445 6138 7029 8217 9207 9900 5940 6039 6435 7029 7920 8910 9603 10098 7194 7227 7623 8118 8811 9504 9999 10296 8481 8514 8811 9207 9603 9999 10197 10395 9471 9504 9603 9801 10098 10296 10395 10494 10098 10098 10098 10197 10296 10395 10494 10494 10296 10296 10296 10395 10395 10428 10494 10494
0 0 8 120 4 1 64 25 10395 10395 10395 10494 10395 10494 10395 10395 10494 10395 10494 10494 10395 10494 10494 10395 10494 10494 10494 10494 10494 10494 10494 10494 10494 10494 10494 10494 10494 10494 10395 10494 10494 10494 10494 10494 10494 10395 10395 10395 10494 10494 10395 10395 10395 10395 10296 10296 10494 10395 10296 10296 10296 10296 10296 10296 10395 10296 10296 10296 10296 10296 10197 10197
0 0 16 0 4 64 64 25 25 25 16409 25 25 25 25 25 25 25 25 25 25 25 25 25 25 16409 25 25 25 25 25 25 25 16409 25 25 25 25 25 25 25 25 25 25 25 25 25 25 16409 25 25 25 25 25 25 25 16409 25 25 25 25 25 25 25 25 25 25 25 25 25 25 4257 4059 3861 3564 3168 2772 2376 2079 4257 4059 3762 3465 3069 2673 2376 2079 4158 3960 3663 3366 2970 2574 2277 1980 4059 3861 3564 3267 2871 2475 2178 1881 4059 3762 3465 3168 2772 2376 2079 1881 3960 3663 3366 2970 2673 2376 2079 1881 3861 3564 3168 2871 2574 2277 1980 1782 3663 3366 3069 2772 2475 2178 1980 1782
0 0 16 8 4 1 64 25 3564 3267 2970 2673 2376 2079 1881 1782 3366 3069 2772 2475 2178 1980 1782 1683 3168 2871 2574 2277 2079 1848 1650 1584 2871 2574 2277 2079 1881 1683 1584 1485 2673 2376 2079 1881 1782 1584 1485 1485 2475 2178 1980 1782 1683 1584 1485 1386 2178 1980 1782 1683 1584 1485 1386 1386 1980 1782 1683 1584 1485 1386 1386 1386
0 0 16 16 4 1 64 25 1881 1683 1584 1485 1419 1386 1386 1287 1683 1584 1485 1386 1386 1287 1287 1287 1485 1386 1287 1287 1287 1287 1287 1287 1155 990 957 990 1089 1221 1287 1287 792 594 528 660 858 1122 1287 1287 396 297 330 330 627 1023 1254 1287 231 165 198 396 693 1056 1287 1287 165 132 363 561 858 1155 1287 1287
0 0 16 24 4 64 64 25 25 25 25 25 25 25 25 25 25 25 25 25 25 25 25 25 25 25 25 25 25 25 25 25 25 25 25 25 25 25 25 25 25 25 25 25 25 25 25 25 25 25 25 25 32793 32793 32793 25 25 25 32793 32793 25 25 25 32793 32793 32793 25 25 25 25 25 165 297 528 792 1089 1287 1386 1386 330 594 891 1155 1353 1485 1584 1584 693 990 1254 1452 1584 1683 1782 1881 1188 1452 1650 1782 1881 1980 2079 2178 1584 1782 1980 2079 2211 2376 2574 2607 1980 2178 2376 2475 2673 2871 2970 3069 2376 2607 2772 2871 3069 3267 3465 3564 2772 3036 3168 3267 3465 3762 3861 3960
0 0 16 32 4 1 64 25 3168 3465 3663 3762 3960 4158 4356 4356 3564 3861 4059 4158 4356 4554 4653 4752 3861 4158 4356 4455 4653 4818 4950 5049 4257 4554 4653 4752 4950 5049 5247 5379 4488 4752 4851 4950 5148 5346 5544 5643 4752 4983 5214 5247 5445 5643 5841 5940 4950 5214 5511 5544 5742 5940 6138 6237 5214 5445 5742 5940 6138 6336 6468 6633
0 0 16 40 4 1 64 25 5445 5742 5940 6138 6336 6633 6765 6930 5643 6039 6237 6435 6633 6930 7128 7128 5940 6237 6534 6732 6930 7227 7392 7425 6138 6534 6831 7029 7227 7425 7623 7722 6435 6831 7128 7425 7623 7821 8019 8019 6732 7029 7326 7623 7821 8118 8316 8316 7029 7425 7722 7920 8217 8415 8613 8712 7326 7722 8019 8217 8514 8712 8910 8910
0 0 16 48 4 1 64 25 7623 8019 8316 8514 8811 9009 9108 9108 7920 8316 8613 8811 9009 9207 9306 9306 8217 8613 8910 9207 9405 9405 9504 9504 8613 9009 9306 9504 9603 9603 9702 9702 8844 9240 9537 9801 9900 9900 9999 9933 9108 9504 9801 9999 10197 10197 10197 10098 9504 9900 10098 10197 10329 10329 10296 10296 9801 10197 10395 10395 10494 10494 10560 10560
0 0 16 56 4 1 64 25 10098 10395 10593 10692 10725 10791 10890 10890 10395 10593 10791 10989 11055 11055 11121 11187 10593 10890 11088 11286 11352 11319 11319 11385 10890 11220 11418 11583 11583 11583 11583 11583 11187 11484 11682 11682 11781 11781 11880 11880 11385 11682 11781 11781 11880 11880 11880 11880 11583 11781 11880 11880 11880 11880 11880 11880 11748 11880 11880 11880 11880 11880 11880 11880
0 0 16 64 4 1 64 25 11847 11880 11880 11880 11979 11979 11880 11880 11880 11979 11979 11979 11979 11880 11880 11880 11814 11979 11979 11979 11979 11880 11880 11880 11781 11979 11979 11979 11979 11979 11979 11979 11682 11880 11979 11979 12078 11979 11979 11979 11484 11781 11979 12078 12078 12078 12078 12078 11286 11682 11979 12078 12078 12078 12177 12078 11187 11583 11781 11979 12078 12078 12177 12177
0 0 16 72 4 1 64 25 11088 11484 11682 11880 12078 12078 12177 12177 10890 11286 11583 11781 11979 12078 12078 12177 10593 11088 11385 11682 11880 12078 12078 12078 10098 10692 11154 11484 11682 11880 11979 12012 9471 10263 10890 11286 11583 11682 11781 11880 8712 9702 10494 10989 11286 11484 11583 11682 8019 9108 10032 10692 11088 11286 11385 11385 7491 8679 9702 10428 10824 11088 11187 11187
0 0 16 80 4 1 64 25 7128 8283 9405 10197 10692 10989 11088 11088 6831 8019 9207 9999 10494 10791 10890 10890 6633 7887 9075 9900 10395 10692 10791 10791 6534 7722 9009 9900 10395 10593 10692 10692 6501 7722 9009 9900 10395 10692 10692 10692 6501 7755 9009 9900 10494 10791 10791 10791 6534 7821 9009 9966 10593 10890 10890 10890 6567 7854 9108 9999 10593 10890 10890 10890
0 0 16 88 4 1 64 25 6633 7920 9207 9999 10593 10890 10890 10890 6732 8052 9240 10098 10593 10890 10989 10989 6864 8217 9405 10197 10692 10890 10989 11088 7029 8415 9504 10296 10692 10890 11088 11088 7227 8613 9702 10395 10791 10989 11088 11187 7524 8910 9900 10494 10791 10989 11088 11286 7920 9207 10098 10593 10890 10989 11088 11286 8349 9504 10296 10692 10890 10956 11055 11286
0 0 16 96 4 1 64 25 8811 9834 10461 10791 10890 10890 10989 11286 9240 10065 10626 10890 10890 10890 10989 11187 9570 10296 10758 10890 10890 10890 10890 11088 9735 10461 10791 10890 10890 10890 10890 11088 9900 10494 10890 10890 10890 10890 10890 10989 9900 10593 10890 10890 10890 10890 10890 10989 9999 10593 10890 10890 10890 10890 10890 10989 9999 10593 10890 10890 10890 10890 10989 11088
0 0 16 104 4 1 64 25 10098 10593 10890 10890 10989 10989 10989 11088 10098 10659 10890 10890 10989 10989 11088 11088 10164 10692 10890 10989 10989 11088 11088 11088 10197 10692 10890 10989 11088 11088 11088 11088 10197 10692 10989 10989 11088 11088 11088 11088 10197 10692 10989 10989 11088 11088 11088 11088 10197 10692 10890 10989 10989 10989 10989 11088 10197 10692 10890 10890 10989 10989 10989 10989
0 0 16 112 4 1 64 25 10296 10692 10791 10890 10890 10989 10989 10989 10296 10692 10791 10791 10890 10890 10989 10890 10395 10692 10791 10791 10791 10890 10890 10890 10494 10593 10692 10692 10791 10890 10890 10890 10494 10494 10560 10593 10692 10791 10791 10791 10494 10461 10560 10593 10593 10692 10758 10791 10494 10395 10494 10494 10494 10593 10659 10692 10395 10395 10395 10395 10395 10494 10494 10494
0 0 16 120 4 1 64 25 10395 10395 10395 10395 10395 10395 10461 10395 10494 10395 10395 10395 10329 10395 10362 10362 10494 10395 10296 10296 10296 10362 10296 10263 10395 10296 10296 10296 10296 10197 10197 10197 10296 10296 10296 10197 10197 10197 10197 10098 10296 10197 10197 10197 10197 10098 10098 10098 10197 10197 10197 10197 9999 9999 9900 9900 10197 10098 10098 9999 9900 9900 9900 9900
0 0 24 0 4 1 64 25 1881 1617 1485 1386 1287 1287 1188 1188 1782 1584 1485 1386 1287 1188 1188 1188 1782 1584 1485 1386 1287 1188 1188 1188 1683 1518 1386 1287 1287 1188 1188 1188 1683 1485 1386 1287 1254 1287 1254 1287 1683 1485 1386 1386 1287 1320 1386 1386 1683 1584 1485 1485 1386 1386 1386 1386 1683 1584 1485 1485 1386 1386 1386 1386
0 0 24 8 4 1 64 25 1584 1485 1485 1485 1386 1386 1386 1386 1485 1386 1386 1386 1386 1386 1386 1386 1485 1386 1287 1287 1287 1386 1386 1386 1485 1386 1287 1287 1287 1287 1287 1386 1386 1386 1287 1287 1287 1287 1287 1287 1386 1287 1287 1287 1287 1287 1287 1287 1287 1287 1287 1287 1287 1287 1287 1287 1287 1287 1287 1287 1287 1287 1287 1287
0 0 24 16 4 1 64 25 1287 1287 1287 1287 1287 1287 1287 1287 1287 1287 1287 1287 1287 1287 1287 1287 1287 1287 1287 1287 1287 1287 1287 1287 1287 1287 1287 1287 1287 1287 1287 1287 1287 1287 1287 1287 1287 1287 1287 1287 1287 1287 1287 1287 1287 1287 1320 1353 1287 1287 1287 1287 1386 1419 1452 1485 1320 1386 1386 1452 1518 1584 1683 1716
0 0 24 24 4 64 64 25 25 25 25 25 25 25 25 25 25 25 25 25 25 25 25 25 25 25 25 25 25 32793 32793 25 25 25 32793 32793 32793 25 25 32793 32793 32793 25 25 25 25 25 25 25 25 25 25 25 25 25 25 25 25 25 25 25 25 25 25 25 25 25 25 25 25 25 1452 1485 1584 1683 1782 1881 1980 2079 1650 1683 1815 1980 2079 2178 2310 2475 1980 2079 2178 2277 2475 2640 2739 2871 2277 2475 2607 2739 2904 3135 3267 3399 2772 2970 3168 3267 3465 3663 3762 3894 3267 3465 3630 3762 3960 4125 4191 4356 3762 3960 4059 4158 4356 4554 4653 4653 4224 4356 4455 4554 4752 4950 5049 5049
0 0 24 32 4 1 64 25 4554 4752 4851 4950 5148 5247 5346 5346 4950 5115 5214 5346 5445 5544 5643 5643 5247 5412 5544 5643 5742 5841 5841 5841 5544 5742 5841 5940 6039 6138 6138 6138 5841 6039 6138 6237 6336 6336 6336 6369 6138 6336 6435 6534 6633 6633 6633 6666 6435 6633 6732 6831 6831 6930 6864 6963 6732 6930 7029 7128 7128 7128 7128 7227
0 0 24 40 4 1 64 25 7029 7227 7326 7326 7326 7326 7425 7425 7326 7491 7524 7524 7557 7623 7623 7623 7623 7722 7821 7755 7788 7821 7920 7821 7920 8019 8019 8019 8019 8019 8019 7953 8118 8217 8217 8217 8217 8217 8118 8118 8415 8415 8415 8415 8415 8415 8316 8316 8712 8712 8712 8646 8613 8514 8514 8613 8910 8910 8910 8943 8910 8778 8712 8811
0 0 24 48 4 1 64 25 9207 9207 9207 9207 9108 9009 9009 9009 9405 9405 9405 9306 9306 9207 9207 9273 9504 9504 9504 9504 9405 9405 9405 9504 9702 9702 9702 9603 9603 9603 9603 9702 9933 9900 9867 9801 9702 9702 9801 9900 10131 10032 9999 9900 9933 9933 9999 10197 10296 10197 10098 10098 10197 10296 10395 10494 10494 10428 10395 10395 10494 10692 10692 10791
0 0 24 56 4 1 64 25 10890 10791 10692 10692 10890 11088 11121 11286 11088 11055 11055 11088 11187 11319 11418 11385 11286 11385 11451 11484 11484 11517 11583 11484 11583 11682 11682 11781 11781 11781 11781 11682 11880 11880 11880 11880 11880 11781 11781 11682 11880 11880 11880 11880 11781 11781 11781 11682 11880 11880 11880 11781 11781 11781 11781 11682 11880 11880 11880 11781 11781 11781 11781 11682
0 0 24 64 4 1 64 25 11880 11880 11781 11781 11781 11880 11880 11781 11880 11781 11781 11781 11781 11880 11880 11781 11880 11781 11781 11880 11880 11880 11880 11880 11880 11781 11781 11880 11880 11880 11880 11880 11880 11781 11781 11781 11880 11880 11880 11880 11880 11880 11781 11781 11781 11880 11880 11880 11979 11880 11781 11781 11781 11781 11781 11781 11979 11979 11880 11781 11781 11682 11682 11682
0 0 24 72 4 1 64 25 12078 11979 11979 11880 11781 11781 11682 11682 12177 12078 11979 11979 11781 11781 11781 11781 12177 12177 12078 11979 11880 11781 11781 11781 12078 12078 12078 12078 11979 11880 11880 11880 11979 12078 12078 12078 11979 11979 11946 11880 11781 11781 11781 11781 11880 11979 11979 11979 11451 11484 11484 11484 11649 11682 11880 11880 11220 11286 11286 11286 11385 11484 11583 11682
0 0 24 80 4 1 64 25 11088 11088 11088 11088 11187 11187 11286 11286 10890 10890 10890 10890 10989 10989 11022 11088 10791 10791 10791 10791 10791 10890 10890 10890 10692 10791 10791 10791 10692 10692 10692 10692 10692 10692 10692 10692 10692 10692 10692 10692 10692 10692 10692 10692 10791 10791 10791 10791 10791 10791 10791 10791 10791 10725 10692 10692 10890 10890 10791 10791 10791 10791 10791 10791
0 0 24 88 4 1 64 25 10989 10890 10890 10890 10791 10791 10791 10791 11088 11088 11088 11088 10890 10890 10791 10791 11187 11385 11385 11286 11088 11088 10989 10989 11286 11484 11583 11583 11385 11286 11187 11187 11484 11682 11781 11847 11682 11484 11385 11385 11583 11880 12045 12045 11880 11781 11682 11682 11583 11979 12177 12177 12078 11880 11781 11781 11583 11979 12177 12177 12078 11979 11913 11880
0 0 24 96 4 1 64 25 11583 11979 12177 12276 12177 12078 12078 12078 11484 11880 12177 12276 12177 12177 12177 12177 11385 11781 12177 12276 12276 12276 12276 12276 11385 11781 12177 12276 12276 12276 12276 12276 11286 11781 12078 12276 12276 12276 12276 12276 11286 11682 12078 12177 12276 12276 12276 12276 11187 11583 11979 12177 12276 12276 12276 12276 11187 11583 11880 12078 12276 12276 12276 12276
0 0 24 104 4 1 64 25 11187 11385 11682 11979 12177 12276 12276 12276 11121 11286 11484 11781 11979 12177 12276 12276 11088 11187 11385 11616 11880 12078 12177 12276 11088 11187 11286 11418 11682 11781 11880 12078 11088 11088 11121 11220 11451 11583 11649 11682 11088 11088 11088 11121 11286 11385 11385 11385 11088 10989 10989 11088 11187 11187 11187 11088 11088 10989 10989 10989 10989 10989 10989 10890
0 0 24 112 4 1 64 25 10989 10989 10989 10890 10890 10791 10791 10692 10989 10989 10890 10890 10791 10692 10626 10494 10890 10989 10890 10890 10791 10593 10527 10395 10824 10890 10791 10791 10593 10494 10362 10197 10791 10791 10692 10593 10494 10296 10197 9999 10791 10692 10593 10494 10395 10197 9999 9801 10593 10593 10494 10395 10197 9999 9768 9504 10494 10395 10296 10197 10032 9801 9603 9306
0 0 24 120 4 1 64 25 10395 10296 10296 10197 9966 9702 9504 9207 10296 10197 10197 10098 9834 9669 9405 9108 10296 10197 10197 9999 9801 9603 9306 9009 10197 10098 10098 9999 9702 9504 9207 8910 10098 10098 9999 9900 9603 9405 9108 8910 10098 9999 9900 9801 9603 9405 9108 8811 9999 9900 9801 9702 9603 9306 9108 8712 9801 9801 9801 9702 9504 9306 9009 8712
0 0 32 0 4 1 64 25 1188 1254 1287 1287 1386 1452 1551 1683 1188 1188 1188 1287 1386 1419 1485 1584 1188 1188 1188 1287 1287 1386 1419 1485 1188 1188 1188 1254 1287 1386 1419 1485 1287 1287 1287 1287 1386 1386 1485 1485 1386 1386 1386 1386 1386 1386 1386 1485 1386 1386 1386 1386 1386 1386 1386 1386 1386 1386 1386 1386 1386 1287 1287 1287
0 0 32 8 4 1 64 25 1386 1386 1386 1386 1287 1287 1287 1287 1386 1386 1386 1386 1287 1287 1287 1287 1386 1386 1386 1287 1287 1287 1287 1287 1386 1386 1287 1287 1287 1287 1287 1287 1386 1287 1287 1287 1287 1287 1287 1287 1287 1287 1287 1287 1287 1287 1287 1287 1287 1287 1287 1287 1287 1287 1287 1287 1287 1287 1287 1287 1287 1287 1287 1287
0 0 32 16 4 1 64 25 1287 1287 1287 1287 1287 1287 1287 1287 1287 1287 1287 1287 1287 1287 1287 1287 1287 1287 1287 1287 1287 1287 1287 1287 1287 1287 1287 1287 1287 1386 1386 1386 1287 1287 1287 1320 1386 1452 1485 1584 1386 1386 1485 1485 1584 1683 1749 1815 1584 1584 1683 1782 1881 1980 2046 2178 1782 1881 1980 2079 2178 2277 2376 2475
0 0 32 24 4 64 64 25 25 25 25 25 25 25 32793 25 25 32793 32793 32793 32793 32793 25 32793 32793 25 25 25 25 25 25 25 25 25 25 25 25 25 25 25 25 25 25 25 25 25 25 25 25 25 25 25 25 25 25 25 25 25 25 25 25 25 25 25 25 25 25 25 25 25 25 2178 2277 2376 2475 2607 2772 2805 2904 2574 2673 2772 2871 3069 3168 3267 3399 3069 3168 3267 3366 3465 3597 3663 3762 3597 3729 3762 3861 3894 3960 3993 4125 4059 4158 4158 4158 4224 4257 4356 4455 4455 4554 4554 4554 4554 4653 4653 4752 4752 4851 4851 4851 4851 4950 4950 5049 5148 5115 5049 5049 5148 5148 5247 5346
0 0 32 32 4 1 64 25 5346 5346 5346 5346 5445 5445 5511 5544 5643 5643 5610 5610 5643 5742 5742 5841 5940 5841 5841 5841 5940 6039 6039 6138 6138 6138 6138 6138 6138 6336 6435 6534 6435 6435 6435 6435 6468 6633 6732 6930 6732 6732 6732 6732 6831 7029 7128 7326 7029 6930 6930 7029 7161 7326 7425 7623 7161 7227 7227 7326 7425 7623 7722 7920
0 0 32 40 4 1 64 25 7359 7458 7524 7524 7722 7920 8019 8118 7623 7656 7821 7821 7953 8118 8217 8514 7821 7920 8019 8052 8250 8415 8514 8811 8019 8217 8217 8316 8514 8712 8811 9009 8316 8415 8415 8613 8712 8910 9108 9306 8514 8547 8613 8778 8910 9108 9306 9603 8613 8646 8745 8910 9108 9306 9504 9603 8811 8811 8910 9108 9240 9438 9603 9702
0 0 32 48 4 1 64 25 9009 9042 9141 9306 9306 9504 9702 9801 9306 9306 9339 9405 9504 9603 9636 9735 9504 9504 9570 9603 9603 9702 9603 9405 9702 9702 9702 9900 9801 9702 9504 9207 9999 9999 10098 10098 9900 9603 9207 8811 10395 10395 10395 10395 10098 9702 9009 8316 10692 10692 10791 10692 10197 9504 8712 7722 10890 11088 10989 10692 10197 9306 8316 7326
0 0 32 56 4 1 64 25 11286 11286 10989 10593 9999 9108 8019 6831 11484 11286 11088 10494 9801 8811 7623 6534 11385 11187 10890 10395 9603 8514 7326 6138 11583 11286 10890 10296 9405 8415 7029 6039 11583 11385 10989 10395 9405 8217 7029 5940 11583 11385 10989 10296 9306 8118 6831 5841 11583 11385 11088 10296 9405 8118 6831 5742 11682 11484 11088 10395 9405 8118 6831 5841
0 0 32 64 4 1 64 25 11781 11484 11088 10494 9603 8415 7029 5940 11781 11583 11187 10692 9702 8712 7425 6138 11781 11583 11286 10791 9999 8910 7623 6435 11781 11682 11385 10989 10197 9306 8118 6831 11781 11682 11484 11187 10494 9702 8613 7425 11781 11781 11583 11385 10791 9999 9108 7920 11880 11880 11682 11484 10989 10395 9504 8415 11781 11682 11682 11484 11286 10692 9999 9207
0 0 32 72 4 1 64 25 11682 11781 11682 11583 11286 10989 10593 9801 11781 11682 11682 11583 11385 11286 10890 10395 11781 11781 11781 11682 11682 11583 11286 10692 11781 11781 11781 11781 11682 11550 11352 10989 11880 11880 11880 11880 11682 11583 11451 11088 11979 11979 11979 11880 11682 11484 11385 11187 11979 11979 11880 11682 11484 11385 11385 11187 11781 11781 11682 11484 11385 11286 11187 11187
0 0 32 80 4 1 64 25 11385 11385 11385 11286 11187 11088 11088 11088 11088 11088 11088 10989 10989 10989 10989 10890 10890 10890 10890 10890 10890 10791 10791 10791 10692 10692 10791 10791 10791 10692 10692 10692 10692 10692 10791 10791 10791 10791 10791 10791 10791 10791 10791 10791 10791 10791 10791 10692 10791 10890 10890 10890 10890 10890 10890 10791 10791 10791 10791 10791 10890 10890 10890 10791
0 0 32 88 4 1 64 25 10791 10791 10791 10791 10890 10890 10791 10791 10890 10890 10890 10989 10989 10989 10890 10791 10989 11088 11088 11187 11187 11187 11088 10989 11187 11187 11253 11286 11286 11187 11088 10989 11385 11484 11484 11484 11484 11385 11286 11121 11682 11682 11682 11682 11682 11583 11484 11385 11781 11880 11880 11880 11880 11781 11682 11583 11880 11880 11880 11880 11880 11880 11781 11682
0 0 32 96 4 1 64 25 11979 12012 11979 11979 11979 11880 11880 11880 12177 12177 12177 12177 12078 11979 11979 11979 12276 12276 12276 12276 12177 12078 12078 12078 12276 12276 12276 12276 12177 12177 12177 12177 12276 12276 12276 12276 12276 12177 12177 12177 12276 12276 12276 12276 12276 12276 12177 12276 12276 12276 12276 12276 12276 12276 12276 12276 12276 12276 12276 12276 12276 12276 12276 12276
0 0 32 104 4 1 64 25 12276 12276 12276 12276 12276 12276 12276 12276 12276 12276 12276 12276 12276 12177 12177 12177 12276 12276 12276 12177 12177 12078 12078 12177 12078 12078 12078 11979 11979 11880 11880 11979 11682 11682 11682 11583 11583 11682 11682 11682 11385 11385 11385 11286 11286 11385 11484 11484 11088 10989 10989 10989 10989 11088 11088 11187 10857 10692 10692 10692 10692 10791 10890 10890
0 0 32 112 4 1 64 25 10593 10395 10395 10395 10395 10395 10494 10494 10395 10197 10197 10131 10098 10098 10164 10197 10197 10098 10098 9999 9900 9801 9801 9702 9999 9801 9801 9702 9603 9537 9504 9405 9702 9603 9504 9306 9207 9108 9108 9108 9504 9306 9240 9042 8844 8811 8811 8811 9207 9009 9009 8811 8547 8514 8514 8415 9009 8712 8613 8415 8217 8118 8118 8118
0 0 32 120 4 1 64 25 8811 8514 8316 8118 8019 7920 7920 7821 8712 8415 8118 7920 7722 7623 7557 7524 8613 8316 8019 7821 7524 7425 7359 7326 8613 8217 7920 7722 7425 7326 7227 7227 8514 8217 7920 7623 7425 7227 7128 7128 8415 8217 7920 7623 7425 7227 7227 7128 8415 8118 7920 7722 7425 7227 7227 7227 8316 8118 7920 7722 7524 7326 7227 7227
0 0 40 0 4 1 64 25 1782 1980 2178 2343 2475 2673 2772 2871 1683 1782 1980 2145 2277 2376 2475 2574 1584 1683 1881 1980 2079 2178 2178 2277 1584 1683 1782 1881 1980 1980 1980 1980 1584 1584 1683 1683 1782 1782 1782 1683 1485 1584 1584 1584 1584 1584 1485 1452 1386 1485 1485 1485 1386 1386 1287 1188 1287 1386 1386 1386 1287 1287 1188 1089
0 0 40 8 4 1 64 25 1287 1287 1287 1287 1287 1188 1089 990 1287 1287 1287 1287 1188 1188 1089 990 1287 1287 1287 1287 1188 1188 1089 990 1287 1287 1287 1287 1188 1188 1089 990 1287 1287 1287 1287 1188 1188 1089 990 1287 1287 1287 1287 1188 1188 1089 990 1287 1287 1287 1287 1188 1089 1056 990 1287 1287 1287 1287 1188 1188 1089 990
0 0 40 16 4 64 64 25 25 25 25 25 25 25 25 25 25 25 25 25 25 25 25 25 25 25 25 25 25 25 25 25 25 25 25 25 25 25 25 25 25 25 25 25 25 25 32793 25 25 25 25 25 32793 32793 25 25 25 25 25 32793 25 25 25 25 25 32793 32793 25 25 25 25 1287 1287 1287 1287 1188 1188 1122 1023 1287 1287 1353 1386 1386 1386 1287 1188 1386 1386 1485 1584 1584 1584 1584 1584 1485 1584 1650 1782 1848 1881 1980 2079 1683 1782 1881 2046 2178 2277 2475 2673 1980 2079 2178 2409 2640 2772 2970 3168 2277 2376 2574 2871 3036 3168 3465 3762 2673 2772 2970 3168 3366 3564 3795 4125
0 0 40 24 4 64 64 32793 32793 25 25 25 25 25 25 25 25 25 25 25 25 25 25 25 25 25 25 25 25 25 25 25 25 25 25 25 25 25 25 25 25 25 25 25 25 25 25 25 25 25 25 25 25 25 25 25 25 25 25 25 25 25 25 25 25 25 25 25 25 25 25 3102 3201 3366 3564 3762 3960 4158 4356 3498 3597 3696 3861 4059 4257 4356 4554 3861 3960 4059 4191 4356 4521 4686 4917 4158 4257 4356 4455 4653 4785 4983 5214 4521 4554 4653 4752 4950 5082 5247 5445 4818 4851 4950 5049 5247 5445 5544 5742 5049 5148 5247 5346 5544 5742 5841 6039 5346 5445 5544 5742 5940 6039 6237 6435
0 0 40 32 4 1 64 25 5643 5742 5907 6138 6336 6534 6732 6930 5940 6105 6303 6633 6831 7029 7227 7326 6336 6534 6732 7029 7227 7425 7623 7821 6732 7029 7227 7425 7722 8019 8316 8613 7128 7425 7590 7821 8217 8613 9108 9405 7557 7722 7920 8283 8712 9306 9768 10065 7887 8019 8217 8613 9207 9834 10296 10593 8118 8316 8613 9042 9702 10230 10692 10923
0 0 40 40 4 1 64 25 8316 8613 8910 9339 9900 10428 10791 10989 8712 9009 9207 9702 10098 10494 10725 10824 9075 9306 9504 9900 10197 10395 10461 10494 9339 9603 9801 10098 10296 10296 10131 9801 9603 9867 9999 10131 10065 9933 9504 9042 9702 9999 10098 9999 9834 9339 8811 8250 9900 9999 10098 9801 9273 8679 8085 7458 9999 9933 9801 9273 8613 7920 7260 6798
0 0 40 48 4 1 64 25 9867 9702 9207 8580 7821 7128 6567 6204 9636 9207 8547 7821 6930 6435 6039 5742 9108 8580 7656 6864 6237 5808 5544 5346 8613 7821 6930 6171 5643 5346 5214 5148 8019 7062 6237 5610 5247 5049 5049 4950 7326 6435 5742 5247 5049 4950 4950 4950 6732 5940 5346 5049 4950 4950 4950 4950 6336 5544 5148 4950 4950 4950 4950 4950
0 0 40 56 4 1 64 25 5940 5346 5049 4950 4950 4950 4950 4950 5643 5148 4950 4950 4950 4950 4950 4950 5445 5148 4950 4950 4950 4950 4950 4950 5346 5049 4950 4950 4950 4950 4950 4950 5247 5049 4950 4950 4950 4950 4950 4950 5247 5049 4950 4950 4950 4950 4950 4950 5247 5049 4950 4950 4950 4950 4950 4950 5247 5049 4950 4950 4950 4950 4950 4950
0 0 40 64 4 1 64 25 5346 5049 4950 4950 4950 4950 4950 4950 5445 5049 4950 4950 4950 4950 4950 4950 5643 5148 5049 4950 4950 4950 4950 4950 5940 5247 5049 4950 4950 4950 4950 4950 6336 5544 5148 5049 4950 4950 4950 4950 6732 5841 5247 5049 4950 4950 4950 4950 7326 6336 5643 5247 5049 4950 4950 4950 8118 7128 6138 5544 5148 5049 4950 4950
0 0 40 72 4 1 64 25 8811 7920 6831 6039 5445 5148 4950 4950 9603 8613 7722 6831 6138 5544 5247 5049 10098 9405 8613 7656 6930 6138 5742 5445 10494 10098 9306 8514 7722 7128 6534 6039 10890 10593 9999 9405 8613 8118 7425 6930 10989 10593 10296 9900 9504 9009 8415 7920 11088 10890 10593 10296 9999 9603 9306 8811 11088 10890 10791 10494 10197 9999 9801 9504
0 0 40 80 4 1 64 25 10989 10890 10692 10494 10395 10395 10296 9999 10890 10791 10692 10692 10593 10593 10395 10296 10692 10692 10692 10692 10692 10593 10593 10494 10692 10692 10692 10692 10692 10692 10692 10692 10692 10692 10692 10692 10692 10692 10692 10692 10692 10692 10692 10692 10692 10692 10692 10692 10692 10692 10692 10692 10692 10692 10692 10692 10791 10791 10692 10692 10692 10692 10692 10692
0 0 40 88 4 1 64 25 10791 10791 10791 10692 10692 10692 10692 10692 10791 10791 10791 10791 10692 10692 10692 10692 10857 10791 10791 10791 10692 10692 10692 10692 10890 10791 10791 10791 10791 10692 10692 10593 10989 10890 10791 10791 10791 10692 10692 10494 11187 10989 10890 10890 10890 10791 10593 10296 11385 11187 11088 11088 11088 10890 10593 10098 11682 11583 11484 11286 11088 10890 10494 10098
0 0 40 96 4 1 64 25 11880 11781 11682 11484 11286 10989 10494 10098 12078 12078 12078 11880 11583 11187 10692 10197 12144 12276 12276 12078 11880 11484 10890 10296 12177 12276 12276 12177 11979 11682 11088 10494 12276 12375 12375 12375 12177 11880 11286 10593 12276 12375 12474 12474 12276 11979 11484 10791 12375 12375 12474 12474 12276 12078 11583 10890 12375 12375 12474 12474 12276 12078 11682 10989
0 0 40 104 4 1 64 25 12276 12375 12375 12474 12375 12078 11682 10989 12276 12276 12375 12375 12276 12078 11682 11088 12177 12276 12276 12276 12276 12078 11682 11088 12078 12078 12177 12243 12177 12078 11682 11187 11781 11880 11979 12078 11979 11979 11682 11187 11550 11682 11781 11847 11781 11781 11583 11286 11187 11286 11385 11484 11484 11484 11385 11187 10890 10989 10989 11088 11187 11187 11088 10989
0 0 40 112 4 1 64 25 10494 10494 10560 10593 10593 10692 10659 10593 10098 10098 10098 10098 10098 10164 10164 10098 9702 9702 9669 9603 9570 9570 9504 9504 9405 9306 9207 9108 9075 9075 8943 8811 9009 8910 8811 8712 8613 8613 8514 8316 8646 8547 8514 8448 8316 8217 8118 7920 8415 8316 8217 8151 8019 7920 7887 7623 8019 8019 7986 7920 7821 7722 7623 7392
0 0 40 120 4 1 64 25 7821 7821 7788 7722 7623 7557 7425 7194 7524 7524 7623 7623 7524 7524 7425 7095 7326 7326 7425 7524 7425 7425 7326 6930 7227 7227 7326 7326 7326 7326 7227 6930 7128 7227 7227 7326 7326 7326 7161 6831 7128 7194 7227 7326 7326 7227 7128 6732 7128 7161 7227 7227 7227 7227 7029 6633 7161 7227 7227 7227 7128 7128 6831 6534
0 0 48 0 4 1 64 25 2871 2871 2871 2772 2574 2277 1980 1584 2574 2574 2475 2376 2178 1980 1683 1287 2277 2178 2079 1980 1881 1584 1287 990 1980 1881 1782 1683 1584 1287 1089 792 1683 1584 1485 1386 1287 1089 891 693 1386 1287 1287 1188 1089 957 792 594 1188 1089 1089 990 990 891 792 594 1023 990 990 990 990 891 693 495
0 0 48 8 4 1 64 25 990 990 990 990 990 891 693 495 990 990 990 990 990 891 693 396 990 990 990 990 990 891 594 297 990 990 990 990 990 891 594 297 990 990 990 990 990 891 693 330 990 990 990 990 990 891 693 396 990 990 990 990 990 891 759 495 990 990 990 990 990 891 792 594
0 0 48 16 4 64 64 25 25 25 25 25 25 25 25 25 25 25 25 25 25 25 25 25 25 25 25 25 25 25 25 25 25 25 25 25 25 25 25 32793 32793 32793 32793 25 25 25 25 25 25 25 25 16409 25 25 25 25 25 25 25 25 16409 25 25 25 25 25 25 25 25 16409 25 1023 1023 1023 1023 990 990 891 693 1188 1221 1188 1188 1188 1089 990 792 1584 1584 1584 1584 1551 1419 1287 1089 2079 2112 2178 2178 2046 1881 1683 1287 2772 2772 2871 2871 2673 2442 2079 1584 3366 3498 3564 3465 3267 2970 2475 1881 3960 4026 4125 4026 3762 3366 2772 2079 4356 4455 4554 4488 4257 3762 3069 2277
0 0 48 24 4 64 64 25 25 25 25 25 25 16409 25 25 25 25 25 25 25 25 16409 25 25 25 25 25 25 25 16409 25 25 25 25 25 25 25 16409 25 25 25 25 25 25 25 25 25 25 25 25 25 25 25 25 25 25 25 25 25 25 25 25 25 25 25 25 25 25 25 25 4587 4818 4884 4851 4554 4026 3267 2475 4851 5049 5148 5082 4851 4323 3564 2772 5049 5247 5346 5313 5115 4620 3894 3069 5346 5445 5577 5511 5313 4818 4224 3366 5643 5742 5841 5742 5478 5016 4488 3729 5940 6039 6138 5973 5676 5214 4719 4059 6237 6336 6303 6105 5808 5346 4851 4257 6633 6600 6435 6138 5841 5445 4983 4455
0 0 48 32 4 1 64 25 6930 6930 6633 6336 6039 5676 5280 4884 7359 7227 7029 6732 6468 6138 5841 5511 7854 7755 7557 7359 7095 6864 6600 6336 8613 8547 8349 8151 7953 7788 7557 7458 9504 9504 9306 9207 9009 8844 8745 8712 10197 10296 10197 10098 9933 9867 9801 9702 10791 10791 10758 10692 10593 10593 10494 10461 11088 11088 11055 10989 10956 10890 10890 10791
0 0 48 40 4 1 64 25 11088 11088 11022 10956 10890 10824 10791 10791 10890 10791 10692 10593 10428 10395 10362 10296 10395 10197 9999 9801 9636 9537 9471 9504 9603 9306 9009 8778 8613 8514 8448 8382 8613 8250 7920 7887 7722 7590 7557 7491 7722 7425 7260 7095 6897 6897 6831 6765 7062 6864 6633 6600 6435 6303 6336 6336 6534 6336 6204 6039 5973 5808 5676 5676
0 0 48 48 4 1 64 25 6039 5841 5676 5577 5544 5379 5346 5346 5544 5445 5313 5247 5214 5148 5148 5115 5247 5148 5115 5049 5049 5049 5016 4983 5049 5016 4950 4950 4950 4950 4950 4950 4950 4950 4950 4950 4950 4950 4950 4950 4950 4950 4950 4950 4950 4950 4950 4950 4950 4950 4950 4950 4950 4950 4950 4950 4950 4950 4950 4950 4950 4950 4950 4950
0 0 48 56 4 1 1 25 4950
0 0 48 64 4 1 1 25 4950
0 0 48 72 4 1 64 25 4950 4950 4950 4950 4950 4950 4950 4950 5049 4950 4950 4950 4950 4950 4950 4950 5247 5049 4950 4950 4950 4950 4950 4950 5643 5346 5148 5049 5049 4950 4950 4950 6435 5940 5544 5346 5247 5148 4950 5049 7326 6831 6336 6039 5742 5445 5247 5148 8316 7821 7425 6831 6435 6138 5841 5544 9207 8811 8316 7920 7425 7128 6732 6336
0 0 48 80 4 1 64 25 9801 9405 9108 8811 8514 8019 7722 7326 10197 9999 9801 9504 9207 8910 8613 8316 10395 10296 10296 10098 9900 9603 9405 9207 10593 10593 10494 10395 10296 10098 9999 9900 10692 10692 10593 10593 10494 10395 10296 10296 10692 10692 10692 10692 10593 10593 10494 10593 10692 10692 10692 10692 10692 10692 10692 10857 10692 10692 10593 10593 10692 10692 10692 10857
0 0 48 88 4 1 64 25 10593 10593 10494 10494 10494 10593 10593 10692 10593 10593 10494 10395 10362 10362 10296 10395 10494 10395 10296 10197 10098 10098 10098 10164 10395 10197 9999 9900 9801 9801 9900 9900 10197 9999 9801 9702 9603 9603 9702 9702 9999 9801 9603 9504 9504 9504 9504 9603 9801 9603 9504 9504 9504 9504 9504 9504 9702 9603 9504 9504 9504 9504 9504 9504
0 0 48 96 4 1 64 25 9801 9603 9504 9504 9504 9504 9504 9504 9801 9603 9504 9504 9504 9504 9504 9504 9900 9603 9504 9504 9504 9504 9504 9504 9999 9702 9504 9504 9504 9504 9504 9504 10098 9702 9504 9504 9504 9504 9504 9504 10197 9801 9603 9504 9504 9504 9504 9504 10296 9900 9603 9504 9504 9504 9504 9504 10395 9999 9702 9504 9504 9504 9504 9504
0 0 48 104 4 1 64 25 10494 9999 9702 9504 9504 9504 9504 9504 10494 9999 9702 9504 9504 9504 9504 9504 10494 9999 9702 9504 9504 9504 9504 9504 10593 10098 9702 9504 9504 9504 9504 9504 10692 10197 9801 9603 9504 9504 9504 9504 10890 10395 9999 9702 9603 9603 9504 9504 10890 10494 10098 9801 9702 9603 9504 9405 10791 10494 10197 9900 9702 9504 9306 9108
0 0 48 112 4 1 64 25 10395 10197 9900 9603 9405 9108 8811 8514 9900 9702 9405 9108 8811 8415 8019 7623 9306 9108 8811 8514 8118 7623 7128 6567 8613 8415 8118 7689 7227 6732 6237 5643 8085 7788 7425 6930 6435 5940 5445 4752 7623 7293 6831 6336 5841 5346 4752 3993 7326 6996 6534 5940 5445 4851 4059 3135 7029 6633 6237 5643 5049 4356 3366 2277
0 0 48 120 4 64 64 25 25 25 25 25 25 16409 25 25 25 25 25 25 25 25 25 25 25 25 25 25 16409 25 25 25 25 25 25 25 16409 25 25 25 25 25 25 25 16409 25 25 25 25 25 25 25 16409 25 25 25 25 25 25 25 16409 25 25 25 25 25 25 25 25 25 25 6864 6435 6039 5445 4851 3960 2772 1617 6765 6336 5841 5247 4653 3663 2376 1188 6633 6336 5841 5148 4455 3465 2178 990 6633 6138 5643 5049 4356 3366 2079 957 6435 6039 5544 4950 4257 3366 2178 1023 6435 5940 5445 4752 4158 3267 2178 990 6237 5742 5247 4554 3960 3069 1980 891 6039 5643 5049 4422 3729 2772 1584 594
0 0 56 0 4 64 64 25 25 25 25 25 25 25 25 25 25 25 25 25 25 25 25 25 25 25 25 25 25 25 25 25 25 25 25 25 25 25 25 25 25 25 25 25 25 25 25 25 25 25 25 25 25 25 49177 25 25 25 25 25 25 25 49177 25 25 25 25 25 25 25 49177 1089 693 396 198 33 0 0 0 891 495 231 99 0 0 0 33 693 363 132 33 0 0 0 198 495 264 99 0 0 0 198 330 396 198 0 0 0 0 198 561 396 198 0 0 0 0 297 792 297 99 0 0 0 66 396 1056 231 99 0 0 0 99 495 1353
0 0 56 8 4 64 64 25 25 25 25 25 25 25 49177 25 25 25 25 25 25 25 49177 25 25 25 25 25 25 25 49177 25 25 25 25 25 25 25 49177 25 25 25 25 25 25 25 25 25 25 25 25 25 25 25 25 25 25 25 25 25 25 25 25 25 25 25 25 25 25 25 25 198 99 0 0 0 165 528 1353 132 0 0 0 33 198 594 1353 99 0 0 0 33 198 495 1221 99 0 0 0 99 231 561 1122 132 0 0 0 66 231 561 1089 198 99 0 0 66 297 660 990 297 99 0 0 33 297 726 957 396 198 66 0 99 429 858 990
0 0 56 16 4 1 64 25 495 264 99 0 66 429 858 990 594 330 132 66 66 495 957 990 792 495 297 198 66 495 957 990 990 759 495 297 231 594 990 990 1188 891 627 495 396 627 990 990 1386 990 792 693 594 726 990 990 1485 1089 924 891 891 891 990 990 1683 1287 1089 990 990 990 990 990
0 0 56 24 4 64 64 25 25 25 25 25 25 25 25 25 25 25 25 25 25 25 25 25 25 25 25 25 25 25 25 25 25 25 25 25 25 25 25 16409 25 25 25 25 25 25 25 16409 25 25 25 25 25 25 25 25 16409 25 25 25 25 25 25 25 25 16409 32793 32793 25 25 25 1881 1419 1122 990 990 990 990 990 2079 1584 1188 1023 990 990 990 990 2277 1716 1320 1122 990 990 990 990 2607 1980 1551 1287 1089 990 990 990 2970 2310 1815 1485 1287 1089 990 990 3366 2673 2178 1782 1485 1287 1188 1089 3663 3069 2574 2211 1881 1584 1419 1287 3960 3465 3069 2706 2376 2145 1881 1683
0 0 56 32 4 64 64 25 25 25 25 25 16409 32793 32793 25 25 25 25 25 25 25 25 25 25 25 25 25 25 25 25 25 25 25 25 25 25 25 25 25 25 25 25 25 25 25 25 25 25 25 25 25 25 25 25 25 25 25 25 25 25 25 25 25 25 25 25 25 25 25 25 4455 4059 3762 3366 3069 2739 2409 2277 5181 4851 4587 4257 3861 3564 3267 3036 6138 5940 5544 5247 4950 4587 4257 3993 7326 7128 6732 6435 6138 5841 5445 5181 8613 8415 8118 7821 7524 7227 6831 6534 9570 9504 9306 9009 8778 8613 8316 7887 10395 10263 10098 9999 9768 9669 9405 9075 10791 10692 10593 10527 10461 10329 10164 9735
0 0 56 40 4 1 64 25 10725 10692 10659 10659 10692 10659 10527 10263 10296 10296 10296 10395 10428 10494 10428 10197 9504 9504 9603 9702 9834 9966 9999 9867 8415 8448 8547 8745 8910 9108 9174 9207 7458 7590 7623 7755 7920 8052 8217 8316 6831 6864 6963 7062 7128 7227 7326 7458 6270 6369 6435 6534 6600 6633 6765 6831 5676 5676 5808 6105 6105 6204 6270 6336
0 0 56 48 4 1 64 25 5280 5313 5412 5577 5643 5643 5643 5643 5082 5082 5148 5247 5247 5280 5280 5247 4950 4983 5049 5049 5049 5049 5049 5049 4950 4950 4950 4950 4950 4950 4950 4950 4950 4950 4950 4950 4950 4950 4950 4950 4950 4950 4950 4950 4950 4950 4950 4950 4950 4950 4950 4950 4950 4950 4950 4950 4950 4950 4950 4950 4950 4950 4950 4950
0 0 56 56 4 1 1 25 4950
0 0 56 64 4 1 1 25 4950
0 0 56 72 4 1 64 25 4950 4950 4950 4950 4950 4950 4950 4950 4950 4950 4950 4950 4950 4950 4950 4950 4950 4950 4950 4950 4950 4950 4950 4950 4950 4950 4950 4950 4950 4950 4950 4950 4950 4950 4950 4950 4950 4950 4950 4950 5049 5049 5049 4950 4950 4950 4950 4950 5445 5247 5148 5148 5049 5049 5049 5049 6039 5841 5643 5445 5346 5346 5247 5247
0 0 56 80 4 1 64 25 6930 6633 6336 6138 5940 5940 5841 5742 8019 7722 7326 7029 6831 6732 6534 6435 9009 8712 8415 8118 7821 7623 7425 7425 9702 9504 9306 9009 8811 8514 8217 8217 10296 10197 9999 9801 9603 9306 9009 8910 10593 10593 10494 10197 9999 9900 9504 9405 10956 10890 10791 10494 10395 10197 9999 9900 10956 10989 10890 10791 10593 10593 10296 10197
0 0 56 88 4 1 64 25 10791 10791 10791 10791 10692 10593 10494 10329 10494 10494 10593 10593 10593 10494 10395 10296 10197 10296 10296 10395 10395 10395 10395 10296 9966 9999 10098 10098 10197 10296 10296 10296 9768 9801 9900 9900 9966 9999 10098 10197 9603 9669 9702 9702 9702 9801 9900 9900 9504 9603 9603 9603 9603 9603 9702 9702 9504 9504 9603 9603 9603 9603 9603 9603
0 0 56 96 4 1 64 25 9504 9504 9504 9504 9504 9504 9504 9504 9504 9504 9504 9504 9504 9504 9504 9504 9504 9504 9504 9504 9504 9504 9603 9504 9504 9504 9504 9504 9504 9603 9603 9504 9504 9504 9504 9504 9603 9603 9603 9603 9504 9504 9504 9504 9603 9603 9603 9702 9504 9504 9504 9603 9603 9636 9636 9702 9504 9504 9504 9603 9603 9636 9636 9702
0 0 56 104 4 1 64 25 9504 9504 9504 9603 9636 9636 9702 9702 9504 9504 9504 9603 9603 9603 9603 9603 9504 9504 9504 9603 9603 9504 9405 9339 9504 9504 9504 9504 9405 9207 9108 9009 9504 9504 9405 9306 9108 8877 8712 8613 9471 9372 9174 8910 8613 8382 8217 8217 9207 9009 8712 8415 8019 7821 7722 7722 8811 8415 8019 7689 7260 7095 7128 7128
0 0 56 112 4 64 64 25 25 25 25 25 25 25 25 25 25 25 25 25 25 25 25 25 25 25 25 25 25 25 25 25 25 25 25 25 49177 25 25 25 25 25 25 25 25 49177 25 25 25 25 25 25 25 25 49177 25 25 25 25 25 25 25 25 25 25 25 25 25 25 25 25 8118 7623 7128 6699 6435 6270 6369 6468 7128 6567 6105 5709 5445 5412 5511 5775 6039 5511 5016 4653 4455 4422 4653 5049 5049 4488 3960 3465 3168 3168 3531 4125 4125 3465 2772 2277 1914 1914 2310 3036 3201 2409 1749 1254 891 891 1254 2112 2211 1485 924 561 363 330 627 1419 1386 759 396 198 99 99 396 990
0 0 56 120 4 64 64 25 25 25 25 25 25 25 25 25 25 25 25 25 25 25 25 25 25 25 25 25 25 25 25 25 25 25 25 25 25 25 25 25 25 25 25 25 25 25 25 25 25 25 25 25 25 25 25 25 25 25 25 25 25 25 25 25 25 25 25 25 25 32793 32793 759 363 198 99 99 33 297 825 495 198 99 198 198 99 231 825 396 99 198 297 198 99 297 924 297 99 99 198 99 99 396 1188 297 0 0 0 66 198 660 1485 297 0 0 0 198 495 1188 2046 231 0 0 198 528 1089 1881 2673 99 0 132 495 1089 1881 2574 3168
0 0 64 0 4 64 64 25 25 25 25 32793 25 25 25 25 25 32793 32793 25 25 25 25 25 32793 25 25 25 25 25 25 49177 25 25 25 25 25 25 25 32793 25 25 25 25 25 25 25 25 25 25 25 25 25 25 25 25 25 25 25 25 25 25 25 25 25 25 25 25 25 25 25 99 264 660 1353 2079 2772 3465 4224 231 627 1254 1947 2805 3630 4455 5049 495 1155 1947 2904 3762 4719 5478 5841 858 1749 2871 3927 4950 5676 6072 6138 1452 2607 3960 5214 6138 6534 6435 6237 1947 3498 5313 6732 7326 7128 6798 6336 2409 4521 6831 8151 8415 8019 7260 6633 2805 5148 7689 8844 9009 8712 7821 6930
0 0 64 8 4 64 64 25 25 25 25 25 25 25 25 25 25 25 25 25 25 25 25 25 25 25 25 25 25 25 25 25 25 25 25 25 25 25 25 49177 25 25 25 25 25 25 25 49177 25 25 25 25 25 25 25 25 49177 25 25 25 25 25 25 25 25 25 49177 25 25 25 25 2838 5247 7656 8910 9240 9075 8514 7491 2772 4983 7293 8745 9174 9207 8976 7986 2541 4554 6831 8481 9075 9273 9042 8118 2145 3960 6270 8184 9075 9273 9075 8184 1716 3300 5346 7491 8778 9075 8877 7986 1551 2574 4224 6105 7491 8184 8085 7458 1320 2013 3069 4356 5577 6303 6798 6897 1188 1518 2112 2904 3729 4389 5148 6105
0 0 64 16 4 64 64 25 25 25 25 25 49177 25 25 25 25 25 25 25 25 49177 25 25 25 25 25 25 25 25 49177 25 25 25 25 25 25 25 25 25 25 25 25 25 25 25 25 25 25 25 25 25 25 25 25 25 25 25 25 25 25 25 25 25 25 25 25 25 25 25 25 990 1287 1485 1914 2310 2838 3729 4983 990 990 1188 1386 1617 1914 2607 3498 990 990 990 1056 1155 1551 1881 2310 990 990 990 990 1089 1155 1353 1584 990 990 990 990 990 1023 1155 1353 990 990 990 990 990 990 1056 1089 990 990 990 990 990 990 990 990 990 990 990 990 990 990 990 990
0 0 64 24 4 1 64 25 990 990 990 990 990 990 990 990 990 990 990 990 990 990 990 990 990 990 990 990 990 990 990 990 990 990 990 990 990 990 990 990 990 990 990 990 990 990 990 990 990 990 990 990 990 990 990 990 1089 990 990 990 990 990 990 990 1485 990 990 990 990 990 990 990
0 0 64 32 4 64 64 32793 25 25 25 25 25 25 25 25 16409 32793 32793 32793 32793 25 25 25 25 25 25 25 25 16409 32793 25 25 25 25 25 25 25 25 25 25 25 25 25 25 25 25 25 25 25 25 25 25 25 25 25 25 25 25 25 25 25 25 25 25 25 25 25 25 25 25 2112 1485 990 990 990 990 990 990 2871 2838 2046 1056 1023 990 990 990 3828 3762 3729 3201 1782 1419 1155 1155 4983 4818 4752 4620 4158 3828 3036 2343 6270 6006 5775 5577 5379 5049 4752 4488 7557 7194 6765 6468 6171 5841 5676 5379 8613 8118 7590 7161 6765 6369 6072 5940 9240 8745 8118 7623 7161 6732 6435 6402
0 0 64 40 4 1 64 25 9801 9141 8448 7953 7425 6930 6732 6732 9867 9273 8646 8052 7524 7095 6864 6963 9570 9108 8580 8052 7557 7128 6897 7029 9009 8745 8316 7920 7524 7095 6864 6996 8349 8118 7920 7623 7326 6963 6798 6963 7524 7557 7425 7260 7029 6765 6633 6930 6930 6963 6930 6897 6765 6567 6534 6765 6369 6402 6468 6534 6501 6336 6402 6567
0 0 64 48 4 1 64 25 5709 5841 5973 6138 6204 6138 6138 6402 5214 5412 5511 5742 5907 5940 5940 6105 5082 5181 5247 5445 5610 5709 5775 5940 4983 5049 5082 5214 5346 5511 5610 5709 4950 4950 4983 5049 5148 5280 5412 5511 4950 4950 4950 4950 5049 5115 5214 5247 4950 4950 4950 4950 4950 5016 5049 5082 4950 4950 4950 4950 4950 4950 4950 4950
0 0 64 56 4 1 1 25 4950
0 0 64 64 4 1 1 25 4950
0 0 64 72 4 1 64 25 4950 4950 4950 4950 4950 4950 4950 4950 4950 4950 4950 4950 4950 4950 4950 4950 4950 4950 4950 4950 4950 4950 4950 4950 4950 4950 4950 4950 4950 4950 4950 4950 4950 4950 4950 4950 4950 4950 4950 4950 4950 4950 4950 4950 4950 4950 4950 4950 4950 5049 4950 4950 4950 4950 5049 5049 5148 5247 5148 5148 5247 5247 5247 5247
0 0 64 80 4 1 64 25 5643 5643 5643 5643 5643 5742 5841 5940 6435 6435 6435 6435 6534 6633 6633 6831 7326 7326 7227 7326 7326 7425 7524 7623 8118 8118 8019 8118 8217 8217 8316 8415 8811 8811 8712 8811 8811 8811 8910 9009 9306 9405 9207 9207 9207 9306 9405 9504 9702 9702 9702 9603 9702 9603 9801 9900 10098 9999 9999 9900 9999 9999 10098 10197
0 0 64 88 4 1 64 25 10296 10230 10197 10197 10197 10197 10296 10395 10296 10296 10296 10296 10296 10296 10395 10395 10296 10296 10296 10296 10296 10296 10296 10296 10296 10296 10296 10296 10296 10296 10296 10395 10197 10197 10296 10296 10296 10296 10296 10296 9999 9999 9999 9999 10098 10098 10098 10197 9801 9801 9801 9801 9867 9900 9900 9999 9603 9702 9702 9735 9768 9801 9900 9999
0 0 64 96 4 1 64 25 9504 9603 9603 9603 9702 9702 9801 9900 9504 9504 9603 9603 9702 9801 9900 9999 9504 9504 9603 9702 9801 9900 9999 10065 9504 9603 9702 9801 9900 9999 10098 10164 9603 9702 9801 9999 9999 10098 10197 10296 9702 9735 9900 9999 10098 10197 10296 10296 9702 9801 9999 10098 10197 10197 10296 10296 9702 9801 9966 10098 10197 10197 10296 10296
0 0 64 104 4 1 64 25 9702 9702 9900 9999 10098 10098 10197 10197 9537 9603 9702 9801 9900 9999 10098 10098 9306 9306 9504 9603 9702 9801 9900 9900 9009 9108 9207 9306 9405 9504 9603 9702 8613 8712 8910 9009 9108 9306 9405 9504 8217 8382 8613 8811 8811 9009 9207 9306 7722 7920 8217 8415 8514 8712 8910 9009 7227 7524 7821 8019 8217 8514 8613 8712
0 0 64 112 4 64 64 25 25 25 25 25 25 25 25 25 25 25 25 25 25 25 25 25 25 25 25 25 25 25 25 25 25 25 25 25 25 25 25 25 25 25 25 25 25 25 25 25 25 25 25 25 25 25 25 49177 25 25 25 25 25 25 25 49177 25 25 25 25 25 25 25 6633 6930 7326 7623 7920 8118 8415 8514 6039 6435 6831 7227 7623 7821 8118 8316 5445 5841 6336 6732 7161 7524 7821 8019 4752 5247 5841 6336 6831 7128 7524 7821 3894 4653 5346 5940 6402 6831 7227 7524 3135 4158 4950 5544 6039 6534 6930 7227 2508 3663 4554 5247 5775 6237 6633 6864 2079 3366 4257 4950 5478 5940 6336 6534
0 0 64 120 4 64 64 49177 25 25 25 25 25 25 25 49177 25 25 25 25 25 25 25 49177 25 25 25 25 25 25 25 49177 25 25 25 25 25 25 25 49177 25 25 25 25 25 25 25 49177 25 25 25 25 25 25 25 32793 25 25 25 25 25 25 25 25 25 25 25 25 25 25 25 1914 3168 4059 4719 5247 5676 5973 6204 1881 3069 3960 4554 5049 5346 5643 5742 1914 3069 3861 4356 4818 5049 5247 5346 2178 3168 3795 4224 4521 4719 4851 4851 2475 3267 3795 4158 4323 4455 4422 4356 2871 3432 3861 4059 4125 4158 3960 3861 3267 3597 3861 3927 3861 3795 3564 3366 3564 3762 3861 3828 3663 3465 3168 3036
0 0 72 0 4 1 64 25 4917 5643 5907 5940 5940 5940 5940 5940 5709 5940 5940 5940 5940 5940 5940 5940 5940 5940 5940 5940 5940 5940 5940 5940 6039 5940 5940 5940 5940 5940 5940 5940 6039 5940 5940 5940 5940 5940 5940 5940 6138 6039 5940 5940 5940 5940 5940 5940 6237 6039 5940 5940 5940 5940 5940 5940 6336 6138 6039 6039 5940 5940 5940 5940
0 0 72 8 4 1 64 25 6699 6435 6237 6039 6039 6039 5940 5940 6930 6435 6138 6039 6039 5940 5940 5940 7029 6435 6138 6039 5940 5940 5940 5940 7128 6501 6138 6039 5940 5940 5940 5940 7095 6435 6138 6039 5940 5940 5940 5940 6831 6336 6039 6039 5940 5940 5940 5940 6501 6204 6039 5940 6039 6171 6039 5940 6237 6039 6039 6006 6237 6633 6534 6237
0 0 72 16 4 64 64 25 25 25 25 25 25 25 25 25 25 25 25 25 25 25 25 25 25 25 25 25 25 25 25 25 49177 25 25 25 25 25 25 25 25 49177 25 25 25 25 25 25 25 25 49177 25 25 25 25 25 25 25 25 25 49177 25 25 25 25 25 25 25 25 49177 25 5808 5874 5874 6039 6402 6831 7062 6897 4785 5280 5445 5775 6204 6666 7062 7326 3300 4059 4587 5082 5709 6402 6897 7425 2178 2772 3531 4191 4950 5775 6501 7161 1584 1980 2442 3135 4059 4917 5775 6567 1221 1452 1716 2310 3102 3927 4851 5643 1089 1122 1320 1749 2277 2838 3729 4587 990 1056 1089 1320 1650 2112 2739 3333
0 0 72 24 4 1 64 25 990 990 990 1155 1287 1617 2046 2475 990 990 990 990 1089 1320 1617 1881 990 990 990 990 990 1122 1287 1485 990 990 990 990 990 990 1089 1287 990 990 990 990 990 990 990 1089 990 990 990 990 990 990 990 990 990 990 990 990 990 990 990 990 990 990 990 990 990 990 990 990
0 0 72 32 4 64 64 25 25 25 25 25 25 25 25 25 25 25 25 25 25 25 25 32793 32793 25 25 25 25 25 25 25 25 16409 32793 25 25 25 25 25 25 25 25 16409 32793 32793 25 25 25 25 25 25 25 25 16409 25 25 25 25 25 25 25 25 25 25 25 25 25 25 25 25 990 990 990 990 990 990 990 990 990 990 990 990 990 990 990 990 990 1023 990 990 1056 990 1089 1089 1782 1551 1716 1683 1584 1683 1551 1386 4158 3828 3399 2970 2574 2343 2079 1881 5181 4884 4455 3960 3465 3168 2970 2706 5907 5742 5445 4950 4554 4257 3993 3762 6501 6633 6402 6105 5775 5544 5247 5049
0 0 72 40 4 1 64 25 7029 7359 7392 7359 7161 6930 6666 6468 7425 7920 8217 8382 8448 8382 8217 8019 7656 8382 8844 9240 9438 9504 9405 9306 7722 8580 9207 9735 10164 10296 10263 10197 7722 8646 9273 9966 10494 10692 10791 10758 7590 8415 9108 9867 10461 10758 10890 10890 7326 8085 8712 9405 10098 10494 10692 10890 7029 7623 8118 8778 9405 9900 10263 10593
0 0 72 48 4 1 64 25 6666 7128 7557 7986 8514 9108 9636 10065 6468 6699 7029 7392 7755 8283 8778 9372 6204 6402 6567 6864 7194 7557 8019 8514 5940 6105 6237 6435 6633 7029 7326 7755 5643 5709 5808 5973 6171 6501 6732 7062 5346 5445 5478 5577 5676 5874 6138 6336 5148 5181 5247 5313 5346 5445 5643 5742 5016 5049 5049 5082 5148 5148 5247 5280
0 0 72 56 4 1 64 25 4950 4950 4950 4950 5016 5049 5049 5049 4950 4950 4950 4950 4950 4950 4950 4950 4950 4950 4950 4950 4950 4950 4950 4950 4950 4950 4950 4950 4950 4950 4950 4950 4950 4950 4950 4950 4950 4950 4950 4950 4950 4950 4950 4950 4950 4950 4950 4950 4950 4950 4950 4950 4950 4950 4950 4950 4950 4950 4950 4950 4950 4950 4950 4950
0 0 72 64 4 1 1 25 4950
0 0 72 72 4 1 64 25 4950 4950 4950 4950 4950 4950 4950 4950 4950 4950 4950 4950 4950 4950 4950 5049 4950 4950 4950 4950 4950 4950 5049 5247 4950 4950 4950 4950 4950 5049 5148 5544 4950 4950 4950 4950 5049 5247 5544 6138 4950 4950 5049 5148 5280 5643 6138 6897 5049 5148 5247 5445 5841 6336 6996 7689 5445 5544 5841 6237 6699 7161 7656 8217
0 0 72 80 4 1 64 25 6138 6336 6633 7029 7524 7920 8316 8712 7029 7227 7524 7821 8118 8613 8811 9108 7821 8019 8316 8514 8613 8910 9108 9306 8514 8712 8811 9009 9108 9405 9504 9702 9207 9207 9405 9405 9504 9702 9900 9999 9603 9702 9801 9801 9801 9999 10098 10296 9900 10098 10098 10098 10098 10296 10395 10494 10197 10395 10395 10395 10395 10494 10692 10791
0 0 72 88 4 1 64 25 10395 10494 10494 10593 10692 10791 10989 11088 10494 10560 10692 10791 10890 11088 11187 11286 10395 10494 10692 10791 10923 11088 11286 11385 10395 10494 10692 10791 10923 11154 11286 11385 10296 10395 10593 10692 10890 11088 11187 11187 10197 10296 10494 10593 10791 10989 11088 11088 10098 10197 10395 10494 10593 10791 10890 10923 9999 10197 10296 10395 10494 10692 10692 10692
0 0 72 96 4 1 64 25 9999 10197 10197 10296 10395 10494 10494 10494 10032 10197 10197 10296 10296 10296 10296 10296 10098 10197 10296 10296 10197 10197 10098 10197 10197 10197 10197 10197 10098 10098 10098 10263 10296 10197 10164 10098 10098 9999 10164 10494 10296 10197 10197 10098 9999 10065 10329 10890 10296 10197 10197 10131 10098 10197 10593 11286 10263 10197 10197 10131 10131 10296 10824 11682
0 0 72 104 4 1 64 25 10197 10197 10197 10197 10164 10296 10890 11880 10098 10098 10098 10098 10098 10296 10692 11649 9900 9900 9999 9999 10098 10197 10395 11088 9702 9702 9801 9801 9900 10065 10164 10494 9504 9504 9603 9603 9702 9900 9999 10197 9306 9306 9438 9504 9603 9801 9900 9999 9108 9207 9306 9372 9504 9669 9834 9900 8811 8943 9108 9207 9306 9504 9702 9801
0 0 72 112 4 1 64 25 8613 8778 8910 9009 9207 9405 9603 9702 8415 8547 8712 8811 9009 9240 9504 9603 8118 8415 8580 8613 8811 9108 9306 9504 7920 8118 8316 8415 8613 8910 9207 9306 7623 7920 8118 8217 8415 8712 8910 9108 7392 7623 7821 7920 8118 8415 8712 8910 7029 7260 7524 7623 7821 8217 8415 8613 6633 6897 7095 7227 7425 7821 8019 8316
0 0 72 120 4 64 64 25 25 25 25 25 25 25 25 25 25 25 25 25 25 25 25 25 25 25 25 25 25 25 25 25 25 25 25 25 25 25 25 25 25 25 25 25 25 25 25 25 25 25 25 25 25 25 25 25 25 25 49177 25 25 25 25 25 25 25 49177 25 25 25 25 6336 6435 6633 6798 7062 7326 7722 7920 5841 5940 6138 6237 6534 6864 7227 7524 5412 5445 5544 5742 5940 6336 6732 7128 4851 4851 4950 5049 5346 5742 6138 6633 4356 4257 4356 4455 4752 5148 5643 6138 3861 3762 3828 3960 4257 4653 5148 5742 3267 3267 3333 3465 3762 4257 4752 5346 2871 2805 2871 3069 3366 3861 4455 5148
0 0 80 0 4 1 1 25 5940
0 0 80 8 4 1 64 25 5940 5940 5940 5940 5940 5940 5940 5940 5940 5940 5940 5940 5940 5940 5940 5940 5940 5940 5940 5940 5940 5940 5940 5940 5940 5940 5940 5940 5940 5940 5940 5940 5940 5940 5940 5940 5940 5940 5940 5940 5940 5940 5940 5940 5940 5940 5940 5940 5940 5940 5940 5940 5940 5940 5940 5940 6039 5940 5940 5940 5940 5940 5940 5940
0 0 80 16 4 1 64 25 6765 6468 6270 6138 6138 6039 6039 5973 7425 7623 7590 7524 7326 7161 6930 6567 7821 8118 8514 8745 8877 8877 8646 8316 7722 8217 8745 9108 9240 9339 9273 9207 7194 7854 8349 8778 8910 9108 9207 9339 6402 7062 7689 8019 8250 8382 8679 8943 5313 6039 6666 6996 7260 7491 7755 8151 4059 4752 5280 5643 6006 6237 6633 7029
0 0 80 24 4 64 64 49177 25 25 25 25 25 25 25 25 25 25 25 25 25 49177 25 25 25 25 25 25 25 25 25 25 25 25 25 25 25 25 25 25 25 25 25 25 25 25 25 25 25 25 25 25 25 25 25 25 25 25 25 25 25 25 25 25 25 25 25 25 25 25 25 2970 3432 3795 4125 4521 4818 5082 5445 2244 2508 2772 3003 3168 3333 3333 3597 1683 1914 2112 2244 2310 2442 2541 2541 1386 1518 1683 1716 1848 1848 1914 1947 1188 1287 1287 1386 1452 1485 1551 1584 1056 1089 1089 1122 1188 1254 1287 1287 990 990 990 1023 1023 1089 1089 1089 990 990 990 990 990 990 990 990
0 0 80 32 4 64 64 25 25 25 25 25 25 25 25 25 25 25 25 25 25 25 25 25 25 25 25 25 25 25 25 25 25 25 25 25 25 25 25 25 25 25 25 25 25 25 25 32793 32793 32793 32793 32793 32793 32793 25 25 25 25 25 25 25 25 16409 25 25 25 25 25 25 25 25 990 990 990 990 990 990 990 990 990 990 990 990 990 990 990 990 1023 990 990 990 990 990 990 990 1287 1188 1188 1089 1089 1089 1089 990 1782 1650 1584 1485 1485 1386 1386 1287 2541 2376 2343 2277 2178 2079 1980 1782 3597 3531 3465 3366 3168 3003 2904 2673 4884 4851 4851 4587 4356 4092 3894 3663
0 0 80 40 4 1 64 25 6369 6303 6270 6039 5643 5280 4950 4587 7920 7920 7821 7623 7227 6732 6270 5907 9207 9207 9174 9009 8712 8316 7821 7491 10164 10164 10131 10065 9867 9570 9273 8910 10692 10692 10692 10659 10560 10461 10197 10065 10890 10890 10956 10956 10956 10857 10758 10659 10923 10956 10956 10956 10956 10956 10956 10956 10758 10857 10956 10956 10956 10956 10956 10956
0 0 80 48 4 1 64 25 10395 10626 10791 10857 10890 10956 10956 10956 9834 10164 10395 10494 10560 10560 10659 10758 9108 9471 9702 9768 9735 9768 9867 10164 8217 8514 8712 8646 8580 8514 8679 9174 7326 7557 7590 7458 7260 7194 7359 8052 6567 6633 6534 6501 6204 6105 6534 7161 5841 5841 5874 5709 5478 5379 5610 6567 5313 5346 5346 5247 5115 5082 5346 6138
0 0 80 56 4 1 64 25 5115 5148 5082 5049 4983 5016 5280 5742 4950 4950 4950 4950 4983 5082 5313 5841 4950 4950 4950 4950 5016 5181 5445 6105 4950 4950 4950 5016 5049 5181 5544 6369 4950 4950 4950 4950 5148 5346 5742 6534 4950 4950 4950 5049 5181 5478 5973 6930 4950 4950 4950 5049 5313 5742 6336 7227 4950 4950 4950 5148 5379 5940 6699 7590
0 0 80 64 4 1 64 25 4950 4950 4950 5148 5445 6039 6930 8052 4950 4950 4950 5148 5544 6237 7227 8448 4950 4950 5049 5148 5643 6534 7590 8844 4950 4950 5049 5247 5841 6732 7920 9108 4950 4950 5049 5346 6138 7128 8250 9471 4950 5049 5148 5643 6435 7623 8712 9702 4950 5049 5346 5940 6897 8052 9075 9801 5049 5148 5643 6336 7425 8481 9405 9834
0 0 80 72 4 1 64 25 5049 5445 6072 6996 7986 8976 9471 9999 5247 5775 6633 7623 8613 9174 9669 9999 5643 6336 7260 8217 8910 9306 9702 9999 6138 7029 7920 8712 9009 9504 9801 9900 7029 7722 8514 9009 9405 9603 9702 9900 7722 8316 8811 9108 9405 9702 9900 10098 8316 8712 9108 9405 9702 9900 9999 10197 8613 9009 9306 9702 9900 10098 10296 10395
0 0 80 80 4 1 64 25 9108 9405 9603 9801 10098 10494 10692 10791 9207 9504 9900 10098 10395 10692 10890 10989 9603 9702 9999 10395 10626 10890 10989 10989 9900 9999 10296 10593 10890 10989 10989 10989 10197 10395 10593 10791 10989 11088 10989 10989 10395 10692 10890 10989 11088 11088 11088 10989 10692 10989 11088 11121 11088 10989 10989 10989 10989 11187 11286 11187 11088 10989 10989 10989
0 0 80 88 4 1 64 25 11286 11385 11484 11286 11088 10989 10989 10989 11385 11583 11583 11484 11286 11088 10989 10989 11484 11682 11682 11583 11484 11220 11022 10989 11484 11583 11583 11583 11484 11286 11088 10989 11319 11385 11385 11352 11286 11286 11187 11088 11088 11088 10989 10989 10989 10989 10989 10890 10890 10791 10692 10692 10626 10593 10692 10692 10692 10494 10395 10395 10296 10296 10296 10296
0 0 80 96 4 1 64 25 10428 10296 10197 10197 10098 10098 10098 10098 10230 10197 10197 10098 10098 10098 10098 10098 10263 10395 10494 10494 10395 10296 10197 10197 10626 11154 11583 11748 11484 11187 10692 10494 11220 12177 12771 13035 12870 12474 11616 10890 11814 12672 13167 13365 13365 13200 12573 11583 12177 12771 13134 13266 13365 13431 13167 12210 12474 12870 13167 13299 13365 13464 13365 12573
0 0 80 104 4 64 64 25 25 32793 32793 32793 25 25 25 25 49177 25 25 25 16409 25 25 25 49177 25 25 25 16409 25 25 25 49177 25 25 25 16409 25 25 25 25 25 25 25 25 25 25 25 25 25 25 25 25 25 25 25 25 25 25 25 25 25 25 25 25 25 25 25 25 25 25 12639 13101 13563 13761 13794 13860 13563 12672 12639 13563 14586 15345 15378 15048 13959 12573 12276 13959 16236 18315 18546 16929 14256 12276 11484 13266 16335 19173 19404 16632 13365 11682 10593 11682 13761 15939 15939 13827 11880 11187 10197 10494 11187 12144 12276 11517 11088 11088 10098 10197 10395 10692 10857 10890 10989 10989 9999 10164 10329 10428 10626 10791 10890 10890
0 0 80 112 4 1 64 25 9900 10098 10296 10395 10593 10692 10791 10791 9801 10032 10197 10296 10494 10593 10692 10692 9636 9900 10098 10197 10395 10494 10494 10494 9504 9801 9933 9999 10197 10296 10296 10263 9306 9603 9735 9801 9999 10098 10098 9999 9108 9306 9504 9603 9801 9900 9900 9702 8811 9108 9306 9405 9669 9702 9702 9504 8514 8811 9108 9207 9504 9504 9504 9207
0 0 80 120 4 1 64 25 8250 8613 8910 9009 9306 9306 9306 9009 7920 8283 8580 8811 9108 9108 9108 8745 7524 7920 8316 8613 8811 9009 8910 8514 7128 7722 8118 8415 8613 8778 8613 8217 6732 7326 7821 8217 8514 8613 8349 7887 6336 7029 7557 7953 8250 8316 8052 7557 6039 6732 7326 7722 7986 7986 7722 7128 5841 6534 7128 7524 7722 7623 7293 6633
0 0 88 0 4 1 1 25 5940
0 0 88 8 4 1 1 25 5940
0 0 88 16 4 1 64 25 5940 5940 5940 5940 5940 5940 5940 5940 6336 6270 6237 6138 6072 5940 5940 5940 8151 7854 7755 7623 7524 7062 6501 6204 9372 9306 9405 9603 9966 9735 8943 7920 9537 9768 10131 10692 11154 11253 10725 9702 9273 9636 10164 10824 11418 11550 11220 10395 8613 9108 9735 10461 11055 11253 10989 10329 7524 8118 8778 9570 10329 10527 10230 9867
0 0 88 24 4 64 64 25 25 25 25 25 25 25 25 25 25 25 25 25 25 25 25 25 25 25 49177 25 25 25 25 25 25 25 25 25 25 25 25 25 25 25 25 25 25 25 25 25 25 25 25 25 25 25 25 25 25 25 25 25 25 25 25 25 25 25 25 25 25 25 25 6072 6567 7326 8118 8778 9174 9174 8811 3993 4389 4983 5643 6270 6831 7161 7029 2673 2772 2970 3135 3564 4026 4455 4686 2046 2178 2277 2442 2706 2904 3168 3333 1650 1683 1815 1947 2046 2211 2376 2574 1320 1386 1419 1518 1683 1782 1848 1947 1122 1188 1188 1287 1320 1386 1485 1551 990 1023 1056 1056 1122 1155 1221 1287
0 0 88 32 4 64 64 25 25 25 25 25 25 25 25 25 25 25 25 25 25 25 25 25 25 25 25 25 25 25 25 25 25 25 25 25 25 25 25 25 25 25 25 25 25 25 25 25 25 25 25 25 25 25 25 32793 25 25 25 25 25 25 25 25 16409 32793 25 25 25 25 25 990 990 990 990 990 1023 1023 1089 990 990 990 990 990 990 990 990 990 990 990 990 990 990 990 990 990 990 990 990 990 990 990 990 1188 1089 1089 1089 990 990 990 990 1584 1386 1188 1089 1056 990 990 1089 2277 1881 1617 1386 1287 1188 1188 1188 3168 2673 2277 1881 1683 1485 1386 1386
0 0 88 40 4 64 64 25 25 25 16409 32793 25 25 25 25 25 25 25 25 16409 25 25 25 25 25 25 25 25 16409 32793 25 25 25 25 25 25 25 25 25 25 25 25 25 25 25 25 25 25 25 25 25 25 25 25 25 25 25 25 25 25 25 25 25 25 25 25 25 25 25 25 4158 3663 3135 2673 2277 1980 1782 1683 5478 4950 4290 3597 3003 2574 2277 2079 7095 6501 5676 4785 3993 3267 2871 2574 8580 8019 7227 6138 5148 4257 3564 3267 9768 9405 8613 7557 6336 5346 4554 4059 10560 10263 9735 8811 7656 6435 5511 4917 10857 10758 10362 9702 8712 7557 6468 5709 10956 10956 10758 10263 9471 8481 7293 6534
0 0 88 48 4 1 64 25 10956 10956 10890 10659 9999 9108 8019 7227 10857 10956 10956 10791 10395 9636 8646 7854 10560 10857 10956 10956 10659 10065 9207 8415 9933 10560 10923 11055 10857 10395 9669 8910 9141 10131 10758 11055 10989 10692 10098 9339 8316 9570 10527 10989 11088 10890 10395 9702 7656 9108 10263 10923 11088 10989 10593 10065 7293 8712 9999 10791 11187 11088 10791 10362
0 0 88 56 4 1 64 25 7095 8415 9801 10692 11088 11187 10890 10593 7095 8349 9702 10659 11088 11187 10989 10791 7128 8349 9669 10593 11055 11187 11088 10890 7293 8382 9702 10593 10989 11088 11088 11088 7557 8613 9801 10626 11022 11088 11187 11187 7887 9009 10098 10791 11088 11187 11220 11187 8250 9504 10362 10989 11286 11385 11385 11385 8745 9900 10593 11088 11385 11484 11583 11583
0 0 88 64 4 1 64 25 9240 10197 10890 11286 11484 11649 11682 11682 9636 10461 11022 11286 11583 11682 11682 11682 9900 10626 11088 11385 11649 11781 11781 11781 10098 10890 11187 11484 11682 11748 11781 11781 10395 10791 11187 11484 11583 11682 11682 11682 10395 10890 11088 11385 11583 11583 11583 11484 10395 10890 11088 11286 11484 11451 11385 11286 10329 10791 10989 11187 11385 11385 11286 11088
0 0 88 72 4 1 64 25 10395 10791 10890 11088 11286 11286 11187 10989 10296 10593 10791 10890 11088 11088 11088 10890 10197 10494 10593 10791 10890 10989 10989 10791 10197 10395 10494 10593 10791 10890 10890 10692 10197 10395 10494 10593 10791 10890 10890 10692 10197 10395 10494 10593 10791 10890 10890 10593 10395 10494 10593 10692 10890 10890 10890 10560 10593 10692 10791 10989 11088 11088 10890 10494
0 0 88 80 4 1 64 25 10890 10989 11088 11187 11187 11187 10956 10296 11088 11088 11088 11088 11088 11187 10989 10131 11088 11022 10989 10989 10989 11187 10989 10065 10989 10989 10989 10989 10989 11088 10890 9768 10989 10989 10989 10989 10989 11088 10692 9009 10989 10989 10989 10989 10989 10989 10395 8151 10989 10989 10989 10989 10989 10890 9900 7095 10989 10989 10989 10989 10989 10758 9405 6138
0 0 88 88 4 1 64 25 10989 10989 10989 10989 11088 10692 8910 5379 10989 10989 10989 11088 11088 10593 8613 4983 11055 11022 11088 11187 11088 10494 8613 5181 11088 11121 11187 11187 10989 10494 8778 5841 11088 11088 11088 10989 10791 10395 9207 6897 10890 10857 10791 10692 10494 10395 9504 7689 10692 10659 10593 10593 10395 10197 9504 7788 10395 10593 10593 10593 10395 10098 9306 7392
0 0 88 96 4 1 64 25 10197 10395 10593 10593 10395 10098 9306 7062 10197 10494 10593 10593 10494 10428 9603 7227 10296 10395 10593 10692 10791 10692 9999 7920 10395 10494 10692 10890 10989 10989 10296 8217 10692 10692 10890 10989 11088 10989 10395 8217 10989 10890 11055 11154 11088 10989 9999 7656 11286 11088 11154 11253 11088 10758 9306 6567 11583 11253 11253 11352 11088 10296 8316 5577
0 0 88 104 4 64 64 25 25 25 25 25 25 25 25 25 25 25 25 25 25 25 25 25 25 25 25 25 25 25 16409 25 25 25 25 25 25 25 25 25 25 25 25 25 25 25 25 25 25 25 25 25 16409 25 25 25 25 25 25 25 25 25 25 25 25 25 25 16409 25 25 25 11682 11286 11286 11055 10692 9603 7458 4389 11583 11385 11385 10890 10296 8712 6171 3102 11484 11385 11187 10692 9504 7392 4488 1980 11286 11286 10989 10296 8415 5643 2805 1023 11187 11088 10593 9306 6732 3597 1485 594 11088 10791 9999 8019 4950 2046 693 330 10890 10494 9504 7227 3762 1320 330 165 10791 10197 9108 6633 3366 1056 264 99
0 0 88 112 4 64 64 25 25 25 25 16409 25 25 25 25 25 25 25 16409 25 25 25 25 25 25 25 16409 25 25 25 25 25 25 25 16409 25 25 25 25 25 25 25 16409 25 25 25 25 25 25 25 16409 25 25 25 25 25 25 25 16409 25 25 25 25 25 25 25 25 25 25 25 10593 9999 8712 6336 3300 1188 363 99 10395 9702 8415 6039 3201 1221 429 99 10164 9405 8118 5709 2937 1023 297 99 9900 9174 7755 5313 2508 858 297 132 9603 8877 7392 4818 2079 759 231 132 9306 8448 6930 4290 2046 759 297 231 9009 8184 6468 3861 1749 693 231 396 8712 7854 5973 3432 1584 726 396 495
0 0 88 120 4 64 64 25 25 25 16409 25 25 25 49177 25 25 25 16409 25 25 25 49177 25 25 25 16409 25 25 25 32793 25 25 25 16409 25 25 49177 25 25 25 25 16409 25 25 32793 25 25 25 25 16409 25 49177 25 25 25 25 25 25 25 32793 25 25 25 25 16409 25 49177 25 25 25 8481 7425 5544 3201 1551 660 396 726 8151 6996 5181 3003 1485 693 561 957 7854 6765 4950 2904 1584 858 693 1419 7458 6402 4719 2904 1518 891 1056 1848 7227 5973 4554 2871 1617 1089 1320 2475 6765 5544 4059 2607 1584 1221 1716 3036 6171 4884 3432 2178 1551 1518 2343 3960 5511 4059 2706 1815 1386 1815 3069 4983
0 0 96 0 4 1 1 25 5940
0 0 96 8 4 1 64 25 5940 5940 5940 5940 5940 5940 5940 5940 5940 5940 5940 5940 5940 5940 5940 5940 5940 5940 5940 5940 5940 5940 5940 5940 5940 5940 5940 5940 5940 5940 5940 5940 5940 5940 5940 5940 5940 5940 5940 5940 6039 5940 5940 5940 5940 5940 5940 5940 5940 6039 5940 5940 5940 5940 5940 5940 5940 5940 5940 5940 5940 5940 5940 5940
0 0 96 16 4 1 64 25 5940 5940 5940 5940 5940 5940 5940 5940 5940 5940 5940 5940 5940 5940 5940 5940 6072 6072 6072 6039 6138 6171 6303 6369 7392 7194 6996 7029 7062 7128 7293 7326 8943 8547 8217 8151 8151 8184 8184 8151 9669 9174 8976 8712 8679 8580 8514 8349 9801 9339 9042 8943 8778 8679 8580 8349 9339 8943 8778 8613 8580 8514 8283 8019
0 0 96 24 4 1 64 25 8382 8118 7953 7821 7887 7821 7623 7392 6963 6699 6567 6501 6567 6567 6402 6204 4752 4785 4686 4620 4818 5016 4917 4884 3465 3465 3564 3564 3696 3729 3729 3696 2673 2673 2772 2772 2739 2838 2805 2772 2046 2079 2079 2079 2112 2079 2079 2013 1584 1584 1584 1617 1584 1584 1584 1485 1287 1287 1254 1221 1254 1221 1188 1155
0 0 96 32 4 1 64 25 1089 1089 1056 1089 1089 1023 990 990 990 990 990 990 990 990 891 891 990 990 990 990 990 990 792 726 990 990 990 990 990 990 792 561 990 990 990 990 990 891 693 429 990 990 990 1089 990 792 594 297 1122 1089 1089 1188 1089 990 693 396 1386 1386 1386 1485 1485 1419 1122 693
0 0 96 40 4 64 64 25 25 25 25 25 25 25 25 25 25 32793 32793 32793 32793 32793 32793 32793 32793 25 25 25 25 25 25 25 25 25 25 25 25 25 25 25 25 25 25 25 25 25 25 25 25 25 25 25 25 25 25 25 25 25 25 25 25 25 25 25 25 25 25 25 25 25 25 1683 1683 1782 1881 1980 2046 1848 1287 2079 2178 2277 2475 2706 2772 2640 2178 2574 2673 2904 3168 3498 3564 3465 3069 3168 3366 3663 4059 4356 4455 4356 3894 3927 4059 4455 4950 5247 5247 5148 4653 4653 4851 5247 5742 6039 6039 5742 5214 5445 5544 6039 6435 6633 6633 6336 5610 6171 6237 6633 7029 7227 7128 6732 5907
0 0 96 48 4 1 64 25 6831 6831 7227 7557 7623 7524 6930 6039 7425 7326 7623 7953 8019 7722 7128 6072 7920 7887 8118 8349 8316 7953 7227 6039 8448 8316 8514 8712 8547 8118 7260 6039 8910 8778 8910 9009 8778 8217 7326 5940 9306 9207 9240 9207 8910 8283 7293 5940 9702 9603 9603 9504 9108 8415 7326 5907 10098 9999 9999 9702 9207 8415 7326 5742
0 0 96 56 4 1 64 25 10395 10395 10296 9867 9306 8382 7095 5511 10692 10692 10494 9999 9306 8283 6864 5148 10791 10791 10527 9999 9240 8151 6633 4719 10989 10890 10593 9999 9207 8019 6336 4356 11088 10923 10527 9933 9108 7854 6072 4092 11088 10923 10494 9900 8976 7821 6039 4059 11187 10989 10593 9999 8943 7689 5973 4059 11385 11187 10791 10098 9009 7656 5874 4059
0 0 96 64 4 64 64 25 25 25 25 25 25 25 25 25 25 25 25 25 25 25 25 25 25 25 25 25 25 25 16409 25 25 25 25 25 25 25 16409 25 25 25 25 25 25 25 16409 25 25 25 25 25 25 25 16409 25 25 25 25 25 25 25 16409 25 25 25 25 25 25 25 16409 11583 11385 10890 10065 9042 7557 5775 3828 11682 11484 10989 10164 8976 7524 5544 3663 11682 11484 10923 10065 8910 7260 5280 3366 11682 11385 10791 9933 8646 6930 4983 3201 11484 11154 10593 9669 8250 6633 4653 2937 11286 10890 10296 9372 7953 6303 4455 2772 11022 10593 9966 9075 7722 6006 4158 2640 10791 10296 9669 8811 7392 5775 3927 2508
0 0 96 72 4 64 64 25 25 25 25 25 25 25 25 25 25 25 25 25 25 16409 25 25 25 25 25 25 25 16409 25 25 25 25 25 25 25 16409 25 25 25 25 25 25 25 25 25 25 25 25 25 25 16409 25 25 25 25 25 25 25 25 25 25 25 25 25 25 25 25 25 49177 10659 10131 9438 8514 7161 5412 3663 2277 10494 9999 9306 8184 6732 5016 3366 2112 10395 9834 9075 7920 6270 4521 2937 1815 10296 9669 8844 7392 5709 3861 2376 1584 10164 9537 8448 6765 4851 3069 1815 1254 10098 9174 7854 5841 3894 2244 1320 1089 9900 8778 6963 4719 2805 1518 957 891 9570 8151 5907 3663 1947 990 693 924
0 0 96 80 4 64 64 25 25 25 16409 25 25 25 49177 25 25 25 16409 25 25 25 32793 25 25 25 25 25 25 49177 25 25 25 16409 25 25 25 49177 25 25 25 25 25 25 25 32793 25 25 16409 25 25 25 49177 25 25 25 25 25 25 25 49177 25 25 16409 25 25 25 25 49177 25 25 9207 7260 4884 2640 1320 693 594 990 8712 6435 3960 1947 924 495 528 1221 8118 5445 3003 1353 561 429 660 1584 7293 4356 2112 891 429 363 825 2013 6138 3135 1353 462 297 462 1122 2574 4818 2112 759 297 330 660 1452 3201 3564 1353 462 198 297 759 1881 3795 2673 792 264 132 330 858 2211 4455
0 0 96 88 4 64 64 16409 25 25 25 25 49177 25 25 16409 25 25 25 25 49177 25 25 16409 25 25 25 25 49177 25 25 25 16409 25 25 25 49177 25 25 25 16409 25 25 25 49177 25 25 25 16409 25 25 25 49177 25 25 25 16409 25 25 25 49177 25 25 25 16409 25 25 25 25 49177 25 2145 528 165 99 231 990 2475 4983 1947 495 165 99 330 1188 2805 5412 2112 561 132 99 363 1188 2871 5643 2772 1023 363 165 363 1287 2937 5709 3861 1716 726 429 462 1155 2838 5577 4884 2211 1089 660 561 1122 2508 5181 4983 2409 1188 825 759 1023 2178 4422 4224 1617 726 627 726 891 1584 3531
0 0 96 96 4 64 64 25 16409 25 25 25 25 49177 25 25 16409 25 25 25 25 49177 25 25 16409 25 25 25 25 25 49177 25 16409 25 25 25 25 25 49177 25 16409 25 25 25 25 25 49177 25 16409 25 25 25 25 25 32793 25 25 25 25 25 25 49177 25 16409 25 25 25 25 25 49177 25 3696 1023 330 528 627 693 1023 2508 4092 1485 627 528 429 429 726 1683 4851 2211 924 429 330 429 561 1188 5247 2409 924 429 330 330 429 990 5181 2211 627 330 330 330 429 924 4488 1617 528 330 330 330 429 1023 3564 1221 429 330 330 330 429 1023 2607 825 330 330 330 330 528 1419
0 0 96 104 4 64 64 16409 25 25 25 25 25 49177 25 25 25 25 25 25 25 49177 25 25 25 25 25 25 25 49177 25 25 25 25 25 25 25 32793 25 25 25 25 25 25 49177 25 25 25 25 25 25 25 32793 25 25 25 25 25 25 49177 25 25 25 25 25 25 25 32793 25 25 25 1782 627 330 330 330 330 528 1518 1122 429 330 330 330 429 627 1815 726 330 330 330 429 528 990 2112 429 330 330 330 429 627 1122 2574 330 330 330 330 363 660 1551 3366 330 330 297 297 363 957 2310 4653 198 231 198 231 594 1551 3399 6204 99 99 165 363 1089 2442 4818 7920
0 0 96 112 4 64 64 25 25 25 49177 25 25 25 49177 25 25 25 32793 25 25 25 32793 25 25 32793 25 25 25 49177 25 25 49177 25 25 25 25 32793 25 25 32793 25 25 25 49177 25 25 49177 25 25 25 25 32793 25 25 49177 25 25 25 49177 25 25 25 32793 25 25 25 49177 25 25 25 33 66 198 693 1782 3564 6270 9636 66 132 495 1320 2640 4851 7854 11319 99 363 924 2013 3762 6171 9372 13035 264 627 1584 3003 5016 7755 11121 14751 429 1089 2211 3993 6369 9504 12903 16368 693 1485 3069 5214 7920 11154 14652 17886 924 2079 3960 6369 9339 12804 16236 19272 1254 2640 4818 7557 10824 14322 17721 20460
0 0 96 120 4 64 64 25 25 25 25 32793 25 25 25 25 25 25 49177 25 25 25 25 25 25 25 49177 25 25 25 25 25 25 25 32793 25 25 25 25 25 25 49177 25 25 25 25 25 25 25 49177 25 25 25 25 25 25 25 32793 25 25 25 25 25 25 49177 25 25 25 25 25 25 1650 3366 5742 8646 12144 15774 18876 21285 2178 4059 6600 9768 13332 16797 19833 21912 2706 4752 7590 10857 14421 17754 20625 22011 3366 5643 8613 11979 15543 18711 21054 22209 4191 6699 9768 13167 16566 19503 21450 22308 5181 7887 11088 14454 17721 20196 21582 22110 6336 9174 12441 15774 18579 20724 21747 21714 7623 10692 13926 16929 19437 21087 21516 21351
0 0 104 0 4 1 1 25 5940
0 0 104 8 4 1 1 25 5940
0 0 104 16 4 1 64 25 5940 5940 5940 5940 6039 6039 5940 5940 5940 5940 6039 6237 6237 6138 6039 5940 6336 6435 6534 6534 6336 6237 6039 5940 7326 7293 7194 6930 6600 6237 6039 5940 7920 7689 7524 7260 6732 6237 6039 5808 8151 7854 7623 7425 6732 5841 5346 5148 8151 7821 7623 7326 6435 5412 4686 4356 7854 7557 7227 6699 5610 4587 4026 3762
0 0 104 24 4 1 64 25 7128 6765 6336 5544 4587 3729 3465 3234 5973 5610 5148 4422 3729 3201 2772 2706 4653 4356 3960 3465 2904 2541 2277 2277 3564 3333 3069 2673 2277 2079 1980 1947 2673 2541 2277 2079 1848 1683 1650 1683 1980 1881 1716 1584 1485 1386 1386 1452 1452 1419 1353 1254 1254 1188 1221 1287 1122 1155 1089 1089 1089 1089 1089 1188
0 0 104 32 4 1 64 25 990 990 990 990 990 990 990 1089 891 957 990 990 990 990 990 990 693 825 891 891 990 990 990 891 528 594 792 891 924 924 891 792 297 396 594 792 891 891 825 726 198 132 396 693 891 990 891 726 198 99 165 462 792 891 825 726 297 99 66 264 594 792 792 660
0 0 104 40 4 64 64 25 25 25 25 25 25 25 25 25 25 25 25 25 25 25 25 16409 25 25 25 25 25 25 25 25 16409 25 25 25 25 25 25 25 16409 25 25 25 25 25 25 25 16409 25 25 25 25 25 25 25 16409 25 25 25 25 25 32793 25 16409 25 25 25 25 49177 25 792 297 99 132 297 594 627 495 1419 726 264 99 99 297 396 396 2343 1386 594 198 0 99 231 363 3168 2178 1089 297 0 0 198 396 3828 2673 1386 495 99 33 231 660 4257 2970 1584 528 165 33 297 726 4521 3135 1551 528 198 66 396 825 4653 3102 1485 462 33 165 561 1188
0 0 104 48 4 64 64 25 16409 25 25 25 25 32793 25 25 16409 25 25 25 49177 25 25 25 16409 25 25 25 32793 25 25 25 16409 25 25 49177 25 25 25 25 16409 25 25 49177 25 25 25 25 16409 25 25 49177 25 25 25 25 16409 25 25 49177 25 25 25 25 16409 25 25 32793 25 25 25 4620 2904 1320 396 66 264 858 2145 4554 2706 1155 396 132 429 1650 3663 4422 2475 924 330 198 825 2442 5214 4257 2277 957 363 330 1287 3498 6765 4158 2277 957 363 528 1716 4389 8184 4158 2211 990 429 759 2112 5181 9273 4059 2211 957 462 891 2409 5841 10164 3927 2112 1023 495 1122 2937 6369 10824
0 0 104 56 4 64 64 25 25 25 49177 25 25 25 49177 16409 25 25 49177 25 25 25 49177 16409 25 25 49177 25 25 25 49177 16409 25 25 32793 25 25 25 49177 16409 25 49177 25 25 25 25 32793 16409 25 49177 25 25 25 49177 25 16409 25 49177 25 25 25 49177 25 16409 25 32793 25 25 25 32793 25 3630 1881 825 660 1419 3531 6963 11451 3267 1716 792 792 1815 4026 7656 12045 2805 1485 825 1056 2211 4620 8250 12639 2640 1353 891 1353 2640 5280 8976 13167 2442 1320 1056 1650 3234 5940 9636 13596 2475 1419 1320 2013 3828 6699 10329 14223 2508 1485 1518 2409 4356 7458 11187 14949 2442 1551 1650 2805 5082 8283 12078 15840
0 0 104 64 4 64 64 16409 49177 25 25 25 49177 25 25 25 49177 25 25 25 49177 25 25 25 49177 25 25 25 49177 25 25 25 49177 25 25 25 32793 25 25 25 49177 25 25 49177 25 25 25 25 49177 25 25 49177 25 25 25 25 49177 25 25 49177 25 25 25 25 49177 25 25 49177 25 25 25 2376 1683 1881 3333 5742 9207 13134 16896 2211 1650 2178 3795 6501 10164 14223 17886 2145 1683 2475 4257 7293 11154 15345 19008 2013 1815 2640 4785 8052 12177 16434 19866 1881 1815 2871 5181 8745 13035 17424 20658 1914 1914 3168 5643 9306 13761 18216 21252 1815 1914 3399 5973 9702 14322 18843 21615 1749 2013 3399 6204 10065 14784 19107 21813
0 0 104 72 4 64 64 25 32793 25 25 49177 25 25 25 49177 25 25 25 49177 25 25 25 49177 25 25 25 49177 25 25 25 49177 25 25 25 49177 25 25 25 49177 25 25 25 32793 25 25 25 49177 25 25 49177 25 25 25 25 32793 25 25 49177 25 25 25 25 25 25 25 49177 25 25 25 25 1650 2079 3564 6369 10362 15048 19338 21912 1617 2079 3696 6600 10659 15312 19635 22110 1584 2178 3927 6930 10956 15708 19899 22143 1551 2277 4191 7326 11484 16269 20328 22308 1419 2409 4620 7854 12144 16797 20625 22374 1485 2739 5049 8448 12837 17424 20856 22209 1551 3069 5643 9174 13662 18084 21285 22176 1815 3564 6402 10098 14553 18843 21450 22143
0 0 104 80 4 64 64 25 25 25 32793 25 25 25 25 25 25 49177 25 25 25 25 25 25 25 49177 25 25 25 25 25 25 25 49177 25 25 25 25 25 25 25 32793 25 25 25 25 25 25 49177 25 25 25 25 25 25 25 49177 25 25 25 25 25 25 25 49177 25 25 25 25 25 25 2178 4191 7128 11022 15576 19536 21846 21945 2640 4917 8118 12210 16599 20262 22044 21813 3300 5874 9306 13497 17754 20889 22143 21681 3960 6798 10593 14817 18843 21582 22176 21483 4752 7986 12012 16203 19866 21945 22209 21417 5775 9273 13431 17589 20691 22341 22044 21219 6699 10428 14652 18645 21384 22473 22011 20988 7590 11517 15642 19371 21780 22407 21813 20823
0 0 104 88 4 64 64 25 49177 25 25 25 25 25 25 25 49177 25 25 25 25 25 25 25 49177 25 25 25 25 25 25 25 49177 25 25 25 25 25 25 25 49177 25 25 25 25 25 25 25 49177 25 25 25 25 25 25 25 49177 25 25 25 25 25 25 25 49177 25 25 25 25 25 25 8349 12309 16500 19932 22044 22242 21615 20691 8778 12903 17028 20295 22110 22242 21417 20493 9174 13233 17259 20394 22143 22308 21252 20229 9273 13431 17457 20592 22143 22209 21186 20064 9174 13431 17391 20592 22275 22209 21153 19965 8811 13002 17226 20493 22209 22242 21120 19800 8019 12474 16731 20262 22209 22341 21186 19734 6963 11484 16170 19965 22209 22407 21186 19701
0 0 104 96 4 64 64 25 49177 25 25 25 25 25 25 25 49177 25 25 25 25 25 25 25 49177 25 25 25 25 25 25 25 25 49177 25 25 25 25 25 25 25 49177 25 25 25 25 25 25 25 25 25 25 25 25 25 25 25 25 25 25 25 25 25 25 25 25 25 25 25 25 25 5643 10164 15279 19503 22044 22341 21087 19536 4290 8943 14388 19107 21780 22209 20922 19470 3267 7656 13101 18282 21450 21780 20625 19206 2640 6567 12309 17325 20526 21153 20196 18909 2673 6270 11352 15972 18909 19635 19239 18348 3003 6567 10791 14487 16698 17391 17490 17226 3564 7161 10659 12969 14190 14817 15114 15279 3993 7656 10659 12144 12705 12969 13002 13134
0 0 104 104 4 64 64 25 25 25 25 25 25 25 25 25 25 25 25 25 25 25 25 25 25 25 32793 32793 32793 25 25 25 25 32793 25 25 25 16409 25 25 49177 25 25 25 25 25 16409 25 32793 25 25 25 25 25 25 49177 25 25 25 25 25 25 25 32793 25 25 25 25 25 25 25 4356 7557 10395 11979 12342 12276 11880 11781 4257 7458 10494 12342 12936 12738 12045 11517 4422 7656 10989 13398 14454 14388 13497 12474 5049 8514 12012 14883 16401 16434 15543 14223 6237 9867 13563 16566 18216 18282 17424 16137 7920 11682 15279 18183 19602 19536 18810 17655 9636 13464 17028 19404 20460 20361 19503 18579 11583 15279 18480 20427 21021 20592 19899 19140
0 0 104 112 4 1 64 25 13365 16995 19734 21120 21252 20691 19998 19470 15081 18447 20658 21516 21351 20691 20097 19635 16665 19635 21351 21846 21318 20691 20196 19668 18150 20625 21813 21780 21219 20592 20130 19635 19503 21450 22077 21747 21120 20493 20031 19503 20658 22044 22275 21648 20988 20361 19800 19206 21516 22341 22209 21483 20691 19833 19305 18612 22143 22506 22077 21054 19899 18612 17655 16764
0 0 104 120 4 64 64 25 25 25 25 25 25 25 25 25 25 25 25 25 25 16409 25 25 25 25 25 25 25 25 16409 25 25 25 25 25 25 25 16409 25 25 25 25 25 25 25 16409 25 25 25 25 25 25 25 16409 25 25 25 25 25 25 25 25 25 25 25 25 25 25 25 25 22638 22605 21846 20592 18909 17061 15543 14157 22638 22374 21483 20394 18843 17292 16038 14421 22440 22011 21120 20262 19305 18414 17622 16335 22341 21648 20823 19998 19338 18711 18084 17226 21978 21351 20526 19701 19107 18612 17985 17259 21714 20889 20130 19371 18711 18315 17721 17127 21252 20493 19668 18909 18414 18018 17424 16929 20724 19998 19206 18480 17985 17622 17193 16797
0 0 112 0 4 1 64 25 5940 5940 5940 5940 5940 5709 5082 4653 5940 5940 5940 5940 5940 5907 5313 4818 5940 5940 5940 5940 5940 5940 5709 5082 5940 5940 5940 5940 5940 5940 5841 5346 5940 5940 5940 5940 5940 5940 5940 5709 5940 5940 5940 5940 5940 5940 5940 5841 5940 5940 5940 5940 5940 5940 5940 5940 5940 5940 5940 5940 5940 5940 5940 5940
0 0 112 8 4 1 1 25 5940
0 0 112 16 4 1 64 25 5940 5940 5940 5940 5940 5940 5940 5841 5940 5940 5940 5940 5940 5940 5907 5643 5940 5940 5940 5940 5940 5775 5379 5049 5940 5940 5907 5808 5544 5115 4884 4653 5709 5412 5214 5049 4818 4620 4455 4356 4818 4719 4554 4455 4323 4191 4158 4059 4191 4059 3960 3960 3861 3861 3861 3762 3663 3564 3465 3465 3465 3465 3465 3465
0 0 112 24 4 1 64 25 3168 3069 3069 3069 3069 3069 3168 3168 2673 2673 2673 2673 2673 2772 2871 2871 2277 2277 2376 2376 2376 2475 2574 2673 1980 1980 2046 2079 2178 2178 2277 2376 1683 1716 1782 1881 1881 1980 2079 2178 1485 1485 1584 1683 1683 1782 1881 1980 1287 1386 1386 1485 1584 1584 1683 1782 1188 1188 1287 1386 1485 1485 1584 1584
0 0 112 32 4 1 64 25 1089 1089 1089 1188 1188 1287 1386 1386 990 990 990 990 1023 1122 1122 1188 891 825 726 726 792 825 924 1023 726 627 627 594 627 627 726 825 627 528 429 429 429 429 528 627 594 528 429 429 429 429 528 528 528 429 429 429 429 429 429 429 528 429 429 429 429 429 429 429
0 0 112 40 4 64 64 25 25 25 25 25 25 25 25 25 25 25 25 25 25 25 25 25 25 25 25 25 25 25 32793 25 25 25 25 32793 32793 32793 25 25 25 32793 32793 25 25 25 25 32793 32793 25 25 25 25 25 25 25 25 25 25 25 25 25 25 25 25 25 25 25 25 25 25 429 429 429 429 429 429 429 429 396 429 429 429 429 429 429 429 495 594 561 528 528 462 462 462 693 792 693 660 726 792 891 1254 891 990 990 1188 1551 2013 2475 3432 1089 1353 1881 2673 3597 4521 5544 7062 1386 2145 3498 5016 6567 7920 9108 10560 2376 3960 5940 7821 9504 10692 11616 12606
0 0 112 48 4 64 64 25 25 25 25 25 25 25 25 25 25 25 25 25 25 25 25 25 25 25 25 25 25 25 25 25 25 25 25 25 25 25 25 25 25 25 25 25 25 25 25 25 25 25 25 25 25 25 25 25 25 25 25 25 25 25 25 32793 32793 25 25 25 25 25 25 4092 6336 8580 10329 11484 12111 12375 12540 6336 8910 10824 11913 12309 11979 11385 10791 8481 11154 12672 12870 12177 10857 9405 7953 10329 13035 13893 13266 11682 9636 7425 5412 11946 14520 14883 13596 11319 8679 6171 4092 13266 15741 15741 13893 11220 8382 5940 3927 14091 16335 16203 13992 11385 8976 6765 5016 14850 16896 16368 14355 12111 10461 8646 6930
0 0 112 56 4 64 64 25 25 16409 25 25 25 25 25 25 25 16409 25 25 25 25 25 25 25 16409 25 25 25 25 25 25 25 16409 25 25 25 25 25 25 25 16409 25 25 25 25 25 25 25 25 16409 25 25 25 25 25 25 25 16409 25 25 25 25 25 25 25 16409 25 25 25 25 15444 17226 16731 14982 13365 12144 10890 9207 15906 17688 17061 15477 14190 13464 12474 11088 16302 17919 17358 15741 14586 13959 13266 12078 16599 18051 17424 15906 14751 14157 13563 12474 16863 18084 17391 15939 14751 14157 13563 12474 17325 18447 17523 15906 14784 14157 13464 12474 17853 18810 17688 15939 14817 14058 13464 12375 18612 19173 17787 15972 14751 14058 13464 12177
0 0 112 64 4 64 64 25 25 25 16409 25 25 25 25 25 25 25 16409 25 25 25 25 25 25 25 16409 25 25 25 25 25 25 25 16409 25 25 25 25 25 25 25 16409 25 25 25 25 25 25 25 16409 25 25 25 25 25 25 25 25 25 25 25 25 25 25 25 16409 25 25 25 25 19305 19437 17820 15906 14850 14256 13563 11781 19998 19833 17985 16104 14982 14454 13563 11352 20823 20262 18315 16335 15213 14652 13662 10989 21285 20493 18612 16665 15444 14850 13827 10791 21813 20757 18546 16566 14949 13959 13233 10626 21978 20460 18051 15411 13035 11946 11814 10692 21747 19602 16632 14157 12771 12672 13167 12969 21681 19107 16368 15081 14850 15147 15345 15048
0 0 112 72 4 64 64 25 25 25 25 16409 25 25 25 25 25 25 25 16409 25 25 25 25 25 25 25 16409 25 25 25 25 25 25 25 16409 25 25 25 25 25 25 25 16409 25 25 25 25 25 25 25 16409 25 25 25 25 25 25 25 25 16409 25 25 25 25 25 25 25 16409 25 25 21846 19965 17919 16929 16434 16236 16137 15741 22044 20625 19008 17688 16797 16434 16335 16038 22110 20724 19206 17853 16896 16533 16434 16137 21978 20592 19206 17985 17094 16665 16533 16335 21747 20493 19173 18051 17226 16797 16533 16335 21582 20295 19173 18183 17457 16962 16566 16368 21384 20196 19206 18348 17655 17094 16665 16467 21219 20097 19206 18513 17919 17259 16797 16533
0 0 112 80 4 64 64 25 25 25 25 25 16409 25 25 25 25 25 25 25 16409 25 25 25 25 25 25 25 16409 25 25 25 25 25 25 25 16409 25 25 25 25 25 25 25 25 25 25 25 25 25 25 25 25 25 25 25 25 25 16409 25 25 25 25 25 25 25 25 16409 25 25 25 21021 19998 19305 18711 18117 17424 16896 16335 20790 19998 19338 18876 18315 17523 16830 15642 20724 19932 19404 19008 18414 17622 16632 14586 20625 19998 19503 18909 18216 17325 16269 13926 20592 19899 19041 18018 16929 16071 15048 12738 20394 19503 17919 16137 14850 14091 13233 11484 20196 19107 17325 15774 15081 14784 14058 12672 20097 19305 18216 17226 16830 16434 15840 14553
0 0 112 88 4 64 64 25 25 25 25 16409 25 25 25 25 25 25 25 16409 25 25 25 25 25 25 25 25 25 25 25 25 25 25 16409 25 25 25 25 25 25 25 25 25 25 25 25 25 25 16409 25 25 25 25 25 25 25 16409 25 25 25 25 25 25 25 25 25 25 25 25 25 19899 19371 18678 18018 17424 16962 16533 15642 19635 19107 18579 17886 17325 16929 16731 16236 19404 18810 18315 17622 17127 16830 16731 16632 19173 18480 17985 17391 16995 16797 16764 16632 18909 18216 17622 17193 16896 16731 16764 16632 18744 17952 17424 17028 16830 16731 16731 16665 18612 17754 17226 16929 16731 16731 16731 16632 18414 17589 17028 16731 16632 16731 16731 16632
0 0 112 96 4 64 64 25 16409 25 25 25 25 25 25 25 16409 25 25 25 25 25 25 25 16409 25 25 25 25 25 25 25 16409 25 25 25 25 25 25 25 25 25 25 25 25 25 25 25 25 25 25 25 25 25 25 25 25 25 25 25 25 25 25 25 25 25 25 25 25 25 25 18249 17391 16830 16632 16566 16632 16632 16533 18117 17226 16698 16434 16104 16038 16137 16005 17952 16995 16500 16005 15048 14421 14487 14223 17754 16896 16467 15873 14586 13035 12045 11319 17391 16731 16467 16236 15345 13695 11913 10461 16665 16335 16236 16236 15939 15048 13629 12045 15246 15312 15543 15741 15741 15345 14718 13563 13398 13662 14058 14454 14652 14652 14454 13761
0 0 112 104 4 64 64 25 25 25 25 25 25 25 25 25 25 25 25 25 25 25 25 25 25 25 25 25 25 25 25 25 25 25 25 25 25 25 25 32793 25 25 25 25 25 25 25 25 16409 25 25 25 25 25 25 25 16409 25 25 25 25 25 25 25 25 16409 25 32793 32793 25 25 11715 11814 12111 12441 12705 12870 12870 12474 11088 10758 10659 10593 10692 10791 10791 10527 11583 10890 10230 9834 9636 9636 9570 9339 13002 11880 10989 10329 9966 9768 9669 9471 14883 13695 12672 11847 11385 11121 10989 10890 16533 15477 14652 13959 13563 13299 13167 13101 17721 16830 16137 15708 15576 15477 15345 15246 18315 17523 16929 16764 16896 16929 16731 16434
0 0 112 112 4 64 64 25 25 16409 49177 25 25 16409 25 25 25 16409 49177 25 25 16409 25 25 25 16409 25 25 25 25 25 25 25 16409 25 25 25 25 25 25 25 16409 25 25 25 25 25 25 25 25 25 25 25 25 25 25 16409 25 25 25 25 25 25 25 25 25 25 25 25 25 25 18711 17820 17226 17127 17424 17589 17325 16896 18909 18018 17424 17226 17556 17721 17490 16929 19008 18018 17424 17226 17490 17622 17325 16731 18876 17985 17292 17028 17160 17226 16830 15840 18777 17820 17094 16665 16434 16038 15048 13629 18513 17523 16698 15675 14586 13497 12309 11517 17853 17028 15840 13893 12243 11583 11616 11913 16104 15444 14091 12012 10956 11286 11913 12111
0 0 112 120 4 1 64 25 13068 12375 11385 10230 10032 10362 10626 10626 12474 11088 9999 9207 9009 9240 9735 10197 14652 13365 12111 10527 9240 8910 9735 10494 16335 15510 14520 12903 10923 9405 9273 9669 16731 16170 15510 14322 12771 11022 10098 10263 16632 16269 15609 14751 13662 12573 11880 11979 16566 16203 15609 14751 13761 13068 12771 12936 16533 16137 15543 14652 13761 13167 12969 13167
0 0 120 0 4 64 64 25 25 16409 25 25 25 25 25 25 25 16409 25 25 25 25 25 25 25 25 16409 25 25 25 25 25 25 25 16409 25 25 25 25 25 25 25 16409 25 25 25 25 25 25 25 25 16409 25 25 25 25 25 25 25 16409 25 25 25 25 25 25 25 16409 25 25 25 4356 3960 3267 2475 1485 726 198 0 4455 4059 3564 2772 1584 792 198 0 4620 4257 3663 2970 1881 891 330 0 4818 4356 3960 3168 2178 1254 396 99 4983 4554 4092 3498 2541 1485 528 99 5346 4719 4290 3696 2805 1782 825 198 5445 4851 4389 3861 3168 2079 1056 363 5841 5016 4554 4158 3432 2475 1320 429
0 0 120 8 4 64 64 25 25 25 25 25 16409 25 25 25 25 25 25 25 16409 25 25 25 25 25 25 25 25 16409 25 25 25 25 25 25 25 16409 25 25 25 25 25 25 25 16409 25 25 25 25 25 25 25 16409 25 25 25 25 25 25 25 16409 25 25 25 25 25 25 25 16409 25 5841 5181 4653 4257 3696 2937 1848 792 5874 5346 4752 4356 3960 3201 2277 1287 5874 5346 4851 4455 4158 3564 2805 1716 5907 5346 4884 4554 4257 3828 3267 2376 5940 5412 4917 4554 4356 3960 3498 2772 5907 5412 4917 4554 4356 4059 3663 2970 5841 5346 4851 4455 4257 3960 3663 3168 5676 5082 4653 4389 4158 3960 3564 3267
0 0 120 16 4 64 64 25 25 25 25 25 25 16409 25 25 25 25 25 25 25 25 25 25 25 25 25 25 16409 25 25 25 25 25 25 25 25 25 25 25 25 25 25 16409 25 25 25 25 25 25 25 25 25 25 25 25 25 25 25 25 25 25 25 25 25 25 25 25 25 25 25 5379 4851 4554 4356 4158 3960 3498 3267 5082 4686 4356 4158 4059 3762 3432 3168 4752 4455 4257 4059 3960 3663 3366 3069 4455 4356 4158 3960 3762 3564 3267 3069 4257 4059 3960 3861 3663 3465 3168 2970 3960 3960 3762 3663 3564 3366 3168 2970 3762 3663 3564 3465 3465 3267 3069 2871 3465 3465 3366 3366 3267 3168 3069 2937
0 0 120 24 4 1 64 25 3168 3168 3267 3168 3168 3069 2970 2871 2970 2970 3069 3069 2970 2970 2871 2772 2673 2772 2871 2871 2871 2772 2772 2574 2475 2574 2574 2673 2772 2673 2574 2376 2211 2277 2376 2376 2475 2376 2343 2079 2079 2079 2079 2178 2178 2079 1980 1683 1848 1782 1815 1848 1782 1683 1518 1320 1584 1584 1419 1386 1320 1221 1023 924
0 0 120 32 4 1 64 25 1386 1287 1089 990 891 792 693 627 1122 1023 792 693 594 528 495 429 924 792 594 528 429 429 429 429 792 627 495 429 429 429 429 429 627 528 429 429 429 429 429 429 528 495 429 429 429 429 429 429 429 429 429 429 429 429 429 429 429 429 429 429 429 429 429 429
0 0 120 40 4 64 64 25 25 25 25 25 25 25 32793 25 25 25 25 25 32793 32793 25 32793 32793 32793 25 32793 25 25 25 25 25 25 32793 25 25 25 25 25 25 25 25 25 25 25 25 25 25 25 25 25 25 25 25 25 25 25 25 25 25 25 25 25 25 25 25 25 25 25 25 429 429 429 429 429 429 429 561 429 429 429 429 429 495 792 1419 528 627 528 495 594 990 1947 3531 1584 1683 1518 1254 1419 2409 4224 6666 4521 4884 4356 3465 3432 4686 6930 9438 8481 9141 8415 7128 6699 7557 9405 11088 11913 12408 11814 10527 9966 10362 11154 11451 13398 13563 13068 12342 11946 11979 11814 10824
0 0 120 48 4 64 64 25 25 25 25 25 25 25 25 25 25 25 25 25 25 25 25 25 25 25 25 25 25 25 25 25 25 49177 25 25 25 25 25 25 25 25 25 25 25 25 32793 16409 32793 32793 32793 32793 32793 32793 25 25 25 25 25 25 25 25 25 25 25 25 25 25 25 25 25 12705 12474 12078 11781 11814 11814 11055 9273 10230 9504 9240 9339 9834 10065 9306 7029 6732 5907 5610 5940 6666 7095 6435 4653 3861 3036 2871 3201 3861 4257 3927 2904 2673 1914 1749 2079 2607 2871 2838 2376 2607 2046 1947 2310 2706 2970 3003 2772 3663 2970 2871 3069 3465 3762 3663 3399 5511 4554 4191 4257 4554 4752 4488 3960
0 0 120 56 4 1 64 25 7623 6435 5742 5643 5841 5841 5346 4653 9405 8019 7128 6732 6732 6534 5643 5148 10494 9108 8019 7623 7326 6633 5643 5742 10989 9603 8613 7920 7260 6171 5643 6534 11088 9801 8613 7425 6534 5775 5940 7227 11187 9702 8019 6732 6435 6666 7326 8085 10791 8910 7326 6930 7524 8217 8514 8580 9999 8052 7425 7920 8712 8811 8514 8316
0 0 120 64 4 1 64 25 9207 8217 8514 9009 8910 8217 7524 7326 8877 8712 9108 8910 8217 7326 6963 6930 8415 8250 8283 7821 7425 7326 7722 7821 7656 7359 8019 8217 8019 7722 7722 7821 7557 7425 8910 9504 8613 7722 7425 7326 8844 8151 8910 9207 8415 8316 8811 8811 11781 9999 8811 8316 8316 9471 10395 10494 14058 12243 10296 9174 9504 10791 11451 11286
0 0 120 72 4 1 64 25 15048 13860 12507 11583 11781 12243 12144 11781 15444 14553 13761 13266 13266 13167 12672 12276 15642 14850 14256 13959 13827 13530 12903 12309 15840 15147 14619 14256 13761 12969 11979 11187 15939 15345 14850 14058 12573 11088 10230 9999 16071 15543 14751 13266 10989 10065 10593 11583 16137 15510 14256 12111 10296 11055 12672 13761 16038 14949 13068 10989 10560 12375 13959 14685
0 0 120 80 4 1 64 25 15147 13563 11682 10956 11880 13563 14454 14850 13497 11814 11286 12177 13530 14157 14256 14058 11814 11121 12012 13365 13959 13662 13002 12078 10791 10494 11682 12309 12243 11616 10956 10626 9372 9174 10329 10494 10131 9735 9999 10989 9273 10197 12210 12210 11121 10230 10395 11154 10890 11781 13596 13068 11385 10131 10065 10593 12474 11913 12672 12078 11121 11187 12078 12870
0 0 120 88 4 1 64 25 13761 12078 11880 11979 12606 13761 14751 15180 15345 14355 14025 14256 14916 15642 16038 16137 16335 16071 15939 15840 15939 16137 16335 16335 16566 16566 16434 16236 16038 16137 16236 16137 16599 16632 16401 16038 15939 16038 16137 15939 16632 16533 16236 15840 15741 15840 15906 15807 16632 16434 15939 15444 15246 15345 15444 15345 16533 16104 15015 14058 13761 13959 14091 13992
0 0 120 96 4 1 64 25 16236 14982 12870 11583 11319 11550 11814 11814 15180 13299 11517 11253 11484 11715 11847 11946 13134 11913 11880 12837 13365 13266 13068 13101 10857 11451 13068 14157 13893 12870 12375 12342 10065 11583 13497 13959 12969 11682 11385 11253 10857 11220 12309 12474 12111 12177 12672 12441 12177 11319 11418 11781 12309 13167 13728 13398 12771 11781 11517 11715 12276 12870 13068 12705
0 0 120 104 4 1 64 25 11748 11022 10626 10494 10593 10725 10725 10362 9966 9471 9042 8745 8448 8151 7887 7491 8976 8679 8448 8052 7458 6831 6270 5709 9174 9141 9042 8745 8019 7062 6072 5214 10791 10956 10989 10692 9801 8415 6831 5346 13167 13299 13365 13068 12078 10263 7953 5709 15147 15048 14982 14718 13860 11979 9240 6468 16071 15807 15576 15378 14817 13365 10692 7590
0 0 120 112 4 1 64 25 16434 15939 15675 15642 15345 14322 12078 9042 16335 15840 15543 15444 15345 14751 13068 10296 15939 15246 14586 14289 14553 14553 13365 11187 14652 13365 12276 12012 13068 13827 13266 11517 12144 11187 10956 11583 13002 13695 13167 11880 11154 11286 11880 12606 13563 13794 13266 12243 12078 11979 11880 11814 12705 13464 13266 12573 11781 11616 11616 11451 12177 13134 13167 12771
0 0 120 120 4 1 64 25 10890 11682 12441 12474 12771 13134 13068 12969 10890 11880 12507 12672 12969 13068 13068 13068 10890 11187 11385 11748 12276 12705 12969 13068 9999 10395 10791 10956 11253 11814 12573 12969 11022 11880 12375 12078 11385 11385 12177 12870 12672 13365 13695 13299 12408 11781 12177 12771 13365 13761 13959 13662 12870 11979 11781 12177 13464 13662 13662 13365 12705 11781 11088 11385
0 1 0 0 4 1 64 25 11484 11484 11286 11088 10989 10791 10593 10395 11385 11385 11187 10989 10890 10791 10494 10296 11187 11187 11088 10890 10791 10692 10395 10197 10989 10989 10890 10692 10593 10494 10296 10098 10692 10692 10593 10494 10494 10296 9999 9801 10296 10395 10296 10197 10197 9999 9702 9603 9900 9999 9999 9900 9801 9603 9504 9306 9405 9504 9504 9405 9306 9306 9207 9009
0 1 0 8 4 1 64 25 8910 9009 9009 9009 8910 8910 8712 8613 8415 8514 8514 8514 8514 8415 8316 8316 7920 8019 8118 8118 8019 8019 8019 8019 7524 7524 7722 7623 7623 7623 7722 7722 7128 7128 7326 7326 7326 7326 7425 7425 6732 6831 6930 7029 7029 7029 7128 7227 6435 6534 6633 6732 6831 6831 6930 7029 6237 6237 6435 6534 6633 6633 6831 6831
0 1 0 16 4 64 64 25 25 25 25 25 25 25 25 25 25 25 25 25 25 25 25 25 25 25 25 25 25 25 25 25 25 25 25 25 25 25 25 25 25 25 25 25 25 25 25 25 25 25 25 25 25 25 25 25 25 25 25 25 25 25 25 25 25 49177 25 25 25 25 25 5940 6039 6138 6237 6336 6534 6732 6831 5742 5841 5940 6039 6237 6336 6534 6633 5643 5643 5742 5841 5940 6138 6336 6435 5544 5544 5544 5643 5742 5940 6138 6237 5346 5346 5412 5445 5544 5643 5841 6039 4950 4950 5049 5148 5148 5346 5445 5643 4257 4257 4356 4554 4653 4851 4950 5148 3234 3267 3465 3663 3861 4059 4158 4356
0 1 0 24 4 1 64 25 2277 2277 2376 2574 2673 2871 3069 3168 1485 1584 1584 1683 1782 1881 1881 1881 1188 1188 1188 1188 1287 1287 1287 1188 1089 1089 1089 1089 1089 1089 1089 990 1089 1089 1089 1089 1089 1089 1089 1089 1089 1089 1089 1089 1089 1089 1089 1089 1089 1089 1089 1089 1089 1089 1089 1089 1089 1089 1089 1089 1089 1089 1089 1089
0 1 0 32 4 64 64 25 25 25 25 25 25 25 25 25 25 25 25 25 25 25 25 25 25 25 25 25 25 25 25 25 32793 32793 32793 32793 32793 32793 32793 32793 25 25 25 25 25 25 25 25 25 25 25 25 25 25 25 25 25 25 25 25 25 25 25 25 25 25 25 25 25 25 25 1089 1089 1089 1089 1089 1089 1089 1089 1089 1089 1089 1089 1089 1089 1089 1089 1089 1089 1089 1089 1089 1089 1089 1188 1287 1287 1386 1386 1386 1485 1485 1584 1881 1980 2178 2277 2376 2574 2673 2673 3399 3663 3960 4158 4323 4455 4554 4488 5742 6006 6237 6402 6501 6534 6534 6435 7821 7986 8118 8217 8316 8217 8184 8019
0 1 0 40 4 1 64 25 9306 9405 9504 9603 9603 9603 9438 9207 10296 10362 10494 10593 10692 10626 10527 10395 11088 11121 11220 11385 11517 11682 11748 11649 11583 11583 11682 11946 12309 12573 12771 12771 11748 11781 12078 12474 12837 13200 13563 13662 11715 11979 12375 12639 12903 13266 13695 14091 11715 12078 12342 12342 12111 12078 12408 12804 11319 11715 11748 11055 10131 9405 9207 9306
0 1 0 48 4 64 64 25 25 25 25 25 25 25 25 25 25 25 25 25 25 25 25 25 25 25 25 25 25 16409 25 25 49177 25 25 25 25 16409 25 16409 25 25 25 25 25 25 25 16409 25 25 25 25 25 25 25 25 25 25 25 25 25 25 25 25 25 25 25 25 25 25 25 10098 10329 10164 9108 7491 6072 5346 5148 7689 7821 7920 7227 5577 3960 3069 2772 4818 4950 5610 5907 5049 3663 2673 2277 3234 2838 3366 4257 4455 3894 3168 2772 3531 2475 1947 1980 2277 2508 2574 2574 3663 3036 2046 1188 792 891 1023 1188 2376 2079 1485 792 396 297 396 396 990 792 594 396 198 198 198 198
0 1 0 56 4 1 64 25 594 396 297 297 198 297 297 297 792 396 297 297 297 297 396 297 1089 594 297 198 198 198 297 198 1485 891 495 297 198 297 198 198 2079 1386 792 495 297 297 198 198 2673 2178 1584 1089 792 594 396 297 2871 3069 2673 2178 1683 1287 891 594 2079 2970 3465 3267 2772 2178 1683 1188
0 1 0 64 4 1 64 25 990 1980 2970 3465 3465 3069 2574 1980 396 891 1683 2574 3267 3465 3267 2772 198 297 594 1188 1980 2772 3267 3168 198 198 198 396 792 1584 2277 2772 297 198 198 99 297 594 1089 1683 297 297 198 99 99 198 396 693 297 198 198 99 99 198 198 297 297 297 297 198 198 198 198 198
0 1 0 72 4 1 64 25 198 297 198 198 297 297 198 198 198 297 198 198 198 297 198 297 297 297 297 198 198 198 198 198 396 297 297 198 198 198 198 198 594 396 297 198 198 198 198 198 891 693 495 396 297 198 198 99 1089 990 891 693 495 396 297 198 1089 1089 1089 990 891 792 693 495
0 1 0 80 4 1 64 25 1089 1089 1089 1089 1089 1089 990 891 1089 1089 1089 1089 1089 1089 1089 1089 1089 1089 1089 1089 1089 1089 1089 1089 1089 1089 1089 1089 1089 1089 1089 1089 1089 1089 1089 1089 1089 1089 1089 1089 1089 1089 1089 1089 1089 1089 1089 1089 1089 1089 1089 1089 1089 1089 1089 1089 1089 1089 1089 1089 1089 1089 1089 1089
0 1 0 88 4 1 1 25 1089
0 1 0 96 4 1 1 25 1089
0 1 0 104 4 1 1 25 1089
0 1 0 112 4 1 1 25 1089
0 1 0 120 4 1 64 25 1089 1089 1089 1089 1089 1089 1089 1089 1089 1089 1089 1089 1089 1089 1089 1089 1089 1089 1089 1089 1089 1089 1089 1089 1089 1089 1089 1089 1089 1089 1089 1089 1089 1089 1089 1089 1089 1089 1089 1089 1089 1089 1089 1089 1089 1089 1089 1089 1089 1089 1089 1089 1089 1089 1089 990 1089 1089 1089 1089 1089 1089 990 990
0 1 8 0 4 1 64 25 10296 10197 10296 10197 10197 10197 10197 10098 10197 10098 10197 10098 10098 10098 9999 9999 10098 10098 9999 9999 9999 9999 9900 9900 9999 9900 9900 9900 9900 9801 9900 9801 9801 9702 9702 9702 9801 9702 9702 9603 9504 9504 9504 9504 9603 9603 9504 9405 9306 9306 9306 9306 9405 9405 9306 9207 9009 9009 9108 9108 9108 9108 9108 9009
0 1 8 8 4 1 64 25 8613 8613 8712 8811 8910 8910 8910 8811 8316 8316 8415 8514 8613 8712 8613 8514 8019 8118 8217 8316 8415 8316 8316 8217 7722 7821 7920 8118 8118 8118 8019 7920 7524 7722 7722 7821 7821 7821 7722 7524 7326 7425 7524 7623 7623 7425 7326 7326 7128 7227 7326 7326 7326 7227 7128 7128 6930 7128 7128 7128 7029 7029 6930 6831
0 1 8 16 4 1 64 25 6831 6930 6930 6930 6930 6831 6732 6633 6633 6732 6831 6831 6732 6633 6534 6534 6534 6633 6633 6633 6633 6435 6435 6336 6237 6336 6534 6435 6435 6336 6336 6237 6039 6138 6336 6237 6237 6138 6138 6138 5742 5940 6039 6039 6039 5940 5940 5940 5247 5445 5544 5643 5643 5544 5544 5544 4554 4653 4752 4851 4950 4851 4851 4851
0 1 8 24 4 1 64 25 3366 3465 3663 3762 3762 3762 3762 3663 1980 2079 2178 2277 2277 2277 2277 2277 1089 1089 1089 1089 1089 1089 1089 1089 891 891 792 792 792 792 792 792 990 990 891 891 792 792 792 792 1089 1089 990 990 990 990 990 990 1089 1089 1089 1089 1089 1089 1089 1089 1089 1089 1089 1089 1089 1089 1089 1089
0 1 8 32 4 64 64 25 25 25 25 25 25 25 25 25 25 25 25 25 25 25 25 25 25 25 25 25 25 25 25 32793 32793 32793 32793 32793 32793 32793 32793 25 25 25 25 25 25 25 25 25 25 25 25 25 25 25 25 25 25 25 25 25 25 25 25 25 25 25 25 25 25 25 25 1089 1089 1089 1089 1089 1089 1089 1089 1089 1089 1089 1089 1089 1089 1089 1089 1188 1089 1188 1188 1188 1188 1188 1188 1584 1485 1584 1584 1584 1584 1584 1584 2574 2475 2475 2574 2673 2772 2871 2871 4323 4158 4158 4356 4653 4851 4950 4851 6237 6072 6237 6633 7029 7227 7227 7029 7920 7887 8283 8811 9108 9009 8712 8316
0 1 8 40 4 1 64 25 9207 9372 9735 10098 10131 9801 9207 8613 10296 10329 10527 10527 10428 9933 9306 8613 11451 11187 10989 10725 10362 9801 9108 8415 12573 12111 11682 11154 10560 9867 9207 8514 13563 13167 12672 11979 11253 10494 9702 9009 14157 13926 13332 12474 11484 10494 9537 8580 13068 12903 12210 11055 9702 8382 7128 6105 9471 9273 8580 7392 6204 5049 4257 3564
0 1 8 48 4 64 64 25 25 25 25 25 25 25 25 25 25 25 25 25 25 25 25 25 25 25 25 25 25 25 25 25 25 25 25 25 25 32793 32793 25 25 25 25 25 49177 25 25 25 25 25 25 25 49177 25 25 25 25 25 25 25 49177 25 25 25 25 25 25 25 25 49177 25 5148 4983 4554 3927 3333 2871 2574 2409 2673 2574 2409 2277 2112 2079 1980 2013 2079 2079 1980 1914 1848 1782 1881 1881 2475 2376 2277 2178 1980 1881 1980 2079 2574 2673 2673 2574 2376 2277 2475 2673 1287 1485 1683 1881 1980 2376 3069 3960 495 495 594 693 990 1485 2673 4356 297 297 297 297 396 594 1188 2574
0 1 8 56 4 1 64 25 297 297 297 297 198 198 396 792 297 198 198 297 297 198 297 297 297 198 198 198 198 297 198 198 297 198 198 198 198 297 198 297 198 297 297 198 198 198 297 198 198 198 198 198 198 297 198 198 396 297 198 198 297 198 198 198 792 495 297 198 198 198 99 198
0 1 8 64 4 1 64 25 1485 891 495 297 198 198 99 198 2178 1485 891 495 297 198 99 99 2772 2178 1485 891 495 297 198 198 2871 2673 2178 1584 1089 693 396 198 2178 2475 2475 2277 1881 1386 990 594 1188 1584 1980 2277 2376 2178 1881 1485 495 792 1188 1782 2178 2475 2574 2475 198 396 594 990 1584 2178 2673 2970
0 1 8 72 4 1 64 25 198 198 297 495 990 1584 2178 2772 297 198 198 297 495 792 1386 2178 198 198 198 198 198 396 693 1287 198 198 99 99 99 99 297 495 198 198 99 99 99 99 198 198 99 198 198 198 198 198 99 99 198 198 198 198 99 99 99 198 396 297 198 198 99 198 99 99
0 1 8 80 4 1 64 25 792 594 396 198 99 99 99 99 1089 990 792 495 198 99 0 0 1089 1089 990 792 495 198 99 0 1089 1089 1089 990 792 495 198 99 1089 1089 1089 1089 990 792 495 198 1089 1089 1089 1089 1089 990 891 594 1089 1089 1089 1089 1089 1089 1089 891 1089 1089 1089 1089 1089 1089 1089 1089
0 1 8 88 4 1 1 25 1089
0 1 8 96 4 1 1 25 1089
0 1 8 104 4 1 1 25 1089
0 1 8 112 4 1 64 25 1089 1089 1089 1089 1089 1089 1089 1089 1089 1089 1089 1089 1089 1089 1089 1089 1089 1089 1089 1089 1089 1089 1089 1089 1089 1089 1089 1089 1089 1089 1089 1089 1089 1089 1089 1089 1089 1089 1089 1089 1089 1089 1089 1089 1089 1089 1089 1089 1089 1089 1089 1089 1089 1089 1089 990 1089 1089 1089 1089 1089 1089 990 891
0 1 8 120 4 1 64 25 1089 1089 1089 1089 1089 1089 891 792 1089 1089 1089 1089 1089 990 792 792 1089 1089 1089 1089 1089 891 792 792 1089 1089 990 1089 1089 891 792 792 1089 990 990 1089 990 792 693 792 1089 990 1089 1089 891 792 693 693 891 891 1089 990 792 792 693 693 891 891 990 891 792 792 693 792
0 1 16 0 4 1 64 25 10098 9999 9900 9801 9801 9702 9702 9702 9999 9900 9702 9603 9603 9603 9603 9603 9801 9702 9603 9603 9504 9405 9405 9504 9702 9504 9504 9405 9306 9306 9306 9405 9504 9405 9306 9207 9108 9207 9207 9306 9306 9207 9009 8910 8910 9009 9108 9207 9108 9009 8811 8712 8712 8811 9009 9108 8910 8712 8613 8514 8514 8613 8811 8910
0 1 16 8 4 1 64 25 8613 8415 8316 8217 8316 8415 8613 8712 8316 8118 8019 8019 8118 8217 8316 8415 8019 7920 7821 7821 7821 7920 8118 8217 7722 7623 7524 7524 7623 7821 7920 7920 7425 7326 7326 7326 7326 7524 7623 7623 7227 7128 7128 7128 7128 7227 7227 7326 7029 6930 6930 6930 6930 7029 6930 7029 6732 6633 6633 6633 6633 6633 6633 6732
0 1 16 16 4 1 64 25 6534 6534 6534 6435 6435 6435 6336 6336 6435 6435 6336 6237 6237 6237 6138 6138 6336 6237 6237 6138 6138 6039 5940 5841 6237 6138 6039 6039 5940 5742 5643 5643 6138 6039 5940 5841 5742 5643 5445 5445 5841 5841 5742 5643 5544 5445 5247 5115 5445 5445 5346 5346 5148 5049 4851 4653 4752 4752 4653 4554 4455 4257 4059 3861
0 1 16 24 4 1 64 25 3663 3564 3465 3465 3366 3168 2970 2772 2178 2079 2079 2079 1980 1980 1881 1683 990 990 990 1089 1089 1089 1089 1089 693 792 792 792 891 891 891 891 792 891 891 891 990 990 990 990 990 990 990 1089 1089 1089 1089 1089 1089 1089 1089 1089 1089 1089 1089 1089 1089 1089 1089 1089 1089 1089 1089 1089
0 1 16 32 4 64 64 25 25 25 25 25 25 25 25 25 25 25 25 25 25 25 25 25 25 25 32793 32793 32793 32793 32793 32793 32793 32793 25 25 25 25 25 25 25 25 25 25 25 25 25 25 25 25 25 25 25 25 25 25 25 25 25 25 25 25 25 25 25 25 25 25 25 25 25 1089 1089 1089 1089 1089 1089 1089 1089 1089 1089 1089 990 1089 1089 1188 1287 1188 1287 1287 1287 1386 1485 1683 1881 1683 1782 1881 2079 2277 2574 2772 2871 2970 3168 3465 3663 3861 4059 4257 4257 4950 5148 5346 5544 5709 5742 5643 5346 6930 6930 6930 6897 6798 6633 6336 5841 7920 7623 7425 7194 6897 6501 6138 5643
0 1 16 40 4 64 64 25 25 25 25 25 25 25 25 25 25 25 25 25 25 25 25 25 25 25 25 25 25 25 25 25 25 25 25 25 25 25 25 25 25 25 25 25 25 25 25 25 25 25 25 25 25 25 25 25 25 25 25 25 25 25 25 25 25 25 49177 25 25 25 25 8019 7524 7128 6699 6303 5874 5445 5148 7986 7326 6732 6237 5808 5346 5049 4752 7821 7128 6534 6039 5643 5247 4950 4752 7920 7326 6732 6336 6039 5808 5643 5544 8316 7722 7227 7029 6831 6798 6732 6633 7722 7029 6633 6534 6732 6930 7029 6930 5247 4851 4653 4752 5148 5544 5841 5742 3267 3168 3267 3465 3762 4158 4356 4356
0 1 16 48 4 64 64 25 25 25 25 25 25 25 25 25 25 25 25 25 25 25 25 25 25 25 32793 32793 32793 32793 32793 32793 32793 32793 25 25 25 25 25 25 25 25 25 25 25 25 25 25 25 25 25 25 25 25 25 25 25 25 25 25 25 25 25 25 25 25 25 25 25 25 25 2475 2475 2673 2772 3069 3267 3465 3465 2079 2178 2376 2475 2673 2871 2970 3069 2079 2178 2376 2475 2673 2772 2871 2970 2277 2376 2574 2772 2970 3168 3366 3465 2871 3069 3267 3465 3861 4455 4950 5148 4554 5049 5346 5742 6336 7128 7920 8316 6138 7623 8712 9603 10395 11088 11682 12177 4455 6732 8910 10692 12276 13365 13959 14256
0 1 16 56 4 64 64 49177 25 25 25 25 25 25 25 25 25 49177 25 25 25 25 25 25 25 25 25 25 49177 25 25 25 25 25 25 25 25 25 49177 25 25 25 25 25 25 25 25 25 25 25 25 25 25 25 25 25 25 25 25 25 25 25 25 25 25 25 25 25 25 25 25 1683 3069 4851 6831 9108 11187 12573 13266 495 891 1485 2574 4257 6237 8217 9801 297 297 396 693 1287 2178 3564 5247 198 297 297 297 396 594 990 1881 198 198 297 198 198 297 297 495 198 198 198 198 198 198 198 297 198 198 198 198 198 198 297 198 297 297 198 198 198 198 198 297
0 1 16 64 4 1 64 25 198 297 198 198 198 198 198 297 198 198 198 198 198 297 198 198 99 99 198 198 198 198 99 198 99 99 198 198 198 198 99 198 396 297 198 198 99 99 99 198 1188 891 594 396 297 198 198 198 2178 1881 1584 1188 990 693 594 495 2871 2673 2475 2178 1980 1683 1386 1188
0 1 16 72 4 1 64 25 3069 3069 3069 2871 2673 2574 2277 2079 2772 3069 3168 3168 3168 3069 2970 2772 1980 2673 3069 3267 3267 3267 3168 3069 1089 1881 2475 2871 3069 3168 3168 3168 396 990 1683 2277 2574 2772 2772 2871 198 396 891 1485 1782 1980 2178 2277 99 198 396 693 891 1089 1386 1485 198 99 99 198 297 495 594 693
0 1 16 80 4 1 64 25 198 99 99 99 99 99 198 198 0 0 0 99 0 0 0 0 0 0 0 0 0 0 0 0 0 0 0 0 0 0 0 0 99 0 0 0 0 0 0 0 297 99 0 0 0 0 0 0 594 198 99 0 0 0 0 0 891 495 198 99 0 0 0 0
0 1 16 88 4 1 64 25 1089 891 495 198 99 0 0 0 1089 990 792 495 198 0 0 0 1089 1089 990 792 396 99 0 0 1089 1089 1089 990 693 396 99 0 1089 1089 1089 1089 990 693 297 99 1089 1089 1089 1089 1089 891 594 198 1089 1089 1089 1089 1089 1089 792 396 1089 1089 1089 1089 1089 1089 990 693
0 1 16 96 4 1 64 25 1089 1089 1089 1089 1089 1089 1089 891 1089 1089 1089 1089 1089 1089 1089 990 1089 1089 1089 1089 1089 1089 1089 990 1089 1089 1089 1089 1089 1089 1089 990 1089 1089 1089 1089 1089 1089 1089 990 1089 1089 1089 1089 1089 1089 1089 990 1089 1089 1089 1089 1089 1089 1089 891 1089 1089 1089 1089 1089 1089 1089 792
0 1 16 104 4 1 64 25 1089 1089 1089 1089 1089 1089 990 693 1089 1089 1089 1089 1089 1089 891 594 1089 1089 1089 1089 1089 1089 792 594 1089 1089 1089 1089 1089 990 693 594 1089 1089 1089 1089 1089 990 693 693 1089 1089 1089 1089 990 792 594 594 1089 1089 1089 1089 990 693 594 594 1089 1089 1089 1089 891 693 693 594
0 1 16 112 4 1 64 25 1089 1089 1089 1089 792 594 594 594 1089 1089 1089 990 693 594 594 594 1089 1089 990 891 693 594 594 594 1089 1089 891 792 693 693 594 495 1089 990 792 693 693 693 594 594 990 792 693 693 594 594 594 594 891 792 693 594 594 693 594 594 792 792 693 594 594 594 594 495
0 1 16 120 4 1 64 25 792 693 792 693 594 594 594 495 693 693 693 594 693 594 594 594 693 693 594 594 594 594 594 495 693 693 594 594 594 594 495 495 693 693 693 693 594 594 495 495 693 693 693 693 693 594 495 495 693 693 693 693 594 594 594 495 792 693 693 594 594 495 594 495
0 1 24 0 4 1 64 25 9702 9801 9702 9702 9405 9207 9009 8712 9702 9702 9702 9603 9504 9207 9009 8613 9702 9603 9603 9603 9504 9207 9009 8712 9603 9702 9702 9603 9405 9207 8910 8613 9504 9603 9702 9603 9504 9207 9009 8613 9405 9504 9603 9603 9405 9207 8910 8613 9306 9405 9405 9504 9306 9108 8910 8613 9108 9207 9306 9306 9108 9009 8811 8514
0 1 24 8 4 1 64 25 8811 9009 9009 9009 9009 8910 8712 8415 8613 8712 8712 8712 8712 8613 8514 8217 8316 8415 8415 8415 8415 8316 8217 8019 8019 8118 8118 8118 8118 8019 8019 7821 7623 7722 7722 7722 7722 7722 7623 7524 7326 7326 7326 7326 7425 7326 7326 7227 7029 7029 7029 7029 7029 7029 6930 6831 6633 6732 6633 6633 6633 6534 6534 6336
0 1 24 16 4 1 64 25 6336 6237 6237 6237 6138 6138 6138 5940 6039 5940 5940 5841 5742 5742 5643 5544 5841 5643 5643 5544 5445 5346 5346 5148 5544 5445 5346 5148 5049 4950 4851 4653 5247 5049 4851 4752 4653 4455 4257 4059 4950 4653 4455 4257 4059 3762 3465 3168 4356 4158 3861 3564 3168 2871 2475 2079 3564 3267 2970 2574 2178 1881 1584 1287
0 1 24 24 4 1 64 25 2475 2178 1881 1683 1386 1188 1089 990 1584 1386 1188 1089 990 990 891 891 1089 990 990 990 990 990 891 792 990 990 990 1089 1089 891 792 495 1089 1089 1089 1089 990 792 594 297 1089 1089 1089 1089 990 792 495 297 1089 1089 1089 1089 990 792 495 297 1089 1089 1089 1089 891 792 693 495
0 1 24 32 4 64 64 25 25 25 25 25 25 25 25 25 25 25 25 25 25 25 25 32793 32793 32793 32793 25 25 25 25 25 25 25 25 16409 25 25 25 25 25 25 25 25 16409 32793 25 25 25 25 25 25 25 25 16409 25 25 25 25 25 25 25 16409 25 25 25 25 25 25 25 25 1089 1089 1089 1089 990 990 891 693 1287 1386 1386 1485 1485 1386 1287 1089 1980 2079 2178 2178 2277 2277 2079 1683 2970 3069 3168 3168 3168 2970 2673 2079 4158 4158 4059 3960 3762 3465 3069 2673 5049 4818 4554 4356 4059 3762 3564 3366 5445 5049 4719 4455 4257 3993 3861 3696 5247 4851 4554 4356 4158 3960 3861 3762
0 1 24 40 4 1 64 25 4851 4653 4488 4356 4257 4059 3993 3993 4653 4554 4488 4455 4422 4422 4356 4422 4653 4686 4752 4752 4818 4917 4917 4884 5445 5445 5445 5412 5346 5247 5214 5082 6534 6435 6336 6204 5907 5676 5511 5280 6897 6831 6831 6633 6435 6237 6072 5841 5643 5643 5742 5940 6039 6237 6336 6369 4257 4158 4356 4554 4851 5247 5676 6138
0 1 24 48 4 64 64 25 25 49177 25 25 25 25 25 25 25 25 25 32793 25 25 25 32793 32793 32793 32793 25 25 25 25 25 25 25 25 25 25 25 25 25 25 25 25 25 25 25 25 25 25 25 25 25 25 25 25 25 25 25 25 25 25 25 25 25 25 25 25 25 25 25 25 3465 3465 3564 3663 3960 4257 4653 5148 3069 3168 3267 3366 3564 3762 4059 4356 3069 3168 3267 3366 3465 3762 3960 4158 3465 3465 3564 3663 3762 4059 4257 4356 5049 4851 4554 4455 4554 4752 5049 5148 8316 7920 7227 6633 6336 6336 6633 6831 12276 11979 11187 10197 9405 9207 9306 9405 14058 13662 13167 12474 11979 11682 11682 11682
0 1 24 56 4 1 64 25 12969 12276 11583 11088 10890 10989 11286 11484 10494 10197 9306 8316 7722 7623 7920 8514 6930 7920 8019 7227 6138 5247 4851 5049 3168 4653 5742 6138 5643 4752 3861 3366 990 1683 2574 3366 3762 3663 3267 2772 297 495 693 1089 1386 1782 1881 1881 198 297 297 396 396 594 792 990 198 198 198 297 297 297 297 495
0 1 24 64 4 1 64 25 297 198 198 198 198 198 198 297 297 297 198 198 198 198 198 198 198 198 297 297 198 198 198 99 198 297 297 297 198 99 99 99 198 198 198 198 198 198 198 99 198 297 297 198 198 198 297 198 396 396 396 297 198 198 198 198 990 891 792 693 594 495 396 297
0 1 24 72 4 1 64 25 1881 1782 1584 1584 1485 1287 891 693 2574 2475 2376 2475 2475 2376 2079 1782 2970 2772 2772 2970 3168 3267 3168 2970 3069 3069 2970 3168 3366 3564 3663 3663 2871 2871 2970 2970 3168 3267 3366 3465 2376 2376 2376 2475 2475 2574 2673 2673 1485 1485 1485 1485 1485 1485 1485 1584 693 594 594 594 594 594 594 594
0 1 24 80 4 1 64 25 198 198 198 198 99 198 99 99 0 0 99 99 0 99 0 0 0 0 0 0 0 0 0 0 0 0 0 0 0 0 0 0 0 0 0 0 0 0 0 0 0 0 0 0 0 0 0 0 0 0 0 0 0 0 0 0 0 0 0 0 0 0 0 0
0 1 24 88 4 1 64 25 0 0 0 0 0 0 0 0 0 0 0 0 0 0 0 0 0 0 0 0 0 0 0 0 0 0 0 0 0 0 0 0 0 0 0 0 0 0 0 0 0 0 0 0 0 0 0 0 99 0 0 0 0 0 0 0 297 99 0 0 0 0 0 0
0 1 24 96 4 1 64 25 396 99 0 0 0 0 0 0 594 297 99 0 0 0 0 0 693 495 198 0 0 0 0 0 693 594 396 99 0 0 0 0 693 495 495 198 0 0 0 0 693 495 495 396 99 0 0 0 693 594 594 495 198 99 0 0 594 495 594 495 396 198 0 0
0 1 24 104 4 1 64 25 495 495 495 495 396 297 99 0 495 495 495 495 396 396 297 99 594 495 495 594 495 396 396 198 594 495 495 495 495 396 396 297 594 594 495 495 495 495 495 396 594 594 594 495 495 495 495 495 594 495 495 495 396 396 396 396 495 495 495 594 495 396 396 396
0 1 24 112 4 1 64 25 594 495 495 495 495 396 396 495 594 495 594 594 495 396 396 396 594 495 495 594 495 495 396 396 495 495 495 495 396 396 396 396 495 594 495 495 396 396 396 396 594 495 495 495 495 396 396 396 594 495 495 495 495 495 495 396 495 594 594 495 594 495 396 396
0 1 24 120 4 1 64 25 495 495 495 495 495 396 297 396 495 594 495 495 495 396 297 396 495 594 594 495 495 396 396 396 495 495 495 495 495 396 396 396 495 495 396 396 495 396 396 396 495 495 495 495 396 396 396 297 495 495 495 396 396 396 396 297 495 495 495 495 396 495 495 297
0 1 32 0 4 1 64 25 8316 8019 7920 7722 7524 7326 7227 7128 8316 8019 7821 7623 7425 7227 7227 7029 8316 7920 7722 7524 7227 7128 7029 7029 8316 7920 7722 7425 7128 6930 6930 6831 8316 7920 7623 7326 7029 6831 6732 6633 8217 7821 7524 7128 6831 6633 6534 6435 8118 7821 7425 7128 6732 6534 6435 6336 8118 7722 7326 6930 6633 6435 6237 6138
0 1 32 8 4 1 64 25 8019 7623 7326 6930 6633 6336 6138 5940 7821 7524 7227 6831 6435 6138 5940 5742 7722 7326 7029 6732 6237 5940 5742 5544 7524 7128 6831 6534 6138 5742 5544 5247 7227 6930 6534 6237 5841 5544 5214 4851 6831 6534 6336 5940 5643 5247 4917 4356 6534 6336 6039 5643 5346 4950 4554 3960 6138 5940 5643 5346 4950 4554 4158 3564
0 1 32 16 4 1 64 25 5742 5544 5346 5016 4554 4158 3663 3168 5346 5148 4950 4554 4158 3762 3333 2838 4950 4686 4488 4158 3762 3366 2871 2376 4455 4158 3894 3564 3168 2673 2277 1881 3762 3465 3102 2772 2277 1881 1485 1188 2871 2475 2178 1782 1485 1188 891 693 1782 1584 1386 1188 990 792 594 396 1089 990 990 891 792 693 594 396
0 1 32 24 4 1 64 25 891 891 891 891 891 891 792 594 891 792 891 891 891 891 792 594 693 594 594 594 594 594 594 396 396 297 198 198 198 198 198 198 198 99 0 0 0 0 0 0 99 0 0 0 0 0 0 0 198 99 99 99 0 0 0 0 396 297 198 198 99 99 99 99
0 1 32 32 4 64 64 25 25 25 25 25 25 25 25 25 25 25 25 25 25 25 25 25 25 25 25 25 25 25 25 25 25 25 25 25 25 25 25 25 25 25 25 25 25 25 25 25 25 32793 32793 32793 32793 32793 32793 32793 32793 25 25 25 25 25 25 25 25 25 25 25 25 25 25 594 495 396 297 198 198 99 99 891 693 594 495 297 297 297 297 1287 891 792 693 693 693 792 990 1584 1188 1089 1188 1287 1485 1782 1980 2277 2079 1980 2079 2178 2277 2376 2376 3168 2970 2871 2871 2772 2772 2772 2772 3597 3531 3465 3366 3267 3267 3366 3465 3729 3762 3762 3828 3927 3960 3993 4059
0 1 32 40 4 1 64 25 4092 4158 4257 4323 4356 4356 4356 4290 4455 4554 4554 4554 4554 4488 4422 4257 4851 4818 4752 4653 4554 4455 4356 4158 4950 4818 4752 4653 4554 4356 4257 4158 5049 4851 4719 4554 4422 4257 4158 4059 5544 5247 4950 4686 4488 4356 4158 4059 6237 5940 5643 5280 4950 4752 4554 4356 6435 6534 6435 6138 5742 5445 5148 4851
0 1 32 48 4 1 64 25 5841 6336 6732 6831 6633 6435 5940 5544 4950 5544 6237 6732 7128 7128 6930 6534 4554 5049 5544 6237 6831 7326 7524 7425 4554 4752 5148 5643 6237 6930 7425 7722 5247 5346 5544 5643 5940 6534 7227 7623 6930 6930 6930 6930 6930 7227 7623 7920 9504 9405 9306 9108 9009 9009 9108 9207 11583 11385 11088 10692 10494 10395 10395 10395
0 1 32 56 4 64 64 25 25 25 25 25 25 25 25 25 25 25 25 25 25 25 25 25 25 25 25 25 25 25 25 49177 25 25 25 25 25 25 25 25 25 49177 25 25 25 25 25 25 25 25 49177 25 25 25 25 25 25 25 25 25 49177 25 25 25 25 25 25 25 25 25 25 11583 11385 11088 10692 10395 9999 9900 9900 9207 9603 9801 9801 9504 9207 9009 8910 5544 6237 6831 7425 7722 7920 8019 7920 3366 3663 4257 4851 5544 6039 6435 6633 2475 2673 3069 3663 4257 4851 5346 5742 1782 1881 2178 2673 3366 3960 4653 5148 1089 1188 1485 1782 2178 2673 3267 3960 594 693 891 1089 1386 1683 2079 2574
0 1 32 64 4 1 64 25 297 396 495 594 792 990 1287 1584 198 198 297 297 396 594 693 990 198 198 198 198 198 297 396 495 198 99 99 198 198 198 297 297 99 198 99 99 198 99 198 198 99 198 198 198 198 99 99 198 99 198 198 198 198 99 99 198 198 198 297 297 297 297 198 297
0 1 32 72 4 1 64 25 594 594 693 891 891 693 495 396 1485 1485 1683 1881 1881 1683 1188 693 2772 2574 2574 2574 2673 2574 2079 1485 3564 3267 3069 2970 3069 3168 2970 2178 3465 3267 3168 3168 3267 3465 3366 2673 2772 2772 2772 2871 3069 3168 3168 2673 1683 1782 1980 2178 2277 2475 2475 2376 693 792 990 1089 1287 1386 1485 1485
0 1 32 80 4 1 64 25 198 198 297 396 396 495 495 594 0 0 0 0 0 99 99 99 0 0 0 0 0 0 0 0 0 0 0 0 0 0 0 0 0 0 0 0 0 0 0 0 0 0 0 0 0 0 0 0 0 0 0 0 0 0 0 0 0 0 0 0 0 0 0 0
0 1 32 88 4 1 1 25 0
0 1 32 96 4 1 1 25 0
0 1 32 104 4 1 64 25 0 0 0 0 0 0 0 0 0 0 0 0 0 0 0 0 0 0 0 0 0 0 0 0 99 0 0 0 0 0 0 0 198 0 0 0 0 0 0 0 396 99 0 0 0 0 0 0 396 297 99 0 0 0 0 0 495 297 198 99 0 0 0 0
0 1 32 112 4 1 64 25 495 396 297 297 99 0 0 0 396 396 396 396 198 0 0 0 396 396 396 297 297 99 0 0 396 396 396 297 297 297 198 0 396 396 396 396 297 297 297 99 396 396 396 396 297 297 297 297 396 396 396 297 297 297 297 297 396 396 396 396 297 198 198 198
0 1 32 120 4 1 64 25 396 396 297 297 198 198 198 198 495 396 396 297 198 297 297 198 396 495 396 297 297 198 198 198 396 396 396 297 297 297 297 198 297 297 297 297 297 297 297 198 297 396 396 297 297 297 198 198 297 297 297 297 297 297 198 198 297 297 297 297 297 297 198 198
0 1 40 0 4 1 64 25 7128 7128 7227 7227 7128 7029 6732 6336 7029 7029 7128 7128 7029 6831 6534 6138 6930 6930 6930 6930 6732 6633 6336 5841 6831 6831 6831 6732 6534 6369 6072 5643 6633 6633 6633 6501 6237 6039 5742 5247 6336 6336 6336 6237 5940 5643 5247 4752 6171 6138 6039 5841 5544 5148 4752 4356 6039 5940 5742 5346 5049 4653 4257 3762
0 1 40 8 4 1 64 25 5742 5544 5346 4950 4554 4059 3762 3267 5445 5148 4851 4455 3960 3564 3069 2673 5148 4752 4356 3861 3366 2970 2574 2178 4818 4356 3861 3366 2871 2475 2079 1782 4356 3960 3465 2871 2475 2079 1782 1485 3960 3465 2970 2475 2079 1782 1485 1287 3465 2970 2475 2079 1782 1485 1320 1089 3069 2475 2079 1683 1452 1287 1089 891
0 1 40 16 4 1 64 25 2574 2079 1782 1386 1089 891 693 528 2277 1782 1419 1023 792 594 396 198 1881 1419 1089 693 396 297 99 0 1386 1089 792 396 198 99 0 0 891 594 396 198 99 0 0 0 495 297 198 99 0 0 0 0 297 198 99 0 0 0 0 0 297 198 99 0 0 99 99 0
0 1 40 24 4 1 64 25 396 297 198 198 198 297 297 99 495 396 297 396 396 396 396 198 396 297 297 297 396 396 297 198 198 198 198 198 198 198 198 99 0 0 0 0 0 0 0 0 0 0 0 0 0 0 0 0 0 0 0 0 0 0 0 0 0 0 0 0 0 0 0 0
0 1 40 32 4 64 64 25 25 25 25 25 25 25 25 25 25 25 25 25 25 25 25 25 25 25 25 25 25 25 25 25 25 25 25 25 25 25 25 25 25 25 25 25 25 25 25 32793 32793 32793 32793 32793 32793 32793 25 25 25 25 25 25 25 25 16409 25 25 25 25 25 25 25 16409 99 99 99 0 0 0 0 0 297 396 396 396 396 396 396 297 1188 1386 1485 1386 1386 1287 1188 990 2277 2277 2277 2178 2079 1980 1881 1782 2475 2475 2475 2376 2277 2277 2277 2277 2871 2871 2871 2772 2772 2871 2871 2871 3465 3564 3564 3564 3564 3465 3564 3564 4059 4059 3960 3960 3861 3861 3861 3762
0 1 40 40 4 64 64 25 25 25 25 25 25 25 25 25 25 25 25 25 25 25 25 25 25 25 25 25 25 25 25 25 25 16409 25 25 25 25 25 25 25 32793 25 25 25 25 25 25 25 25 16409 25 25 25 25 25 25 25 25 16409 32793 25 25 25 25 25 25 25 25 16409 32793 4257 4158 4158 4059 3960 3861 3762 3762 4158 4059 3960 3762 3630 3531 3465 3366 4059 3861 3762 3564 3366 3201 3102 3003 3960 3861 3729 3465 3201 3069 2904 2772 3861 3762 3597 3432 3267 3102 2970 2871 3960 3762 3663 3564 3465 3366 3267 3168 4158 3960 3861 3762 3663 3564 3465 3366 4554 4257 4158 3960 3762 3663 3564 3366
0 1 40 48 4 1 64 25 5148 4851 4554 4356 4158 3960 3762 3663 6039 5643 5247 4950 4653 4455 4158 4059 7029 6633 6138 5643 5346 5049 4752 4554 7623 7326 6930 6534 6138 5841 5544 5346 7821 7722 7425 7029 6633 6237 5940 5643 8118 8019 7623 7128 6633 6237 5841 5544 9108 8811 8217 7524 6930 6336 5841 5445 10296 9900 9405 8712 7920 7128 6534 5940
0 1 40 56 4 64 64 25 25 25 25 25 25 25 25 25 25 25 25 25 25 25 25 25 25 25 25 25 25 25 25 25 25 25 25 25 25 25 25 25 25 25 25 25 25 25 25 25 25 25 25 25 25 25 25 25 25 25 25 25 25 25 25 49177 25 25 25 25 25 25 25 10098 10197 10197 9900 9405 8712 8019 7326 8910 9108 9504 9900 9999 9900 9603 9108 7920 8019 8316 8712 9108 9603 9999 10098 6831 7029 7227 7425 7722 8217 8811 9405 6039 6336 6534 6633 6732 7029 7524 8019 5643 5940 6237 6435 6435 6633 6732 7029 4554 5049 5544 6039 6336 6633 6831 6930 3069 3663 4257 4950 5544 6138 6633 7029
0 1 40 64 4 64 64 25 25 49177 25 25 25 25 25 25 25 25 49177 25 25 25 25 25 25 25 25 49177 25 25 25 25 25 25 25 25 49177 25 25 25 25 25 25 25 49177 25 25 25 25 25 25 25 25 32793 25 25 25 25 25 25 32793 25 25 25 25 25 25 49177 25 25 25 1980 2475 3069 3762 4554 5346 6138 6831 1188 1584 2079 2772 3663 4653 5742 6831 693 990 1386 1782 2475 3564 4851 6435 396 594 891 1188 1683 2475 3564 5247 297 495 693 990 1386 1881 2772 4059 297 495 792 1089 1386 1782 2376 3465 396 792 1188 1386 1683 2079 2574 3465 594 990 1386 1683 2178 2772 3366 4059
0 1 40 72 4 64 64 25 25 25 25 49177 25 25 25 25 25 25 25 25 49177 25 25 25 25 25 25 25 25 25 25 25 25 25 25 25 25 25 25 25 25 25 25 25 25 25 25 25 25 25 25 25 25 25 25 25 25 25 25 25 25 25 25 25 25 25 25 25 25 25 25 594 891 1287 1683 2277 3069 3960 4554 594 693 891 1188 1683 2475 3366 4059 891 693 594 792 1089 1584 2376 3168 1386 891 594 594 693 990 1584 2475 1782 1188 693 594 495 693 1188 2079 2079 1485 990 693 594 693 1089 1782 2079 1683 1287 990 792 792 990 1287 1485 1287 990 792 594 594 495 693
0 1 40 80 4 1 64 25 594 495 396 297 198 198 198 198 99 99 99 0 0 0 0 0 0 0 0 0 0 0 0 0 0 0 0 0 0 0 0 0 0 0 0 0 0 0 0 0 0 0 0 0 0 0 0 0 0 0 0 0 0 0 0 0 0 0 0 0 0 0 0 0
0 1 40 88 4 1 1 25 0
0 1 40 96 4 1 1 25 0
0 1 40 104 4 1 1 25 0
0 1 40 112 4 1 64 25 0 0 0 0 0 0 0 0 0 0 0 0 0 0 0 0 0 0 0 0 0 0 0 0 0 0 0 0 0 0 0 0 0 0 0 0 0 0 0 0 99 0 0 0 0 0 0 0 198 198 99 0 0 0 0 0 198 198 198 99 0 0 0 0
0 1 40 120 4 1 64 25 198 198 297 198 0 0 0 0 198 297 198 198 99 0 0 0 198 297 198 198 198 198 99 99 198 198 198 198 198 198 198 99 297 297 198 198 99 99 198 99 198 198 198 198 198 198 99 99 198 198 198 198 99 99 99 99 297 198 198 198 99 99 99 99
0 1 48 0 4 64 64 25 25 25 25 16409 25 25 25 25 25 25 25 16409 25 25 25 25 25 25 25 25 25 25 25 25 25 25 16409 25 25 25 25 25 25 25 25 25 25 25 25 25 25 16409 25 25 25 25 25 25 25 25 25 25 25 25 25 25 25 25 25 25 25 25 25 5940 5445 4818 4158 3432 2376 1254 396 5742 5148 4554 3927 3069 1980 891 297 5445 4851 4257 3630 2673 1551 594 99 5148 4653 4059 3267 2277 1188 396 99 4752 4257 3663 2772 1749 792 198 0 4356 3861 3168 2244 1188 396 99 0 3861 3366 2574 1584 693 198 0 99 3366 2871 2079 1089 396 99 0 198
0 1 48 8 4 1 64 25 2871 2376 1584 693 198 0 0 297 2376 1881 1089 396 99 0 99 495 1881 1485 792 198 0 0 198 693 1584 1188 594 198 0 99 297 792 1287 990 495 99 0 99 396 990 1089 792 396 99 0 198 594 1188 891 495 198 0 99 297 693 1287 693 297 99 0 99 396 891 1287
0 1 48 16 4 1 64 25 297 99 0 0 198 495 891 1188 99 0 0 0 198 594 891 1188 0 0 0 0 198 594 891 1089 0 0 0 0 198 495 792 990 0 0 0 0 99 297 495 693 0 0 0 0 0 99 198 396 0 0 0 0 0 0 99 198 0 0 0 0 0 0 0 99
0 1 48 24 4 1 64 25 0 0 0 0 0 0 0 0 0 0 0 0 99 99 0 0 0 0 0 0 0 0 0 0 0 0 0 0 0 0 0 0 0 0 0 0 0 0 0 0 0 0 0 0 0 0 0 0 0 0 0 0 0 0 0 0 0 0 0 0 0 0 0 0
0 1 48 32 4 1 64 25 0 0 0 0 0 0 0 0 297 297 297 297 198 198 99 99 891 891 792 792 792 693 594 594 1683 1683 1683 1683 1683 1683 1584 1386 2277 2277 2376 2376 2475 2475 2475 2277 2970 2970 3069 3069 3069 3069 2970 2970 3465 3465 3465 3366 3366 3267 3267 3069 3729 3663 3564 3366 3267 3267 3168 3069
0 1 48 40 4 64 64 25 25 25 25 25 25 25 25 25 25 25 25 25 25 25 25 25 25 25 25 25 25 25 25 25 25 25 25 25 25 25 25 25 25 25 25 25 25 25 25 25 25 25 25 25 25 25 25 25 25 25 25 25 25 25 25 32793 25 25 25 25 25 25 25 3663 3564 3465 3267 3267 3168 3069 2970 3267 3069 2970 2871 2772 2673 2574 2574 2838 2640 2475 2277 2079 1947 1881 1881 2640 2475 2277 2079 1881 1716 1650 1584 2739 2574 2475 2376 2244 2079 1980 1881 3069 2970 2838 2673 2541 2376 2277 2178 3168 3069 2871 2673 2475 2376 2277 2178 3267 3069 2871 2772 2574 2475 2277 2178
0 1 48 48 4 64 64 25 16409 32793 32793 32793 25 25 25 25 25 25 25 25 16409 32793 32793 25 25 25 25 25 25 25 25 25 25 25 25 25 25 25 25 25 25 25 25 25 25 25 25 25 25 25 25 25 25 25 25 25 25 25 25 25 25 25 25 25 25 25 25 25 25 25 25 3465 3366 3168 3003 2871 2673 2574 2475 3861 3762 3564 3399 3267 3168 3069 2970 4455 4257 4158 3960 3861 3663 3564 3465 5148 4950 4752 4653 4554 4356 4257 4059 5445 5247 5148 4950 4851 4752 4653 4455 5247 5049 4851 4752 4653 4554 4554 4455 5148 4851 4653 4455 4356 4257 4158 4158 5544 5247 4950 4752 4554 4455 4356 4257
0 1 48 56 4 1 64 25 6633 6138 5742 5445 5247 5148 5049 4950 8514 7821 7227 6732 6336 6138 5940 5940 9900 9603 9108 8514 7920 7425 7029 6732 9801 10098 10098 9900 9504 8910 8316 7722 8613 9207 9603 9900 9999 9801 9405 8811 7425 7821 8415 8910 9405 9801 9900 9702 7128 7326 7524 7920 8514 9108 9702 9900 7425 7623 7722 7821 8118 8613 9207 9603
0 1 48 64 4 1 64 25 7524 8118 8415 8415 8613 8811 9207 9405 7722 8514 9009 9306 9306 9405 9504 9603 7821 8910 9603 9801 9801 9702 9603 9504 6930 8415 9207 9405 9306 9108 8811 8613 5841 7326 8217 8316 8019 7821 7524 7227 5049 6336 7029 7029 6633 6435 6138 5940 4653 5544 5940 5742 5445 5247 5049 4851 4752 5049 5049 4752 4554 4356 4158 4059
0 1 48 72 4 1 64 25 4752 4554 4257 3960 3861 3663 3465 3366 4257 3960 3564 3267 3069 2970 2871 2871 3663 3663 3168 2772 2574 2574 2475 2475 3168 3267 2970 2475 2277 2277 2277 2178 2871 2970 2673 2178 1980 1980 1980 1881 2376 2376 2178 1881 1683 1584 1485 1386 1584 1485 1287 1089 891 792 693 594 693 594 495 396 297 297 198 198
0 1 48 80 4 1 64 25 198 99 99 0 0 0 0 0 0 0 0 0 0 0 0 0 0 0 0 0 0 0 0 0 0 0 0 0 0 0 0 0 0 0 0 0 0 0 0 0 0 0 0 0 0 0 0 0 0 0 0 0 0 0 0 0 0 0 0 0 0 0 0 0
0 1 48 88 4 1 1 25 0
0 1 48 96 4 1 1 25 0
0 1 48 104 4 1 1 25 0
0 1 48 112 4 1 1 25 0
0 1 48 120 4 1 64 25 0 0 0 0 0 0 0 0 0 0 0 0 0 0 0 0 99 0 0 0 0 0 0 0 198 99 99 99 99 99 198 198 99 99 198 99 99 99 99 99 99 99 198 99 198 99 99 99 99 99 99 99 99 99 99 99 99 99 99 99 99 99 99 99
0 1 56 0 4 64 64 25 25 25 25 25 32793 25 25 25 25 25 25 49177 25 25 25 25 25 25 25 32793 25 25 25 25 25 25 49177 25 25 25 25 25 25 25 49177 25 25 25 25 25 25 25 49177 25 25 25 25 25 25 25 49177 25 25 25 25 25 25 25 25 25 25 25 25 99 33 297 891 1782 2574 3168 3564 0 99 495 1320 2376 3069 3564 3861 0 297 891 1881 2772 3465 3861 4059 99 396 1188 2376 3168 3663 3960 4059 99 594 1584 2772 3465 3861 4059 4059 297 891 2079 3069 3663 3960 4059 3960 495 1287 2442 3267 3663 3861 3960 3861 693 1683 2673 3366 3663 3762 3762 3663
0 1 56 8 4 1 64 25 990 1980 2772 3366 3564 3663 3564 3366 1188 2178 2871 3267 3366 3465 3366 3168 1485 2277 2772 3069 3168 3267 3135 2937 1584 2244 2673 2871 2970 3069 2937 2739 1683 2145 2442 2673 2772 2772 2673 2475 1683 1947 2244 2442 2574 2574 2475 2277 1584 1782 1980 2277 2376 2376 2178 1980 1485 1584 1881 2079 2178 2178 1980 1782
0 1 56 16 4 1 64 25 1386 1485 1782 1980 1980 1980 1881 1683 1287 1485 1683 1881 1881 1881 1683 1485 1287 1485 1782 1881 1881 1782 1584 1386 1287 1485 1782 1881 1881 1782 1485 1287 1089 1485 1782 1881 1881 1683 1386 1287 693 1188 1584 1782 1782 1584 1386 1188 396 792 1287 1584 1683 1584 1287 1155 198 495 990 1287 1386 1386 1188 990
0 1 56 24 4 1 64 25 99 297 594 891 990 891 693 495 0 99 198 396 396 396 297 198 0 0 0 99 99 99 0 0 0 0 0 0 0 0 0 0 0 0 0 0 0 0 0 0 0 0 0 0 0 0 0 0 0 0 0 0 0 0 0 0 0 0 0 0 0 0 0 0
0 1 56 32 4 1 64 25 0 0 0 0 0 0 0 0 99 0 0 0 0 0 0 0 495 297 198 99 0 0 0 0 1188 891 594 396 297 198 99 198 2178 1881 1485 1188 891 594 495 594 2871 2673 2475 2079 1683 1287 1089 1089 2970 2871 2772 2574 2277 2079 1881 1782 2871 2772 2673 2673 2574 2376 2178 2079
0 1 56 40 4 1 64 25 2871 2772 2673 2574 2475 2277 2178 2178 2475 2442 2376 2343 2244 2178 2178 2343 1815 1815 1815 1782 1782 1749 1881 2112 1518 1518 1518 1485 1485 1485 1650 1881 1782 1716 1650 1584 1518 1551 1617 1782 2079 2013 1947 1881 1782 1782 1782 1881 2112 2046 1980 1881 1881 1881 1881 1848 2112 2079 2013 1980 1980 2046 2079 2013
0 1 56 48 4 64 64 25 25 25 25 25 25 25 25 32793 32793 25 25 25 25 25 25 25 25 16409 32793 32793 32793 32793 25 25 25 25 25 25 25 25 16409 25 25 25 25 25 25 25 25 25 25 25 25 25 25 25 25 25 25 25 25 25 25 25 25 25 25 25 25 25 25 25 25 2376 2343 2277 2277 2376 2376 2475 2409 2904 2871 2772 2772 2871 2970 2970 2871 3465 3366 3366 3267 3168 3267 3267 3168 3960 3861 3762 3663 3564 3564 3564 3465 4356 4356 4158 4059 3960 3960 3861 3762 4356 4356 4257 4158 4158 4059 3960 3861 4059 4059 3960 3960 3960 3960 3861 3762 4158 4059 3861 3663 3663 3564 3564 3663
0 1 56 56 4 64 64 25 25 25 25 25 25 16409 25 25 25 25 25 25 25 25 16409 25 25 25 25 25 25 25 25 25 25 25 25 25 25 25 25 25 25 25 25 25 25 25 25 25 25 25 25 25 25 25 25 25 25 25 25 25 25 25 25 25 25 25 25 25 25 25 25 4752 4554 4257 3960 3663 3564 3366 3366 5742 5445 5049 4554 4158 3861 3564 3267 6435 6138 5742 5247 4851 4455 4059 3663 7128 6534 6138 5643 5247 4851 4455 4059 8019 7326 6732 6138 5544 5148 4653 4257 9207 8415 7623 6930 6237 5742 5148 4752 9801 9207 8514 7722 7029 6435 5841 5346 9603 9207 8514 7722 7128 6732 6435 6138
0 1 56 64 4 64 64 25 25 25 25 25 25 25 25 25 25 25 25 25 25 25 25 25 25 25 25 25 25 25 25 25 25 25 25 25 25 25 25 25 25 25 25 25 25 25 16409 25 25 25 25 25 25 25 16409 25 25 25 25 25 25 25 16409 25 25 25 25 25 25 25 16409 9306 8712 7821 6930 6237 5940 6039 6138 9405 8613 7425 6237 5346 5049 5049 5247 9207 8613 7524 6237 5247 4653 4356 4356 8316 8019 7326 6435 5643 4851 4257 3762 7029 6732 6435 6138 5742 5148 4455 3663 5742 5544 5346 5346 5346 4950 4356 3663 4752 4554 4455 4554 4653 4554 4158 3564 3960 3861 3762 3861 4059 4059 3861 3564
0 1 56 72 4 1 64 25 3267 3168 3168 3267 3465 3564 3465 3267 2772 2772 2772 2772 2871 2871 2871 2772 2475 2475 2475 2376 2376 2376 2376 2277 2178 2178 2277 2178 2079 1881 1782 1782 1881 1881 1881 1683 1584 1386 1188 990 1287 1287 1188 891 792 594 495 396 594 495 396 297 198 99 99 0 99 99 0 0 0 0 0 0
0 1 56 80 4 1 1 25 0
0 1 56 88 4 1 1 25 0
0 1 56 96 4 1 1 25 0
0 1 56 104 4 1 1 25 0
0 1 56 112 4 1 1 25 0
0 1 56 120 4 1 64 25 0 0 0 0 0 0 0 0 0 0 0 0 0 0 0 0 99 0 0 0 0 0 0 0 99 99 198 99 99 99 99 0 99 198 198 99 198 198 99 0 99 198 99 99 99 99 99 99 99 99 99 99 0 99 99 99 99 99 99 99 0 99 99 99
0 1 64 0 4 64 64 25 25 25 25 25 25 25 25 25 25 16409 25 25 25 25 25 25 25 16409 25 25 25 25 25 25 25 25 25 25 25 25 25 25 16409 25 25 25 25 25 25 25 16409 25 25 25 25 25 25 25 25 25 25 25 25 25 25 25 25 25 25 25 25 25 25 3762 3861 3762 3663 3366 3168 2871 2508 3960 3861 3663 3465 3168 2838 2343 1749 4059 3861 3564 3267 2871 2343 1584 990 4059 3762 3465 3069 2574 1782 990 396 3960 3663 3366 2871 2178 1188 495 99 3861 3465 3069 2475 1683 792 297 0 3663 3267 2871 2178 1287 495 99 0 3366 3069 2574 1881 990 297 99 0
0 1 64 8 4 1 64 25 3069 2772 2277 1584 693 198 0 0 2871 2574 2079 1287 495 99 0 99 2640 2277 1782 990 396 99 0 198 2442 2079 1485 792 198 0 0 297 2178 1782 1188 594 198 0 0 396 1980 1584 990 396 99 0 99 396 1782 1485 891 396 99 0 99 495 1683 1386 792 297 0 0 99 495
0 1 64 16 4 1 64 25 1485 1287 792 297 0 0 99 495 1386 1188 693 297 0 0 99 396 1287 1089 693 297 0 0 99 396 1188 1089 792 297 0 0 0 396 1188 990 693 297 0 0 99 396 1089 891 594 198 0 0 99 396 990 792 396 99 0 0 99 396 792 495 198 0 0 0 198 495
0 1 64 24 4 1 64 25 396 198 99 0 0 99 297 594 99 0 0 0 0 198 495 693 0 0 0 0 99 297 495 594 0 0 0 198 198 396 495 396 0 99 99 198 297 297 198 198 0 99 99 99 99 99 0 0 0 0 0 0 0 0 0 0 0 0 0 0 0 0 0 0
0 1 64 32 4 1 64 25 0 0 0 0 0 0 0 0 0 0 0 0 0 0 0 0 99 99 99 0 99 99 99 99 297 297 297 297 297 396 396 396 693 792 792 693 693 792 891 792 1188 1287 1386 1287 1287 1287 1386 1287 1683 1782 1782 1683 1584 1584 1683 1584 1980 2079 2145 2145 2079 2079 2178 2079
0 1 64 40 4 1 64 25 2376 2574 2739 2772 2805 2838 2772 2772 2607 2871 3102 3234 3267 3267 3267 3267 2574 2904 3168 3267 3333 3366 3366 3366 2277 2673 2904 3036 3069 3069 3069 3003 1980 2277 2475 2475 2508 2475 2475 2409 1881 1881 1980 1914 1914 1914 1881 1848 1782 1749 1683 1683 1716 1683 1683 1650 1947 1881 1881 1815 1815 1881 1914 1980
0 1 64 48 4 64 64 25 25 25 25 25 25 25 25 25 25 25 25 25 25 25 25 25 25 25 25 25 25 25 25 25 25 25 25 25 25 25 25 16409 25 25 25 25 25 25 25 16409 25 25 25 25 25 25 25 25 25 25 25 25 25 25 25 25 25 25 25 25 25 25 25 2376 2343 2376 2277 2277 2376 2475 2574 2871 2871 2871 2772 2772 2772 2871 2871 3168 3168 3069 3069 2970 2970 2871 2772 3366 3366 3267 3069 2970 2871 2871 2772 3663 3564 3366 3168 3069 2871 2673 2673 3663 3465 3267 3069 2970 2772 2574 2475 3663 3465 3366 3168 3069 2871 2673 2574 3663 3663 3564 3564 3366 3267 3069 2871
0 1 64 56 4 64 64 25 25 25 25 25 25 25 25 25 25 25 25 25 25 25 25 16409 25 25 25 25 25 25 25 25 16409 25 25 25 25 25 25 25 25 16409 25 25 25 25 25 25 25 25 16409 32793 25 25 25 25 25 25 25 25 16409 25 25 25 25 25 25 25 25 16409 25 3366 3465 3564 3564 3564 3465 3366 3168 3267 3267 3267 3366 3366 3366 3366 3168 3366 3267 3069 3069 3069 3069 3168 3069 3762 3465 3168 2970 2871 2871 2871 2871 3960 3663 3267 3069 2871 2871 2772 2772 4356 3960 3564 3366 3069 2970 2772 2673 4950 4554 4059 3762 3465 3267 2970 2772 5742 5346 4752 4356 3960 3564 3168 2970
0 1 64 64 4 64 64 25 25 25 25 25 25 16409 25 25 25 25 25 25 25 25 16409 25 25 25 25 25 25 25 16409 49177 25 25 25 25 25 25 16409 25 25 25 25 25 25 25 25 25 25 25 25 25 25 25 25 25 25 25 25 25 25 25 25 25 25 25 25 25 25 25 25 6039 5841 5346 4950 4356 3861 3465 3069 5346 5445 5445 5148 4653 4158 3663 3267 4356 4455 4752 4851 4653 4257 3960 3564 3465 3564 3861 4059 4158 4059 3861 3465 3168 2970 3069 3366 3465 3564 3465 3267 3069 2871 2772 2871 3069 3069 3069 2871 3168 2871 2673 2772 2871 2970 2871 2772 3168 2970 2673 2673 2772 2871 2871 2772
0 1 64 72 4 1 64 25 3069 2871 2673 2574 2673 2673 2673 2574 2673 2574 2574 2475 2475 2376 2178 1980 2178 2178 2178 2079 1881 1584 1188 891 1683 1584 1386 1188 990 693 396 297 792 693 495 396 297 198 99 0 297 198 99 99 0 0 0 0 0 0 0 0 0 0 0 0 0 0 0 0 0 0 0 0
0 1 64 80 4 1 1 25 0
0 1 64 88 4 1 1 25 0
0 1 64 96 4 1 1 25 0
0 1 64 104 4 1 1 25 0
0 1 64 112 4 1 1 25 0
0 1 64 120 4 1 64 25 0 0 0 0 0 0 0 0 0 0 0 0 0 0 0 0 0 0 0 0 99 0 99 99 0 99 99 0 0 99 0 99 99 99 99 99 99 0 0 0 99 99 99 99 0 0 0 99 99 99 99 99 0 99 99 99 99 99 0 99 0 0 99 0
0 1 72 0 4 64 64 25 25 25 25 49177 25 25 25 25 25 25 25 49177 25 25 25 25 25 25 25 49177 25 25 25 25 25 25 25 49177 25 25 25 25 25 25 25 49177 25 25 25 25 25 25 25 49177 25 25 25 25 25 25 25 49177 25 25 25 25 25 25 25 49177 25 25 25 2178 2079 2277 2640 3069 3663 4257 4950 1386 1287 1485 2046 2772 3465 4158 4851 594 495 693 1485 2475 3465 4224 4851 198 99 297 1089 2277 3366 4158 4851 0 0 297 1188 2376 3366 4158 4752 0 198 594 1485 2574 3465 4158 4620 99 297 990 1881 2772 3564 4059 4455 99 594 1287 2178 2970 3564 3960 4356
0 1 72 8 4 64 64 25 25 25 25 49177 25 25 25 25 25 25 25 25 49177 25 25 25 25 25 25 25 25 25 25 25 25 25 25 25 25 25 25 25 25 25 25 25 25 25 25 25 25 25 25 25 25 25 25 25 25 25 25 25 25 25 25 25 25 25 25 25 25 25 25 297 792 1683 2475 3069 3564 3861 4059 396 1089 1980 2673 3168 3465 3762 3861 594 1386 2178 2772 3069 3465 3663 3663 891 1683 2376 2772 3069 3366 3465 3465 990 1881 2475 2871 3168 3366 3366 3267 1188 1980 2508 2805 3069 3168 3168 3069 1188 1980 2574 2772 2970 2970 2970 2871 1188 1980 2475 2673 2871 2871 2772 2574
0 1 72 16 4 1 64 25 1188 1881 2376 2541 2574 2574 2475 2178 1089 1782 2178 2277 2277 2277 2178 1782 1089 1683 2046 2145 2178 2079 1848 1485 891 1584 1881 1881 1881 1881 1617 1089 891 1386 1683 1683 1584 1584 1287 759 891 1287 1386 1386 1485 1386 990 528 891 1188 1188 1287 1287 1056 594 330 825 1089 1089 1089 990 693 429 231
0 1 72 24 4 64 64 25 25 25 25 25 25 25 25 25 25 25 25 25 25 25 25 25 25 25 25 25 25 25 25 25 25 25 25 25 25 25 25 25 25 25 25 25 25 25 25 25 25 25 25 25 25 25 25 25 25 25 25 25 25 25 49177 25 25 25 25 25 25 25 32793 825 891 891 792 594 396 297 297 792 693 495 396 297 198 99 198 594 396 198 99 99 66 0 132 297 198 99 0 0 0 99 330 99 0 0 0 0 99 231 528 0 0 0 0 99 198 495 924 0 0 0 0 198 429 825 1419 0 0 0 0 297 594 1188 1881
0 1 72 32 4 64 64 25 25 25 25 25 25 49177 25 25 25 25 25 25 25 32793 25 25 25 25 25 25 49177 25 25 25 25 25 25 25 49177 25 25 25 25 25 25 25 49177 25 25 25 25 25 25 25 25 49177 25 25 25 25 25 25 25 25 25 25 25 25 25 25 25 25 25 0 0 0 99 396 891 1584 2376 0 0 99 297 594 1188 1980 2970 99 99 297 495 891 1485 2376 3465 297 297 495 792 1188 1881 2871 3960 594 594 792 1089 1485 2178 3069 3960 990 990 1089 1353 1782 2277 2871 3531 1485 1386 1485 1782 2112 2475 2772 3168 1980 1980 2079 2310 2607 2772 2904 3069
0 1 72 40 4 1 64 25 2772 2772 2871 2970 3069 3168 3201 3267 3267 3201 3267 3267 3267 3366 3366 3366 3300 3267 3267 3267 3234 3168 3168 3102 2970 2937 2904 2871 2805 2772 2673 2574 2376 2310 2277 2211 2079 1980 1815 1683 1683 1584 1452 1320 1188 1089 924 825 1485 1287 990 759 594 495 330 297 1947 1749 1386 957 528 231 99 0
0 1 72 48 4 1 64 25 2574 2508 2178 1584 891 396 99 0 2871 2772 2475 1947 1254 594 198 0 2772 2772 2475 1980 1386 792 396 99 2673 2574 2376 2079 1782 1188 693 297 2574 2475 2376 2277 2079 1683 1089 594 2376 2376 2277 2277 2178 1980 1584 990 2376 2277 2277 2178 2277 2079 1881 1485 2574 2376 2277 2178 2178 2178 2178 2079
0 1 72 56 4 1 64 25 2871 2673 2475 2376 2277 2178 2277 2376 2970 2772 2574 2475 2376 2277 2475 2574 2871 2574 2376 2277 2277 2277 2475 2574 2673 2574 2376 2178 2079 2178 2277 2574 2772 2673 2574 2376 2178 2178 2277 2574 2673 2673 2673 2574 2475 2475 2475 2574 2673 2673 2772 2772 2673 2673 2574 2574 2772 2673 2673 2673 2574 2673 2673 2574
0 1 72 64 4 1 64 25 2871 2772 2673 2673 2673 2772 2673 2673 3069 2871 2772 2772 2772 2772 2673 2673 3267 3069 2970 2871 2772 2772 2574 2574 3267 3069 2970 2871 2772 2673 2475 2475 3069 2970 2871 2772 2673 2673 2475 2178 2772 2772 2673 2673 2574 2475 2079 1584 2673 2574 2574 2475 2277 1980 1386 792 2673 2475 2376 2079 1683 1089 594 297
0 1 72 72 4 1 64 25 2475 2079 1683 1287 792 396 198 0 1683 1188 792 396 198 99 0 0 594 297 198 99 0 0 0 0 99 0 0 0 0 0 0 0 0 0 0 0 0 0 0 0 0 0 0 0 0 0 0 0 0 0 0 0 0 0 0 0 0 0 0 0 0 0 0 0
0 1 72 80 4 1 1 25 0
0 1 72 88 4 1 1 25 0
0 1 72 96 4 1 1 25 0
0 1 72 104 4 1 1 25 0
0 1 72 112 4 1 64 25 0 0 0 0 0 0 0 0 0 0 0 0 0 0 0 0 0 0 0 0 0 0 0 0 0 0 0 0 0 0 0 0 0 0 0 0 0 0 0 0 0 0 0 0 0 0 99 198 0 0 0 0 0 99 297 495 0 0 0 99 198 297 396 495
0 1 72 120 4 1 64 25 0 0 0 198 198 198 198 198 0 0 99 198 99 99 198 99 99 99 198 99 99 99 99 99 99 99 198 99 99 0 0 99 99 99 99 99 99 99 99 99 0 99 99 99 99 99 99 99 0 0 99 99 99 99 99 99 0 99 99 99 99 99 99 99
0 1 80 0 4 64 64 25 25 25 25 25 25 25 25 25 25 25 25 25 25 25 25 25 25 25 25 25 25 25 25 25 25 25 25 25 25 25 25 25 25 25 25 25 25 25 16409 25 25 25 25 25 25 25 25 25 25 25 25 25 25 25 25 25 25 25 25 25 25 25 25 5643 6336 6930 7227 7326 7194 6831 5973 5544 6204 6633 6831 6864 6765 6237 5181 5445 6039 6435 6567 6567 6237 5478 4389 5346 5841 6105 6237 6105 5511 4653 3465 5247 5643 5841 5841 5544 4884 3795 2607 5016 5346 5412 5313 4884 4092 2970 1848 4752 4950 4917 4752 4092 3168 2079 1254 4554 4554 4455 4026 3300 2244 1386 825
0 1 80 8 4 64 64 25 25 25 25 25 25 25 25 25 25 25 25 25 25 25 25 25 25 25 25 25 25 25 25 25 25 25 25 25 25 25 49177 25 25 25 25 25 25 25 49177 25 25 25 25 25 25 25 32793 25 25 25 25 25 25 49177 25 25 25 25 25 25 25 49177 25 4191 4158 3861 3333 2442 1551 891 561 3894 3762 3300 2574 1683 924 495 528 3663 3333 2706 1980 1155 594 462 627 3366 2871 2178 1353 693 396 429 924 3036 2475 1617 825 429 264 561 1254 2772 2079 1122 528 231 297 693 1551 2343 1650 858 396 231 462 924 1914 2079 1221 561 264 231 528 1155 2244
0 1 80 16 4 64 64 25 25 25 25 25 25 49177 25 25 25 25 25 25 25 49177 25 25 25 25 25 25 25 32793 25 25 25 25 25 25 49177 25 25 25 25 25 25 25 32793 25 25 25 25 25 25 49177 25 25 25 25 25 25 25 32793 25 25 25 25 25 25 49177 25 25 25 25 1584 924 396 264 297 759 1419 2508 1188 627 330 231 429 891 1650 2871 858 462 165 264 528 1122 1980 3234 594 264 132 330 726 1386 2343 3729 396 99 198 561 1089 1881 3003 4356 264 66 330 759 1518 2442 3630 5115 165 231 462 1122 2013 3069 4389 5940 264 396 726 1485 2475 3762 5148 6732
0 1 80 24 4 64 64 25 25 25 32793 25 25 25 25 25 25 49177 25 25 25 25 25 25 25 32793 25 25 25 25 25 25 49177 25 25 25 25 25 25 25 32793 25 25 25 25 25 25 32793 25 25 25 25 25 25 25 25 25 25 25 25 25 25 25 25 25 25 25 25 25 25 25 330 594 1089 1881 3036 4389 5940 7491 396 726 1353 2343 3597 5049 6666 8184 462 957 1749 2739 4125 5676 7326 8778 726 1287 2112 3267 4785 6369 8019 9306 1089 1782 2772 3960 5544 7128 8547 9702 1551 2442 3498 4884 6369 7854 9108 9834 2145 3102 4422 5940 7260 8514 9372 9735 2805 3894 5346 6798 7986 8778 9240 9042
0 1 80 32 4 1 64 25 3399 4752 6270 7557 8316 8547 8349 7821 4158 5709 6996 7920 8151 7887 7227 6435 4917 6336 7293 7689 7425 6798 5973 5181 5214 6303 6897 6930 6402 5643 4851 4158 4851 5643 5874 5742 5148 4455 3861 3366 4191 4653 4752 4455 3960 3564 3168 3003 3564 3762 3696 3465 3168 3069 3069 3069 3267 3267 3267 3069 3069 3168 3366 3465
0 1 80 40 4 1 64 25 3267 3267 3168 3168 3366 3465 3564 3630 3366 3333 3267 3333 3465 3465 3564 3465 3102 3069 3036 3069 3168 3168 3267 3168 2475 2409 2376 2475 2673 2772 2871 2706 1551 1485 1485 1584 1881 2244 2442 2310 759 693 627 693 1089 1584 1980 2079 231 198 198 198 396 990 1617 1980 0 0 0 0 99 495 1287 1881
0 1 80 48 4 1 64 25 0 0 0 0 0 198 792 1584 0 0 0 0 0 0 297 1089 0 0 0 0 0 0 99 594 99 0 0 0 0 0 0 198 198 99 0 0 0 0 0 0 594 198 99 0 0 0 0 0 1089 693 297 99 0 0 0 0 1683 1287 693 297 0 0 0 0
0 1 80 56 4 1 64 25 2178 1782 1188 495 99 0 0 0 2376 2178 1584 792 198 0 0 0 2574 2475 1980 990 297 0 0 0 2772 2673 2178 1089 297 0 0 0 2772 2574 2079 1089 297 0 0 0 2673 2475 1881 990 297 0 0 0 2475 2277 1782 891 297 0 0 0 2376 2178 1683 792 198 0 0 0
0 1 80 64 4 1 64 25 2475 2178 1584 693 198 0 0 0 2475 2079 1386 594 99 0 0 0 2376 1881 990 297 0 0 0 0 2079 1386 594 99 0 0 0 0 1584 792 297 0 0 0 0 0 891 297 99 0 0 0 0 0 297 99 0 0 0 0 0 0 99 0 0 0 0 0 0 0
0 1 80 72 4 1 1 25 0
0 1 80 80 4 1 1 25 0
0 1 80 88 4 1 1 25 0
0 1 80 96 4 1 1 25 0
0 1 80 104 4 1 1 25 0
0 1 80 112 4 1 64 25 0 0 0 0 0 0 0 99 0 0 0 0 0 0 99 297 0 0 0 0 99 198 396 792 0 0 99 198 396 594 891 1287 99 198 396 594 891 1089 1287 1485 396 594 792 990 1089 1188 1287 1386 693 792 891 990 891 891 990 1089 594 594 594 693 594 594 594 693
0 1 80 120 4 1 64 25 198 297 297 297 297 297 297 396 99 99 198 198 198 198 198 198 99 99 198 99 99 198 297 297 198 99 198 99 99 99 198 297 198 99 99 198 198 99 99 198 99 99 99 99 198 99 198 198 99 99 99 99 198 198 99 99 99 99 99 99 99 99 198 99
0 1 88 0 4 64 64 25 25 25 25 49177 25 25 25 25 16409 25 25 32793 25 25 25 25 25 25 49177 25 25 25 25 25 25 25 32793 25 25 25 25 25 25 49177 25 25 25 25 49177 25 25 49177 25 25 25 25 49177 25 25 32793 25 25 25 25 32793 25 49177 25 25 25 25 49177 25 4719 3300 2145 1386 1485 2244 3894 6204 3828 2475 1584 1320 1683 2937 4884 7392 3003 1848 1254 1287 2079 3663 5973 8778 2145 1419 1089 1452 2607 4521 7095 10131 1485 1056 1089 1815 3300 5511 8283 11418 1122 858 1320 2310 4059 6501 9438 12606 759 990 1650 2970 5016 7557 10527 13629 726 1122 2079 3696 5874 8646 11583 14586
0 1 88 8 4 64 64 25 32793 25 25 25 25 49177 25 49177 25 25 25 25 25 49177 25 32793 25 25 25 25 25 49177 25 25 25 25 25 25 25 25 49177 25 25 25 25 25 25 25 25 25 25 25 25 25 25 25 25 25 25 25 25 25 25 25 25 25 25 25 25 25 25 25 25 792 1518 2772 4620 6897 9702 12639 15312 1023 2013 3630 5610 8118 10791 13464 15939 1320 2706 4488 6732 9273 11847 14289 16335 1881 3498 5511 7854 10362 12837 14883 16632 2442 4323 6501 8910 11319 13497 15279 16500 3102 4950 7293 9636 11979 13827 15279 16104 3465 5544 7821 10197 12243 13959 14949 15543 3828 5940 8184 10428 12375 13827 14619 15048
0 1 88 16 4 1 64 25 4125 6171 8415 10494 12210 13530 14355 14751 4455 6501 8646 10560 12111 13299 14058 14520 4950 6930 8943 10725 12177 13167 13893 14322 5511 7359 9306 10923 12177 13101 13728 13860 6138 7920 9669 11121 12243 13002 13299 13233 6798 8547 10032 11385 12243 12804 12672 12177 7557 9108 10494 11517 12144 12309 11847 10956 8316 9735 10824 11583 11880 11649 10890 9702
0 1 88 24 4 1 64 25 8943 10263 11088 11451 11253 10593 9603 8514 9603 10593 11022 11022 10329 9405 8316 7326 10032 10659 10791 10197 9207 8118 7128 6237 10164 10428 10032 9174 8052 7029 6039 5445 10230 9999 9141 8019 6930 5940 5247 4752 9966 9273 8217 7029 6072 5148 4554 4257 9405 8547 7425 6237 5247 4554 4059 3861 8415 7524 6435 5346 4554 4059 3663 3762
0 1 88 32 4 64 64 25 25 25 25 25 25 25 25 25 25 25 25 49177 25 25 25 25 25 25 25 49177 25 25 25 25 25 25 25 25 25 25 25 25 25 25 25 25 25 25 25 25 25 25 25 25 25 25 25 25 25 25 25 25 25 25 25 25 25 25 25 25 25 25 25 7095 6237 5280 4455 3960 3762 3762 3960 5643 4851 4257 3762 3465 3564 3861 4059 4455 3762 3366 3267 3366 3663 3861 3960 3564 3267 3168 3267 3564 3663 3663 3564 2970 3069 3168 3465 3663 3663 3366 3267 2970 3168 3465 3564 3564 3465 3168 3069 3267 3465 3564 3564 3366 3168 3069 2970 3564 3564 3465 3267 3069 2970 2871 2871
0 1 88 40 4 1 64 25 3564 3432 3234 2970 2871 2772 2772 2673 3333 3069 2871 2706 2673 2673 2673 2574 2904 2706 2574 2508 2508 2475 2475 2475 2541 2409 2376 2376 2376 2376 2376 2376 2211 2178 2178 2178 2277 2310 2343 2277 2013 1980 1980 2079 2277 2409 2409 2310 1980 1980 1947 2079 2277 2409 2409 2277 2178 2079 2079 2079 2178 2277 2277 2079
0 1 88 48 4 1 64 25 2277 2376 2277 2178 2079 2046 1980 1980 2079 2574 2574 2475 2178 1947 1782 1782 1485 2277 2574 2574 2178 1881 1782 1782 693 1683 2376 2475 2277 1980 1782 1782 198 891 1683 2178 2079 1782 1683 1683 0 297 990 1485 1683 1584 1683 1584 0 99 495 990 1287 1386 1485 1485 0 0 198 594 1089 1287 1386 1485
0 1 88 56 4 1 64 25 0 0 99 495 990 1287 1386 1485 0 0 99 297 891 1287 1485 1386 0 0 0 198 693 1188 1386 1386 0 0 0 99 495 1089 1386 1386 0 0 0 99 396 891 1287 1386 0 0 0 0 198 693 1188 1386 0 0 0 0 198 594 1089 1287 0 0 0 0 99 495 990 1287
0 1 88 64 4 1 64 25 0 0 0 0 99 396 990 1386 0 0 0 0 0 297 990 1683 0 0 0 0 0 297 990 1980 0 0 0 0 0 198 792 1881 0 0 0 0 0 99 396 1188 0 0 0 0 0 0 99 495 0 0 0 0 0 0 0 198 0 0 0 0 0 0 0 0
0 1 88 72 4 1 1 25 0
0 1 88 80 4 1 1 25 0
0 1 88 88 4 1 1 25 0
0 1 88 96 4 1 1 25 0
0 1 88 104 4 1 64 25 0 0 0 0 0 0 0 0 0 0 0 0 0 0 0 198 0 0 0 0 0 0 99 396 0 0 0 0 0 99 297 792 0 0 0 0 99 297 792 1287 0 0 0 99 396 792 1386 1683 0 0 99 396 891 1485 1782 1782 0 198 495 990 1584 1881 1881 1683
0 1 88 112 4 1 64 25 297 594 1188 1584 1881 1881 1782 1584 693 1287 1683 1881 1881 1782 1683 1485 1287 1683 1881 1782 1683 1584 1485 1386 1584 1782 1782 1683 1485 1485 1386 1188 1683 1683 1584 1485 1386 1287 1188 1089 1485 1485 1386 1287 1089 990 990 792 1188 1188 1089 891 792 693 594 594 693 693 594 495 495 495 495 495
0 1 88 120 4 1 64 25 396 396 297 297 396 396 396 495 297 198 297 297 396 495 396 495 297 198 297 297 297 396 396 396 297 198 198 198 297 297 396 396 198 297 297 297 297 297 297 396 198 198 198 297 297 297 297 297 198 297 297 198 297 297 297 297 198 198 198 198 198 297 297 297
0 1 96 0 4 64 64 25 32793 25 25 25 25 25 25 49177 25 25 25 25 25 25 25 49177 25 25 25 25 25 25 25 32793 25 25 25 25 25 25 25 25 25 25 25 25 25 25 25 25 25 25 25 25 25 25 25 25 25 25 25 25 25 25 25 25 25 25 25 25 25 25 25 9009 12210 15378 18117 20130 21153 21318 20889 10494 13728 16665 19041 20460 21021 20790 20328 11979 15180 17919 19800 20658 20658 20262 19899 13299 16368 18777 20196 20460 20097 19701 19338 14586 17358 19503 20361 20196 19536 19140 18876 15675 18315 19998 20427 19800 18942 18579 18414 16500 18810 20229 20196 19404 18414 18150 17919 17259 19140 19998 19899 18909 18183 17787 17523
0 1 96 8 4 1 64 25 17721 19107 19536 19140 18447 17820 17556 17127 17886 18876 18975 18447 17853 17523 17325 16929 17754 18414 18216 17787 17358 17226 17028 16632 17490 17820 17490 17160 16962 16797 16434 16137 16962 17028 16830 16632 16566 16335 15444 14652 16368 16368 16269 16236 16236 15840 14421 12771 15741 15873 15939 16005 15840 15411 14421 12969 15345 15543 15609 15543 15246 14751 14058 13167
0 1 96 16 4 1 64 25 15114 15279 15246 15048 14553 13860 13068 12375 14817 14850 14652 14256 13596 12771 12012 11385 14322 14124 13860 13266 12573 11781 10989 10494 13662 13233 12639 12078 11385 10692 10098 9603 12672 11979 11286 10692 10098 9603 9108 8811 11286 10494 9900 9405 9009 8514 8217 8019 9999 9108 8415 8019 7722 7524 7326 7227 8613 7722 7227 6930 6732 6633 6534 6534
0 1 96 24 4 1 64 25 7524 6732 6237 6039 5940 5940 6039 6039 6435 5841 5544 5445 5445 5544 5643 5742 5643 5247 5049 5049 5247 5445 5445 5544 4950 4752 4752 4950 5148 5346 5445 5445 4455 4455 4653 4950 5148 5247 5247 5247 4158 4257 4554 4851 5049 5148 5148 5049 3960 4158 4554 4752 4851 4950 4950 4950 3960 4257 4554 4752 4851 4851 4851 4851
0 1 96 32 4 1 64 25 4158 4356 4554 4554 4653 4653 4752 4653 4158 4257 4356 4257 4356 4455 4455 4356 3960 3861 3960 3960 3960 3960 3960 3960 3465 3465 3465 3465 3465 3465 3564 3564 3168 3168 3168 3168 3168 3267 3267 3267 3069 3069 2970 2970 3069 3168 3168 3168 2970 2871 2871 2871 2970 2970 3069 3069 2871 2871 2871 2805 2871 2871 2970 2970
0 1 96 40 4 1 64 25 2673 2673 2772 2772 2772 2772 2871 2871 2574 2574 2574 2673 2772 2871 2970 2871 2541 2574 2508 2574 2673 2772 2871 2871 2409 2442 2475 2508 2607 2673 2673 2673 2277 2277 2376 2475 2607 2673 2574 2673 2178 2178 2277 2376 2475 2574 2475 2475 2079 2178 2277 2277 2376 2442 2376 2376 1980 2079 2178 2178 2277 2376 2376 2277
0 1 96 48 4 1 64 25 1980 1980 1980 1980 2079 2178 2178 2178 1881 1881 1881 1881 1980 2079 2079 2079 1782 1782 1782 1881 1980 1980 1980 1881 1782 1881 1782 1782 1881 1881 1782 1782 1683 1782 1782 1782 1881 1782 1782 1782 1683 1683 1683 1683 1782 1782 1782 1683 1584 1584 1584 1683 1683 1683 1749 1683 1584 1584 1683 1683 1683 1617 1617 1617
0 1 96 56 4 1 64 25 1584 1584 1683 1683 1683 1683 1683 1584 1485 1584 1584 1683 1782 1749 1716 1584 1485 1584 1584 1584 1683 1683 1683 1584 1386 1485 1485 1584 1683 1683 1782 1782 1287 1386 1485 1584 1782 1881 2079 2079 1287 1485 1584 1782 1980 2079 2178 2178 1287 1386 1584 1782 1980 1980 2079 2079 1287 1386 1584 1782 1881 1980 2079 2079
0 1 96 64 4 1 64 25 1584 1683 1683 1782 1881 2013 2112 2178 2079 2277 2079 1881 1881 2079 2079 2145 2673 2772 2277 1881 1881 1980 1980 2178 2574 2772 2178 1782 1782 1881 1980 2178 1980 2376 1980 1782 1782 1881 1947 2079 1188 1881 1782 1683 1782 1881 1947 2079 594 1287 1584 1683 1782 1947 2046 2013 198 693 1188 1584 1683 1881 1980 1980
0 1 96 72 4 1 64 25 0 297 693 1287 1683 1782 1881 1881 0 99 396 1089 1584 1782 1881 1881 0 0 297 792 1485 1782 1881 1914 0 0 99 594 1287 1749 1815 1881 0 0 99 396 1089 1584 1749 1782 0 0 0 297 891 1485 1683 1782 0 0 0 297 792 1485 1683 1782 0 0 0 297 891 1584 1782 1782
0 1 96 80 4 1 64 25 0 0 0 297 1089 1881 2079 1980 0 0 0 396 1386 2277 2574 2376 0 0 0 396 1386 2475 2871 2772 0 0 0 396 1287 2376 2970 3069 0 0 0 396 1287 2376 2970 3168 0 0 0 396 1287 2376 2871 3168 0 0 0 396 1287 2376 2772 3168 0 0 0 396 1287 2277 2772 3168
0 1 96 88 4 1 64 25 0 0 0 297 1188 2178 2673 3168 0 0 0 297 1089 2079 2673 3168 0 0 0 297 1089 2079 2673 3168 0 0 0 297 1089 2079 2673 3168 0 0 0 297 1089 2079 2673 3069 0 0 0 297 1188 2178 2673 2970 0 0 0 396 1386 2277 2772 2970 0 0 99 495 1584 2475 2772 2871
0 1 96 96 4 1 64 25 0 0 99 495 1683 2475 2772 2673 0 0 99 594 1782 2475 2673 2475 0 0 198 792 1881 2475 2574 2376 0 0 297 990 1881 2376 2475 2376 0 99 495 1386 1980 2277 2376 2277 0 198 693 1584 2079 2178 2079 2079 0 297 990 1881 2178 2079 1881 1782 99 594 1386 1980 2079 1980 1881 1683
0 1 96 104 4 1 64 25 297 891 1683 2079 1980 1980 1881 1683 594 1287 1881 2079 1980 1980 1782 1683 990 1584 1980 1980 1980 1881 1782 1683 1386 1782 1881 1881 1782 1782 1683 1584 1683 1782 1782 1782 1683 1683 1584 1485 1782 1683 1683 1683 1584 1485 1386 1287 1683 1683 1584 1485 1485 1287 1188 1188 1584 1485 1485 1386 1188 1089 1089 1188
0 1 96 112 4 1 64 25 1584 1386 1386 1188 1089 990 990 1089 1485 1287 1188 1089 990 990 990 990 1287 1089 990 891 891 891 990 990 1089 990 891 792 891 891 990 990 891 891 792 792 792 891 891 891 693 693 693 792 792 792 891 891 594 594 693 693 792 792 792 891 495 594 594 693 693 693 693 792
0 1 96 120 4 1 64 25 495 495 594 594 693 594 693 792 495 495 495 594 693 594 594 693 396 495 495 594 594 594 594 693 396 495 495 495 495 495 594 594 396 396 396 495 495 594 594 594 396 396 396 396 396 495 594 495 297 297 396 396 396 396 495 495 297 198 297 396 396 396 396 396
0 1 104 0 4 64 64 25 25 25 25 25 25 25 25 25 25 25 25 25 25 25 25 25 25 25 25 25 25 25 25 25 25 16409 25 25 25 25 25 25 25 16409 25 25 25 25 25 25 25 25 25 25 25 25 25 25 25 25 25 25 25 25 25 25 25 25 25 25 25 25 25 20196 19470 18678 17952 17490 17127 16896 16665 19701 18942 18117 17457 17061 16830 16731 16632 19272 18414 17655 17127 16830 16632 16632 16632 18843 18018 17325 16929 16632 16632 16632 16533 18513 17721 17127 16731 16632 16632 16632 16236 18018 17424 16929 16731 16632 16665 16368 15147 17523 17028 16731 16632 16632 16533 15477 13299 17127 16830 16632 16533 16434 15840 14058 11946
0 1 104 8 4 1 64 25 16830 16533 16533 16434 15906 14256 12177 11418 16632 16434 16434 16071 14817 12342 11187 11649 16434 16335 16137 15246 13167 10989 11055 11484 16038 15840 15048 13332 10989 9735 10362 10032 14487 14058 12177 9702 8085 7821 8118 7821 11979 11187 8811 6831 6501 6765 6831 6897 11880 10692 8514 7128 7821 8481 8580 8580 12342 11253 9108 7623 8217 9108 9570 9702
0 1 104 16 4 1 64 25 11781 10989 9306 7623 7227 7524 8283 9108 10890 10395 9504 8217 7128 6336 6435 7623 9999 9603 9108 8415 7623 6732 5940 6633 9207 8811 8415 8019 7722 7227 6336 6435 8514 8118 7722 7524 7425 7326 6534 6336 7821 7524 7227 7128 7227 7128 6435 6237 7029 6930 6831 6831 7029 6864 6204 6039 6435 6435 6435 6633 6732 6435 5808 5742
0 1 104 24 4 1 64 25 6039 6039 6138 6336 6435 6039 5412 5577 5742 5841 5940 6039 6039 5643 5049 5346 5544 5643 5742 5742 5643 5247 4653 5181 5544 5445 5445 5445 5247 4752 4554 5148 5346 5247 5148 5148 4950 4455 4422 5016 5148 5049 4950 4950 4752 4356 4224 4653 4950 4851 4653 4653 4653 4356 4059 4257 4752 4554 4455 4455 4455 4257 3960 4059
0 1 104 32 4 64 64 25 25 25 25 25 25 25 25 25 25 49177 25 25 25 25 25 25 25 25 49177 25 25 25 25 25 25 25 49177 25 25 25 25 25 25 25 25 49177 25 25 25 25 25 25 25 49177 25 25 25 25 25 25 25 25 25 32793 25 25 25 25 25 25 49177 25 25 4455 4257 4158 4059 4158 4158 3960 4026 4059 3861 3762 3762 3960 4059 4059 4059 3861 3663 3564 3564 3762 3861 4059 4158 3564 3465 3366 3465 3663 3861 3960 4059 3267 3366 3267 3366 3564 3663 3861 3960 3168 3168 3168 3267 3564 3663 3861 3960 3069 3069 3069 3267 3564 3663 3762 3762 3069 2970 3069 3267 3465 3564 3663 3762
0 1 104 40 4 64 64 25 25 25 25 25 49177 25 25 25 25 25 25 25 49177 25 25 25 25 25 25 25 49177 25 25 25 25 25 25 25 49177 25 25 25 25 25 25 25 49177 25 25 25 25 25 25 25 49177 25 25 25 25 25 25 25 25 25 25 25 25 25 25 25 25 25 25 2970 2970 3069 3168 3366 3465 3564 3795 2970 2970 2970 3069 3267 3366 3663 3993 2772 2772 2871 2970 3168 3366 3762 4158 2673 2772 2772 2970 3069 3267 3762 4257 2574 2673 2673 2871 2970 3168 3663 4158 2475 2475 2574 2673 2772 3069 3465 3960 2475 2475 2475 2574 2673 2970 3366 3729 2277 2376 2277 2376 2475 2772 3168 3366
0 1 104 48 4 1 64 25 2211 2178 2178 2178 2277 2574 2871 3069 2079 2046 2079 2079 1980 2178 2475 2574 1914 1881 1881 1683 1650 1749 1947 2079 1848 1782 1683 1485 1353 1452 1584 1683 1683 1584 1485 1287 1254 1287 1353 1485 1683 1584 1386 1188 1155 1188 1188 1254 1584 1485 1287 1122 1056 1023 1023 1089 1584 1386 1221 1155 1056 1023 990 1056
0 1 104 56 4 64 64 25 25 25 25 25 25 25 25 25 25 25 25 25 25 25 25 25 25 25 25 25 25 25 25 25 25 25 25 25 25 25 25 25 25 25 25 25 25 25 25 25 25 25 25 25 25 25 25 25 25 25 25 25 25 25 25 25 25 25 25 25 25 25 32793 1452 1353 1254 1320 1221 1155 1122 1122 1452 1353 1386 1518 1518 1419 1320 1287 1485 1485 1551 1617 1551 1419 1353 1386 1683 1716 1683 1584 1485 1452 1452 1551 1881 1881 1881 1683 1584 1584 1683 1881 2079 1980 1980 1881 1782 1881 2079 2376 2079 2079 2145 2112 2079 2178 2475 2739 2079 2079 2211 2277 2277 2277 2574 2937
0 1 104 64 4 64 64 25 25 25 25 25 32793 32793 25 25 25 25 25 49177 25 25 25 25 25 25 25 32793 25 25 25 25 25 25 32793 25 25 25 25 25 25 49177 25 25 25 25 25 25 25 32793 25 25 25 25 25 25 49177 25 25 25 25 25 25 25 49177 25 25 25 25 25 25 2178 2244 2277 2277 2178 2211 2541 3102 2244 2343 2343 2277 2112 2244 2904 3597 2277 2442 2442 2244 2211 2838 3828 4455 2310 2442 2442 2277 2673 3729 4653 4917 2376 2442 2343 2343 3201 4521 5148 5181 2277 2277 2211 2574 4059 5610 6006 5742 2112 2046 2178 3102 5379 7425 7755 7062 1980 2046 2376 3894 6996 9768 10230 8844
0 1 104 72 4 64 64 25 49177 25 25 25 25 25 25 25 49177 25 25 25 25 25 25 25 25 49177 25 25 25 25 25 25 25 25 49177 25 25 25 25 25 25 25 25 25 25 25 25 25 25 25 25 25 25 25 25 25 25 25 25 25 25 25 25 25 25 25 25 25 25 25 25 1980 2046 2607 4323 7821 11220 12078 10263 2013 2112 2541 3960 6831 10032 11352 10032 1980 2079 2343 3135 4686 6732 8019 7755 1980 2079 2244 2508 3069 3828 4521 4785 1947 2079 2178 2244 2376 2541 2706 2871 1881 1980 2079 2112 2211 2244 2277 2343 1881 1881 1881 1980 2145 2244 2211 2211 1881 1881 1881 1881 1980 2178 2211 2244
0 1 104 80 4 1 64 25 1881 1881 1881 1914 1980 2178 2277 2277 2178 1881 1848 1848 1914 2079 2178 2277 2574 2178 1881 1815 1914 2145 2178 2244 2871 2475 2079 1848 1914 2145 2211 2277 3069 2673 2178 1881 1881 2079 2178 2277 3168 2772 2277 1881 1881 1980 2178 2376 3267 2871 2277 1881 1881 1980 2277 2475 3267 2970 2277 1881 1782 1980 2277 2376
0 1 104 88 4 1 64 25 3366 2970 2277 1881 1782 1980 2277 2376 3366 2871 2277 1881 1782 1980 2277 2376 3366 2772 2178 1881 1782 2079 2376 2475 3267 2673 2178 1782 1782 1980 2376 2475 3069 2574 2079 1782 1782 1980 2277 2376 2970 2574 2079 1782 1782 1980 2178 2277 2871 2475 2079 1782 1782 2079 2277 2376 2673 2277 1980 1782 1782 2079 2277 2376
0 1 104 96 4 1 64 25 2475 2178 1980 1881 1782 1980 2178 2376 2178 1980 1881 1782 1782 1881 2079 2376 2079 1881 1782 1683 1683 1980 2178 2376 1980 1782 1683 1584 1683 1881 2079 2277 1881 1683 1584 1584 1683 1980 2079 2178 1782 1584 1485 1584 1683 1881 2079 2178 1584 1485 1485 1584 1584 1782 2079 2178 1584 1485 1485 1485 1584 1683 1980 2079
0 1 104 104 4 1 64 25 1584 1485 1485 1485 1584 1683 1881 1980 1584 1485 1485 1584 1584 1584 1683 1980 1584 1485 1485 1584 1584 1584 1584 1782 1485 1485 1584 1782 1683 1584 1584 1782 1287 1287 1485 1782 1881 1683 1584 1683 1188 1188 1386 1683 1782 1782 1683 1584 1089 1089 1188 1386 1584 1683 1683 1584 1188 1188 1089 1188 1287 1386 1485 1485
0 1 104 112 4 1 64 25 1188 1089 1089 1188 1287 1386 1485 1584 1089 1188 1089 1188 1287 1386 1485 1584 990 1089 1188 1089 1188 1287 1287 1485 990 990 1089 1089 1089 1188 1188 1287 891 990 990 1089 1089 1188 1188 1188 891 990 990 990 990 1089 1089 1089 792 891 891 990 990 990 1089 1089 792 891 891 891 891 891 990 1089
0 1 104 120 4 1 64 25 792 792 891 891 891 891 891 990 693 792 792 792 891 891 891 990 693 693 693 792 792 792 792 891 693 594 594 594 693 792 792 792 594 594 594 594 594 693 693 693 495 495 495 594 594 594 594 693 495 495 594 495 495 495 594 594 396 396 495 495 495 495 594 495
0 1 112 0 4 1 64 25 16533 16137 15444 14553 13728 13167 13035 13167 16533 16137 15444 14454 13629 13068 12969 13167 16434 16038 15246 14256 13167 12276 12342 12936 16236 15642 14586 13200 11682 10461 10626 12144 15444 14256 12705 11187 9966 9306 9537 11451 13398 12012 10989 10395 10296 10098 9999 11385 11682 11517 11880 11979 11880 11484 11022 11814 11814 12771 13167 12870 12540 12177 11946 12276
0 1 112 8 4 1 64 25 12408 13167 13068 12573 11979 11814 11847 12045 12078 11583 11385 11088 10461 10329 10659 11154 10197 8811 8778 8910 8712 8877 9306 9999 8613 8019 8415 8811 9108 9405 9405 9702 7821 8811 9669 10098 10395 10395 10098 9900 7524 8514 9339 9999 10428 10494 10197 10065 8316 8019 8019 8514 9570 9999 9900 9702 9405 8745 7953 7590 8580 9405 9504 9372
0 1 112 16 4 1 64 25 9603 9438 8646 7755 8151 8910 9108 9009 9009 9504 9141 8415 8448 8811 8910 8811 8415 9207 9207 8910 8811 8811 8712 8613 8118 8910 9009 8910 8811 8712 8514 8514 7821 8613 8712 8613 8514 8415 8316 8415 7623 8316 8316 8316 8316 8151 8118 8316 7326 8019 8019 8085 8019 7920 8019 8217 7029 7623 7821 7821 7722 7722 7854 8118
0 1 112 24 4 1 64 25 6732 7326 7524 7524 7524 7557 7755 7986 6402 6963 7227 7326 7326 7425 7656 7920 6072 6534 6831 7029 7128 7227 7524 7722 5775 6138 6336 6633 6732 6930 7227 7425 5445 5643 5874 6171 6303 6534 6930 7062 5049 5247 5445 5610 5775 6072 6468 6666 4653 4851 4950 5148 5346 5610 6006 6171 4356 4554 4653 4785 4950 5214 5544 5709
0 1 112 32 4 1 64 25 4158 4257 4455 4554 4653 4851 5115 5280 4059 4158 4323 4422 4422 4554 4752 4950 4158 4158 4257 4323 4257 4356 4521 4686 4059 4059 4158 4158 4158 4257 4356 4521 4059 4059 4059 4158 4092 4191 4290 4356 4026 4059 3993 3960 3960 4092 4191 4257 3861 3894 3894 3861 3861 4026 4158 4356 3861 3927 3927 3828 3861 4059 4356 4554
0 1 112 40 4 64 64 25 25 25 25 25 25 25 25 25 25 25 25 25 25 25 25 25 25 25 25 25 25 25 25 25 25 25 49177 25 25 25 25 25 25 25 49177 25 25 25 25 25 25 16409 25 49177 25 25 25 25 25 25 25 49177 25 25 25 25 25 25 25 25 49177 25 25 4059 4158 4059 3861 3861 4158 4653 4950 4257 4356 4158 3861 3927 4290 4752 5148 4455 4356 4092 3795 3861 4257 4752 5049 4455 4323 3960 3663 3663 4092 4554 4851 4356 4158 3729 3432 3498 3894 4257 4521 4059 3861 3465 3201 3366 3696 4059 4257 3762 3531 3168 3069 3168 3564 3795 4059 3366 3069 2805 2772 3036 3333 3564 3795
0 1 112 48 4 64 64 25 25 25 25 25 25 25 49177 25 25 25 25 25 25 25 49177 25 25 25 25 25 25 25 25 25 25 25 25 25 25 25 25 25 25 25 25 25 25 25 25 25 25 25 25 25 25 25 25 25 25 25 25 25 25 25 25 25 25 25 25 25 25 25 25 2904 2607 2475 2475 2772 3069 3366 3465 2376 2178 2079 2178 2475 2772 2970 3168 1947 1815 1749 1848 2079 2409 2673 2937 1650 1551 1551 1617 1749 2013 2277 2574 1518 1518 1518 1485 1551 1683 1980 2277 1320 1320 1353 1353 1320 1419 1683 2046 1188 1188 1188 1155 1122 1188 1485 1848 1155 1155 1056 1023 1023 1089 1353 1683
0 1 112 56 4 64 64 25 25 25 25 25 25 25 25 25 25 25 25 25 25 25 25 25 25 25 25 25 25 25 25 25 25 25 25 25 25 25 25 25 25 25 25 25 25 25 25 25 25 25 25 25 25 25 25 25 25 25 25 25 25 25 25 32793 32793 25 25 25 25 25 25 1155 1155 1056 1023 1023 1122 1320 1683 1254 1254 1188 1188 1188 1254 1419 1749 1452 1419 1419 1452 1485 1452 1551 1881 1650 1683 1716 1782 1749 1683 1782 2046 1980 2013 1980 1980 1914 1914 2079 2277 2475 2376 2211 2079 2046 2145 2376 2607 2805 2673 2376 2211 2244 2442 2706 2904 3069 2871 2541 2343 2343 2574 2871 3069
0 1 112 64 4 64 64 25 25 16409 32793 32793 32793 25 25 25 25 25 25 25 25 16409 25 25 25 25 25 25 25 25 16409 25 25 25 25 25 25 25 16409 25 25 25 25 25 25 25 16409 25 25 25 25 25 25 25 16409 25 25 25 25 25 25 25 16409 25 25 25 25 25 25 25 16409 3300 3168 2838 2607 2574 2706 2838 2970 3993 3960 3729 3465 3234 3036 2937 2937 4686 4686 4653 4521 4257 3795 3300 3102 4950 4983 5049 5148 5049 4587 3828 3267 5148 5082 5181 5346 5412 5148 4323 3366 5478 5280 5247 5346 5511 5346 4587 3465 6237 5577 5346 5346 5511 5445 4653 3498 7161 5940 5445 5379 5478 5346 4455 3399
0 1 112 72 4 64 64 25 25 25 25 25 25 25 16409 25 25 25 25 25 25 25 25 25 25 25 25 25 25 25 25 25 25 25 25 25 25 25 25 25 25 25 25 25 25 25 25 25 25 25 25 25 25 25 25 25 25 25 25 25 25 25 25 25 25 25 25 25 25 25 25 7920 6303 5610 5478 5478 5016 3993 3102 7920 6402 5742 5478 5148 4422 3399 2838 6798 5940 5412 5016 4389 3597 2970 2772 4686 4488 4290 3894 3399 3003 2805 2805 3036 3135 3135 3003 2871 2772 2772 2772 2442 2574 2607 2640 2640 2640 2673 2739 2310 2343 2442 2508 2574 2574 2673 2673 2343 2343 2376 2442 2541 2574 2673 2706
0 1 112 80 4 64 64 25 25 25 25 25 25 25 25 25 25 25 25 25 25 25 32793 25 25 25 25 25 32793 32793 25 25 25 25 25 32793 25 25 25 25 25 25 49177 25 25 25 25 25 25 25 49177 25 25 25 25 25 25 25 49177 25 25 25 25 25 25 25 49177 25 25 25 25 2343 2376 2376 2475 2574 2673 2772 2904 2343 2409 2508 2673 2739 2838 2937 3069 2310 2442 2574 2673 2772 2937 3168 3366 2310 2475 2607 2706 2904 3168 3564 3762 2409 2574 2673 2871 3168 3564 3861 4059 2508 2574 2772 3069 3465 3861 4059 4158 2475 2574 2772 3168 3663 4059 4158 4257 2376 2574 2871 3366 3762 4158 4257 4257
0 1 112 88 4 64 64 25 25 25 32793 25 25 25 25 25 25 49177 25 25 25 25 25 25 25 49177 25 25 25 25 25 25 25 49177 25 25 25 25 25 25 25 49177 25 25 25 25 25 25 25 49177 25 25 25 25 25 25 25 49177 25 25 25 25 25 25 25 49177 25 25 25 25 25 2376 2574 2871 3366 3762 4059 4158 4356 2475 2574 2871 3366 3762 4059 4257 4455 2475 2574 2871 3465 3861 4158 4356 4752 2574 2574 2871 3366 3861 4158 4455 5049 2475 2574 2871 3465 3960 4257 4752 5346 2475 2574 2871 3465 3960 4356 4950 5841 2475 2673 2871 3366 3960 4455 5148 6237 2475 2574 2871 3366 3861 4455 5445 6732
0 1 112 96 4 64 64 25 25 49177 25 25 25 25 25 25 25 49177 25 25 25 25 25 25 25 49177 25 25 25 25 25 25 25 49177 25 25 25 25 25 25 25 49177 25 25 25 25 25 25 25 49177 25 25 25 25 25 25 25 49177 25 25 25 25 25 25 25 25 49177 25 25 25 25 2475 2574 2871 3366 3861 4554 5643 6930 2475 2574 2871 3366 3960 4752 5742 7128 2475 2574 2871 3366 3960 4752 5841 7227 2475 2574 2772 3267 3960 4851 5940 7227 2376 2475 2673 3168 3861 4752 5841 7128 2376 2475 2673 3069 3861 4752 5841 7128 2376 2475 2574 3069 3861 4752 5742 6930 2277 2475 2574 2970 3762 4653 5643 6633
0 1 112 104 4 64 64 25 25 25 49177 25 25 25 25 25 25 25 49177 25 25 25 25 25 25 25 49177 25 25 25 25 25 25 25 49177 25 25 25 25 25 25 25 25 49177 25 25 25 25 25 25 25 49177 25 25 25 25 25 25 25 25 49177 25 25 25 25 25 25 25 49177 25 25 2277 2475 2574 2970 3564 4455 5445 6336 2178 2376 2475 2871 3465 4356 5247 6138 2079 2277 2376 2673 3267 4158 5148 5940 1980 2277 2376 2574 2970 3861 4950 5742 1881 2178 2277 2376 2772 3564 4554 5445 1683 1980 2277 2376 2574 3267 4158 5049 1584 1782 2079 2277 2475 2871 3564 4455 1584 1683 1881 2178 2277 2574 3069 3861
0 1 112 112 4 64 64 25 25 25 25 25 25 49177 25 25 25 25 25 25 25 25 49177 25 25 25 25 25 25 25 25 25 25 25 25 25 25 25 25 25 25 25 25 25 25 25 25 25 25 25 25 25 25 25 25 25 25 25 25 25 25 25 25 25 25 25 25 25 25 25 25 1485 1584 1782 2079 2277 2376 2673 3267 1485 1485 1584 1782 2079 2178 2376 2772 1485 1485 1584 1683 1980 2079 2178 2475 1386 1485 1584 1683 1782 1881 2079 2178 1287 1386 1485 1584 1683 1782 1980 2079 1188 1287 1386 1584 1683 1683 1782 1980 1089 1188 1287 1386 1584 1683 1782 1881 1089 1188 1188 1287 1485 1683 1683 1683
0 1 112 120 4 1 64 25 990 1089 1089 1188 1287 1485 1683 1683 990 990 990 1089 1089 1287 1485 1584 990 990 990 990 990 1089 1188 1386 792 792 891 990 891 891 990 1089 792 792 891 891 891 891 891 891 693 693 792 792 792 792 891 792 594 693 693 693 693 792 792 792 495 594 693 693 693 693 792 792
0 1 120 0 4 1 64 25 13266 13365 13266 12969 12672 12177 11385 11187 13233 13200 12969 12672 12705 12672 12177 11583 13167 13101 12870 12573 12672 12870 12672 12177 13035 13101 12837 12474 12474 12771 12771 12540 12738 12969 12771 12441 12375 12540 12672 12672 12573 12771 12672 12441 12342 12474 12639 12771 12507 12573 12474 12276 12177 12375 12573 12771 12474 12375 12276 12111 12078 12177 12408 12672
0 1 120 8 4 1 64 25 12144 12078 12012 12012 12078 12177 12309 12672 11583 11781 11913 12078 12177 12177 12375 12672 10890 11484 11814 12078 12177 12177 12375 12771 10395 11088 11682 11979 12177 12177 12375 12870 10197 10791 11385 11880 12078 12078 12276 12738 10098 10494 11187 11583 11781 11781 11979 12375 9801 10197 10890 11385 11583 11583 11781 12177 9504 9966 10692 11187 11385 11385 11682 12078
0 1 120 16 4 64 64 25 25 25 25 25 25 25 25 25 25 25 25 25 25 25 25 25 25 25 25 25 25 25 25 25 25 25 25 25 25 25 49177 25 25 25 25 25 25 25 49177 25 25 25 25 25 25 25 49177 25 25 25 25 25 25 25 25 25 25 25 25 25 25 25 25 9141 9702 10494 10989 11187 11286 11682 12276 8910 9504 10296 10791 10989 11187 11682 12672 8811 9372 10098 10593 10890 11088 11781 13068 8778 9207 9900 10296 10593 10989 11880 13464 8712 9108 9669 9999 10230 10692 11781 13662 8580 8910 9372 9603 9900 10428 11418 13464 8415 8712 9009 9306 9603 10098 10989 12771 8316 8415 8712 9009 9207 9801 10692 12078
0 1 120 24 4 1 64 25 8118 8217 8415 8712 9009 9504 10230 11418 7920 7920 8118 8514 8745 9042 9702 10890 7722 7623 7821 8217 8514 8811 9504 10791 7425 7425 7623 8019 8250 8712 9438 10857 7029 7062 7392 7821 8184 8679 9570 11154 6633 6765 7128 7722 8184 8778 9834 11616 6204 6435 6897 7524 8118 8844 10098 11946 5808 6105 6633 7293 8019 8976 10230 12243
0 1 120 32 4 1 64 25 5445 5808 6402 7095 7953 8976 10428 12474 5148 5643 6171 6930 7821 9009 10461 12474 4950 5412 6039 6831 7722 8811 10296 12408 4752 5247 5940 6732 7590 8646 10065 12210 4620 5148 5841 6633 7491 8448 9900 11913 4554 5049 5841 6633 7425 8382 9669 11550 4653 5181 5940 6633 7392 8250 9537 11220 4884 5379 6039 6633 7326 8118 9240 10824
0 1 120 40 4 1 64 25 5247 5643 6105 6633 7194 7920 8910 10329 5445 5676 6039 6435 6930 7557 8481 9702 5346 5544 5841 6237 6732 7293 8085 9075 5148 5412 5643 5973 6435 6996 7623 8481 4818 5148 5445 5742 6204 6732 7260 7986 4554 4950 5247 5544 6039 6435 6930 7491 4356 4653 4950 5445 5841 6171 6567 7062 4059 4356 4752 5148 5544 6006 6369 6732
0 1 120 48 4 64 64 25 25 25 25 25 25 25 25 25 25 25 25 25 25 25 25 49177 25 25 25 25 25 25 25 49177 25 25 25 25 25 25 25 25 49177 25 25 25 25 25 25 25 25 49177 25 25 25 25 25 25 25 49177 25 25 25 25 25 25 25 49177 25 25 25 25 25 3762 4158 4455 4851 5346 5841 6204 6534 3498 3861 4257 4653 5049 5544 5940 6336 3201 3564 4026 4455 4851 5346 5742 6039 2970 3366 3861 4257 4653 5049 5445 5841 2772 3168 3663 3960 4455 4851 5247 5643 2475 2970 3399 3762 4257 4653 5148 5445 2277 2772 3267 3663 4059 4554 5049 5313 2079 2574 3069 3465 3861 4356 4752 5049
0 1 120 56 4 64 64 25 25 25 49177 25 25 25 25 25 25 25 49177 25 25 25 25 25 25 25 49177 25 25 25 25 25 25 25 49177 25 25 25 25 25 25 25 25 49177 25 25 25 25 25 25 25 49177 25 25 25 25 25 25 25 25 49177 25 25 25 25 25 25 25 49177 25 25 2079 2475 2970 3465 3762 4257 4554 4752 2079 2475 2871 3267 3762 4059 4356 4554 2178 2475 2871 3267 3663 3960 4158 4455 2376 2673 2970 3267 3564 3861 4158 4356 2574 2871 3069 3267 3465 3762 4059 4257 2838 2970 3168 3366 3465 3663 3960 4059 3069 3135 3267 3465 3498 3564 3762 3960 3168 3168 3366 3498 3498 3564 3729 3861
0 1 120 64 4 64 64 25 25 25 25 25 25 49177 25 25 25 25 25 25 25 25 49177 25 25 25 25 25 25 25 25 25 25 25 25 25 25 25 25 25 25 25 25 25 25 25 25 25 25 25 25 25 25 25 25 25 25 25 25 25 25 25 25 25 25 25 25 25 25 25 25 3102 3267 3366 3465 3465 3564 3663 3696 3036 3267 3366 3465 3465 3465 3564 3663 3069 3201 3366 3465 3432 3366 3366 3564 3069 3102 3267 3366 3366 3300 3267 3267 3036 2970 3168 3366 3366 3267 3168 3168 2937 2937 3135 3366 3366 3300 3168 3069 2970 2937 3168 3366 3366 3300 3201 2970 3003 2970 3168 3234 3201 3201 3168 3036
0 1 120 72 4 64 64 25 25 25 25 25 25 25 25 25 25 25 25 25 25 25 25 25 25 25 25 25 25 25 25 25 25 25 25 25 25 25 25 25 25 25 25 25 25 25 25 25 25 25 25 25 25 25 25 25 25 25 25 25 25 25 25 25 25 25 32793 32793 25 25 25 2871 2970 3102 3036 3135 3234 3168 3069 2805 2937 2970 2937 3069 3234 3168 3069 2838 2937 2937 2937 3102 3168 3168 3069 2871 2937 2904 3003 3069 3102 3201 3168 2838 2838 2871 3003 3069 3069 3168 3168 2772 2772 2871 3069 3069 3069 3267 3168 2739 2838 2970 3069 3168 3168 3267 3168 2805 2970 3036 3135 3168 3168 3168 3168
0 1 120 80 4 64 64 32793 32793 32793 25 25 16409 32793 32793 25 25 25 25 25 25 25 25 25 25 25 25 25 25 25 25 25 25 25 25 25 25 25 25 25 25 25 25 25 25 25 25 25 25 25 25 25 25 25 25 25 25 25 25 25 25 25 25 25 25 25 25 25 25 25 25 3003 3135 3234 3333 3366 3366 3366 3366 3234 3432 3564 3762 3861 3762 3762 3762 3564 3861 4059 4158 4257 4158 4158 4257 3960 4059 4257 4356 4455 4554 4653 4752 4158 4257 4455 4455 4653 4851 5148 5445 4257 4356 4455 4653 4851 5346 5742 6237 4257 4356 4653 4950 5445 6039 6732 7326 4356 4554 4950 5544 6237 6930 7722 8415
0 1 120 88 4 1 64 25 4554 4950 5544 6336 7227 8019 8613 9108 4851 5445 6237 7227 8118 8712 9108 9306 5247 6039 7128 8019 8712 9009 9108 9108 5742 6732 7821 8712 9009 9009 8910 8712 6336 7425 8415 9009 9009 8811 8613 8415 6930 8019 8811 9009 8910 8514 8217 7920 7524 8514 9108 9009 8613 8217 7821 7524 7920 8811 9009 8811 8316 7920 7524 7227
0 1 120 96 4 1 64 25 8118 8910 9009 8613 8118 7722 7326 7029 8217 8910 9009 8514 8019 7623 7227 6930 8316 9009 9009 8613 8118 7722 7326 7029 8316 9108 9306 8811 8316 7821 7425 7128 8415 9306 9702 9306 8712 8118 7722 7326 8316 9405 10098 9900 9306 8613 8019 7722 8019 9306 10296 10593 9999 9207 8613 8217 7722 9009 10395 10989 10890 10098 9306 8712
0 1 120 104 4 1 64 25 7425 8613 9999 11088 11385 10989 10098 9405 7029 8118 9504 10692 11484 11484 10791 9999 6732 7623 8712 9999 10989 11484 11286 10692 6336 7128 8019 9009 10098 10890 11187 11088 6039 6633 7425 8217 9108 9999 10593 10890 5643 6237 6930 7524 8217 9009 9702 10098 5247 5940 6534 7029 7623 8217 8811 9108 4653 5346 6039 6633 7128 7524 7920 8118
0 1 120 112 4 64 64 25 25 25 25 25 25 25 25 25 25 25 25 25 25 25 25 49177 25 25 25 25 25 25 25 25 25 25 25 49177 25 25 25 25 25 25 25 25 25 25 25 25 25 25 25 25 25 25 25 25 25 25 25 25 25 25 25 25 25 25 25 25 25 25 25 3960 4653 5346 5940 6435 6732 6930 7128 3366 3960 4554 5049 5445 5643 5841 5940 2871 3465 3861 4158 4356 4554 4653 4752 2475 2970 3366 3564 3762 3762 3861 3861 2178 2574 2871 3168 3366 3366 3465 3465 2079 2178 2475 2673 2970 3069 3168 3267 1980 1980 2079 2277 2475 2574 2673 2871 1782 1980 1980 2079 2079 2178 2277 2376
0 1 120 120 4 1 64 25 1683 1881 1881 1980 1980 1980 2079 2079 1584 1683 1881 1980 1980 1881 1980 1980 1485 1584 1683 1782 1881 1881 1881 1782 1188 1485 1683 1683 1683 1683 1683 1683 990 1188 1485 1584 1683 1683 1584 1584 792 891 1089 1386 1584 1584 1584 1584 792 792 891 1089 1287 1485 1584 1584 792 792 792 792 990 1188 1386 1485
0 2 0 0 4 1 64 25 1089 1089 1188 1089 1089 990 990 990 1089 1188 1287 1188 1089 990 990 990 1287 1188 1188 1188 1089 990 990 990 1287 1188 1188 1188 1089 1089 990 990 1287 1188 1188 1089 1089 1089 1188 1188 1188 1188 1089 1089 1089 1089 1188 1188 1188 1188 1089 1089 1089 1089 1188 1089 1089 1188 1188 1089 1089 1188 1089 990
0 2 0 8 4 1 64 25 1089 1089 1089 1089 1089 1089 990 891 792 792 792 792 792 792 693 693 297 297 297 297 297 297 198 198 0 0 0 0 0 0 0 0 0 0 0 0 0 0 0 0 0 0 0 0 0 0 0 0 0 0 0 0 0 0 0 0 0 0 0 0 0 0 0 0
0 2 0 16 4 1 1 25 0
0 2 0 24 4 1 1 25 0
0 2 0 32 4 1 64 25 0 0 0 0 0 0 0 0 0 0 0 0 0 0 0 0 990 990 990 990 990 990 990 990 990 990 990 990 990 990 990 990 990 990 990 990 990 990 990 990 990 990 990 990 990 990 990 990 990 990 990 990 990 990 990 990 990 990 990 990 990 990 990 990
0 2 0 40 4 1 1 25 990
0 2 0 48 4 1 1 25 990
0 2 0 56 4 1 1 25 990
0 2 0 64 4 1 1 25 990
0 2 0 72 4 1 1 25 990
0 2 0 80 4 1 1 25 990
0 2 0 88 4 1 1 25 990
0 2 0 96 4 1 1 25 990
0 2 0 104 4 64 64 25 25 25 25 25 25 25 25 25 25 25 25 25 25 25 25 25 25 25 25 25 25 25 25 25 25 25 25 25 25 25 25 25 25 25 25 25 25 25 25 0 0 0 0 0 0 0 0 0 0 0 0 0 0 0 0 0 0 0 0 0 0 0 0 990 990 990 990 990 990 990 990 990 990 990 990 990 990 990 990 990 990 990 990 990 990 990 990 990 990 990 990 990 990 990 990 990 990 990 990 990 990 990 990 0 0 0 0 0 0 0 0 0 0 0 0 0 0 0 0 0 0 0 0 0 0 0 0
0 2 0 112 4 1 1 0 0
0 2 0 120 4 1 1 0 0
0 2 8 0 4 1 64 25 891 990 990 891 792 693 792 792 990 1089 891 891 792 693 792 693 1089 1089 891 792 792 792 693 594 1089 990 891 891 792 693 693 693 990 891 891 792 693 693 693 693 990 891 792 693 693 693 693 693 990 990 792 693 693 693 693 693 1089 1089 891 693 693 693 693 594
0 2 8 8 4 1 64 25 990 990 792 792 792 693 693 594 693 693 594 594 594 495 495 396 198 198 198 198 198 198 99 99 0 0 0 0 0 0 0 0 0 0 0 0 0 0 0 0 0 0 0 0 0 0 0 0 0 0 0 0 0 0 0 0 0 0 0 0 0 0 0 0
0 2 8 16 4 1 1 25 0
0 2 8 24 4 1 1 25 0
0 2 8 32 4 1 64 25 0 0 0 0 0 0 0 0 0 0 0 0 0 0 0 0 990 990 990 990 990 990 990 990 990 990 990 990 990 990 990 990 990 990 990 990 990 990 990 990 990 990 990 990 990 990 990 990 990 990 990 990 990 990 990 990 990 990 990 990 990 990 990 990
0 2 8 40 4 1 1 25 990
0 2 8 48 4 1 1 25 990
0 2 8 56 4 1 1 25 990
0 2 8 64 4 1 1 25 990
0 2 8 72 4 1 1 25 990
0 2 8 80 4 1 1 25 990
0 2 8 88 4 1 1 25 990
0 2 8 96 4 1 1 25 990
0 2 8 104 4 64 64 25 25 25 25 25 25 25 25 25 25 25 25 25 25 25 25 25 25 25 25 25 25 25 25 25 25 25 25 25 25 25 25 25 25 25 25 25 25 25 25 0 0 0 0 0 0 0 0 0 0 0 0 0 0 0 0 0 0 0 0 0 0 0 0 990 990 990 990 990 990 990 990 990 990 990 990 990 990 990 990 990 990 990 990 990 990 990 990 990 990 990 990 990 990 990 990 990 990 990 990 990 990 990 990 0 0 0 0 0 0 0 0 0 0 0 0 0 0 0 0 0 0 0 0 0 0 0 0
0 2 8 112 4 1 1 0 0
0 2 8 120 4 1 1 0 0
0 2 16 0 4 1 64 25 693 693 693 594 495 495 495 594 693 693 594 594 594 594 495 495 594 594 594 495 594 495 495 495 594 693 594 495 594 594 495 495 594 594 594 594 495 495 495 495 693 693 594 495 495 495 594 495 594 594 594 594 495 495 495 495 594 594 594 594 594 495 396 396
0 2 16 8 4 1 64 25 594 594 594 495 594 495 396 495 396 396 396 396 396 396 297 297 99 99 99 99 99 99 99 99 0 0 0 0 0 0 0 0 0 0 0 0 0 0 0 0 0 0 0 0 0 0 0 0 0 0 0 0 0 0 0 0 0 0 0 0 0 0 0 0
0 2 16 16 4 1 1 25 0
0 2 16 24 4 1 1 25 0
0 2 16 32 4 1 64 25 0 0 0 0 0 0 0 0 0 0 0 0 0 0 0 0 990 990 990 990 990 990 990 990 990 990 990 990 990 990 990 990 990 990 990 990 990 990 990 990 990 990 990 990 990 990 990 990 990 990 990 990 990 990 990 990 990 990 990 990 990 990 990 990
0 2 16 40 4 1 1 25 990
0 2 16 48 4 1 1 25 990
0 2 16 56 4 1 1 25 990
0 2 16 64 4 1 1 25 990
0 2 16 72 4 1 1 25 990
0 2 16 80 4 1 1 25 990
0 2 16 88 4 1 1 25 990
0 2 16 96 4 1 1 25 990
0 2 16 104 4 64 64 25 25 25 25 25 25 25 25 25 25 25 25 25 25 25 25 25 25 25 25 25 25 25 25 25 25 25 25 25 25 25 25 25 25 25 25 25 25 25 25 0 0 0 0 0 0 0 0 0 0 0 0 0 0 0 0 0 0 0 0 0 0 0 0 990 990 990 990 990 990 990 990 990 990 990 990 990 990 990 990 990 990 990 990 990 990 990 990 990 990 990 990 990 990 990 990 990 990 990 990 990 990 990 990 0 0 0 0 0 0 0 0 0 0 0 0 0 0 0 0 0 0 0 0 0 0 0 0
0 2 16 112 4 1 1 0 0
0 2 16 120 4 1 1 0 0
0 2 24 0 4 1 64 25 495 495 495 495 396 396 495 396 495 396 495 495 396 396 396 396 495 396 396 396 396 396 396 396 495 396 396 396 297 297 297 396 495 396 396 396 396 396 297 396 495 396 396 396 396 396 297 297 495 495 396 396 297 396 396 396 396 495 396 396 297 396 396 396
0 2 24 8 4 1 64 25 495 396 396 396 396 396 396 297 297 297 297 297 297 297 198 198 0 0 0 0 0 0 0 0 0 0 0 0 0 0 0 0 0 0 0 0 0 0 0 0 0 0 0 0 0 0 0 0 0 0 0 0 0 0 0 0 0 0 0 0 0 0 0 0
0 2 24 16 4 1 1 25 0
0 2 24 24 4 1 1 25 0
0 2 24 32 4 1 64 25 0 0 0 0 0 0 0 0 0 0 0 0 0 0 0 0 990 990 990 990 990 990 990 990 990 990 990 990 990 990 990 990 990 990 990 990 990 990 990 990 990 990 990 990 990 990 990 990 990 990 990 990 990 990 990 990 990 990 990 990 990 990 990 990
0 2 24 40 4 1 1 25 990
0 2 24 48 4 1 1 25 990
0 2 24 56 4 1 1 25 990
0 2 24 64 4 1 1 25 990
0 2 24 72 4 1 1 25 990
0 2 24 80 4 1 1 25 990
0 2 24 88 4 1 1 25 990
0 2 24 96 4 1 1 25 990
0 2 24 104 4 64 64 25 25 25 25 25 25 25 25 25 25 25 25 25 25 25 25 25 25 25 25 25 25 25 25 25 25 25 25 25 25 25 25 25 25 25 25 25 25 25 25 0 0 0 0 0 0 0 0 0 0 0 0 0 0 0 0 0 0 0 0 0 0 0 0 990 990 990 990 990 990 990 990 990 990 990 990 990 990 990 990 990 990 990 990 990 990 990 990 990 990 990 990 990 990 990 990 990 990 990 990 990 990 990 990 0 0 0 0 0 0 0 0 0 0 0 0 0 0 0 0 0 0 0 0 0 0 0 0
0 2 24 112 4 1 1 0 0
0 2 24 120 4 1 1 0 0
0 2 32 0 4 1 64 25 297 297 297 297 297 297 198 297 297 297 297 297 297 297 198 297 297 297 297 198 198 198 198 198 297 297 297 297 198 297 198 198 297 297 297 198 198 297 297 297 396 396 297 297 297 198 198 198 297 297 198 198 198 297 198 99 297 297 198 198 297 297 198 99
0 2 32 8 4 1 64 25 297 297 297 198 198 297 198 198 198 99 198 198 198 198 99 198 0 0 0 0 0 0 0 0 0 0 0 0 0 0 0 0 0 0 0 0 0 0 0 0 0 0 0 0 0 0 0 0 0 0 0 0 0 0 0 0 0 0 0 0 0 0 0 0
0 2 32 16 4 1 1 25 0
0 2 32 24 4 1 1 25 0
0 2 32 32 4 1 64 25 0 0 0 0 0 0 0 0 0 0 0 0 0 0 0 0 990 990 990 990 990 990 990 990 990 990 990 990 990 990 990 990 990 990 990 990 990 990 990 990 990 990 990 990 990 990 990 990 990 990 990 990 990 990 990 990 990 990 990 990 990 990 990 990
0 2 32 40 4 1 1 25 990
0 2 32 48 4 1 1 25 990
0 2 32 56 4 1 1 25 990
0 2 32 64 4 1 1 25 990
0 2 32 72 4 1 1 25 990
0 2 32 80 4 1 1 25 990
0 2 32 88 4 1 1 25 990
0 2 32 96 4 1 1 25 990
0 2 32 104 4 64 64 25 25 25 25 25 25 25 25 25 25 25 25 25 25 25 25 25 25 25 25 25 25 25 25 25 25 25 25 25 25 25 25 25 25 25 25 25 25 25 25 0 0 0 0 0 0 0 0 0 0 0 0 0 0 0 0 0 0 0 0 0 0 0 0 990 990 990 990 990 990 990 990 990 990 990 990 990 990 990 990 990 990 990 990 990 990 990 990 990 990 990 990 990 990 990 990 990 990 990 990 990 990 990 990 0 0 0 0 0 0 0 0 0 0 0 0 0 0 0 0 0 0 0 0 0 0 0 0
0 2 32 112 4 1 1 0 0
0 2 32 120 4 1 1 0 0
0 2 40 0 4 1 64 25 198 198 297 198 198 99 99 198 198 198 198 198 198 198 99 99 198 198 198 99 99 99 99 99 198 198 99 198 99 99 99 99 198 198 99 99 99 99 198 99 198 198 198 99 198 99 198 99 198 198 99 198 99 99 99 198 99 198 99 198 99 99 198 99
0 2 40 8 4 1 64 25 99 198 198 198 99 99 198 99 99 99 198 198 99 99 99 99 0 0 0 0 0 0 0 0 0 0 0 0 0 0 0 0 0 0 0 0 0 0 0 0 0 0 0 0 0 0 0 0 0 0 0 0 0 0 0 0 0 0 0 0 0 0 0 0
0 2 40 16 4 1 1 25 0
0 2 40 24 4 1 1 25 0
0 2 40 32 4 1 64 25 0 0 0 0 0 0 0 0 0 0 0 0 0 0 0 0 990 990 990 990 990 990 990 990 990 990 990 990 990 990 990 990 990 990 990 990 990 990 990 990 990 990 990 990 990 990 990 990 990 990 990 990 990 990 990 990 990 990 990 990 990 990 990 990
0 2 40 40 4 1 1 25 990
0 2 40 48 4 1 1 25 990
0 2 40 56 4 1 1 25 990
0 2 40 64 4 1 1 25 990
0 2 40 72 4 1 1 25 990
0 2 40 80 4 1 1 25 990
0 2 40 88 4 1 1 25 990
0 2 40 96 4 1 1 25 990
0 2 40 104 4 64 64 25 25 25 25 25 25 25 25 25 25 25 25 25 25 25 25 25 25 25 25 25 25 25 25 25 25 25 25 25 25 25 25 25 25 25 25 25 25 25 25 0 0 0 0 0 0 0 0 0 0 0 0 0 0 0 0 0 0 0 0 0 0 0 0 990 990 990 990 990 990 990 990 990 990 990 990 990 990 990 990 990 990 990 990 990 990 990 990 990 990 990 990 990 990 990 990 990 990 990 990 990 990 990 990 0 0 0 0 0 0 0 0 0 0 0 0 0 0 0 0 0 0 0 0 0 0 0 0
0 2 40 112 4 1 1 0 0
0 2 40 120 4 1 1 0 0
0 2 48 0 4 1 64 25 99 99 99 99 99 99 99 99 99 99 99 99 99 99 99 99 99 99 99 99 99 99 99 99 99 198 99 99 99 99 99 99 99 99 99 99 99 99 99 99 99 99 99 99 99 99 99 99 99 99 99 99 99 99 0 0 99 99 99 99 99 0 0 0
0 2 48 8 4 1 64 25 99 99 99 99 99 99 99 99 99 99 99 99 0 99 0 0 0 0 0 0 0 0 0 0 0 0 0 0 0 0 0 0 0 0 0 0 0 0 0 0 0 0 0 0 0 0 0 0 0 0 0 0 0 0 0 0 0 0 0 0 0 0 0 0
0 2 48 16 4 1 1 25 0
0 2 48 24 4 1 1 25 0
0 2 48 32 4 1 64 25 0 0 0 0 0 0 0 0 0 0 0 0 0 0 0 0 990 990 990 990 990 990 990 990 990 990 990 990 990 990 990 990 990 990 990 990 990 990 990 990 990 990 990 990 990 990 990 990 990 990 990 990 990 990 990 990 990 990 990 990 990 990 990 990
0 2 48 40 4 1 1 25 990
0 2 48 48 4 1 1 25 990
0 2 48 56 4 1 1 25 990
0 2 48 64 4 1 1 25 990
0 2 48 72 4 1 1 25 990
0 2 48 80 4 1 1 25 990
0 2 48 88 4 1 1 25 990
0 2 48 96 4 1 1 25 990
0 2 48 104 4 64 64 25 25 25 25 25 25 25 25 25 25 25 25 25 25 25 25 25 25 25 25 25 25 25 25 25 25 25 25 25 25 25 25 25 25 25 25 25 25 25 25 0 0 0 0 0 0 0 0 0 0 0 0 0 0 0 0 0 0 0 0 0 0 0 0 990 990 990 990 990 990 990 990 990 990 990 990 990 990 990 990 990 990 990 990 990 990 990 990 990 990 990 990 990 990 990 990 990 990 990 990 990 990 990 990 0 0 0 0 0 0 0 0 0 0 0 0 0 0 0 0 0 0 0 0 0 0 0 0
0 2 48 112 4 1 1 0 0
0 2 48 120 4 1 1 0 0
0 2 56 0 4 1 64 25 99 99 99 0 0 0 99 0 99 99 99 0 99 99 0 0 99 99 99 99 99 99 0 0 99 99 99 99 99 99 99 99 99 99 99 99 99 99 99 0 99 99 99 99 99 99 0 0 0 0 99 99 99 99 0 0 99 99 99 99 99 0 0 0
0 2 56 8 4 1 64 25 99 99 99 0 0 99 0 99 99 0 99 0 0 0 0 0 0 0 0 0 0 0 0 0 0 0 0 0 0 0 0 0 0 0 0 0 0 0 0 0 0 0 0 0 0 0 0 0 0 0 0 0 0 0 0 0 0 0 0 0 0 0 0 0
0 2 56 16 4 1 1 25 0
0 2 56 24 4 1 1 25 0
0 2 56 32 4 1 64 25 0 0 0 0 0 0 0 0 0 0 0 0 0 0 0 0 990 990 990 990 990 990 990 990 990 990 990 990 990 990 990 990 990 990 990 990 990 990 990 990 990 990 990 990 990 990 990 990 990 990 990 990 990 990 990 990 990 990 990 990 990 990 990 990
0 2 56 40 4 1 1 25 990
0 2 56 48 4 1 1 25 990
0 2 56 56 4 1 1 25 990
0 2 56 64 4 1 1 25 990
0 2 56 72 4 1 1 25 990
0 2 56 80 4 1 1 25 990
0 2 56 88 4 1 1 25 990
0 2 56 96 4 1 1 25 990
0 2 56 104 4 64 64 25 25 25 25 25 25 25 25 25 25 25 25 25 25 25 25 25 25 25 25 25 25 25 25 25 25 25 25 25 25 25 25 25 25 25 25 25 25 25 25 0 0 0 0 0 0 0 0 0 0 0 0 0 0 0 0 0 0 0 0 0 0 0 0 990 990 990 990 990 990 990 990 990 990 990 990 990 990 990 990 990 990 990 990 990 990 990 990 990 990 990 990 990 990 990 990 990 990 990 990 990 990 990 990 0 0 0 0 0 0 0 0 0 0 0 0 0 0 0 0 0 0 0 0 0 0 0 0
0 2 56 112 4 1 1 0 0
0 2 56 120 4 1 1 0 0
0 2 64 0 4 1 64 25 99 0 0 0 99 99 0 0 0 0 99 0 99 0 0 99 0 0 99 99 99 99 0 99 0 0 0 99 0 0 99 0 0 99 0 99 99 0 0 99 99 99 99 99 0 0 99 0 0 99 0 0 0 0 0 0 99 99 99 0 0 0 99 99
0 2 64 8 4 1 64 25 99 0 0 99 99 0 99 0 99 0 99 0 0 0 0 99 0 0 0 0 0 0 0 0 0 0 0 0 0 0 0 0 0 0 0 0 0 0 0 0 0 0 0 0 0 0 0 0 0 0 0 0 0 0 0 0 0 0 0 0 0 0 0 0
0 2 64 16 4 1 1 25 0
0 2 64 24 4 1 1 25 0
0 2 64 32 4 1 64 25 0 0 0 0 0 0 0 0 0 0 0 0 0 0 0 0 990 990 990 990 990 990 990 990 990 990 990 990 990 990 990 990 990 990 990 990 990 990 990 990 990 990 990 990 990 990 990 990 990 990 990 990 990 990 990 990 990 990 990 990 990 990 990 990
0 2 64 40 4 1 1 25 990
0 2 64 48 4 1 1 25 990
0 2 64 56 4 1 1 25 990
0 2 64 64 4 1 1 25 990
0 2 64 72 4 1 1 25 990
0 2 64 80 4 1 1 25 990
0 2 64 88 4 1 1 25 990
0 2 64 96 4 1 1 25 990
0 2 64 104 4 64 64 25 25 25 25 25 25 25 25 25 25 25 25 25 25 25 25 25 25 25 25 25 25 25 25 25 25 25 25 25 25 25 25 25 25 25 25 25 25 25 25 0 0 0 0 0 0 0 0 0 0 0 0 0 0 0 0 0 0 0 0 0 0 0 0 990 990 990 990 990 990 990 990 990 990 990 990 990 990 990 990 990 990 990 990 990 990 990 990 990 990 990 990 990 990 990 990 990 990 990 990 990 990 990 990 0 0 0 0 0 0 0 0 0 0 0 0 0 0 0 0 0 0 0 0 0 0 0 0
0 2 64 112 4 1 1 0 0
0 2 64 120 4 1 1 0 0
0 2 72 0 4 1 64 25 99 99 99 0 0 99 99 99 99 99 99 99 0 99 99 99 99 0 99 0 99 99 99 99 0 0 0 0 99 0 99 99 99 0 0 99 0 0 99 99 0 0 99 99 0 0 0 99 0 99 99 99 99 99 0 99 0 0 99 99 99 99 99 99
0 2 72 8 4 1 64 25 0 0 99 0 0 0 0 99 99 0 0 0 99 0 99 0 0 0 0 0 0 0 0 0 0 0 0 0 0 0 0 0 0 0 0 0 0 0 0 0 0 0 0 0 0 0 0 0 0 0 0 0 0 0 0 0 0 0 0 0 0 0 0 0
0 2 72 16 4 1 1 25 0
0 2 72 24 4 1 1 25 0
0 2 72 32 4 1 64 25 0 0 0 0 0 0 0 0 0 0 0 0 0 0 0 0 990 990 990 990 990 990 990 990 990 990 990 990 990 990 990 990 990 990 990 990 990 990 990 990 990 990 990 990 990 990 990 990 990 990 990 990 990 990 990 990 990 990 990 990 990 990 990 990
0 2 72 40 4 1 1 25 990
0 2 72 48 4 1 1 25 990
0 2 72 56 4 1 1 25 990
0 2 72 64 4 1 1 25 990
0 2 72 72 4 1 1 25 990
0 2 72 80 4 1 1 25 990
0 2 72 88 4 1 1 25 990
0 2 72 96 4 1 1 25 990
0 2 72 104 4 64 64 25 25 25 25 25 25 25 25 25 25 25 25 25 25 25 25 25 25 25 25 25 25 25 25 25 25 25 25 25 25 25 25 25 25 25 25 25 25 25 25 0 0 0 0 0 0 0 0 0 0 0 0 0 0 0 0 0 0 0 0 0 0 0 0 990 990 990 990 990 990 990 990 990 990 990 990 990 990 990 990 990 990 990 990 990 990 990 990 990 990 990 990 990 990 990 990 990 990 990 990 990 990 990 990 0 0 0 0 0 0 0 0 0 0 0 0 0 0 0 0 0 0 0 0 0 0 0 0
0 2 72 112 4 1 1 0 0
0 2 72 120 4 1 1 0 0
0 2 80 0 4 1 64 25 198 99 99 99 99 198 198 99 99 99 99 99 99 99 99 99 99 99 198 198 99 99 99 99 99 99 99 99 99 99 198 99 99 99 99 99 99 99 99 99 99 99 0 0 99 99 99 99 99 99 99 99 99 99 99 99 99 99 0 0 99 99 99 99
0 2 80 8 4 1 64 25 0 99 99 99 99 99 99 99 0 0 0 0 0 99 99 0 0 0 0 0 0 0 0 0 0 0 0 0 0 0 0 0 0 0 0 0 0 0 0 0 0 0 0 0 0 0 0 0 0 0 0 0 0 0 0 0 0 0 0 0 0 0 0 0
0 2 80 16 4 1 1 25 0
0 2 80 24 4 1 1 25 0
0 2 80 32 4 1 64 25 0 0 0 0 0 0 0 0 0 0 0 0 0 0 0 0 990 990 990 990 990 990 990 990 990 990 990 990 990 990 990 990 990 990 990 990 990 990 990 990 990 990 990 990 990 990 990 990 990 990 990 990 990 990 990 990 990 990 990 990 990 990 990 990
0 2 80 40 4 1 1 25 990
0 2 80 48 4 1 1 25 990
0 2 80 56 4 1 1 25 990
0 2 80 64 4 1 1 25 990
0 2 80 72 4 1 1 25 990
0 2 80 80 4 1 1 25 990
0 2 80 88 4 1 1 25 990
0 2 80 96 4 1 1 25 990
0 2 80 104 4 64 64 25 25 25 25 25 25 25 25 25 25 25 25 25 25 25 25 25 25 25 25 25 25 25 25 25 25 25 25 25 25 25 25 25 25 25 25 25 25 25 25 0 0 0 0 0 0 0 0 0 0 0 0 0 0 0 0 0 0 0 0 0 0 0 0 990 990 990 990 990 990 990 990 990 990 990 990 990 990 990 990 990 990 990 990 990 990 990 990 990 990 990 990 990 990 990 990 990 990 990 990 990 990 990 990 0 0 0 0 0 0 0 0 0 0 0 0 0 0 0 0 0 0 0 0 0 0 0 0
0 2 80 112 4 1 1 0 0
0 2 80 120 4 1 1 0 0
0 2 88 0 4 1 64 25 198 198 198 198 297 297 297 198 99 198 198 198 198 297 198 198 99 99 99 198 99 198 297 297 198 99 198 198 99 99 198 198 99 99 99 198 99 99 99 198 99 99 99 99 198 99 99 99 99 99 99 99 99 198 99 99 0 0 99 99 99 99 198 198
0 2 88 8 4 1 64 25 0 0 0 99 0 99 99 99 0 99 99 99 0 0 99 99 0 0 0 0 0 0 0 0 0 0 0 0 0 0 0 0 0 0 0 0 0 0 0 0 0 0 0 0 0 0 0 0 0 0 0 0 0 0 0 0 0 0 0 0 0 0 0 0
0 2 88 16 4 1 1 25 0
0 2 88 24 4 1 1 25 0
0 2 88 32 4 1 64 25 0 0 0 0 0 0 0 0 0 0 0 0 0 0 0 0 990 990 990 990 990 990 990 990 990 990 990 990 990 990 990 990 990 990 990 990 990 990 990 990 990 990 990 990 990 990 990 990 990 990 990 990 990 990 990 990 990 990 990 990 990 990 990 990
0 2 88 40 4 1 1 25 990
0 2 88 48 4 1 1 25 990
0 2 88 56 4 1 1 25 990
0 2 88 64 4 1 1 25 990
0 2 88 72 4 1 1 25 990
0 2 88 80 4 1 1 25 990
0 2 88 88 4 1 1 25 990
0 2 88 96 4 1 1 25 990
0 2 88 104 4 64 64 25 25 25 25 25 25 25 25 25 25 25 25 25 25 25 25 25 25 25 25 25 25 25 25 25 25 25 25 25 25 25 25 25 25 25 25 25 25 25 25 0 0 0 0 0 0 0 0 0 0 0 0 0 0 0 0 0 0 0 0 0 0 0 0 990 990 990 990 990 990 990 990 990 990 990 990 990 990 990 990 990 990 990 990 990 990 990 990 990 990 990 990 990 990 990 990 990 990 990 990 990 990 990 990 0 0 0 0 0 0 0 0 0 0 0 0 0 0 0 0 0 0 0 0 0 0 0 0
0 2 88 112 4 1 1 0 0
0 2 88 120 4 1 1 0 0
0 2 96 0 4 1 64 25 198 198 297 297 396 396 396 396 198 198 297 297 297 297 297 396 297 297 297 297 297 297 297 297 297 297 198 198 297 297 297 198 198 198 198 297 198 297 198 198 99 99 198 297 198 297 297 297 99 99 99 198 198 198 297 198 99 99 99 99 99 99 198 198
0 2 96 8 4 1 64 25 99 99 198 99 99 99 99 198 99 99 198 99 99 99 99 99 0 0 0 0 0 0 0 0 0 0 0 0 0 0 0 0 0 0 0 0 0 0 0 0 0 0 0 0 0 0 0 0 0 0 0 0 0 0 0 0 0 0 0 0 0 0 0 0
0 2 96 16 4 1 1 25 0
0 2 96 24 4 1 1 25 0
0 2 96 32 4 1 64 25 0 0 0 0 0 0 0 0 0 0 0 0 0 0 0 0 990 990 990 990 990 990 990 990 990 990 990 990 990 990 990 990 990 990 990 990 990 990 990 990 990 990 990 990 990 990 990 990 990 990 990 990 990 990 990 990 990 990 990 990 990 990 990 990
0 2 96 40 4 1 1 25 990
0 2 96 48 4 1 1 25 990
0 2 96 56 4 1 1 25 990
0 2 96 64 4 1 1 25 990
0 2 96 72 4 1 1 25 990
0 2 96 80 4 1 1 25 990
0 2 96 88 4 1 1 25 990
0 2 96 96 4 1 1 25 990
0 2 96 104 4 64 64 25 25 25 25 25 25 25 25 25 25 25 25 25 25 25 25 25 25 25 25 25 25 25 25 25 25 25 25 25 25 25 25 25 25 25 25 25 25 25 25 0 0 0 0 0 0 0 0 0 0 0 0 0 0 0 0 0 0 0 0 0 0 0 0 990 990 990 990 990 990 990 990 990 990 990 990 990 990 990 990 990 990 990 990 990 990 990 990 990 990 990 990 990 990 990 990 990 990 990 990 990 990 990 990 0 0 0 0 0 0 0 0 0 0 0 0 0 0 0 0 0 0 0 0 0 0 0 0
0 2 96 112 4 1 1 0 0
0 2 96 120 4 1 1 0 0
0 2 104 0 4 1 64 25 396 396 396 495 495 396 495 594 396 396 396 396 396 396 396 396 297 297 396 396 396 396 396 396 198 198 297 297 297 396 396 495 297 297 297 198 297 297 297 396 297 297 297 198 198 297 297 297 297 297 297 198 297 297 297 297 198 297 297 198 297 198 198 297
0 2 104 8 4 1 64 25 198 198 198 198 198 198 297 198 99 99 198 99 99 198 198 198 0 0 0 0 0 0 0 0 0 0 0 0 0 0 0 0 0 0 0 0 0 0 0 0 0 0 0 0 0 0 0 0 0 0 0 0 0 0 0 0 0 0 0 0 0 0 0 0
0 2 104 16 4 1 1 25 0
0 2 104 24 4 1 1 25 0
0 2 104 32 4 1 64 25 0 0 0 0 0 0 0 0 0 0 0 0 0 0 0 0 990 990 990 990 990 990 990 990 990 990 990 990 990 990 990 990 990 990 990 990 990 990 990 990 990 990 990 990 990 990 990 990 990 990 990 990 990 990 990 990 990 990 990 990 990 990 990 990
0 2 104 40 4 1 1 25 990
0 2 104 48 4 1 1 25 990
0 2 104 56 4 1 1 25 990
0 2 104 64 4 1 1 25 990
0 2 104 72 4 1 1 25 990
0 2 104 80 4 1 1 25 990
0 2 104 88 4 1 1 25 990
0 2 104 96 4 1 1 25 990
0 2 104 104 4 64 64 25 25 25 25 25 25 25 25 25 25 25 25 25 25 25 25 25 25 25 25 25 25 25 25 25 25 25 25 25 25 25 25 25 25 25 25 25 25 25 25 0 0 0 0 0 0 0 0 0 0 0 0 0 0 0 0 0 0 0 0 0 0 0 0 990 990 990 990 990 990 990 990 990 990 990 990 990 990 990 990 990 990 990 990 990 990 990 990 990 990 990 990 990 990 990 990 990 990 990 990 990 990 990 990 0 0 0 0 0 0 0 0 0 0 0 0 0 0 0 0 0 0 0 0 0 0 0 0
0 2 104 112 4 1 1 0 0
0 2 104 120 4 1 1 0 0
0 2 112 0 4 1 64 25 594 495 594 594 594 594 693 693 495 495 495 594 594 693 693 693 396 396 396 495 495 594 594 594 396 396 396 495 594 495 594 495 297 297 396 495 495 495 594 495 297 396 297 297 396 396 495 396 297 297 198 198 297 396 396 396 297 297 198 297 297 396 396 396
0 2 112 8 4 1 64 25 297 198 198 297 297 297 396 396 198 198 198 198 198 198 297 297 0 0 0 0 0 0 99 99 0 0 0 0 0 0 0 0 0 0 0 0 0 0 0 0 0 0 0 0 0 0 0 0 0 0 0 0 0 0 0 0 0 0 0 0 0 0 0 0
0 2 112 16 4 1 1 25 0
0 2 112 24 4 1 1 25 0
0 2 112 32 4 1 64 25 0 0 0 0 0 0 0 0 0 0 0 0 0 0 0 0 990 990 990 990 990 990 990 990 990 990 990 990 990 990 990 990 990 990 990 990 990 990 990 990 990 990 990 990 990 990 990 990 990 990 990 990 990 990 990 990 990 990 990 990 990 990 990 990
0 2 112 40 4 1 1 25 990
0 2 112 48 4 1 1 25 990
0 2 112 56 4 1 1 25 990
0 2 112 64 4 1 1 25 990
0 2 112 72 4 1 1 25 990
0 2 112 80 4 1 1 25 990
0 2 112 88 4 1 1 25 990
0 2 112 96 4 1 1 25 990
0 2 112 104 4 64 64 25 25 25 25 25 25 25 25 25 25 25 25 25 25 25 25 25 25 25 25 25 25 25 25 25 25 25 25 25 25 25 25 25 25 25 25 25 25 25 25 0 0 0 0 0 0 0 0 0 0 0 0 0 0 0 0 0 0 0 0 0 0 0 0 990 990 990 990 990 990 990 990 990 990 990 990 990 990 990 990 990 990 990 990 990 990 990 990 990 990 990 990 990 990 990 990 990 990 990 990 990 990 990 990 0 0 0 0 0 0 0 0 0 0 0 0 0 0 0 0 0 0 0 0 0 0 0 0
0 2 112 112 4 1 1 0 0
0 2 112 120 4 1 1 0 0
0 2 120 0 4 1 64 25 693 693 693 693 792 891 1089 1287 693 594 693 594 693 792 891 990 594 495 594 594 594 693 792 891 495 495 495 495 495 594 693 792 495 495 495 495 495 495 693 693 396 396 495 396 396 396 495 693 396 396 495 396 495 495 495 594 396 396 396 396 396 495 495 495
0 2 120 8 4 1 64 25 396 396 396 495 495 495 396 396 297 297 297 297 297 198 297 297 99 99 99 0 0 0 99 99 0 0 0 0 0 0 0 0 0 0 0 0 0 0 0 0 0 0 0 0 0 0 0 0 0 0 0 0 0 0 0 0 0 0 0 0 0 0 0 0
0 2 120 16 4 1 1 25 0
0 2 120 24 4 1 1 25 0
0 2 120 32 4 1 64 25 0 0 0 0 0 0 0 0 0 0 0 0 0 0 0 0 990 990 990 990 990 990 990 990 990 990 990 990 990 990 990 990 990 990 990 990 990 990 990 990 990 990 990 990 990 990 990 990 990 990 990 990 990 990 990 990 990 990 990 990 990 990 990 990
0 2 120 40 4 1 1 25 990
0 2 120 48 4 1 1 25 990
0 2 120 56 4 1 1 25 990
0 2 120 64 4 1 1 25 990
0 2 120 72 4 1 1 25 990
0 2 120 80 4 1 1 25 990
0 2 120 88 4 1 1 25 990
0 2 120 96 4 1 1 25 990
0 2 120 104 4 64 64 25 25 25 25 25 25 25 25 25 25 25 25 25 25 25 25 25 25 25 25 25 25 25 25 25 25 25 25 25 25 25 25 25 25 25 25 25 25 25 25 0 0 0 0 0 0 0 0 0 0 0 0 0 0 0 0 0 0 0 0 0 0 0 0 990 990 990 990 990 990 990 990 990 990 990 990 990 990 990 990 990 990 990 990 990 990 990 990 990 990 990 990 990 990 990 990 990 990 990 990 990 990 990 990 0 0 0 0 0 0 0 0 0 0 0 0 0 0 0 0 0 0 0 0 0 0 0 0
0 2 120 112 4 1 1 0 0
0 2 120 120 4 1 1 0 0
1 -2 0 0 4 1 1 0 0
1 -2 0 8 4 1 1 0 0
1 -2 0 16 4 64 64 0 0 0 0 0 0 0 0 0 0 0 0 0 0 0 0 0 0 0 0 0 0 0 0 0 0 0 0 0 0 0 0 0 0 0 0 0 0 0 0 25 25 25 25 25 25 25 25 25 25 25 25 25 25 25 25 25 25 25 25 25 25 25 25 0 0 0 0 0 0 0 0 0 0 0 0 0 0 0 0 0 0 0 0 0 0 0 0 0 0 0 0 0 0 0 0 0 0 0 0 0 0 0 0 990 990 990 990 990 990 990 990 990 990 990 990 990 990 990 990 990 990 990 990 990 990 990 990
1 -2 0 24 4 1 1 25 990
1 -2 0 32 4 1 1 25 990
1 -2 0 40 4 1 1 25 990
1 -2 0 48 4 1 1 25 990
1 -2 0 56 4 1 1 25 990
1 -2 0 64 4 1 1 25 990
1 -2 0 72 4 1 1 25 990
1 -2 0 80 4 1 1 25 990
1 -2 0 88 4 1 1 25 990
1 -2 0 96 4 1 64 25 0 0 0 0 0 0 0 0 0 0 0 0 0 0 0 0 0 0 0 0 0 0 0 0 0 0 0 0 0 0 0 0 0 0 0 0 0 0 0 0 0 0 0 0 0 0 0 0 99 132 99 132 132 99 99 132 495 495 495 495 495 495 495 495
1 -2 0 104 4 1 64 25 957 891 858 858 858 891 891 891 1089 1089 990 990 990 990 990 990 1188 1188 1089 1089 1089 990 990 990 1386 1287 1221 1188 1089 1089 990 990 1683 1551 1386 1386 1287 1188 1089 1089 1980 1815 1683 1584 1485 1386 1254 1188 2277 2079 1947 1782 1683 1584 1419 1386 2475 2376 2178 2079 1881 1782 1584 1485
1 -2 0 112 4 1 64 25 2772 2574 2376 2277 2178 1980 1782 1683 2970 2772 2673 2574 2376 2178 1980 1881 3201 3069 2871 2772 2574 2376 2277 2079 3366 3168 3069 2871 2772 2574 2376 2277 3465 3366 3168 3069 2970 2772 2574 2475 3564 3465 3267 3168 3069 2871 2772 2574 3564 3465 3366 3267 3168 3069 2871 2772 3564 3465 3465 3366 3267 3168 2970 2871
1 -2 0 120 4 1 64 25 3663 3564 3465 3465 3366 3267 3069 2970 3663 3564 3564 3465 3432 3333 3168 3069 3663 3564 3564 3465 3465 3366 3267 3168 3663 3564 3564 3498 3465 3366 3267 3168 3663 3564 3498 3498 3465 3366 3366 3267 3663 3564 3498 3498 3465 3465 3366 3366 3663 3564 3564 3498 3465 3465 3366 3366 3663 3564 3564 3564 3465 3465 3465 3366
1 -2 8 0 4 1 1 0 0
1 -2 8 8 4 1 1 0 0
1 -2 8 16 4 64 64 0 0 0 0 0 0 0 0 0 0 0 0 0 0 0 0 0 0 0 0 0 0 0 0 0 0 0 0 0 0 0 0 0 0 0 0 0 0 0 0 25 25 25 25 25 25 25 25 25 25 25 25 25 25 25 25 25 25 25 25 25 25 25 25 0 0 0 0 0 0 0 0 0 0 0 0 0 0 0 0 0 0 0 0 0 0 0 0 0 0 0 0 0 0 0 0 0 0 0 0 0 0 0 0 990 990 990 990 990 990 990 990 990 990 990 990 990 990 990 990 990 990 990 990 990 990 990 990
1 -2 8 24 4 1 1 25 990
1 -2 8 32 4 1 1 25 990
1 -2 8 40 4 1 1 25 990
1 -2 8 48 4 1 1 25 990
1 -2 8 56 4 1 1 25 990
1 -2 8 64 4 1 1 25 990
1 -2 8 72 4 1 1 25 990
1 -2 8 80 4 1 1 25 990
1 -2 8 88 4 1 1 25 990
1 -2 8 96 4 1 64 25 0 0 0 0 0 0 0 0 0 0 0 0 0 0 0 0 0 0 0 0 0 0 0 0 0 0 0 0 0 0 0 0 0 0 0 0 0 0 0 0 0 0 0 0 0 0 0 0 99 99 99 132 132 99 132 99 495 495 495 495 495 495 495 495
1 -2 8 104 4 1 64 25 858 891 891 891 858 891 891 891 990 990 990 990 990 990 990 990 990 990 990 990 990 990 990 990 990 990 990 990 990 990 990 990 1089 990 990 990 990 990 990 990 1155 1089 990 990 990 990 990 990 1287 1089 1089 990 990 990 990 990 1386 1254 1122 1089 1089 990 990 990
1 -2 8 112 4 1 64 25 1518 1386 1287 1188 1089 990 990 990 1782 1584 1386 1287 1188 1089 990 990 1980 1782 1584 1485 1287 1188 1089 1056 2079 1881 1749 1584 1386 1287 1188 1089 2277 2079 1881 1782 1584 1386 1287 1188 2376 2178 2013 1881 1782 1584 1419 1353 2574 2376 2178 2046 1881 1683 1518 1452 2673 2475 2376 2244 2079 1881 1782 1650
1 -2 8 120 4 1 64 25 2772 2673 2475 2376 2178 1980 1881 1782 2871 2772 2574 2475 2376 2178 1980 1881 2970 2871 2673 2574 2475 2277 2079 1980 3069 2970 2805 2706 2574 2376 2277 2178 3168 3069 2970 2838 2673 2574 2376 2277 3267 3168 3069 2904 2772 2673 2541 2442 3267 3168 3069 2970 2871 2772 2673 2574 3366 3267 3168 3069 2970 2871 2772 2673
1 -2 16 0 4 1 1 0 0
1 -2 16 8 4 1 1 0 0
1 -2 16 16 4 64 64 0 0 0 0 0 0 0 0 0 0 0 0 0 0 0 0 0 0 0 0 0 0 0 0 0 0 0 0 0 0 0 0 0 0 0 0 0 0 0 0 25 25 25 25 25 25 25 25 25 25 25 25 25 25 25 25 25 25 25 25 25 25 25 25 0 0 0 0 0 0 0 0 0 0 0 0 0 0 0 0 0 0 0 0 0 0 0 0 0 0 0 0 0 0 0 0 0 0 0 0 0 0 0 0 990 990 990 990 990 990 990 990 990 990 990 990 990 990 990 990 990 990 990 990 990 990 990 990
1 -2 16 24 4 1 1 25 990
1 -2 16 32 4 1 1 25 990
1 -2 16 40 4 1 1 25 990
1 -2 16 48 4 1 1 25 990
1 -2 16 56 4 1 1 25 990
1 -2 16 64 4 1 1 25 990
1 -2 16 72 4 1 1 25 990
1 -2 16 80 4 1 1 25 990
1 -2 16 88 4 1 1 25 990
1 -2 16 96 4 1 64 25 0 0 0 0 0 0 0 0 0 0 0 0 0 0 0 0 0 0 0 0 0 0 0 0 0 0 0 0 0 0 0 0 0 0 0 0 0 0 0 0 0 0 0 0 0 0 0 0 99 99 99 99 99 99 99 99 495 495 495 495 495 495 495 495
1 -2 16 104 4 1 64 25 891 891 891 891 891 891 891 891 990 990 990 990 990 990 990 990 990 990 990 990 990 990 990 990 990 990 990 990 990 990 990 990 990 990 990 990 990 990 990 990 990 990 990 990 990 990 990 990 990 990 990 990 990 990 990 990 990 990 990 990 990 990 990 990
1 -2 16 112 4 1 64 25 990 891 891 990 990 990 990 990 990 891 891 891 891 891 891 891 1089 990 924 891 891 891 891 891 1089 990 891 891 891 891 891 891 1089 1089 990 891 891 891 891 891 1221 1188 1089 990 891 891 891 891 1320 1287 1188 1089 990 891 891 891 1485 1386 1287 1188 1089 990 990 990
1 -2 16 120 4 1 64 25 1584 1485 1386 1287 1188 1089 1089 990 1782 1584 1485 1386 1287 1188 1188 1089 1848 1749 1683 1485 1386 1287 1287 1188 1980 1881 1782 1683 1485 1386 1386 1287 2112 1980 1881 1782 1584 1485 1485 1386 2277 2178 2079 1881 1782 1584 1518 1485 2475 2277 2178 2079 1881 1749 1683 1485 2574 2376 2277 2178 2079 1881 1782 1584
1 -2 24 0 4 1 1 0 0
1 -2 24 8 4 1 1 0 0
1 -2 24 16 4 64 64 0 0 0 0 0 0 0 0 0 0 0 0 0 0 0 0 0 0 0 0 0 0 0 0 0 0 0 0 0 0 0 0 0 0 0 0 0 0 0 0 25 25 25 25 25 25 25 25 25 25 25 25 25 25 25 25 25 25 25 25 25 25 25 25 0 0 0 0 0 0 0 0 0 0 0 0 0 0 0 0 0 0 0 0 0 0 0 0 0 0 0 0 0 0 0 0 0 0 0 0 0 0 0 0 990 990 990 990 990 990 990 990 990 990 990 990 990 990 990 990 990 990 990 990 990 990 990 990
1 -2 24 24 4 1 1 25 990
1 -2 24 32 4 1 1 25 990
1 -2 24 40 4 1 1 25 990
1 -2 24 48 4 1 1 25 990
1 -2 24 56 4 1 1 25 990
1 -2 24 64 4 1 1 25 990
1 -2 24 72 4 1 1 25 990
1 -2 24 80 4 1 1 25 990
1 -2 24 88 4 1 1 25 990
1 -2 24 96 4 1 64 25 0 0 0 0 0 0 0 0 0 0 0 0 0 0 0 0 0 0 0 0 0 0 0 0 0 0 0 0 0 0 0 0 0 0 0 0 0 0 0 0 0 0 0 0 0 0 0 0 99 99 99 99 99 99 99 99 495 495 495 495 495 495 495 495
1 -2 24 104 4 1 64 25 891 891 891 891 891 891 891 891 990 990 990 990 990 990 990 990 990 990 990 990 990 990 990 990 990 990 990 990 990 990 990 990 990 990 990 990 990 990 990 990 990 990 990 990 990 990 990 990 990 990 990 990 990 990 990 990 990 990 990 990 990 990 990 990
1 -2 24 112 4 1 64 25 990 990 990 990 990 990 990 990 891 891 891 891 990 990 990 891 891 891 990 891 891 891 891 891 891 891 891 891 891 891 891 891 891 891 891 891 891 891 891 891 891 891 891 891 891 891 891 891 891 891 891 891 891 891 891 891 891 891 891 891 891 891 891 891
1 -2 24 120 4 1 64 25 990 891 891 891 891 891 891 990 990 990 990 891 891 891 990 990 1089 990 990 990 990 990 990 990 1188 1089 1089 990 990 990 990 990 1287 1188 1089 1089 990 990 990 990 1386 1188 1188 1089 1089 990 990 990 1386 1287 1287 1188 1089 1089 990 990 1485 1386 1287 1188 1089 1089 1089 990
1 -2 32 0 4 1 1 0 0
1 -2 32 8 4 1 1 0 0
1 -2 32 16 4 64 64 0 0 0 0 0 0 0 0 0 0 0 0 0 0 0 0 0 0 0 0 0 0 0 0 0 0 0 0 0 0 0 0 0 0 0 0 0 0 0 0 25 25 25 25 25 25 25 25 25 25 25 25 25 25 25 25 25 25 25 25 25 25 25 25 0 0 0 0 0 0 0 0 0 0 0 0 0 0 0 0 0 0 0 0 0 0 0 0 0 0 0 0 0 0 0 0 0 0 0 0 0 0 0 0 990 990 990 990 990 990 990 990 990 990 990 990 990 990 990 990 990 990 990 990 990 990 990 990
1 -2 32 24 4 1 1 25 990
1 -2 32 32 4 1 1 25 990
1 -2 32 40 4 1 1 25 990
1 -2 32 48 4 1 1 25 990
1 -2 32 56 4 1 1 25 990
1 -2 32 64 4 1 1 25 990
1 -2 32 72 4 1 1 25 990
1 -2 32 80 4 1 1 25 990
1 -2 32 88 4 1 1 25 990
1 -2 32 96 4 1 64 25 0 0 0 0 0 0 0 0 0 0 0 0 0 0 0 0 0 0 0 0 0 0 0 0 0 0 0 0 0 0 0 0 0 0 0 0 0 0 0 0 0 0 0 0 0 0 0 0 99 99 99 99 99 99 99 99 495 495 495 495 495 495 495 495
1 -2 32 104 4 1 64 25 891 891 891 891 891 891 891 891 990 990 990 990 891 990 990 990 990 990 990 891 792 891 990 990 990 990 990 891 792 792 990 990 891 891 990 891 693 693 891 1089 891 792 891 891 693 594 693 990 792 693 792 891 792 594 594 792 792 693 693 891 891 594 495 594
1 -2 32 112 4 1 64 25 891 693 594 693 891 759 495 396 891 693 495 561 792 825 495 297 891 792 495 429 693 825 693 297 891 891 594 396 495 792 792 396 891 891 693 396 396 693 792 693 891 990 792 495 297 495 792 858 990 990 891 594 297 396 792 957 990 990 990 792 396 297 693 1056
1 -2 32 120 4 1 64 25 990 990 990 891 495 297 495 957 990 990 990 990 792 396 396 792 990 990 990 1089 990 594 396 594 990 990 990 1089 1089 792 396 396 990 990 990 990 1089 891 396 297 990 990 990 990 1089 891 495 297 990 990 990 990 990 957 693 297 990 990 990 990 990 990 792 429
1 -2 40 0 4 1 1 0 0
1 -2 40 8 4 1 1 0 0
1 -2 40 16 4 64 64 0 0 0 0 0 0 0 0 0 0 0 0 0 0 0 0 0 0 0 0 0 0 0 0 0 0 0 0 0 0 0 0 0 0 0 0 0 0 0 0 25 25 25 25 25 25 25 25 25 25 25 25 25 25 25 25 25 25 25 25 25 25 25 25 0 0 0 0 0 0 0 0 0 0 0 0 0 0 0 0 0 0 0 0 0 0 0 0 0 0 0 0 0 0 0 0 0 0 0 0 0 0 0 0 990 990 990 990 990 990 990 990 990 990 990 990 990 990 990 990 990 990 990 990 990 990 990 990
1 -2 40 24 4 1 1 25 990
1 -2 40 32 4 1 1 25 990
1 -2 40 40 4 1 1 25 990
1 -2 40 48 4 1 1 25 990
1 -2 40 56 4 1 1 25 990
1 -2 40 64 4 1 1 25 990
1 -2 40 72 4 1 1 25 990
1 -2 40 80 4 1 1 25 990
1 -2 40 88 4 1 1 25 990
1 -2 40 96 4 1 64 25 0 0 0 0 0 0 0 0 0 0 0 0 0 0 0 0 0 0 0 0 0 0 0 0 0 0 0 0 0 0 0 0 0 0 0 0 0 0 0 0 0 0 0 0 0 0 0 0 99 198 198 198 99 99 99 99 495 495 594 495 495 495 495 495
1 -2 40 104 4 1 64 25 891 891 990 891 891 891 891 891 990 1089 1089 990 990 891 891 891 1089 1089 1089 990 990 891 891 891 1089 1089 1089 990 891 891 891 891 1089 1089 990 990 990 891 891 891 1089 1089 990 990 891 891 891 891 990 1089 990 990 990 891 891 891 891 1089 990 990 891 891 891 891
1 -2 40 112 4 1 64 25 693 990 990 990 891 891 891 891 495 891 990 990 891 891 891 891 396 792 990 990 891 891 891 891 297 693 990 990 891 891 891 891 396 594 891 990 891 891 891 891 561 594 891 990 891 891 891 891 693 495 792 990 990 891 891 891 858 495 594 891 990 891 891 891
1 -2 40 120 4 1 64 25 858 495 495 792 990 990 891 891 858 495 297 693 990 990 891 891 792 594 297 495 792 990 891 891 693 693 396 396 693 891 891 891 594 693 495 297 594 891 990 891 495 792 693 396 495 792 990 891 396 693 693 495 396 693 891 891 297 495 693 594 396 594 891 891
1 -2 48 0 4 1 1 0 0
1 -2 48 8 4 1 1 0 0
1 -2 48 16 4 64 64 0 0 0 0 0 0 0 0 0 0 0 0 0 0 0 0 0 0 0 0 0 0 0 0 0 0 0 0 0 0 0 0 0 0 0 0 0 0 0 0 25 25 25 25 25 25 25 25 25 25 25 25 25 25 25 25 25 25 25 25 25 25 25 25 0 0 0 0 0 0 0 0 0 0 0 0 0 0 0 0 0 0 0 0 0 0 0 0 0 0 0 0 0 0 0 0 0 0 0 0 0 0 0 0 990 990 990 990 990 990 990 990 990 990 990 990 990 990 990 990 990 990 990 990 990 990 990 990
1 -2 48 24 4 1 1 25 990
1 -2 48 32 4 1 1 25 990
1 -2 48 40 4 1 1 25 990
1 -2 48 48 4 1 1 25 990
1 -2 48 56 4 1 1 25 990
1 -2 48 64 4 1 1 25 990
1 -2 48 72 4 1 1 25 990
1 -2 48 80 4 1 1 25 990
1 -2 48 88 4 1 1 25 990
1 -2 48 96 4 1 64 25 0 0 0 0 0 0 0 0 0 0 0 0 0 0 0 0 0 0 0 0 0 0 0 0 0 0 0 0 0 0 0 0 0 0 0 0 0 0 0 0 0 0 0 0 0 0 0 0 99 99 99 99 99 99 99 99 495 495 396 396 396 396 396 396
1 -2 48 104 4 1 64 25 792 792 792 792 693 693 693 693 891 891 792 792 792 693 693 693 891 891 792 792 792 693 693 693 891 891 792 792 792 693 693 693 891 891 792 792 792 693 693 693 891 891 792 792 792 693 693 594 891 891 792 792 792 693 693 693 891 891 792 792 792 693 693 594
1 -2 48 112 4 1 64 25 891 891 792 792 792 693 693 594 891 891 792 792 792 792 693 693 891 891 792 792 792 792 693 693 891 891 792 792 792 792 693 693 891 891 891 792 792 792 693 693 891 891 792 792 792 792 693 693 891 891 891 792 792 792 693 693 891 891 891 792 792 792 693 693
1 -2 48 120 4 1 64 25 891 891 891 792 792 792 693 693 891 891 891 891 792 792 792 693 891 891 891 891 792 792 792 693 891 891 891 891 891 792 792 693 891 891 891 891 891 792 792 792 891 891 891 891 891 792 792 792 891 891 891 891 891 891 792 792 891 891 891 891 891 891 792 792
1 -2 56 0 4 1 1 0 0
1 -2 56 8 4 1 1 0 0
1 -2 56 16 4 64 64 0 0 0 0 0 0 0 0 0 0 0 0 0 0 0 0 0 0 0 0 0 0 0 0 0 0 0 0 0 0 0 0 0 0 0 0 0 0 0 0 25 25 25 25 25 25 25 25 25 25 25 25 25 25 25 25 25 25 25 25 25 25 25 25 0 0 0 0 0 0 0 0 0 0 0 0 0 0 0 0 0 0 0 0 0 0 0 0 0 0 0 0 0 0 0 0 0 0 0 0 0 0 0 0 990 990 990 990 990 990 990 990 990 990 990 990 990 990 990 990 990 990 990 990 990 990 990 990
1 -2 56 24 4 1 1 25 990
1 -2 56 32 4 1 1 25 990
1 -2 56 40 4 1 1 25 990
1 -2 56 48 4 1 1 25 990
1 -2 56 56 4 1 1 25 990
1 -2 56 64 4 1 1 25 990
1 -2 56 72 4 1 1 25 990
1 -2 56 80 4 1 1 25 990
1 -2 56 88 4 1 1 25 990
1 -2 56 96 4 1 64 25 0 0 0 0 0 0 0 0 0 0 0 0 0 0 0 0 0 0 0 0 0 0 0 0 0 0 0 0 0 0 0 0 0 0 0 0 0 0 0 0 0 0 0 0 0 0 0 0 99 99 99 0 0 0 0 0 396 297 297 297 198 198 198 198
1 -2 56 104 4 1 64 25 594 594 495 495 396 396 297 297 594 594 495 495 396 396 297 297 594 594 495 495 396 396 297 297 594 594 495 495 396 396 297 297 594 594 495 495 396 297 297 297 594 594 495 396 396 297 297 297 594 594 495 396 396 396 297 297 594 594 495 495 396 396 297 297
1 -2 56 112 4 1 64 25 594 594 495 396 396 396 297 297 594 594 495 495 396 396 297 297 594 594 495 495 396 396 297 297 594 594 495 495 396 396 297 297 594 594 495 495 396 396 297 297 693 594 594 495 495 396 297 297 693 594 594 495 495 396 396 297 693 594 594 495 495 396 396 297
1 -2 56 120 4 1 64 25 693 594 594 495 495 396 396 396 693 594 594 495 495 495 396 396 693 693 594 594 495 495 396 396 693 693 594 594 495 495 495 396 693 693 594 594 594 495 495 396 792 693 693 594 594 495 495 495 792 693 693 594 594 594 495 495 792 693 693 693 693 594 495 495
1 -2 64 0 4 1 1 0 0
1 -2 64 8 4 1 1 0 0
1 -2 64 16 4 64 64 0 0 0 0 0 0 0 0 0 0 0 0 0 0 0 0 0 0 0 0 0 0 0 0 0 0 0 0 0 0 0 0 0 0 0 0 0 0 0 0 25 25 25 25 25 25 25 25 25 25 25 25 25 25 25 25 25 25 25 25 25 25 25 25 0 0 0 0 0 0 0 0 0 0 0 0 0 0 0 0 0 0 0 0 0 0 0 0 0 0 0 0 0 0 0 0 0 0 0 0 0 0 0 0 990 990 990 990 990 990 990 990 990 990 990 990 990 990 990 990 990 990 990 990 990 990 990 990
1 -2 64 24 4 1 1 25 990
1 -2 64 32 4 1 1 25 990
1 -2 64 40 4 1 1 25 990
1 -2 64 48 4 1 1 25 990
1 -2 64 56 4 1 1 25 990
1 -2 64 64 4 1 1 25 990
1 -2 64 72 4 1 1 25 990
1 -2 64 80 4 1 1 25 990
1 -2 64 88 4 1 1 25 990
1 -2 64 96 4 1 64 25 0 0 0 0 0 0 0 0 0 0 0 0 0 0 0 0 0 0 0 0 0 0 0 0 0 0 0 0 0 0 0 0 0 0 0 0 0 0 0 0 0 0 0 0 0 0 0 0 0 0 0 0 0 0 0 0 99 99 99 99 99 99 0 0
1 -2 64 104 4 1 64 25 198 198 99 99 99 99 0 0 198 198 99 99 99 99 0 0 198 198 99 99 99 99 0 0 198 198 99 99 99 0 0 0 198 198 99 99 99 0 0 0 198 198 99 99 99 0 0 0 198 198 99 99 99 0 0 0 198 198 99 99 99 0 0 0
1 -2 64 112 4 1 64 25 198 198 99 99 99 0 0 0 198 198 99 99 99 99 0 0 198 198 99 99 99 99 0 0 198 198 99 99 99 99 0 0 198 198 99 99 99 99 0 0 297 198 198 99 99 99 99 0 297 198 198 198 99 99 99 0 297 198 198 198 99 99 99 99
1 -2 64 120 4 1 64 25 297 198 198 198 99 99 99 99 297 297 198 198 198 99 99 99 297 297 198 198 198 99 99 99 396 297 297 198 198 99 99 99 396 297 297 297 198 198 99 99 396 396 297 297 198 198 198 198 396 396 297 297 297 198 198 198 495 396 396 297 297 198 198 198
1 -2 72 0 4 1 1 0 0
1 -2 72 8 4 1 1 0 0
1 -2 72 16 4 64 64 0 0 0 0 0 0 0 0 0 0 0 0 0 0 0 0 0 0 0 0 0 0 0 0 0 0 0 0 0 0 0 0 0 0 0 0 0 0 0 0 25 25 25 25 25 25 25 25 25 25 25 25 25 25 25 25 25 25 25 25 25 25 25 25 0 0 0 0 0 0 0 0 0 0 0 0 0 0 0 0 0 0 0 0 0 0 0 0 0 0 0 0 0 0 0 0 0 0 0 0 0 0 0 0 990 990 990 990 990 990 990 990 990 990 990 990 990 990 990 990 990 990 990 990 990 990 990 990
1 -2 72 24 4 1 1 25 990
1 -2 72 32 4 1 1 25 990
1 -2 72 40 4 1 1 25 990
1 -2 72 48 4 1 1 25 990
1 -2 72 56 4 1 1 25 990
1 -2 72 64 4 1 1 25 990
1 -2 72 72 4 1 1 25 990
1 -2 72 80 4 1 1 25 990
1 -2 72 88 4 1 1 25 990
1 -2 72 96 4 1 1 25 0
1 -2 72 104 4 1 1 25 0
1 -2 72 112 4 1 1 25 0
1 -2 72 120 4 1 64 25 99 0 0 0 0 0 0 0 99 0 0 0 0 0 0 0 99 99 0 0 0 0 0 0 99 99 0 0 0 0 0 0 99 99 99 0 0 0 0 0 99 99 99 99 0 0 0 0 99 99 99 99 0 0 0 0 198 99 99 99 99 0 0 0
1 -2 80 0 4 1 1 0 0
1 -2 80 8 4 1 1 0 0
1 -2 80 16 4 64 64 0 0 0 0 0 0 0 0 0 0 0 0 0 0 0 0 0 0 0 0 0 0 0 0 0 0 0 0 0 0 0 0 0 0 0 0 0 0 0 0 25 25 25 25 25 25 25 25 25 25 25 25 25 25 25 25 25 25 25 25 25 25 25 25 0 0 0 0 0 0 0 0 0 0 0 0 0 0 0 0 0 0 0 0 0 0 0 0 0 0 0 0 0 0 0 0 0 0 0 0 0 0 0 0 990 990 990 990 990 990 990 990 990 990 990 990 990 990 990 990 990 990 990 990 990 990 990 990
1 -2 80 24 4 1 1 25 990
1 -2 80 32 4 1 1 25 990
1 -2 80 40 4 1 1 25 990
1 -2 80 48 4 1 1 25 990
1 -2 80 56 4 1 1 25 990
1 -2 80 64 4 1 1 25 990
1 -2 80 72 4 1 1 25 990
1 -2 80 80 4 1 1 25 990
1 -2 80 88 4 1 1 25 990
1 -2 80 96 4 1 1 25 0
1 -2 80 104 4 1 1 25 0
1 -2 80 112 4 1 1 25 0
1 -2 80 120 4 1 64 25 0 0 0 0 0 0 0 0 0 0 0 0 0 0 0 0 0 0 0 0 0 0 0 0 0 0 0 0 0 0 0 0 0 0 0 0 0 0 0 0 0 0 0 0 0 0 0 0 0 0 0 0 0 0 0 0 0 99 99 99 99 99 99 99
1 -2 88 0 4 1 1 0 0
1 -2 88 8 4 1 1 0 0
1 -2 88 16 4 64 64 0 0 0 0 0 0 0 0 0 0 0 0 0 0 0 0 0 0 0 0 0 0 0 0 0 0 0 0 0 0 0 0 0 0 0 0 0 0 0 0 25 25 25 25 25 25 25 25 25 25 25 25 25 25 25 25 25 25 25 25 25 25 25 25 0 0 0 0 0 0 0 0 0 0 0 0 0 0 0 0 0 0 0 0 0 0 0 0 0 0 0 0 0 0 0 0 0 0 0 0 0 0 0 0 990 990 990 990 990 990 990 990 990 990 990 990 990 990 990 990 990 990 990 990 990 990 990 990
1 -2 88 24 4 1 1 25 990
1 -2 88 32 4 1 1 25 990
1 -2 88 40 4 1 1 25 990
1 -2 88 48 4 1 1 25 990
1 -2 88 56 4 1 1 25 990
1 -2 88 64 4 1 1 25 990
1 -2 88 72 4 1 1 25 990
1 -2 88 80 4 1 1 25 990
1 -2 88 88 4 1 1 25 990
1 -2 88 96 4 1 1 25 0
1 -2 88 104 4 1 1 25 0
1 -2 88 112 4 1 1 25 0
1 -2 88 120 4 1 64 25 0 0 0 0 0 0 0 0 0 0 0 0 0 0 0 0 0 0 0 0 0 0 0 0 0 0 0 0 0 0 0 0 0 0 0 0 0 0 0 0 0 0 0 0 99 99 99 99 0 99 99 99 99 99 99 99 99 99 99 99 99 99 99 99
1 -2 96 0 4 1 1 0 0
1 -2 96 8 4 1 1 0 0
1 -2 96 16 4 64 64 0 0 0 0 0 0 0 0 0 0 0 0 0 0 0 0 0 0 0 0 0 0 0 0 0 0 0 0 0 0 0 0 0 0 0 0 0 0 0 0 25 25 25 25 25 25 25 25 25 25 25 25 25 25 25 25 25 25 25 25 25 25 25 25 0 0 0 0 0 0 0 0 0 0 0 0 0 0 0 0 0 0 0 0 0 0 0 0 0 0 0 0 0 0 0 0 0 0 0 0 0 0 0 0 990 990 990 990 990 990 990 990 990 990 990 990 990 990 990 990 990 990 990 990 990 990 990 990
1 -2 96 24 4 1 1 25 990
1 -2 96 32 4 1 1 25 990
1 -2 96 40 4 1 1 25 990
1 -2 96 48 4 1 1 25 990
1 -2 96 56 4 1 1 25 990
1 -2 96 64 4 1 1 25 990
1 -2 96 72 4 1 1 25 990
1 -2 96 80 4 1 1 25 990
1 -2 96 88 4 1 1 25 990
1 -2 96 96 4 1 1 25 0
1 -2 96 104 4 1 1 25 0
1 -2 96 112 4 1 1 25 0
1 -2 96 120 4 1 64 25 0 0 0 0 0 0 0 0 0 0 0 0 0 0 0 0 0 0 0 0 0 0 0 0 0 0 0 0 0 0 0 0 0 0 0 0 0 0 0 0 0 99 99 99 0 0 0 0 99 99 99 99 99 0 0 0 99 99 99 99 99 99 99 99
1 -2 104 0 4 1 1 0 0
1 -2 104 8 4 1 1 0 0
1 -2 104 16 4 64 64 0 0 0 0 0 0 0 0 0 0 0 0 0 0 0 0 0 0 0 0 0 0 0 0 0 0 0 0 0 0 0 0 0 0 0 0 0 0 0 0 25 25 25 25 25 25 25 25 25 25 25 25 25 25 25 25 25 25 25 25 25 25 25 25 0 0 0 0 0 0 0 0 0 0 0 0 0 0 0 0 0 0 0 0 0 0 0 0 0 0 0 0 0 0 0 0 0 0 0 0 0 0 0 0 990 990 990 990 990 990 990 990 990 990 990 990 990 990 990 990 990 990 990 990 990 990 990 990
1 -2 104 24 4 1 1 25 990
1 -2 104 32 4 1 1 25 990
1 -2 104 40 4 1 1 25 990
1 -2 104 48 4 1 1 25 990
1 -2 104 56 4 1 1 25 990
1 -2 104 64 4 1 1 25 990
1 -2 104 72 4 1 1 25 990
1 -2 104 80 4 1 1 25 990
1 -2 104 88 4 1 1 25 990
1 -2 104 96 4 1 1 25 0
1 -2 104 104 4 1 1 25 0
1 -2 104 112 4 1 1 25 0
1 -2 104 120 4 1 64 25 0 0 0 0 0 0 0 0 0 0 0 0 0 0 0 0 0 0 0 0 0 0 0 0 0 0 0 0 0 0 0 0 0 0 0 0 0 0 0 0 0 0 0 0 0 0 0 0 0 0 0 0 0 0 0 0 99 99 99 99 99 0 0 0
1 -2 112 0 4 1 1 0 0
1 -2 112 8 4 1 1 0 0
1 -2 112 16 4 64 64 0 0 0 0 0 0 0 0 0 0 0 0 0 0 0 0 0 0 0 0 0 0 0 0 0 0 0 0 0 0 0 0 0 0 0 0 0 0 0 0 25 25 25 25 25 25 25 25 25 25 25 25 25 25 25 25 25 25 25 25 25 25 25 25 0 0 0 0 0 0 0 0 0 0 0 0 0 0 0 0 0 0 0 0 0 0 0 0 0 0 0 0 0 0 0 0 0 0 0 0 0 0 0 0 990 990 990 990 990 990 990 990 990 990 990 990 990 990 990 990 990 990 990 990 990 990 990 990
1 -2 112 24 4 1 1 25 990
1 -2 112 32 4 1 1 25 990
1 -2 112 40 4 1 1 25 990
1 -2 112 48 4 1 1 25 990
1 -2 112 56 4 1 1 25 990
1 -2 112 64 4 1 1 25 990
1 -2 112 72 4 1 1 25 990
1 -2 112 80 4 1 1 25 990
1 -2 112 88 4 1 1 25 990
1 -2 112 96 4 1 1 25 0
1 -2 112 104 4 1 1 25 0
1 -2 112 112 4 1 1 25 0
1 -2 112 120 4 1 1 25 0
1 -2 120 0 4 1 1 0 0
1 -2 120 8 4 1 1 0 0
1 -2 120 16 4 64 64 0 0 0 0 0 0 0 0 0 0 0 0 0 0 0 0 0 0 0 0 0 0 0 0 0 0 0 0 0 0 0 0 0 0 0 0 0 0 0 0 25 25 25 25 25 25 25 25 25 25 25 25 25 25 25 25 25 25 25 25 25 25 25 25 0 0 0 0 0 0 0 0 0 0 0 0 0 0 0 0 0 0 0 0 0 0 0 0 0 0 0 0 0 0 0 0 0 0 0 0 0 0 0 0 990 990 990 990 990 990 990 990 990 990 990 990 990 990 990 990 990 990 990 990 990 990 990 990
1 -2 120 24 4 1 1 25 990
1 -2 120 32 4 1 1 25 990
1 -2 120 40 4 1 1 25 990
1 -2 120 48 4 1 1 25 990
1 -2 120 56 4 1 1 25 990
1 -2 120 64 4 1 1 25 990
1 -2 120 72 4 1 1 25 990
1 -2 120 80 4 1 1 25 990
1 -2 120 88 4 1 1 25 990
1 -2 120 96 4 1 1 25 0
1 -2 120 104 4 1 1 25 0
1 -2 120 112 4 1 1 25 0
1 -2 120 120 4 1 64 25 0 0 0 0 0 0 0 0 0 0 0 0 0 0 0 0 0 0 0 0 0 0 0 0 0 0 0 0 0 0 0 0 0 0 0 0 0 0 0 0 0 0 0 0 0 0 0 0 0 0 0 0 0 0 0 0 0 0 0 0 0 0 99 99
1 -1 0 0 4 1 64 25 3564 3564 3564 3564 3465 3465 3465 3465 3498 3498 3564 3564 3465 3465 3465 3465 3465 3465 3564 3564 3564 3465 3465 3465 3465 3465 3564 3564 3564 3465 3465 3465 3366 3465 3465 3564 3564 3564 3465 3465 3366 3366 3465 3564 3564 3564 3564 3564 3267 3366 3465 3465 3564 3564 3564 3564 3267 3366 3432 3465 3531 3564 3630 3564
1 -1 0 8 4 64 64 25 25 25 25 25 25 25 25 25 25 25 25 25 25 25 25 25 25 25 25 25 25 25 25 25 25 25 25 25 25 32793 32793 25 25 25 25 25 49177 25 25 25 25 25 25 25 49177 25 25 25 25 25 25 25 49177 25 25 25 25 25 25 25 49177 25 25 3168 3267 3366 3465 3531 3630 3663 3663 3069 3267 3366 3465 3564 3663 3663 3663 3069 3168 3366 3465 3564 3663 3762 3762 2970 3168 3267 3366 3498 3630 3762 3762 2970 3168 3267 3366 3465 3597 3729 3762 2970 3069 3267 3366 3465 3597 3729 3828 2871 3069 3267 3366 3465 3663 3762 3861 2871 2970 3168 3366 3465 3663 3762 3861
1 -1 0 16 4 64 64 25 25 25 25 25 49177 25 25 25 25 25 25 25 49177 25 25 25 25 25 25 25 32793 25 25 25 25 25 25 49177 25 25 25 25 25 25 25 49177 25 25 25 25 25 25 25 32793 25 25 25 25 25 25 49177 25 25 25 25 25 25 25 49177 25 25 25 25 2772 2970 3168 3366 3465 3663 3762 3861 2772 2970 3168 3366 3465 3663 3762 3861 2805 2970 3168 3366 3465 3663 3762 3861 2871 3036 3234 3366 3465 3663 3762 3861 2871 3069 3267 3366 3564 3762 3861 3960 2871 3069 3267 3465 3564 3762 3861 3960 2970 3168 3366 3465 3663 3762 3861 3960 2970 3168 3366 3564 3663 3861 3960 4059
1 -1 0 24 4 64 64 25 25 25 32793 25 25 25 25 25 25 49177 25 25 25 25 25 25 25 32793 25 25 25 25 25 25 32793 25 25 25 25 25 25 49177 25 25 25 25 25 25 25 32793 25 25 25 25 25 25 25 25 25 25 25 25 25 25 25 25 25 25 25 25 25 25 25 3069 3267 3465 3663 3762 3960 4059 4158 3168 3366 3564 3663 3762 3960 4158 4257 3168 3366 3564 3762 3861 3960 4158 4257 3267 3465 3663 3762 3861 4026 4158 4257 3366 3564 3762 3861 3960 4059 4158 4257 3465 3663 3861 3960 4059 4158 4257 4257 3564 3729 3861 3960 4059 4191 4257 4356 3663 3828 3960 4059 4158 4257 4356 4356
1 -1 0 32 4 64 64 25 25 25 25 25 25 25 25 25 25 25 25 25 25 25 25 25 25 25 25 25 25 25 25 25 25 25 25 25 25 25 25 25 25 25 25 25 25 25 25 25 25 25 25 25 25 25 25 49177 25 25 25 25 25 25 25 25 49177 25 25 25 25 25 25 3762 3861 3960 4158 4257 4257 4356 4356 3762 3861 4059 4059 4257 4356 4356 4356 3861 3960 4059 4158 4158 4356 4356 4455 3861 3960 4059 4257 4257 4257 4257 4455 3762 3960 3960 4158 4158 4257 4356 4554 3762 3861 3960 4059 4158 4257 4455 4554 3564 3762 3861 3960 4158 4257 4455 4554 3465 3564 3762 3861 4059 4257 4356 4455
1 -1 0 40 4 64 64 25 49177 25 25 25 25 25 25 25 25 49177 25 25 25 25 25 25 25 25 49177 25 25 25 25 25 25 25 49177 25 25 25 25 25 25 25 49177 25 25 25 25 25 25 25 25 49177 25 25 25 25 25 25 25 49177 25 25 25 25 25 25 25 49177 25 25 25 3366 3465 3663 3861 3960 4158 4356 4455 3267 3366 3564 3696 3861 4059 4257 4356 3267 3267 3465 3564 3762 3960 4158 4356 3168 3267 3366 3465 3663 3861 4158 4356 3168 3267 3267 3465 3564 3861 4059 4257 3168 3168 3267 3366 3564 3762 4059 4158 3168 3168 3267 3366 3465 3663 3960 4158 3168 3168 3267 3267 3465 3663 3861 4158
1 -1 0 48 4 64 64 25 25 25 25 49177 25 25 25 25 25 25 25 49177 25 25 25 25 25 25 25 49177 25 25 25 25 25 25 25 49177 25 25 25 25 25 25 25 49177 25 25 25 25 25 25 25 49177 25 25 25 25 25 25 25 49177 25 25 25 25 25 25 25 49177 25 25 25 3168 3168 3168 3267 3465 3663 3861 4059 3168 3168 3201 3300 3465 3663 3861 4059 3168 3168 3267 3366 3465 3663 3861 4059 3168 3168 3267 3366 3498 3663 3861 4059 3168 3168 3267 3366 3564 3762 3861 4059 3168 3168 3267 3465 3663 3762 3861 4059 3168 3267 3366 3465 3663 3762 3861 3960 3168 3267 3366 3498 3597 3762 3861 3960
1 -1 0 56 4 64 64 25 25 25 25 49177 25 25 25 25 25 25 25 25 25 49177 25 25 25 25 25 25 25 25 25 25 25 25 25 25 25 25 25 25 25 25 25 25 25 25 25 25 25 25 25 25 25 25 25 25 25 25 25 25 25 25 25 25 25 25 25 25 25 25 25 3168 3267 3366 3465 3564 3762 3861 3861 3267 3267 3366 3465 3564 3663 3663 3762 3168 3267 3366 3366 3465 3564 3663 3663 3069 3069 3168 3267 3366 3465 3465 3465 2871 2970 3069 3168 3168 3267 3366 3366 2772 2772 2871 2970 2970 3069 3168 3168 2574 2673 2772 2772 2871 2970 2970 2970 2475 2574 2574 2673 2673 2772 2772 2772
1 -1 0 64 4 1 64 25 2376 2376 2475 2475 2574 2574 2673 2673 2277 2277 2277 2277 2376 2475 2475 2475 2178 2178 2178 2178 2178 2277 2277 2277 2178 2079 2079 2079 2079 2178 2178 2178 2145 2079 2079 2079 2079 2079 2079 2079 2178 2079 2079 2046 1980 1980 1980 1980 2277 2178 2079 2079 1980 1980 1980 1980 2376 2277 2178 2079 2079 1980 1980 1980
1 -1 0 72 4 64 64 25 25 25 25 25 25 25 25 25 25 25 25 25 25 25 25 25 25 25 25 25 25 25 25 25 25 25 25 25 25 25 25 25 25 25 25 25 25 25 25 32793 25 25 25 25 25 25 25 25 16409 25 25 25 25 25 25 25 25 16409 32793 25 25 25 25 2475 2376 2277 2277 2178 2079 2013 1980 2673 2574 2475 2310 2277 2178 2178 2178 2871 2772 2574 2475 2475 2376 2277 2277 3069 2970 2772 2673 2673 2574 2475 2376 3267 3168 2970 2871 2871 2772 2673 2673 3465 3366 3267 3168 3069 2970 2871 2871 3663 3564 3465 3366 3267 3168 3069 2970 3861 3762 3597 3564 3465 3267 3168 3168
1 -1 0 80 4 64 64 25 25 25 25 16409 25 25 25 25 25 25 25 25 16409 25 25 25 25 25 25 25 16409 25 25 25 25 25 25 25 16409 25 25 25 25 25 25 25 16409 25 25 25 25 25 25 25 25 16409 25 25 25 25 25 25 25 16409 25 25 25 25 25 25 25 25 25 3960 3861 3762 3762 3663 3465 3366 3300 4125 4026 3861 3861 3762 3564 3465 3465 4158 4059 3960 3960 3861 3663 3564 3531 4257 4158 4059 3960 3861 3762 3663 3564 4257 4158 4059 4059 3960 3762 3663 3564 4356 4257 4059 4059 3960 3762 3663 3564 4356 4257 4059 4059 3960 3795 3663 3564 4257 4158 4059 3960 3861 3762 3597 3564
1 -1 0 88 4 64 64 25 25 25 25 25 16409 25 25 25 25 25 25 25 25 25 25 25 25 25 25 16409 25 25 25 25 25 25 25 25 25 25 25 25 25 25 25 25 25 25 25 25 25 16409 25 25 25 25 25 25 25 25 25 25 25 25 25 25 16409 25 25 25 25 25 25 4257 4158 4059 3960 3861 3663 3564 3465 4257 4158 3960 3861 3762 3663 3498 3432 4158 4059 3960 3861 3762 3564 3432 3366 4059 3960 3861 3762 3663 3498 3333 3267 4059 3960 3762 3663 3564 3366 3168 3168 3960 3861 3663 3564 3465 3267 3102 3069 3960 3762 3564 3465 3366 3168 3003 2937 3861 3762 3564 3366 3267 3069 2871 2805
1 -1 0 96 4 1 64 25 3762 3663 3465 3267 3168 2970 2805 2673 3564 3465 3366 3168 3069 2871 2772 2640 3267 3201 3168 3069 2970 2772 2574 2475 2970 2970 2871 2772 2673 2475 2310 2277 2871 2772 2607 2574 2376 2178 2079 1980 2871 2673 2475 2376 2277 2079 1980 1881 2871 2673 2475 2376 2277 2079 1881 1881 2871 2673 2475 2376 2244 2079 1782 1683
1 -1 0 104 4 1 64 25 2805 2607 2409 2211 1980 1782 1485 1287 2772 2442 2178 1848 1485 1188 891 693 2574 2178 1716 1287 891 594 396 297 2178 1683 1155 759 462 198 99 66 1584 1089 693 363 132 0 0 0 1188 693 363 99 0 0 0 66 924 429 231 0 0 99 132 198 891 429 165 99 99 99 99 99
1 -1 0 112 4 64 64 32793 25 25 25 25 25 25 25 25 16409 32793 25 25 25 25 25 25 25 25 16409 32793 25 25 25 25 25 25 25 25 16409 32793 25 25 25 25 25 25 25 25 16409 25 25 25 25 25 25 25 25 25 49177 25 25 25 25 25 25 25 25 49177 25 25 25 25 25 1485 792 462 264 198 99 99 99 2673 1881 1221 825 594 396 297 396 4026 3267 2574 1881 1386 990 891 990 4653 4422 3960 3267 2673 2079 1782 1815 4422 4653 4587 4455 3960 3267 2772 2607 3333 4059 4554 4752 4653 4257 3795 3399 2079 2970 3762 4356 4653 4653 4554 4257 1287 2079 2871 3564 4059 4455 4653 4752
1 -1 0 120 4 64 64 25 25 25 25 49177 25 25 25 25 25 25 25 25 49177 25 25 25 25 25 32793 32793 32793 25 49177 25 25 49177 25 25 25 25 16409 25 25 49177 25 25 25 25 25 25 25 25 49177 25 25 25 25 25 25 25 49177 25 25 25 25 25 25 25 49177 25 25 25 25 792 1485 2376 2970 3366 3762 4257 4554 396 1089 2079 2871 3069 3267 3564 3960 264 792 1881 2871 3267 3267 3267 3366 198 495 1584 2871 3564 3564 3366 3267 99 363 1254 2673 3861 4158 3960 3762 99 264 858 2178 3762 4653 4851 4653 99 99 495 1584 3168 4653 5544 5742 0 0 297 990 2475 4257 5742 6534
1 -1 8 0 4 1 64 25 3366 3267 3267 3168 3069 2970 2871 2772 3465 3366 3267 3267 3168 3069 2970 2871 3465 3366 3366 3366 3267 3168 3069 2970 3465 3465 3366 3366 3333 3234 3168 3069 3465 3465 3465 3366 3366 3267 3168 3168 3564 3564 3564 3465 3465 3366 3267 3267 3564 3564 3564 3564 3465 3465 3366 3366 3564 3564 3663 3663 3564 3465 3465 3465
1 -1 8 8 4 64 64 25 25 25 25 25 25 25 25 25 25 32793 32793 32793 25 25 25 25 32793 25 25 25 16409 32793 32793 32793 25 25 25 25 25 25 25 25 25 25 25 25 25 25 25 25 25 25 25 25 25 25 25 25 25 25 25 25 25 25 25 25 25 25 25 25 25 25 25 3564 3564 3663 3663 3663 3564 3564 3564 3663 3663 3663 3729 3663 3663 3597 3597 3762 3729 3729 3762 3762 3663 3663 3663 3762 3762 3762 3861 3861 3762 3762 3762 3762 3762 3861 3927 3927 3861 3861 3861 3861 3861 3861 3927 3960 3960 3960 3960 3861 3861 3861 4554 3960 4059 4059 4059 3861 3960 3960 4554 4554 4554 4554 4554
1 -1 8 16 4 1 64 25 3960 4059 4059 4554 4554 4554 4554 4554 3960 4554 4059 4554 4554 4554 4554 4554 3960 4554 4554 4554 4554 4554 4554 4554 4059 4554 4554 4554 4554 4554 4554 4554 4059 4554 4554 4554 4554 4554 4554 4554 4059 4554 4554 4554 4554 4554 4554 4554 4158 4554 4554 4554 4554 4554 4554 4554 4158 4554 4554 4554 4554 4554 4554 4554
1 -1 8 24 4 1 64 25 4158 4554 4554 4554 4554 4554 4554 4554 4257 4554 4554 4554 4554 4554 4554 4554 4257 4554 4554 4554 4554 4554 4554 4554 4257 4554 4554 4554 4554 4554 4554 4554 4356 4554 4554 4554 4554 4554 4554 4554 4356 4554 4554 4554 4554 4554 4554 4554 4356 4554 4554 4554 4554 4554 4554 4554 4356 4554 4554 4554 4554 4554 4554 4554
1 -1 8 32 4 1 64 25 4422 4554 4554 4554 4554 4554 4554 4554 4455 4554 4554 4554 4554 4554 4554 4554 4554 4554 4554 4554 4554 4554 4554 4554 4554 4554 4554 4554 4653 4653 4554 4554 4653 4554 4554 4554 4554 4653 4554 4554 4554 4554 4554 4554 4554 4653 4554 4549 4554 4554 4554 4554 4554 4653 4554 4549 4554 4554 4554 4554 4554 4653 4554 4554
1 -1 8 40 4 1 64 25 4554 4554 4554 4554 4554 4653 4653 4554 4554 4554 4554 4554 4554 4653 4653 4554 4455 4554 4554 4554 4554 4653 4653 4554 4455 4554 4554 4554 4752 4653 4653 4554 4455 4554 4554 4554 4653 4653 4554 4554 4356 4554 4554 4554 4653 4653 4554 4554 4356 4554 4554 4554 4653 4554 4554 4554 4356 4554 4554 4554 4653 4554 4554 4554
1 -1 8 48 4 1 64 25 4257 4554 4554 4554 4554 4554 4554 4554 4257 4554 4554 4554 4554 4554 4554 4554 4257 4554 4554 4554 4554 4554 4554 4554 4158 4554 4554 4554 4554 4554 4554 4554 4257 4554 4554 4554 4554 4554 4554 4554 4554 4554 4554 4554 4554 4554 4554 4554 4554 4554 4554 4554 4554 4554 4554 4539 3960 4059 4158 4554 4554 4554 4554 4534
1 -1 8 56 4 64 64 25 25 25 25 25 25 25 25 25 25 25 25 25 25 25 25 25 25 25 49177 25 25 25 25 25 25 25 25 25 25 25 25 25 25 25 25 25 25 25 25 25 25 25 25 25 25 25 25 25 25 25 25 25 25 25 25 25 25 25 25 25 25 25 25 3861 4059 4059 4059 4554 4554 4554 4554 3861 3861 3960 3960 3960 3960 3960 3960 3762 3762 3762 3762 3762 3861 3762 3762 3564 3564 3663 3663 3663 3663 3663 3663 3366 3465 3465 3465 3465 3465 3465 3465 3168 3267 3267 3267 3366 3366 3366 3366 3069 3069 3168 3168 3168 3168 3168 3168 2871 2871 2970 2970 2970 2970 2970 2970
1 -1 8 64 4 1 64 25 2673 2772 2772 2772 2772 2772 2772 2772 2475 2574 2574 2574 2574 2574 2574 2574 2376 2376 2376 2376 2376 2475 2475 2475 2178 2178 2277 2277 2277 2277 2277 2277 2079 2079 2079 2079 2079 2178 2178 2178 1980 1980 1980 1980 1980 2046 2079 2079 1980 1980 1980 1980 1980 1980 1980 1914 1980 1947 1881 1881 1881 1881 1881 1881
1 -1 8 72 4 1 64 25 1980 1980 1881 1881 1881 1782 1782 1782 2079 1980 1980 1980 1881 1782 1782 1782 2178 2079 2079 1980 1980 1881 1782 1782 2376 2277 2178 2178 2079 1881 1782 1782 2574 2376 2376 2277 2178 1980 1881 1881 2772 2574 2475 2376 2277 2079 1980 1980 2871 2772 2607 2574 2376 2178 2079 2013 3069 2871 2772 2673 2574 2376 2178 2079
1 -1 8 80 4 1 64 25 3168 3069 2871 2772 2673 2475 2277 2178 3267 3168 2970 2871 2772 2574 2376 2277 3366 3267 3069 2970 2871 2574 2475 2376 3465 3267 3168 3069 2871 2673 2475 2376 3465 3366 3168 3069 2970 2673 2574 2475 3465 3366 3168 3069 2937 2673 2475 2475 3465 3267 3168 3069 2871 2673 2475 2376 3465 3267 3069 2970 2871 2574 2475 2376
1 -1 8 88 4 1 64 25 3366 3168 2970 2970 2772 2574 2376 2277 3267 3069 2904 2871 2673 2475 2277 2277 3168 2970 2772 2772 2574 2376 2277 2178 3069 2871 2673 2673 2475 2277 2178 2079 2970 2772 2673 2574 2376 2178 2079 1980 2871 2673 2574 2475 2277 2178 2079 1980 2772 2574 2475 2376 2277 2079 1980 1881 2673 2574 2376 2277 2178 2013 1881 1881
1 -1 8 96 4 1 64 25 2574 2475 2277 2178 2079 1914 1782 1782 2475 2376 2178 2145 1980 1881 1782 1683 2376 2178 2046 1980 1782 1683 1584 1419 2079 1914 1782 1683 1584 1386 1221 924 1881 1716 1584 1485 1386 1188 891 495 1782 1584 1485 1386 1188 858 495 297 1749 1551 1386 1188 891 495 264 99 1485 1287 1089 792 495 231 99 0
1 -1 8 104 4 1 64 25 1089 858 594 363 198 0 0 0 495 396 198 99 0 0 0 0 198 99 0 0 0 0 0 0 0 0 0 0 0 0 0 0 0 0 0 99 99 99 99 0 99 99 99 99 0 0 0 0 165 66 0 0 33 99 99 198 99 99 198 198 297 330 396 495
1 -1 8 112 4 64 64 25 25 25 25 25 25 25 25 25 25 25 25 25 25 25 25 25 25 25 25 25 25 25 25 25 25 25 25 25 25 25 25 32793 25 25 25 25 25 32793 32793 25 16409 32793 25 25 49177 25 25 25 25 25 16409 25 49177 25 25 25 25 25 25 16409 32793 25 25 297 396 495 594 693 792 891 990 627 891 1089 1155 1320 1452 1485 1551 1287 1551 1782 1782 1914 1980 1947 1947 2079 2343 2475 2475 2541 2541 2475 2475 2772 2871 3003 3036 3135 3135 3135 3069 3201 3168 3168 3267 3333 3432 3498 3597 3861 3564 3366 3267 3267 3366 3564 3861 4554 4257 3861 3465 3366 3366 3564 3762
1 -1 8 120 4 64 64 25 25 25 25 25 25 25 25 25 25 25 25 25 25 25 25 25 25 25 25 25 25 25 25 32793 25 25 25 25 25 25 25 25 25 25 25 25 25 25 25 25 25 25 25 25 25 25 25 25 25 25 25 25 25 25 25 25 25 25 25 25 25 25 25 4653 4653 4455 4158 3762 3663 3663 3861 4356 4653 4752 4653 4356 4158 3960 4059 3762 4158 4455 4653 4653 4653 4455 4356 3366 3663 4059 4356 4653 4752 4752 4653 3564 3564 3762 4059 4356 4752 4851 4752 4158 3861 3861 4059 4356 4554 4752 4752 5148 4554 4257 4356 4455 4653 4851 4851 6435 5742 5148 4950 4851 4851 5049 5049
1 -1 16 0 4 1 64 25 2673 2475 2376 2277 2178 1980 1881 1782 2772 2673 2574 2475 2343 2178 1980 1881 2871 2772 2673 2574 2376 2277 2178 1980 2970 2871 2772 2673 2475 2376 2277 2079 3069 2970 2871 2772 2673 2475 2409 2277 3168 3069 3069 2970 2772 2673 2574 2475 3267 3168 3168 3069 2904 2772 2673 2574 3366 3267 3267 3168 3036 2871 2772 2673
1 -1 16 8 4 64 64 25 25 25 25 25 25 25 25 25 25 25 25 25 25 25 25 32793 25 25 25 25 25 25 25 25 16409 32793 32793 25 25 25 25 25 25 25 25 16409 32793 25 25 25 25 25 25 25 25 16409 32793 25 25 25 25 25 25 25 25 25 25 25 25 25 25 25 25 3465 3366 3366 3267 3168 3069 2970 2871 3564 3465 3465 3366 3267 3168 3069 2970 3663 3564 3564 3465 3366 3267 3267 3168 3762 3663 3663 3663 3564 3465 3366 3267 3861 3762 3762 3762 3663 3663 3564 3465 3960 3861 3861 3861 3762 3762 3663 3564 4059 3960 3960 3960 3861 3861 3762 3663 4554 4554 4554 4554 4554 4554 3861 3861
1 -1 16 16 4 1 64 25 4554 4554 4554 4554 4554 4554 3960 3960 4554 4554 4554 4554 4554 4554 4059 4059 4554 4554 4554 4554 4554 4554 4554 4554 4554 4554 4554 4554 4554 4554 4554 4554 4554 4554 4554 4554 4554 4554 4554 4554 4554 4554 4554 4554 4554 4554 4554 4554 4554 4554 4554 4554 4554 4554 4554 4554 4554 4554 4554 4653 4653 4554 4554 4554
1 -1 16 24 4 1 64 25 4554 4554 4554 4653 4653 4554 4554 4554 4554 4554 4554 4653 4653 4554 4554 4554 4554 4554 4554 4653 4653 4554 4554 4554 4554 4554 4554 4554 4653 4554 4554 4554 4554 4554 4554 4554 4554 4554 4554 4554 4554 4554 4554 4554 4554 4554 4554 4554 4554 4554 4554 4554 4554 4554 4554 4554 4554 4554 4554 4554 4554 4554 4554 4554
1 -1 16 32 4 1 64 25 4554 4554 4554 4554 4554 4554 4554 4554 4554 4554 4554 4554 4554 4554 4554 4554 4554 4554 4554 4554 4554 4554 4554 4554 4554 4554 4554 4554 4554 4554 4554 4554 4554 4554 4554 4554 4554 4554 4554 4554 4549 4549 4554 4554 4554 4554 4554 4554 4549 4549 4554 4554 4554 4554 4554 4554 4554 4554 4554 4554 4554 4554 4554 4554
1 -1 16 40 4 1 1 25 4554
1 -1 16 48 4 64 1 25 25 25 25 25 25 25 25 25 25 25 25 25 25 25 25 25 25 25 25 25 25 25 25 25 25 25 25 25 25 25 25 25 25 25 25 25 25 25 25 25 25 25 25 25 25 25 25 25 25 25 25 25 25 25 25 25 25 25 25 25 25 25 16409 4554
1 -1 16 56 4 1 64 25 4554 4554 4554 4554 4554 4554 4554 3663 3861 3861 4554 4554 4554 4554 3663 3564 3762 3762 3663 3663 3564 3564 3564 3465 3663 3564 3564 3564 3465 3465 3465 3366 3465 3465 3465 3366 3366 3366 3267 3267 3366 3267 3267 3267 3267 3168 3168 3168 3168 3168 3168 3069 3069 3069 3069 2970 2970 2970 2970 2970 2871 2871 2871 2871
1 -1 16 64 4 1 64 25 2772 2772 2772 2772 2772 2772 2772 2772 2673 2673 2673 2673 2574 2574 2574 2574 2475 2475 2475 2475 2475 2475 2475 2475 2277 2376 2376 2376 2376 2277 2277 2277 2178 2178 2178 2178 2178 2178 2178 2178 2079 2079 2079 2079 2079 2079 2079 2079 1881 1881 1881 1881 1881 1881 1881 1881 1881 1782 1782 1782 1782 1782 1782 1782
1 -1 16 72 4 1 64 25 1782 1683 1683 1683 1683 1683 1683 1683 1683 1683 1683 1584 1584 1584 1584 1584 1683 1683 1584 1584 1485 1485 1485 1485 1683 1683 1584 1584 1485 1386 1386 1386 1782 1683 1584 1584 1386 1386 1287 1287 1881 1683 1584 1584 1386 1287 1287 1287 1881 1683 1683 1584 1386 1287 1188 1188 1881 1782 1683 1584 1386 1287 1188 1089
1 -1 16 80 4 1 64 25 1980 1881 1782 1683 1452 1287 1188 1089 2079 1881 1782 1683 1485 1287 1188 1089 2178 1980 1881 1683 1485 1287 1188 1089 2277 1980 1881 1749 1485 1287 1188 1089 2277 1980 1881 1782 1485 1287 1188 1089 2277 1980 1881 1782 1485 1287 1188 1089 2277 1980 1881 1782 1485 1287 1188 990 2178 1980 1881 1683 1485 1287 1188 990
1 -1 16 88 4 1 64 25 2079 1881 1782 1683 1386 1287 1188 990 1980 1881 1683 1584 1386 1188 1089 990 1980 1782 1683 1584 1386 1188 1089 990 1881 1683 1584 1485 1386 1188 1089 990 1782 1683 1584 1485 1287 1089 1089 990 1782 1584 1485 1386 1188 1089 1089 990 1683 1584 1485 1386 1188 1089 990 891 1683 1485 1485 1386 1188 1089 990 792
1 -1 16 96 4 1 64 25 1584 1485 1386 1287 1089 990 792 594 1584 1386 1386 1287 1089 891 495 297 1221 1089 1089 1089 891 594 297 99 693 495 495 693 594 297 99 0 297 99 198 198 198 99 99 99 99 0 0 0 0 99 198 396 0 0 0 0 0 198 297 495 0 0 0 0 99 297 396 495
1 -1 16 104 4 1 64 25 0 0 0 99 297 396 396 396 0 99 198 198 297 198 198 99 99 99 198 99 99 0 0 0 99 99 0 0 0 0 0 0 0 0 0 0 99 99 99 99 99 99 198 198 297 297 297 396 297 396 396 495 594 495 495 495 594 693 792 858 891 891 891 891
1 -1 16 112 4 64 64 25 25 25 25 25 25 25 25 25 25 25 25 25 25 25 25 25 25 25 25 25 25 25 25 25 32793 32793 32793 32793 32793 32793 32793 32793 25 25 25 25 25 25 25 25 25 25 25 25 25 25 25 25 25 25 25 25 25 25 25 25 25 25 25 25 25 25 25 1089 1287 1353 1386 1485 1485 1518 1551 1650 1749 1749 1749 1815 1848 1881 1947 1947 1947 1947 1947 1947 1980 2013 2079 2442 2343 2343 2310 2343 2343 2376 2442 3036 2970 3003 3069 3069 3069 3036 3135 3696 3762 3960 4158 4257 4257 4059 4257 4092 4455 4752 5148 5643 5841 5742 5940 4158 4653 5049 5742 6633 7326 7623 8118
1 -1 16 120 4 1 64 25 4158 4653 5049 5709 6765 7821 8910 9999 4257 4752 5049 5511 6501 7821 9306 10626 4455 4752 4950 5346 6303 7623 9141 10032 4554 4752 4950 5313 6138 7524 9009 9636 4653 4752 4983 5214 5841 6930 8283 8910 4752 4752 4950 5049 5379 6039 7029 7623 4851 4851 4851 4950 5082 5346 5808 6138 5049 5049 5049 5049 5049 5148 5247 5346
1 -1 24 0 4 1 64 25 1584 1485 1386 1287 1188 1089 1089 1089 1683 1584 1485 1386 1287 1188 1188 1089 1782 1683 1584 1485 1386 1221 1188 1089 1980 1782 1683 1584 1452 1320 1287 1188 2079 1980 1881 1683 1584 1419 1386 1287 2277 2079 1980 1881 1683 1584 1485 1386 2376 2244 2178 1980 1782 1683 1584 1386 2574 2376 2277 2079 1881 1782 1683 1485
1 -1 24 8 4 64 64 25 25 25 25 25 25 25 25 25 25 25 25 25 25 25 25 25 25 25 25 25 25 25 25 25 25 25 25 25 25 25 25 25 25 25 25 25 25 25 25 25 25 25 25 25 25 25 25 16409 25 25 25 25 25 25 25 25 16409 25 25 25 25 25 25 2673 2574 2475 2277 2079 1881 1782 1584 2871 2673 2574 2442 2211 2046 1881 1683 2970 2871 2772 2574 2376 2178 2079 1881 3168 3069 2970 2772 2574 2376 2277 2079 3267 3168 3069 2970 2673 2475 2376 2178 3465 3366 3267 3069 2871 2673 2475 2277 3564 3465 3366 3267 2970 2772 2673 2475 3762 3663 3564 3366 3168 2970 2772 2574
1 -1 24 16 4 64 64 25 25 16409 25 25 25 25 25 25 25 25 16409 25 25 25 25 25 25 25 25 16409 25 25 25 25 25 25 25 16409 25 25 25 25 25 25 25 25 16409 25 25 25 25 25 25 25 16409 25 25 25 25 25 25 25 16409 25 25 25 25 25 25 25 25 16409 25 3861 3762 3663 3564 3366 3168 2937 2673 3960 3861 3762 3663 3465 3267 3069 2772 4554 3960 3861 3762 3564 3366 3168 2871 4554 4059 3960 3861 3663 3465 3267 2970 4554 4158 4059 3960 3762 3564 3366 3168 4554 4257 4158 4059 3861 3663 3465 3267 4554 4356 4257 4158 3960 3762 3564 3366 4554 4356 4257 4158 3960 3762 3663 3366
1 -1 24 24 4 64 64 25 25 25 25 25 25 16409 25 25 25 25 25 25 25 16409 25 25 25 25 25 25 25 16409 25 25 25 25 25 25 25 16409 25 25 25 25 25 25 25 16409 25 25 25 25 25 25 25 16409 25 25 25 25 25 25 25 16409 25 25 25 25 25 25 25 16409 25 4554 4455 4356 4158 4059 3861 3663 3465 4554 4455 4356 4257 4059 3861 3663 3465 4554 4455 4356 4257 4059 3861 3762 3465 4554 4455 4356 4257 4059 3960 3762 3564 4554 4455 4356 4257 4059 3960 3762 3564 4554 4356 4356 4257 4059 3960 3762 3465 4554 4356 4356 4257 4059 3960 3762 3465 4554 4356 4257 4158 4059 3861 3762 3564
1 -1 24 32 4 64 64 25 25 25 25 25 25 16409 25 25 25 25 25 25 25 16409 25 25 25 25 25 25 25 16409 25 25 25 25 25 25 25 16409 25 25 25 25 25 25 25 16409 25 25 25 25 25 25 25 16409 25 25 25 25 25 25 25 16409 25 25 25 25 25 25 25 25 25 4554 4257 4257 4158 4059 3861 3762 3564 4554 4257 4257 4158 4059 3861 3762 3564 4554 4257 4257 4158 3960 3861 3762 3597 4554 4257 4158 4059 3960 3861 3762 3630 4554 4158 4158 4059 3960 3861 3762 3663 4554 4158 4158 4059 3960 3861 3762 3663 4554 4158 4158 4059 3960 3861 3762 3564 4554 4158 4059 4059 3861 3762 3762 3564
1 -1 24 40 4 64 64 25 25 25 25 25 16409 25 25 25 25 25 25 25 16409 25 25 25 25 25 25 25 16409 25 25 25 25 25 25 25 25 25 25 25 25 25 25 16409 25 25 25 25 25 25 25 25 25 25 25 25 25 25 16409 25 25 25 25 25 25 25 25 25 25 25 25 4554 4059 4059 3960 3861 3762 3762 3663 4554 4059 4059 3960 3861 3762 3762 3663 4554 4059 3960 3960 3861 3762 3663 3564 4554 3960 3960 3861 3762 3762 3663 3564 4554 3960 3861 3861 3762 3663 3663 3564 4554 3861 3861 3762 3663 3663 3564 3465 4554 3861 3861 3762 3663 3564 3564 3465 4554 4554 3762 3762 3663 3564 3564 3465
1 -1 24 48 4 64 64 25 25 16409 25 25 25 25 25 25 25 25 25 25 25 25 25 25 16409 25 25 25 25 25 25 25 16409 25 25 25 25 25 25 25 25 25 25 25 25 25 25 16409 25 25 25 25 25 25 25 25 25 25 25 25 25 25 25 25 25 25 25 25 25 25 25 4554 4554 3762 3663 3564 3564 3465 3366 4554 4554 3762 3663 3564 3465 3465 3366 4554 4554 3762 3663 3564 3465 3465 3366 4554 4554 3663 3564 3465 3465 3366 3366 4554 4554 3663 3564 3465 3366 3366 3267 4554 4554 3564 3564 3465 3366 3366 3267 4554 3564 3564 3465 3366 3366 3267 3168 4554 4554 3564 3465 3366 3366 3267 3168
1 -1 24 56 4 1 64 25 3564 3564 3465 3399 3333 3267 3168 3168 3465 3465 3366 3366 3267 3168 3168 3069 3366 3366 3366 3267 3168 3168 3069 3069 3267 3267 3267 3168 3069 3069 3069 2970 3168 3168 3168 3069 2970 2970 2970 2871 3069 3069 3069 2970 2871 2871 2871 2772 2970 2970 2871 2871 2772 2772 2772 2673 2871 2772 2772 2772 2673 2673 2673 2574
1 -1 24 64 4 1 64 25 2673 2673 2673 2673 2574 2574 2574 2475 2574 2574 2541 2508 2475 2475 2475 2376 2475 2475 2376 2376 2376 2376 2277 2277 2277 2277 2277 2277 2277 2178 2178 2178 2178 2178 2178 2178 2079 2079 2079 2079 2079 2079 1980 1980 1980 1980 1980 1881 1881 1881 1881 1881 1881 1782 1782 1782 1782 1782 1782 1782 1683 1683 1683 1683
1 -1 24 72 4 1 64 25 1683 1584 1584 1584 1584 1584 1584 1485 1485 1485 1485 1485 1386 1386 1386 1386 1386 1386 1386 1386 1287 1287 1287 1287 1287 1287 1287 1188 1188 1188 1188 1188 1188 1188 1188 1089 1089 1089 1089 990 1188 1089 1089 990 990 990 990 891 1089 990 990 891 891 891 891 792 990 990 891 891 792 792 792 792
1 -1 24 80 4 1 64 25 990 891 891 891 792 792 693 693 924 891 792 792 693 693 693 594 891 792 792 693 693 594 594 594 891 792 792 693 594 594 594 594 891 792 792 693 594 594 594 495 891 792 693 693 594 594 495 495 891 792 693 693 594 495 495 495 891 792 693 693 594 495 495 495
1 -1 24 88 4 1 64 25 891 792 693 693 594 495 495 495 891 792 693 693 594 495 495 495 792 792 693 693 594 594 594 495 792 792 693 693 594 594 594 594 792 792 693 693 594 594 594 594 792 693 693 693 594 594 594 594 693 495 396 495 495 594 594 594 495 297 198 297 396 594 594 594
1 -1 24 96 4 1 64 25 297 99 99 198 297 594 594 594 99 0 0 99 297 594 594 594 0 0 99 198 396 594 594 594 0 99 198 396 495 594 594 594 198 297 495 594 594 594 594 495 495 594 594 594 594 594 594 495 594 594 495 495 495 528 495 396 495 396 330 297 396 330 297 297
1 -1 24 104 4 1 64 25 297 198 99 99 99 99 99 132 99 0 0 0 0 0 0 0 0 0 0 0 0 0 0 0 0 0 99 99 99 99 99 99 198 198 297 297 297 297 297 396 396 396 495 495 396 396 396 495 495 495 495 495 396 396 297 297 891 891 891 792 792 693 594 495
1 -1 24 112 4 64 64 25 25 25 25 25 25 25 25 25 25 25 25 25 25 25 25 25 25 25 32793 32793 32793 32793 25 32793 32793 32793 25 25 25 25 16409 25 25 25 25 25 25 25 25 25 25 25 25 25 25 25 25 25 25 25 25 25 25 25 25 25 25 25 25 25 25 25 25 1584 1584 1518 1485 1452 1386 1287 1188 1947 1914 1881 1848 1815 1782 1782 1716 2145 2178 2178 2178 2178 2178 2079 2079 2541 2640 2739 2805 2838 2805 2772 2673 3366 3465 3564 3729 3795 3861 3861 3762 4554 4752 4851 4950 5148 5247 5247 5148 6336 6435 6534 6732 6831 7029 7128 7029 8613 8811 8910 8910 9009 9009 9108 8811
1 -1 24 120 4 1 64 25 10593 10692 10593 10494 10395 10494 10593 10494 10692 10098 9603 9306 9108 9207 9504 9801 9504 8613 8019 7722 7524 7524 7722 8019 9009 8019 7326 7029 6732 6633 6732 7029 8316 7326 6534 6138 5940 5940 6039 6336 7227 6336 5643 5445 5445 5445 5445 5742 5940 5445 5148 5049 5148 5148 5247 5445 5247 5049 4851 4950 5049 5049 5148 5346
1 -1 32 0 4 1 64 25 990 990 990 990 990 990 891 495 990 990 990 990 990 990 957 693 1089 990 990 990 990 990 990 792 1089 1089 990 990 990 990 990 891 1122 1089 1089 990 990 990 990 990 1221 1188 1089 1089 990 990 990 990 1287 1188 1188 1089 990 990 990 990 1386 1287 1188 1089 1089 990 990 990
1 -1 32 8 4 1 64 25 1485 1386 1287 1188 1089 1089 990 990 1584 1485 1386 1188 1089 1089 1089 990 1683 1584 1485 1287 1188 1089 1089 990 1848 1683 1485 1386 1188 1089 1089 990 1980 1782 1584 1485 1287 1188 1089 1089 2079 1881 1683 1584 1386 1287 1188 1089 2178 1980 1815 1617 1419 1287 1188 1089 2277 2079 1914 1683 1485 1386 1287 1155
1 -1 32 16 4 1 64 25 2376 2178 2013 1782 1584 1485 1287 1188 2475 2277 2079 1881 1683 1584 1386 1287 2574 2376 2211 1980 1782 1584 1485 1287 2673 2475 2277 1980 1782 1683 1485 1353 2871 2574 2376 2079 1881 1782 1584 1386 2970 2673 2475 2178 1980 1782 1584 1386 3069 2772 2574 2277 1980 1782 1683 1485 3069 2871 2574 2277 2079 1881 1683 1485
1 -1 32 24 4 1 64 25 3168 2871 2574 2376 2079 1881 1683 1485 3168 2871 2673 2409 2178 1980 1782 1584 3201 2970 2673 2442 2178 1980 1782 1584 3267 2970 2739 2475 2277 2079 1881 1650 3267 2970 2772 2475 2277 2079 1881 1650 3267 3069 2838 2574 2277 2079 1881 1683 3267 3069 2871 2574 2376 2178 1881 1683 3366 3168 2970 2673 2376 2178 1980 1782
1 -1 32 32 4 1 64 25 3366 3168 2970 2673 2475 2178 1980 1782 3366 3168 2970 2772 2475 2277 2079 1881 3399 3267 3069 2772 2475 2277 2079 1881 3465 3267 3069 2772 2574 2376 2178 1947 3465 3267 3069 2871 2673 2475 2178 1980 3465 3366 3168 2871 2673 2475 2277 2013 3465 3366 3168 2871 2673 2508 2277 2079 3465 3366 3168 2904 2706 2574 2376 2079
1 -1 32 40 4 1 64 25 3465 3366 3168 2970 2772 2574 2376 2178 3465 3366 3168 2970 2772 2673 2475 2178 3465 3366 3168 2970 2772 2673 2475 2178 3465 3366 3168 2970 2772 2673 2475 2178 3465 3366 3168 2970 2838 2673 2475 2178 3366 3267 3168 3069 2871 2673 2475 2178 3366 3267 3168 3069 2871 2673 2475 2178 3366 3267 3168 3069 2871 2706 2475 2178
1 -1 32 48 4 1 64 25 3267 3267 3168 3069 2871 2673 2475 2178 3267 3168 3069 2970 2871 2673 2475 2178 3267 3168 3069 2970 2772 2673 2475 2178 3267 3168 3069 2904 2772 2574 2376 2079 3168 3168 3069 2904 2772 2574 2376 2079 3168 3069 2970 2871 2673 2574 2343 2046 3069 3069 2970 2772 2673 2475 2277 1980 3069 2970 2871 2772 2574 2376 2178 1980
1 -1 32 56 4 1 64 25 3069 2970 2871 2673 2475 2376 2178 1881 2970 2871 2772 2574 2475 2277 2079 1881 2970 2871 2706 2508 2376 2277 2079 1782 2871 2772 2673 2475 2277 2178 1980 1782 2772 2673 2574 2376 2277 2079 1881 1683 2673 2673 2574 2376 2244 2046 1881 1584 2574 2574 2475 2277 2178 1980 1782 1518 2475 2442 2277 2178 2079 1881 1716 1485
1 -1 32 64 4 1 64 25 2376 2310 2178 2079 1980 1782 1683 1485 2277 2178 2079 1980 1881 1782 1584 1386 2178 2079 1980 1881 1782 1683 1485 1287 2079 1980 1881 1782 1683 1584 1485 1287 1980 1881 1782 1683 1584 1485 1386 1188 1881 1782 1683 1584 1485 1386 1287 1089 1683 1683 1584 1485 1386 1287 1188 1089 1584 1584 1485 1386 1287 1188 1089 990
1 -1 32 72 4 1 64 25 1485 1452 1287 1287 1188 1089 990 891 1386 1287 1188 1089 1089 1056 891 792 1188 1188 1188 990 990 990 891 792 1089 1089 990 891 891 891 792 693 990 924 891 792 693 693 693 594 891 891 891 792 693 693 693 594 792 792 792 792 693 594 594 594 693 693 693 693 693 594 495 495
1 -1 32 80 4 1 64 25 693 594 693 693 594 495 495 495 594 594 594 594 594 495 396 396 594 594 594 495 495 495 396 396 495 495 495 495 495 495 396 396 495 495 495 495 495 495 396 396 495 495 495 495 495 495 396 396 495 495 495 495 495 495 495 396 495 495 495 495 495 495 495 396
1 -1 32 88 4 1 64 25 495 495 495 495 495 495 495 396 495 495 495 495 495 495 495 297 495 495 495 495 495 495 495 297 495 495 495 495 495 495 396 396 495 495 495 495 495 495 396 396 495 495 495 495 495 396 396 297 594 495 495 495 396 396 297 297 594 495 495 495 396 363 297 363
1 -1 32 96 4 1 64 25 594 495 495 396 396 363 297 297 495 495 495 462 297 297 396 297 495 495 495 396 297 363 363 396 495 495 429 330 297 297 396 429 495 429 396 396 396 396 396 396 396 396 396 495 429 396 396 396 396 396 396 429 462 396 396 495 396 363 396 495 495 495 495 429
1 -1 32 104 4 1 64 25 198 231 396 495 495 462 462 429 0 99 297 396 495 495 429 495 0 99 297 429 495 495 462 495 198 198 297 495 495 495 495 528 396 396 462 495 528 495 594 528 495 495 495 495 495 495 495 495 297 297 297 297 297 297 396 396 429 396 396 396 396 297 297 297
1 -1 32 112 4 64 64 25 25 25 25 25 25 25 25 25 25 25 25 25 25 25 25 25 25 25 25 25 25 25 25 32793 32793 32793 32793 32793 32793 25 25 25 25 25 25 25 25 16409 32793 25 25 25 25 25 25 25 25 25 25 25 25 25 25 25 25 25 25 25 25 25 25 25 25 1122 1089 990 792 693 594 495 396 1683 1584 1485 1188 990 792 594 396 1980 1881 1782 1683 1485 1188 891 693 2574 2475 2376 2277 2079 1782 1584 1287 3564 3465 3366 3267 3069 2772 2475 2178 5049 4851 4752 4653 4356 4059 3663 3168 6732 6534 6435 6237 5841 5445 4950 4356 8613 8514 8316 8019 7524 6930 6138 5544
1 -1 32 120 4 1 64 25 10494 10494 10395 10098 9702 8910 7920 7029 9999 10296 10593 10989 11286 10989 10197 9009 8217 8415 8811 9603 10494 11187 11484 10890 7326 7623 7821 8316 8943 9801 10791 11484 6831 7227 7557 7854 8217 8712 9603 10791 6138 6699 7194 7524 7854 8250 8943 9900 5742 6138 6732 7194 7557 7986 8580 9339 5544 5841 6501 7095 7392 7755 8250 8844
1 -1 40 0 4 1 64 25 297 396 594 693 396 495 792 957 330 297 495 693 495 396 693 990 495 264 396 594 561 297 495 891 594 330 297 594 594 396 396 792 792 396 297 396 594 396 396 693 891 693 297 297 462 495 396 495 990 792 429 231 297 396 297 429 990 891 594 330 231 396 396 297
1 -1 40 8 4 1 64 25 990 990 759 396 198 198 297 231 990 990 858 528 198 198 297 231 990 990 957 693 396 198 198 297 990 990 990 891 594 330 231 297 990 990 990 957 693 429 231 297 990 990 990 990 825 495 330 198 1089 990 990 990 957 759 396 297 1089 1089 990 990 990 858 594 330
1 -1 40 16 4 1 64 25 1089 1089 990 990 990 924 759 429 1122 1089 1089 990 990 990 825 495 1188 1089 1089 990 990 990 858 594 1254 1188 1089 990 990 990 957 759 1287 1188 1089 990 990 990 990 858 1287 1188 1089 990 990 990 990 924 1287 1188 1089 1089 990 990 990 990 1320 1287 1188 1089 990 990 990 990
1 -1 40 24 4 1 64 25 1386 1287 1188 1089 990 990 990 990 1386 1287 1188 1089 1089 1089 990 990 1386 1287 1188 1089 1089 1089 1089 1056 1452 1287 1188 1089 1089 1089 1089 1089 1485 1386 1287 1188 1089 1089 1089 1089 1485 1386 1287 1188 1089 1089 1089 1089 1551 1386 1287 1188 1089 1089 1089 1089 1584 1485 1287 1188 1188 1089 1089 1089
1 -1 40 32 4 1 64 25 1650 1485 1386 1221 1188 1089 1089 1089 1683 1584 1386 1287 1188 1188 1089 1089 1716 1584 1386 1287 1188 1188 1089 1089 1782 1650 1485 1287 1188 1188 1089 1089 1782 1683 1485 1287 1188 1188 1089 1089 1815 1683 1485 1386 1287 1188 1188 1089 1881 1782 1584 1386 1287 1188 1188 1089 1881 1782 1584 1386 1287 1188 1122 990
1 -1 40 40 4 1 64 25 1980 1782 1584 1485 1287 1254 1089 924 1980 1782 1683 1485 1353 1188 990 891 1980 1881 1683 1485 1287 1089 957 891 1980 1881 1683 1386 1188 1089 891 891 1980 1782 1584 1320 1155 990 891 792 1980 1782 1485 1287 1089 990 891 792 1980 1683 1485 1221 1089 990 858 792 1980 1683 1485 1188 1089 990 792 693
1 -1 40 48 4 1 64 25 1881 1683 1386 1188 990 891 792 693 1881 1584 1386 1188 990 891 792 693 1881 1584 1386 1188 990 891 792 693 1782 1584 1386 1155 990 891 693 594 1782 1584 1287 1089 891 792 693 594 1782 1485 1287 1089 891 792 693 594 1782 1485 1287 1089 891 792 693 561 1782 1485 1287 1056 858 792 594 495
1 -1 40 56 4 1 64 25 1683 1485 1188 990 792 759 594 495 1584 1386 1188 990 792 693 594 495 1584 1386 1188 990 792 693 594 495 1485 1287 1089 891 792 693 594 495 1485 1287 1089 891 792 693 594 495 1386 1188 990 891 693 594 594 429 1320 1188 990 891 693 594 594 396 1287 1188 990 792 693 594 495 396
1 -1 40 64 4 1 64 25 1287 1188 990 792 693 594 495 396 1188 1089 891 792 693 594 495 396 1188 1089 891 792 627 594 495 396 1089 990 891 792 594 594 495 396 1089 990 891 693 594 594 495 396 1089 924 891 693 594 495 495 396 990 891 792 693 594 495 396 396 891 891 693 594 495 495 396 297
1 -1 40 72 4 1 64 25 792 792 693 594 495 396 396 297 792 693 693 495 495 396 297 297 693 693 594 495 396 396 297 198 594 594 495 495 396 297 297 198 495 495 495 396 297 297 198 99 495 495 495 396 297 297 198 99 495 396 396 396 297 297 99 99 495 396 396 297 297 198 99 99
1 -1 40 80 4 1 64 25 495 396 297 297 297 99 99 99 396 396 297 297 198 99 198 99 396 396 297 297 99 99 198 99 396 396 396 198 99 99 99 99 396 396 396 198 99 99 99 99 396 396 297 198 198 165 198 99 396 396 198 198 198 99 99 198 396 297 198 132 99 99 198 198
1 -1 40 88 4 1 64 25 297 297 198 198 99 99 198 198 297 297 198 198 198 198 198 198 297 198 198 198 198 198 297 198 297 297 198 297 198 297 198 198 297 198 198 297 297 297 297 198 297 297 264 297 198 198 297 198 297 297 264 297 297 198 198 297 396 297 297 297 297 297 297 297
1 -1 40 96 4 1 64 25 363 297 396 297 297 297 297 297 396 396 396 396 297 297 396 297 396 396 462 396 297 297 330 396 396 396 495 396 297 297 297 297 495 495 462 495 396 297 297 297 429 429 462 396 396 396 297 297 396 396 429 396 297 297 396 396 429 495 495 495 396 396 297 297
1 -1 40 104 4 1 64 25 429 495 495 495 396 396 396 297 495 594 495 495 495 495 396 396 495 561 495 495 495 495 396 495 495 495 495 495 396 396 396 396 495 495 594 495 495 495 396 495 528 528 495 495 594 594 495 396 396 396 495 396 495 495 495 495 297 297 297 198 198 297 396 396
1 -1 40 112 4 64 64 25 25 25 25 25 25 25 25 25 25 25 25 25 25 25 25 25 25 25 25 25 25 25 25 25 25 25 25 25 25 25 25 25 25 25 25 25 25 25 25 16409 32793 25 25 25 25 25 25 25 25 16409 32793 25 25 25 25 25 25 25 25 16409 25 25 25 297 198 198 198 99 99 99 99 297 198 198 99 99 0 0 0 594 495 297 198 99 99 0 0 1188 990 693 396 198 99 0 0 1881 1485 1089 792 495 297 198 99 2673 2277 1782 1386 990 693 594 396 3762 3168 2673 2079 1584 1188 891 495 4950 4356 3762 3069 2376 1782 1287 792
1 -1 40 120 4 64 64 25 25 25 25 25 16409 25 25 25 25 25 25 25 25 16409 25 25 25 25 25 25 25 25 16409 25 25 25 25 25 25 25 16409 25 25 25 25 25 25 25 25 25 25 25 25 25 25 25 25 25 25 25 25 25 25 25 25 25 25 25 25 25 25 25 25 6336 5643 4950 4158 3267 2475 1782 990 7722 6732 5841 5049 4257 3366 2277 1386 9504 7920 6732 5841 5148 4158 2970 1980 11187 9801 8118 6831 5940 5049 3861 2772 11682 11286 9603 7722 6633 5742 4851 3762 11088 11781 10791 8712 7227 6435 5544 4554 10395 11583 11484 9801 7920 6831 6138 5247 9603 10890 11781 10890 8811 7326 6534 5940
1 -1 48 0 4 1 64 25 990 891 891 891 891 891 891 792 990 891 891 891 891 891 891 792 990 891 891 891 891 891 891 792 990 990 891 891 891 891 891 891 990 990 891 891 891 891 891 891 891 990 990 891 891 891 891 891 693 990 990 891 891 891 891 891 495 891 990 990 891 891 891 891
1 -1 48 8 4 1 64 25 396 792 990 990 990 891 891 891 396 693 957 990 990 891 891 891 297 594 891 990 990 891 891 891 297 495 792 990 990 990 891 891 297 396 693 990 990 990 990 891 297 297 594 891 1089 990 990 990 297 297 396 792 1056 1089 990 990 198 198 396 693 957 1089 990 990
1 -1 48 16 4 1 64 25 264 297 297 495 891 1089 1089 990 297 297 297 429 792 1056 1089 990 363 231 297 297 594 990 1089 1089 429 363 396 297 561 891 1089 1089 594 396 495 396 429 792 1089 1089 792 528 495 495 396 594 990 1089 891 627 495 594 495 594 858 990 957 792 660 693 495 495 693 792
1 -1 48 24 4 1 64 25 990 891 726 792 693 396 495 594 1023 990 825 792 759 495 429 594 1089 990 825 891 891 594 396 495 1089 990 825 792 891 693 429 495 1089 1056 891 792 957 726 396 396 1089 1056 825 792 792 726 396 330 1089 1023 792 726 792 693 396 297 1089 990 825 693 693 594 495 297
1 -1 48 32 4 1 64 25 1089 1089 990 726 693 594 495 297 1089 1089 990 759 594 594 429 297 1089 1089 990 693 594 594 495 330 1089 1089 990 693 528 495 495 297 1089 1089 990 660 495 495 396 396 1089 1056 891 594 429 495 396 396 1089 990 792 561 396 495 396 396 957 891 693 528 396 396 396 429
1 -1 48 40 4 1 64 25 891 792 792 594 396 396 396 396 891 792 693 594 396 396 297 297 792 792 693 627 495 396 297 297 792 792 693 594 495 396 297 396 693 693 693 594 495 396 396 594 792 693 594 495 396 396 495 693 693 693 594 495 363 396 594 792 693 594 594 495 330 396 693 891
1 -1 48 48 4 1 64 25 594 594 495 495 396 495 792 891 594 495 495 495 396 495 792 891 594 495 495 495 396 594 891 891 495 495 396 396 429 693 891 891 495 495 396 330 429 693 891 891 495 495 396 297 396 759 891 891 495 396 396 297 396 792 891 891 396 396 396 297 396 759 891 792
1 -1 48 56 4 1 64 25 396 396 396 330 396 693 891 792 495 396 297 330 429 693 891 792 396 396 297 297 396 693 891 792 396 396 297 297 396 693 891 792 396 396 297 297 396 693 891 792 396 297 297 198 396 693 792 792 396 297 297 198 330 594 792 792 396 297 297 198 297 495 693 693
1 -1 48 64 4 1 64 25 396 297 297 198 198 297 594 693 396 297 297 198 99 198 396 495 330 297 198 99 99 99 198 297 396 297 198 99 99 99 0 99 396 297 198 99 99 99 0 0 297 297 99 99 99 99 0 0 297 198 99 99 0 0 0 0 198 99 0 0 0 0 0 0
1 -1 48 72 4 1 64 25 198 99 0 0 0 0 0 0 198 99 0 0 0 0 0 0 99 0 0 0 0 0 0 0 99 99 99 0 0 0 0 0 0 0 99 0 0 0 0 0 0 0 0 0 0 99 0 0 99 99 99 99 0 0 0 0 99 99 99 99 99 99 0 0
1 -1 48 80 4 1 64 25 99 99 99 99 99 99 0 0 99 99 99 99 99 99 0 0 99 99 99 99 99 0 0 0 99 99 99 99 99 99 99 0 99 99 99 99 99 99 99 0 99 198 99 99 99 99 99 0 99 99 99 99 99 99 99 99 198 99 99 99 99 99 99 0
1 -1 48 88 4 1 64 25 198 99 99 99 99 99 99 0 198 99 198 99 99 99 99 99 198 99 198 99 99 99 99 99 198 198 99 99 99 99 99 99 198 198 198 99 99 99 99 99 198 198 99 99 99 99 99 99 198 198 99 99 99 99 99 99 297 198 198 99 99 99 99 99
1 -1 48 96 4 1 64 25 198 198 198 99 99 99 99 99 297 297 198 99 99 99 99 99 297 198 198 198 99 99 99 99 231 198 198 198 99 99 99 99 297 297 198 198 99 99 99 99 297 297 198 198 198 99 99 99 297 297 297 198 198 99 99 99 396 297 297 198 198 99 99 99
1 -1 48 104 4 1 64 25 396 297 297 198 198 99 99 99 396 396 297 198 198 198 198 99 495 396 297 297 198 198 99 99 396 396 396 297 297 198 99 99 396 495 396 297 297 198 198 99 396 396 396 297 297 198 198 198 495 396 396 297 396 297 198 198 396 396 396 396 396 297 198 198
1 -1 48 112 4 1 64 25 198 297 396 396 396 396 297 198 0 99 99 198 297 396 297 297 0 0 0 0 99 198 297 297 0 0 0 0 0 0 99 297 0 0 0 0 0 0 0 99 198 99 99 99 0 0 0 0 297 198 198 297 99 0 99 0 396 297 396 396 198 99 0 0
1 -1 48 120 4 64 64 25 25 25 25 25 25 25 25 25 25 25 25 25 25 25 25 25 25 25 25 25 25 25 25 25 25 25 25 25 25 25 25 16409 32793 25 25 25 25 25 25 25 25 16409 25 25 32793 32793 25 25 25 25 16409 32793 25 25 16409 25 25 25 25 25 25 25 25 594 495 693 792 495 297 99 0 693 594 891 1188 990 594 297 99 1188 792 990 1485 1584 1089 693 396 1881 1188 1089 1485 1782 1683 1188 792 2772 1980 1485 1584 1980 2178 1782 1485 3663 2871 2376 2079 2277 2673 2475 2178 4554 3960 3267 2574 2673 3168 3267 2970 5445 4851 4158 3267 2970 3564 3960 3663
1 -1 56 0 4 1 64 25 792 792 693 693 693 594 594 495 792 792 792 693 693 594 594 594 792 792 792 693 693 693 594 594 792 792 792 693 693 693 594 594 891 792 792 792 792 693 693 693 891 792 792 792 792 693 693 693 891 891 792 792 792 693 693 693 891 891 891 792 792 792 792 693
1 -1 56 8 4 1 64 25 891 891 891 792 792 792 792 792 891 891 891 792 792 792 792 792 891 891 891 891 891 792 792 792 891 891 891 891 891 891 792 792 891 891 891 891 891 891 891 792 891 891 891 891 891 891 891 891 990 891 891 891 891 891 891 891 990 990 891 891 891 891 792 792
1 -1 56 16 4 1 64 25 990 990 990 891 891 792 792 792 990 990 990 891 891 792 792 792 1089 990 990 891 792 792 792 693 1089 990 891 891 891 792 594 396 1089 1056 891 792 693 495 396 297 1056 990 792 594 495 396 297 297 891 792 594 495 396 297 198 198 693 594 495 396 297 198 198 198
1 -1 56 24 4 1 64 25 594 495 495 396 297 198 198 198 594 495 396 297 297 198 198 99 495 495 396 297 198 198 198 198 495 396 297 297 198 198 297 396 396 396 297 198 198 297 495 594 396 396 297 198 297 495 693 693 396 297 297 297 495 693 693 693 297 297 396 495 693 792 693 660
1 -1 56 32 4 1 64 25 297 297 495 693 792 792 693 693 297 396 693 792 792 693 693 693 396 594 792 792 792 693 594 594 429 693 891 792 792 693 594 594 561 759 792 792 693 693 594 495 693 891 792 792 693 693 594 594 693 891 792 792 693 693 594 594 693 891 792 792 693 594 594 495
1 -1 56 40 4 1 64 25 594 792 792 693 693 594 594 495 495 792 792 693 693 594 495 495 495 759 792 693 693 594 495 396 495 759 792 693 693 594 495 495 594 792 792 693 693 594 495 495 693 792 693 693 594 594 495 396 891 792 693 594 594 495 495 396 891 792 693 594 594 495 495 396
1 -1 56 48 4 1 64 25 891 792 693 594 594 495 495 396 891 792 693 693 594 495 396 396 891 792 693 693 594 495 396 396 891 693 693 594 594 495 396 396 792 693 693 594 495 495 396 396 792 693 594 594 495 495 396 396 792 693 594 594 495 495 396 396 792 693 594 594 495 495 396 396
1 -1 56 56 4 1 64 25 792 693 594 495 495 396 396 297 792 693 594 495 495 396 396 297 792 693 594 594 495 396 396 297 792 693 594 495 495 396 396 297 792 594 594 495 495 396 396 297 693 594 594 495 495 396 396 297 693 594 594 495 396 396 297 297 693 594 594 495 495 396 297 297
1 -1 56 64 4 1 64 25 693 594 594 495 396 396 297 297 594 594 495 495 396 396 297 297 495 594 495 495 396 396 297 297 297 495 495 495 396 396 297 297 198 396 495 495 396 396 297 297 99 396 495 495 396 396 297 297 0 198 396 396 396 396 297 297 0 99 396 495 396 297 297 297
1 -1 56 72 4 1 64 25 0 99 297 495 396 297 297 297 0 0 198 396 396 297 297 297 0 0 99 297 396 297 297 297 0 0 0 198 396 297 297 297 0 0 0 99 297 297 297 198 0 0 0 99 297 297 297 198 0 0 0 0 99 297 297 297 0 0 0 0 99 297 297 198
1 -1 56 80 4 1 64 25 0 0 0 0 0 198 297 198 0 0 0 0 0 99 198 198 0 0 0 0 0 0 99 198 0 0 0 0 0 0 0 198 0 0 0 0 0 0 0 198 0 0 0 0 0 0 0 99 0 0 0 0 0 0 0 0 0 0 0 0 0 0 0 0
1 -1 56 88 4 1 64 25 0 0 0 0 0 0 0 0 99 0 0 0 0 0 0 0 0 0 0 0 0 0 0 0 0 0 0 0 0 0 0 0 0 0 0 0 0 0 0 0 0 0 0 0 0 0 0 0 99 0 0 0 0 0 0 0 99 0 0 0 0 0 0 0
1 -1 56 96 4 64 64 25 25 25 25 25 25 25 25 25 25 25 25 25 25 25 25 25 25 25 25 25 25 25 25 25 25 25 25 25 25 32793 32793 25 25 25 25 25 32793 25 25 25 25 25 25 49177 25 25 25 25 25 25 25 49177 25 25 25 25 25 25 25 49177 25 25 25 99 0 0 0 0 0 0 0 0 0 0 0 0 0 0 0 99 0 0 0 0 0 198 198 99 0 0 0 0 297 792 990 99 0 0 0 198 792 2079 2772 99 0 0 0 297 1287 3366 4653 99 99 0 0 297 1584 4059 5742 99 99 0 0 396 1683 4455 6336
1 -1 56 104 4 64 64 25 25 25 25 49177 25 25 25 25 25 25 25 49177 25 25 25 25 25 25 25 49177 25 25 25 25 25 25 25 25 49177 25 25 25 25 25 25 25 49177 25 25 25 25 25 25 25 25 25 25 25 25 25 25 25 25 25 25 25 25 25 25 25 25 25 25 99 99 0 0 396 1782 4455 6336 99 99 99 99 396 1782 4257 6039 99 99 99 0 297 1485 3861 5643 99 99 99 0 198 1188 3366 5247 99 99 99 99 198 990 2871 4455 198 99 99 99 198 594 1881 2970 99 99 99 99 99 297 792 1287 198 99 99 99 99 99 198 297
1 -1 56 112 4 1 64 25 198 198 99 99 99 99 0 0 198 198 99 99 99 99 99 0 198 198 99 99 99 99 99 99 297 198 198 99 99 99 99 99 198 198 198 99 99 99 99 99 99 198 198 198 99 99 99 99 0 99 198 198 99 99 99 99 0 0 99 198 198 99 99 99
1 -1 56 120 4 64 64 25 25 25 25 25 25 25 25 25 25 25 25 25 25 25 25 25 25 25 25 25 25 25 25 25 25 25 25 25 25 25 25 25 25 25 25 25 25 25 25 25 25 25 25 25 25 25 25 25 25 25 25 25 25 25 25 16409 25 25 25 25 25 25 25 0 0 0 198 198 198 99 99 0 0 0 99 198 198 198 99 99 0 0 99 198 198 198 198 396 99 0 0 198 297 198 198 891 396 99 0 99 297 297 297 1584 693 198 0 99 297 297 297 2277 1188 297 0 99 297 297 297 2970 1683 594 99 66 297 396 297
1 -1 64 0 4 1 64 25 495 495 396 396 297 297 198 198 495 495 396 396 297 297 297 198 495 495 396 396 396 297 297 297 594 495 495 495 396 396 297 297 594 594 495 495 495 396 396 297 594 594 594 495 495 396 396 396 693 594 594 594 495 495 495 495 693 594 594 594 594 594 594 594
1 -1 64 8 4 1 64 25 693 693 594 594 594 594 495 495 693 693 693 693 594 594 495 495 792 693 693 693 693 594 495 495 792 792 693 594 594 594 594 594 792 693 693 594 693 693 594 594 792 693 693 693 693 693 693 594 792 693 792 792 792 693 594 594 792 792 792 792 693 594 495 396
1 -1 64 16 4 1 64 25 891 891 792 594 495 297 198 198 792 693 495 297 297 198 99 99 495 396 297 198 198 198 99 99 297 198 198 198 198 99 99 99 297 198 198 198 99 99 99 99 198 198 198 99 99 99 99 99 198 198 99 99 99 99 99 99 198 99 99 99 99 198 297 297
1 -1 64 24 4 1 64 25 99 99 99 198 297 396 396 396 99 198 297 495 495 495 396 396 297 495 594 594 495 396 396 396 594 594 594 495 495 396 396 396 693 594 594 495 495 396 396 297 594 594 495 495 495 396 297 297 693 594 594 693 693 495 396 297 660 693 891 990 891 693 495 297
1 -1 64 32 4 1 64 25 693 792 990 1089 990 792 594 396 693 891 1089 1089 990 792 495 396 693 792 990 990 891 693 495 297 594 693 792 792 693 594 396 198 495 495 495 594 495 396 297 198 495 396 396 396 297 198 198 198 495 396 396 297 297 198 198 198 495 396 297 297 297 198 198 198
1 -1 64 40 4 1 64 25 396 396 297 297 297 198 198 198 396 396 297 297 198 198 198 198 396 396 297 297 198 198 198 99 396 297 297 297 198 198 198 99 396 297 297 297 198 198 99 99 396 297 297 297 198 198 99 99 396 297 297 198 198 198 99 99 396 297 297 198 198 198 99 99
1 -1 64 48 4 1 64 25 396 297 198 198 198 198 198 99 396 297 198 198 198 198 198 99 297 297 198 198 198 198 99 99 297 297 198 198 198 198 99 99 297 297 198 198 198 198 99 99 297 297 198 198 198 198 99 99 297 297 198 198 198 198 99 99 297 198 198 198 198 99 99 99
1 -1 64 56 4 1 64 25 297 198 198 198 198 99 99 99 297 198 198 198 198 99 99 99 297 198 297 198 198 99 99 99 297 198 198 198 198 99 99 99 297 198 198 198 198 99 99 99 297 198 198 198 198 99 99 99 297 198 198 198 198 99 99 99 297 198 198 198 198 99 99 99
1 -1 64 64 4 1 64 25 297 198 198 198 198 99 99 99 297 198 198 198 198 99 99 99 198 198 198 198 198 99 99 99 198 198 198 198 99 99 99 99 198 198 198 198 198 99 99 99 198 198 198 198 99 99 99 99 198 198 198 198 99 99 99 99 198 198 198 198 99 99 99 99
1 -1 64 72 4 1 64 25 198 198 198 198 99 99 99 99 198 198 198 198 99 99 99 99 198 198 198 198 99 99 99 99 198 198 198 198 99 99 99 99 198 198 198 99 99 99 99 99 198 198 198 198 99 99 99 99 198 198 198 99 99 99 99 99 198 198 198 99 99 99 99 99
1 -1 64 80 4 1 64 25 198 198 198 99 99 99 99 99 198 198 99 99 99 99 99 0 198 99 99 99 99 99 99 0 198 99 99 99 99 99 99 99 198 99 99 99 99 99 99 0 198 99 99 99 99 99 99 0 99 99 99 99 99 99 99 0 0 99 99 99 99 99 99 0
1 -1 64 88 4 1 64 25 0 99 99 99 99 99 0 0 0 99 99 99 99 99 0 0 0 99 99 99 99 99 0 0 0 0 99 99 99 99 0 0 0 0 99 99 99 0 0 0 0 0 99 99 99 99 0 0 0 0 0 99 99 0 0 0 0 0 0 0 99 99 0 0
1 -1 64 96 4 64 64 25 25 25 25 25 25 25 25 25 25 25 25 25 25 25 25 25 25 25 25 25 25 25 25 25 25 25 25 25 25 25 25 16409 25 25 25 25 25 25 25 25 16409 25 25 25 25 25 25 25 16409 25 25 25 25 25 25 25 16409 25 25 25 25 25 25 0 0 0 0 99 99 0 0 0 0 0 0 99 99 0 0 132 0 0 0 0 99 0 0 627 198 0 0 0 99 99 0 1980 792 198 0 0 0 99 99 3663 1584 396 0 0 0 99 99 4950 2475 693 99 0 0 0 0 5742 3366 1089 198 0 0 0 0
1 -1 64 104 4 64 64 25 16409 25 25 25 25 25 25 25 16409 25 25 25 25 25 25 25 16409 25 25 25 25 25 25 25 16409 25 25 25 25 25 25 25 16409 25 25 25 25 25 25 25 25 25 25 25 25 25 25 25 25 25 25 25 25 25 25 25 25 25 25 25 25 25 25 6039 3762 1386 297 0 0 0 0 5940 3762 1386 297 0 0 0 0 5445 3366 1287 297 0 0 0 0 4851 2772 891 198 0 0 0 0 4059 2178 594 99 0 0 0 0 2772 1386 396 0 0 0 0 0 1188 594 198 0 0 0 0 0 297 99 0 0 0 0 0 0
1 -1 64 112 4 1 64 25 0 0 0 0 0 0 0 0 0 0 0 0 0 0 0 0 0 0 0 0 0 0 0 0 99 0 0 0 0 0 0 0 99 0 0 0 0 0 0 0 99 99 0 0 0 0 0 0 99 99 0 0 0 0 0 0 99 99 99 99 0 0 0 0
1 -1 64 120 4 1 64 25 99 99 99 99 99 0 0 0 99 99 99 99 99 99 0 0 99 99 99 99 99 99 0 0 198 198 99 99 99 99 99 99 198 198 99 99 99 99 99 99 198 198 99 99 99 99 99 99 198 198 198 198 99 99 99 99 297 297 297 198 198 198 198 99
1 -1 72 0 4 1 64 25 198 198 99 99 99 99 0 0 198 198 99 99 99 99 99 99 198 198 198 198 198 198 198 198 297 198 198 297 198 198 198 198 297 396 396 297 297 297 198 297 396 396 396 297 297 396 297 396 495 396 396 396 396 396 396 396 495 495 495 495 495 495 495 495
1 -1 72 8 4 1 64 25 396 396 396 396 297 297 297 297 495 396 396 297 297 297 198 198 495 396 396 396 396 297 297 297 495 495 396 495 396 396 396 363 594 495 495 495 396 396 396 297 594 495 495 396 396 396 396 297 495 495 396 396 297 198 198 99 297 198 198 198 99 99 99 99
1 -1 72 16 4 1 64 25 99 99 99 99 99 99 99 0 99 99 99 99 99 99 0 0 99 99 99 99 0 0 0 0 99 99 0 0 0 0 0 0 99 0 0 0 0 0 0 0 0 0 0 0 0 0 0 99 99 198 198 198 198 198 198 198 396 396 396 297 297 198 198 198
1 -1 72 24 4 1 64 25 396 297 297 297 297 198 198 198 297 297 297 297 198 198 198 198 297 297 198 198 198 198 198 99 297 198 198 198 198 198 99 99 297 297 198 198 198 99 99 99 297 198 198 198 198 99 99 99 198 198 198 198 99 99 99 99 198 198 198 99 99 99 99 99
1 -1 72 32 4 1 64 25 198 198 99 99 99 99 99 99 198 198 99 99 99 99 99 99 198 99 99 99 99 99 99 99 198 99 99 99 99 99 99 0 198 99 99 99 99 99 99 0 99 99 99 99 99 99 0 0 99 99 99 99 99 0 0 0 99 99 99 99 99 0 0 0
1 -1 72 40 4 1 64 25 99 99 99 99 0 0 0 0 99 99 99 99 0 99 0 0 99 99 99 99 99 0 0 0 99 99 99 99 99 0 0 0 99 99 99 99 99 0 0 0 99 99 99 99 0 0 0 0 99 99 99 0 0 0 0 0 99 99 99 99 0 0 0 0
1 -1 72 48 4 1 64 25 99 99 99 0 0 0 0 0 99 99 99 0 0 0 0 0 99 99 99 0 0 0 0 0 99 99 99 0 0 0 0 0 99 99 0 0 0 0 0 0 99 99 0 0 0 0 0 99 99 99 0 0 0 0 0 99 99 99 0 0 0 0 0 297
1 -1 72 56 4 1 64 25 99 99 0 0 0 0 99 495 99 99 0 0 0 0 198 792 99 0 0 0 0 99 396 990 99 0 0 0 0 99 594 1287 99 99 0 0 0 297 792 1683 99 0 0 0 99 396 1089 1881 99 0 0 0 99 594 1287 1980 99 0 0 0 198 792 1584 2178
1 -1 72 64 4 1 64 25 99 0 0 0 396 990 1881 2376 99 0 0 99 495 1287 2178 2475 99 0 0 99 495 1287 2277 2475 99 0 0 99 594 1386 2277 2376 99 0 0 99 594 1386 2178 2178 99 0 0 99 594 1485 2079 2079 99 0 0 198 693 1584 2178 1980 99 0 0 198 693 1584 2178 1980
1 -1 72 72 4 1 64 25 0 0 0 198 693 1584 2178 1980 99 0 0 198 693 1584 2178 1980 99 0 0 198 693 1584 2178 1980 0 0 0 99 594 1485 2079 1980 0 0 0 99 495 1386 2079 1980 0 0 0 99 396 1188 1980 2079 0 0 0 0 396 1089 1881 2178 0 0 0 0 297 990 1782 2178
1 -1 72 80 4 1 64 25 0 0 0 0 297 792 1683 2079 0 0 0 0 198 693 1485 2079 0 0 0 0 99 495 1287 1980 0 0 0 0 99 396 1089 1881 0 0 0 0 0 297 891 1782 0 0 0 0 0 198 693 1584 0 0 0 0 0 99 495 1188 0 0 0 0 0 0 297 891
1 -1 72 88 4 1 64 25 0 0 0 0 0 0 99 495 0 0 0 0 0 0 0 297 0 0 0 0 0 0 0 99 0 0 0 0 0 0 0 0 0 0 0 0 0 0 0 0 0 0 0 0 0 0 0 0 0 0 0 0 0 0 0 0 0 0 0 0 0 0 0 0
1 -1 72 96 4 1 64 25 0 0 0 0 0 0 0 0 0 0 0 0 0 0 0 0 0 0 0 0 0 0 0 0 0 0 0 0 0 0 0 0 0 0 0 0 0 0 0 0 99 0 0 0 0 0 0 0 0 0 0 0 0 0 0 0 99 0 0 0 0 0 0 0
1 -1 72 104 4 1 64 25 99 99 0 0 0 0 0 0 0 99 0 0 0 0 0 0 0 99 99 0 0 0 0 0 0 0 99 99 0 0 0 0 0 0 99 99 99 0 0 0 0 0 0 99 99 99 99 0 0 0 0 99 99 99 99 99 0 0 0 0 99 99 99 99
1 -1 72 112 4 1 64 25 0 0 0 0 0 99 99 99 0 0 0 0 0 99 99 99 0 0 0 0 0 0 99 99 0 0 0 0 0 0 0 99 0 0 0 0 0 0 0 0 0 0 0 0 0 0 0 0 0 0 0 0 0 0 0 0 0 0 0 0 0 0 0 0
1 -1 72 120 4 1 64 25 0 0 0 0 0 0 0 0 0 0 0 0 0 0 0 0 0 0 0 0 0 0 0 0 0 0 0 0 0 0 0 0 99 99 0 0 0 0 0 0 99 99 99 0 0 0 0 0 99 99 99 99 0 0 0 0 99 99 99 99 99 99 0 0
1 -1 80 0 4 1 64 25 99 99 99 99 99 99 99 99 99 99 99 99 99 99 99 198 99 99 99 99 198 198 198 198 198 198 297 198 198 198 198 297 297 297 297 297 297 297 297 297 396 396 396 396 396 396 396 396 495 396 396 495 495 495 495 594 495 396 396 396 495 495 495 495
1 -1 80 8 4 1 64 25 297 297 198 198 198 198 198 198 198 198 198 198 99 99 99 99 198 198 198 198 99 99 99 99 297 297 297 198 198 198 198 99 297 297 297 297 198 198 198 99 297 198 198 99 99 99 0 0 99 99 0 0 0 0 0 0 99 0 0 0 0 0 0 0
1 -1 80 16 4 1 64 25 0 0 0 0 0 0 0 0 0 0 0 0 0 0 0 0 0 0 0 0 0 0 0 0 0 0 0 0 0 0 0 0 0 0 0 0 0 0 0 0 99 99 99 99 99 99 99 99 198 198 198 198 99 99 99 99 198 198 198 99 99 99 99 99
1 -1 80 24 4 1 64 25 198 198 99 99 99 99 99 99 99 99 99 99 99 99 99 99 99 99 99 99 99 99 99 99 99 99 99 99 99 99 99 99 99 99 99 99 99 99 99 99 99 99 99 99 99 0 99 0 99 99 0 0 0 0 0 0 99 0 0 99 0 0 0 0
1 -1 80 32 4 1 64 25 99 0 0 0 0 0 0 0 99 0 0 0 0 0 0 0 0 0 0 0 0 0 0 0 0 0 0 0 0 0 0 0 0 0 0 0 0 0 0 0 0 0 0 0 0 0 0 0 0 0 0 0 0 0 0 0 0 0 0 0 0 0 0 0
1 -1 80 40 4 1 64 25 0 0 0 0 0 0 0 0 0 0 0 0 0 0 0 0 0 0 0 0 0 0 0 0 0 0 0 0 0 0 0 198 0 0 0 0 0 0 198 495 0 0 0 0 0 198 594 1089 0 0 0 0 198 594 1089 1782 0 0 0 99 495 990 1782 2277
1 -1 80 48 4 1 64 25 0 0 0 297 792 1584 2277 2475 0 0 99 495 1188 1881 2277 2178 0 99 396 891 1683 2178 2079 1683 0 198 693 1485 1980 2079 1683 1287 99 495 1089 1881 2178 1881 1287 990 297 891 1584 2178 1980 1485 1089 891 594 1188 1980 2178 1782 1287 891 891 891 1683 2178 1980 1485 990 891 891
1 -1 80 56 4 1 64 25 1188 1980 2178 1782 1287 990 891 990 1584 2178 2079 1485 1089 990 990 1188 1881 2178 1881 1287 990 990 1188 1287 2079 2079 1584 1089 891 990 1188 1485 2178 1980 1386 990 990 1089 1287 1485 2178 1782 1287 990 1089 1188 1386 1584 2079 1584 1089 990 1188 1386 1584 1782 2079 1485 990 990 1089 1386 1683 1980
1 -1 80 64 4 1 64 25 2079 1485 1089 1089 1287 1485 1683 1980 2178 1584 1287 1386 1485 1683 1881 2178 2079 1584 1386 1584 1683 1980 2277 2574 1881 1485 1287 1485 1782 2079 2376 2772 1683 1287 1188 1287 1683 1980 2277 2673 1485 1089 990 1188 1386 1683 1980 2376 1485 990 990 1089 1287 1584 1881 2178 1386 990 891 1089 1287 1584 1881 2079
1 -1 80 72 4 1 64 25 1386 990 891 1089 1287 1584 1881 2079 1386 990 891 1089 1287 1584 1881 2079 1386 990 891 1089 1287 1584 1881 2079 1386 990 891 990 1287 1584 1881 2079 1386 990 792 990 1287 1485 1782 2079 1485 990 891 990 1287 1485 1683 1980 1683 1188 891 990 1188 1485 1683 1980 1782 1188 891 891 1089 1386 1584 1881
1 -1 80 80 4 1 64 25 1881 1287 891 891 1089 1386 1584 1881 1980 1386 990 891 1089 1386 1683 1980 2079 1584 1188 1089 1188 1485 1881 2178 2277 1980 1485 1287 1386 1584 1881 2178 2376 2178 1683 1386 1386 1485 1782 1980 2277 2376 1881 1485 1287 1386 1485 1584 2079 2475 2079 1584 1188 1089 1188 1287 1683 2376 2178 1584 1089 891 990 1089
1 -1 80 88 4 1 64 25 1188 1980 2178 1782 1287 990 891 990 792 1584 2079 1980 1485 1089 891 891 495 1188 1881 2178 1881 1287 990 891 297 792 1584 2079 2079 1584 1089 891 99 495 1089 1782 2178 1881 1386 990 0 198 693 1386 1980 2079 1782 1287 0 99 396 891 1584 2079 1980 1584 0 0 99 495 1089 1782 2178 1980
1 -1 80 96 4 1 64 25 0 0 0 198 693 1287 1881 2178 0 0 0 99 297 792 1485 1980 0 0 0 0 99 396 891 1584 0 0 0 0 0 99 396 990 0 0 0 0 0 0 99 495 0 0 0 0 0 0 0 198 0 0 0 0 0 0 0 0 0 0 0 0 0 0 0 0
1 -1 80 104 4 1 64 25 0 0 0 0 0 0 0 0 0 0 0 0 0 0 0 0 0 0 0 0 0 0 0 0 0 0 0 0 0 0 0 0 0 0 0 0 0 0 0 0 0 0 0 0 0 0 0 0 0 0 0 0 0 0 0 0 99 0 0 0 0 0 0 0
1 -1 80 112 4 1 64 25 99 99 0 0 0 0 0 0 99 99 99 99 0 0 0 0 99 99 99 99 0 0 0 0 99 99 99 99 99 99 0 0 99 99 99 99 99 99 99 99 0 0 99 99 99 99 99 99 0 0 0 99 99 99 99 99 0 0 0 0 99 99 99 99
1 -1 80 120 4 64 64 25 25 25 25 25 25 25 25 25 25 25 25 25 25 25 25 25 25 25 25 25 25 25 25 25 25 32793 32793 32793 32793 25 25 25 49177 25 25 25 25 16409 25 25 49177 25 25 25 25 25 16409 25 49177 25 25 25 25 25 25 25 49177 25 25 25 25 25 25 0 0 0 0 0 0 0 99 0 0 0 0 0 0 0 0 0 99 297 297 297 297 99 0 99 495 1089 1386 1386 990 528 231 297 990 2277 3168 3168 2475 1617 792 297 1386 3069 4554 4950 4356 3201 1980 297 1188 3168 5049 6039 5841 5049 3762 297 990 2673 4851 6336 6831 6534 5544
1 -1 88 0 4 1 64 25 99 99 99 99 99 99 99 99 198 198 198 198 99 198 198 198 198 198 198 198 198 198 198 198 297 297 297 297 297 297 297 297 297 297 297 396 396 396 396 396 396 396 396 495 495 495 495 495 594 594 495 594 594 594 594 594 594 594 495 495 495 495 495 495
1 -1 88 8 4 1 64 25 297 297 297 297 198 198 198 198 99 99 99 99 99 99 99 99 99 99 99 99 99 99 99 99 99 99 99 99 99 99 99 99 99 0 0 0 0 0 0 0 0 0 0 0 0 0 0 0 0 0 0 0 0 0 0 0 0 0 0 0 0 0 0 0
1 -1 88 16 4 1 64 25 0 0 0 0 0 0 0 0 0 0 0 0 0 0 0 0 0 0 0 0 0 0 0 0 0 0 0 0 0 0 0 0 0 0 0 0 0 0 0 0 99 99 99 99 99 99 99 99 99 99 99 99 99 99 99 99 99 99 99 99 99 99 99 99
1 -1 88 24 4 1 64 25 99 99 99 99 99 99 99 99 99 99 99 99 99 99 99 99 99 99 99 99 0 0 0 99 99 0 0 0 0 0 0 0 0 99 0 0 0 0 0 0 0 0 0 0 0 0 0 0 0 0 0 0 0 0 0 0 0 0 0 0 0 0 0 0
1 -1 88 32 4 1 64 25 0 0 0 0 0 0 0 0 0 0 0 0 0 0 0 0 0 0 0 0 0 0 0 0 0 0 0 0 0 0 0 0 0 0 0 0 0 0 0 0 0 0 0 0 0 0 99 198 0 0 0 0 0 198 396 693 0 0 0 99 297 594 990 1485
1 -1 88 40 4 1 64 25 0 0 99 396 693 1188 1683 2079 0 99 396 891 1386 1881 2178 2079 198 495 990 1584 1980 2178 2079 1782 495 990 1584 2079 2178 1980 1584 1287 1089 1683 2079 2079 1881 1485 1188 990 1683 2079 2079 1881 1386 1089 891 990 2178 2178 1881 1386 1089 891 891 990 2376 2079 1485 1089 891 891 990 1188
1 -1 88 48 4 64 64 25 25 25 25 25 25 25 25 25 25 25 25 25 25 25 25 25 25 25 25 25 25 25 25 25 25 25 25 25 25 25 25 25 25 25 25 25 25 25 25 25 25 25 25 25 25 25 32793 25 25 25 25 25 25 49177 25 25 25 25 25 25 25 49177 25 2178 1683 1287 1089 990 1089 1188 1386 1782 1485 1287 1188 1188 1287 1386 1584 1386 1287 1386 1485 1485 1584 1683 1782 1089 1188 1485 1683 1782 1980 1980 2079 990 1089 1386 1782 2079 2277 2376 2475 990 1089 1386 1683 2178 2475 2772 2970 1089 1188 1485 1683 2079 2574 2970 3366 1188 1386 1584 1782 2178 2574 3069 3564
1 -1 88 56 4 64 64 25 25 25 25 25 25 32793 25 25 25 25 25 25 49177 25 25 25 25 25 25 25 32793 25 25 25 25 25 25 32793 25 25 25 25 25 25 49177 25 25 25 25 25 25 25 32793 25 25 25 25 25 25 49177 25 25 25 25 25 25 25 49177 25 25 25 25 25 1287 1485 1683 1980 2277 2673 3069 3663 1485 1683 1881 2178 2475 2772 3267 3762 1485 1782 1980 2277 2673 3069 3465 3960 1683 1980 2178 2475 2871 3366 3762 4257 1782 2079 2475 2772 3168 3663 4059 4554 1881 2178 2574 2970 3465 3960 4356 4851 1980 2277 2673 3069 3564 4158 4752 5247 2277 2574 2970 3366 3861 4356 4851 5445
1 -1 88 64 4 64 64 25 25 32793 25 25 25 25 25 25 32793 25 25 25 25 25 25 49177 25 25 25 25 25 25 25 49177 25 25 25 25 25 25 25 49177 25 25 25 25 25 25 25 49177 25 25 25 25 25 25 25 25 49177 25 25 25 25 25 25 25 49177 25 25 25 25 25 25 2277 2673 3168 3663 4158 4653 5148 5742 2475 2871 3366 3762 4257 4851 5445 6138 2871 3267 3663 4059 4554 5148 5742 6435 3168 3564 4059 4554 5049 5643 6237 6831 3168 3663 4158 4653 5247 5940 6633 7326 2772 3267 3861 4455 5148 5841 6534 7326 2574 3069 3663 4158 4851 5445 6237 6930 2475 2970 3564 4059 4653 5247 5940 6633
1 -1 88 72 4 64 64 25 49177 25 25 25 25 25 25 25 49177 25 25 25 25 25 25 25 49177 25 25 25 25 25 25 25 49177 25 25 25 25 25 25 25 49177 25 25 25 25 25 25 25 25 49177 25 25 25 25 25 25 25 32793 25 25 25 25 25 25 49177 25 25 25 25 25 25 2475 2970 3564 4059 4554 5247 5841 6534 2475 2970 3564 4059 4554 5247 5841 6534 2475 2970 3564 4059 4554 5148 5841 6435 2475 2970 3465 3960 4554 5049 5742 6435 2376 2871 3366 3861 4455 4950 5643 6336 2376 2772 3267 3762 4257 4851 5544 6237 2277 2673 3168 3663 4257 4851 5544 6336 2178 2574 3168 3663 4257 4950 5643 6534
1 -1 88 80 4 64 64 25 49177 25 25 25 25 25 25 25 49177 25 25 25 25 25 25 25 25 49177 25 25 25 25 25 25 25 25 49177 25 25 25 25 25 25 25 25 49177 25 25 25 25 25 25 25 25 49177 25 25 25 25 25 25 25 49177 25 25 25 25 25 25 25 25 49177 25 2277 2673 3267 3861 4554 5148 5742 6435 2376 2871 3465 3960 4455 5049 5544 6039 2574 2970 3366 3762 4158 4554 4950 5346 2475 2772 2970 3267 3564 3960 4356 4851 2178 2277 2475 2772 3168 3564 4059 4455 1782 1980 2178 2475 2871 3366 3762 4257 1485 1782 1980 2277 2574 2970 3465 3861 1386 1584 1782 2079 2376 2772 3168 3663
1 -1 88 88 4 64 64 25 25 25 25 25 25 25 49177 25 25 25 25 25 25 25 25 25 25 25 25 25 25 25 25 25 25 25 25 25 25 25 25 25 25 25 25 25 25 25 25 25 25 25 25 25 25 25 25 25 25 25 25 25 25 25 25 25 25 25 25 25 25 25 25 1287 1485 1683 1980 2178 2475 2871 3267 1188 1386 1584 1782 1980 2277 2574 2970 990 1188 1386 1584 1782 2079 2277 2574 891 1089 1287 1485 1584 1881 2079 2376 891 990 1089 1386 1485 1683 1881 2178 990 891 990 1188 1386 1584 1683 1980 1188 990 891 990 1188 1386 1485 1782 1485 1089 891 891 1089 1188 1386 1782
1 -1 88 96 4 1 64 25 1881 1485 1089 891 990 1089 1386 1782 2079 1881 1386 1089 990 1089 1386 1584 2079 2178 1881 1485 1188 1188 1287 1485 1584 2079 2178 1980 1683 1485 1287 1287 990 1683 2079 2277 2178 1881 1485 1287 495 990 1683 2178 2376 2277 1881 1485 198 495 990 1683 2178 2376 2178 1881 0 198 495 990 1485 1980 2178 2079
1 -1 88 104 4 1 64 25 0 0 99 396 792 1188 1683 1980 0 0 0 99 198 495 891 1386 0 0 0 0 0 99 396 693 0 0 0 0 0 0 99 198 0 0 0 0 0 0 0 0 0 0 0 0 0 0 0 0 0 0 0 0 0 0 0 0 0 0 0 0 0 0 0 0
1 -1 88 112 4 1 64 25 0 0 0 0 0 0 0 0 0 0 0 0 0 0 0 0 0 0 0 0 0 0 0 0 0 0 0 0 0 0 0 0 0 0 99 0 0 0 0 0 99 0 0 99 0 0 0 0 99 99 99 0 0 0 0 0 99 99 99 99 0 0 0 99
1 -1 88 120 4 64 64 25 25 25 25 25 25 25 25 25 25 25 25 25 25 25 25 25 25 25 25 25 25 25 25 25 25 25 25 25 25 25 25 25 25 25 25 25 25 25 25 32793 25 25 25 25 25 25 25 25 16409 25 25 25 25 25 25 25 16409 25 25 25 25 25 25 99 99 99 99 99 99 99 0 0 99 99 99 99 99 99 99 0 0 0 99 99 99 99 99 99 0 0 0 0 0 0 99 297 99 0 0 0 0 0 0 990 297 99 0 0 0 0 0 2178 990 297 0 0 0 0 0 3861 2079 792 198 0 0 0 0
1 -1 96 0 4 1 64 25 99 99 99 99 99 99 99 99 99 198 198 198 198 198 99 198 198 198 198 198 198 198 198 198 297 297 297 297 297 297 297 297 396 396 396 396 396 396 396 396 495 495 495 495 495 495 495 495 594 594 594 594 594 594 594 594 495 495 495 495 495 495 495 495
1 -1 96 8 4 1 64 25 198 198 198 198 198 198 198 198 99 99 0 0 0 0 0 0 99 99 99 99 0 0 0 0 99 99 99 0 0 0 0 0 0 0 0 0 0 0 0 0 0 0 0 0 0 0 0 0 0 0 0 0 0 0 0 0 0 0 0 0 0 0 0 0
1 -1 96 16 4 1 64 25 0 0 0 0 0 0 0 0 0 0 0 0 0 0 0 0 0 0 0 0 0 0 0 0 0 0 0 0 0 0 0 0 0 0 0 0 0 0 0 0 99 99 99 99 99 99 99 99 99 99 99 99 99 99 99 99 99 99 99 99 99 99 99 99
1 -1 96 24 4 1 64 25 99 99 99 99 99 99 99 99 99 99 99 99 99 99 99 99 0 99 0 0 99 99 99 99 0 0 0 0 0 0 0 0 0 0 0 0 0 0 0 0 0 0 0 0 0 0 0 0 0 0 0 0 0 0 0 0 0 0 0 0 0 0 0 0
1 -1 96 32 4 1 64 25 0 0 0 0 0 0 0 0 0 0 0 0 0 99 99 198 0 0 0 99 198 297 594 792 0 0 99 297 594 891 1287 1683 99 297 495 891 1188 1683 2079 2376 495 792 1188 1584 1881 2178 2376 2376 1089 1584 1881 2079 2079 2079 2079 1980 1881 2079 2079 1980 1782 1485 1485 1485
1 -1 96 40 4 1 64 25 2178 1980 1782 1485 1188 1089 1089 1188 1881 1485 1287 990 990 891 990 1188 1386 1089 891 891 891 990 1089 1287 1089 891 891 891 1089 1188 1287 1485 990 891 990 1188 1287 1386 1485 1683 1089 1188 1287 1386 1485 1584 1683 1881 1188 1386 1485 1584 1782 1782 1980 2178 1386 1485 1782 1881 1980 2079 2277 2475
1 -1 96 48 4 64 64 25 25 25 25 25 25 32793 32793 25 25 25 25 32793 32793 25 25 25 25 25 49177 25 25 25 25 25 25 32793 32793 25 25 25 25 25 32793 25 25 25 25 25 25 32793 25 25 25 25 25 25 25 25 25 25 25 25 25 25 25 25 25 25 25 25 25 25 25 1485 1683 1980 2178 2277 2376 2574 2871 1782 1881 2178 2475 2673 2871 3069 3366 1980 2079 2376 2772 3168 3366 3564 3861 2178 2376 2673 3069 3465 3861 4059 4257 2574 2772 3069 3465 3762 4257 4554 4851 3069 3267 3465 3861 4158 4554 5049 5445 3663 3762 3960 4257 4554 4950 5544 6039 4059 4356 4653 4851 5148 5445 5940 6534
1 -1 96 56 4 1 64 25 4356 4851 5247 5544 5742 6039 6435 7029 4455 5148 5742 6237 6534 6732 7128 7524 4554 5247 6039 6732 7227 7623 7821 8217 4752 5346 6039 6831 7623 8316 8712 9009 5049 5643 6237 6930 7821 8712 9405 9999 5346 5940 6534 7227 8019 8910 9801 10692 5841 6336 6930 7524 8316 9108 10098 11088 6138 6732 7326 8019 8712 9504 10296 11385
1 -1 96 64 4 1 64 25 6435 7029 7722 8514 9207 9999 10791 11781 6732 7326 8019 8811 9603 10494 11385 12276 7029 7623 8415 9108 9900 10791 11781 12870 7425 8118 8811 9603 10395 11286 12276 13365 8019 8613 9405 10098 10989 11880 12870 13959 8019 8811 9603 10494 11385 12375 13464 14553 7722 8514 9306 10296 11286 12474 13563 14751 7326 8217 9009 9900 10989 12078 13266 14454
1 -1 96 72 4 1 64 25 7227 8019 8811 9702 10791 11880 13068 14157 7227 8019 8811 9702 10692 11880 12969 14058 7227 8019 8811 9702 10692 11781 12870 13959 7128 7920 8712 9603 10494 11583 12771 13959 7029 7821 8613 9504 10494 11583 12771 14025 7029 7821 8712 9603 10593 11682 12771 13827 7128 8019 8910 9702 10494 11385 12276 13068 7326 8019 8712 9405 9999 10692 11385 12177
1 -1 96 80 4 1 64 25 7029 7623 8118 8613 9207 9900 10692 11484 6435 6930 7425 8019 8613 9306 10098 10989 5841 6336 6930 7524 8217 8811 9504 10296 5346 5940 6534 7128 7821 8415 9009 9702 4950 5544 6039 6633 7326 7920 8514 9207 4653 5247 5742 6336 6831 7425 8019 8811 4356 4752 5247 5841 6336 6930 7623 8415 4059 4455 4851 5445 5940 6534 7326 8118
1 -1 96 88 4 64 64 25 25 25 25 25 25 25 25 49177 25 25 25 25 25 25 25 49177 25 25 25 25 25 25 25 25 49177 25 25 25 25 25 25 25 49177 25 25 25 25 25 25 25 25 49177 25 25 25 25 25 25 25 25 25 25 25 49177 25 25 25 25 25 25 25 25 25 3663 4059 4455 4950 5544 6237 7029 7623 3366 3762 4158 4653 5247 6039 6633 7029 2970 3366 3861 4356 4950 5643 6039 6237 2673 3069 3564 4158 4752 5148 5346 5445 2475 2871 3366 3960 4356 4554 4653 4752 2277 2673 3267 3663 3861 3861 3960 4158 2178 2574 2970 3168 3267 3267 3465 3762 2079 2475 2673 2673 2673 2772 2970 3267
1 -1 96 96 4 1 64 25 2079 2277 2277 2178 2277 2376 2574 2970 1881 1881 1782 1782 1980 2079 2277 2475 1584 1485 1485 1584 1683 1782 1980 2178 1188 1188 1188 1386 1485 1584 1782 1881 990 990 990 1188 1287 1485 1584 1584 1089 891 891 990 1089 1287 1287 1386 1485 1188 990 891 990 1089 1089 1089 1881 1584 1287 1188 990 990 891 990
1 -1 96 104 4 1 64 25 2079 1980 1881 1584 1386 1089 990 891 1782 2079 2178 2079 1881 1584 1287 1188 1089 1485 1881 2178 2178 2079 1881 1584 495 792 1089 1584 1782 2079 2178 2079 99 297 495 792 1089 1485 1782 1980 0 0 99 198 396 693 891 1188 0 0 0 0 99 198 297 495 0 0 0 0 0 0 99 99
1 -1 96 112 4 1 1 25 0
1 -1 96 120 4 1 64 25 0 0 0 0 0 0 0 0 99 99 0 0 0 0 0 0 99 99 0 0 0 0 0 0 99 99 99 99 99 99 0 0 0 0 0 0 99 99 99 99 0 0 0 0 0 0 99 99 0 0 0 0 0 0 0 0 0 0 0 0 0 0 0 0
1 -1 104 0 4 1 64 25 99 99 99 99 99 99 99 99 198 99 99 99 99 99 99 99 198 198 198 198 198 99 198 99 297 198 198 198 198 198 198 198 297 297 297 297 297 297 297 297 396 396 396 396 396 396 396 396 594 594 495 495 495 495 495 495 495 495 495 495 495 495 495 495
1 -1 104 8 4 1 64 25 198 198 198 198 198 198 198 297 0 0 0 0 0 0 0 0 0 0 0 0 0 0 0 0 0 0 0 0 0 0 0 0 0 0 0 0 0 0 0 0 0 0 0 0 0 0 0 0 0 0 0 0 0 0 0 0 0 0 0 0 0 0 0 0
1 -1 104 16 4 1 64 25 0 0 0 0 0 0 0 0 0 0 0 0 0 0 0 0 0 0 0 0 0 0 0 0 0 0 0 0 0 0 0 0 0 0 0 0 0 0 0 0 99 99 0 0 0 0 0 0 99 99 99 99 99 99 99 0 99 99 99 99 99 99 99 99
1 -1 104 24 4 1 64 25 99 99 99 99 99 99 99 99 99 99 99 99 99 99 99 99 99 99 0 99 0 0 99 99 0 0 0 0 0 0 0 0 0 0 0 0 0 0 0 99 0 0 0 0 0 0 99 0 0 0 0 0 0 0 0 0 0 0 0 0 0 0 0 99
1 -1 104 32 4 1 64 25 0 99 99 198 198 297 396 396 297 396 594 693 792 990 1089 1188 990 1089 1386 1584 1683 1782 1881 1980 1881 1980 2079 2178 2178 2178 2178 2079 2376 2277 2178 1980 1881 1782 1683 1485 2277 2079 1683 1485 1287 1188 1089 990 1782 1584 1287 990 990 891 891 891 1386 1287 1188 990 891 891 891 990
1 -1 104 40 4 64 64 25 25 25 25 25 25 25 25 25 25 25 25 25 25 25 25 25 25 25 25 25 25 25 25 25 25 25 25 25 25 25 25 25 25 25 25 25 25 25 25 25 25 32793 32793 32793 32793 32793 32793 25 32793 25 25 25 25 25 25 32793 25 25 25 25 25 25 25 1386 1485 1386 1188 1089 1089 1188 1287 1485 1683 1683 1584 1386 1386 1485 1485 1683 1980 2079 1980 1683 1584 1683 1683 1782 2178 2376 2277 2079 1881 1980 2079 1980 2376 2673 2673 2475 2277 2277 2376 2178 2574 2970 3069 2970 2772 2772 2772 2376 2772 3267 3564 3564 3366 3267 3366 2673 3069 3663 4059 4158 3960 3861 3861
1 -1 104 48 4 1 64 25 3069 3465 3960 4455 4653 4554 4455 4356 3564 3861 4356 4950 5247 5346 5049 4950 4059 4356 4752 5346 5841 5940 5742 5643 4554 4851 5247 5742 6336 6732 6534 6336 5049 5445 5742 6237 6930 7425 7425 7227 5643 6039 6336 6732 7425 8019 8217 8019 6336 6633 6930 7326 7920 8613 9009 8910 6930 7326 7623 8019 8514 9207 9801 9900
1 -1 104 56 4 64 64 25 25 25 25 25 25 25 25 25 25 25 25 25 25 25 25 25 25 25 25 25 25 25 25 25 25 25 25 25 25 25 25 25 25 25 25 25 25 25 25 25 25 25 25 25 25 25 32793 25 25 25 25 25 32793 32793 25 25 25 25 25 32793 25 25 25 7524 8019 8316 8712 9207 9801 10494 10890 8019 8613 9108 9504 9900 10494 11286 11880 8712 9207 9801 10296 10791 11385 12078 12870 9405 9900 10494 11187 11682 12276 12969 13860 10296 10791 11385 12078 12771 13266 13959 14751 11286 11781 12276 12969 13662 14355 14949 15576 12078 12771 13365 13860 14553 15246 15939 16533 12474 13563 14355 15015 15543 16236 16929 17523
1 -1 104 64 4 64 64 25 25 25 32793 25 25 25 25 25 25 49177 25 25 25 25 25 25 25 32793 25 25 25 25 25 25 49177 25 25 25 25 25 25 25 32793 25 25 25 25 25 25 49177 25 25 25 25 25 25 25 49177 25 25 25 25 25 25 25 49177 25 25 25 25 25 25 25 12771 13959 15048 15939 16632 17226 17886 18513 13266 14355 15444 16566 17523 18216 18876 19602 13860 14850 15939 17028 18117 19008 19866 20757 14355 15444 16500 17523 18546 19602 20790 21879 14949 15939 17028 18117 19107 20229 21582 22770 15543 16599 17622 18645 19602 20823 22209 23463 15840 16929 17985 19041 20097 21318 22704 23892 15576 16830 18018 19140 20295 21681 23067 24189
1 -1 104 72 4 64 64 49177 25 25 25 25 25 25 25 25 49177 25 25 25 25 25 25 25 49177 25 25 25 25 25 25 25 49177 25 25 25 25 25 25 25 49177 25 25 25 25 25 25 25 25 49177 25 25 25 25 25 25 25 25 49177 25 25 25 25 25 25 25 49177 25 25 25 25 15345 16533 17721 18942 20196 21681 23067 24189 15246 16434 17622 18909 20097 21549 22935 24057 15147 16335 17523 18810 19899 21219 22605 23793 15147 16335 17523 18612 19635 20724 22011 23199 15147 16203 17226 18216 19107 20031 21219 22407 14718 15642 16533 17523 18315 19272 20328 21450 13926 14850 15741 16731 17622 18579 19602 20493 13134 14058 15048 16038 16929 17952 18810 19503
1 -1 104 80 4 64 64 25 25 25 25 49177 25 25 25 25 25 25 25 25 25 49177 25 25 25 25 25 25 25 25 25 25 25 25 25 25 25 25 25 25 25 25 25 25 25 25 25 25 25 25 25 25 25 25 25 25 25 25 25 25 25 25 25 25 25 25 25 25 25 25 25 12474 13365 14355 15345 16335 17259 17952 18447 11880 12672 13662 14751 15741 16434 16929 17325 11088 11979 13068 14091 14883 15444 15807 16203 10494 11385 12474 13365 13959 14289 14751 15147 9999 10890 11781 12474 12771 13167 13662 14058 9603 10395 10989 11385 11682 12078 12573 12969 9207 9801 10098 10296 10692 11088 11583 11979 8613 9009 9108 9405 9801 10197 10593 10989
1 -1 104 88 4 64 64 25 25 25 25 25 25 25 25 25 25 25 25 25 25 25 25 25 25 25 25 25 25 25 25 25 25 25 25 25 25 25 25 25 25 25 25 25 25 25 25 25 25 25 25 25 25 25 25 25 25 25 25 25 25 25 25 49177 25 25 25 25 25 25 25 8019 8118 8316 8613 9009 9306 9603 10098 7128 7326 7524 8019 8316 8514 8811 9306 6336 6534 6930 7326 7524 7722 8019 8514 5643 5940 6336 6633 6831 7029 7326 7821 4950 5346 5742 5940 6138 6336 6732 7227 4455 4851 5049 5247 5544 5742 6039 6633 4059 4356 4455 4653 4950 5148 5544 6039 3663 3762 3960 4158 4356 4554 4950 5544
1 -1 104 96 4 64 64 25 25 49177 25 25 25 25 25 25 25 25 25 49177 25 25 25 25 25 25 25 25 49177 25 25 25 25 25 25 25 25 25 25 25 25 25 25 25 25 25 25 25 25 25 25 25 25 25 25 25 25 25 25 25 25 25 25 25 25 25 25 25 25 25 25 3168 3267 3465 3663 3861 4059 4455 4950 2673 2772 2970 3168 3267 3564 4059 4455 2277 2376 2475 2673 2871 3168 3564 4059 1980 2079 2178 2277 2475 2772 3168 3564 1683 1782 1980 1980 2178 2475 2871 3168 1485 1485 1584 1683 1881 2178 2574 2772 1188 1287 1386 1485 1683 1980 2277 2475 1089 1089 1188 1287 1485 1782 1980 2079
1 -1 104 104 4 1 64 25 891 891 990 1089 1287 1584 1782 1782 990 990 990 990 1188 1386 1485 1584 1386 1287 1188 1188 1287 1386 1386 1386 1980 1782 1683 1683 1683 1683 1584 1584 2079 2079 2079 2178 2277 2178 2178 2079 1485 1683 1980 2277 2475 2475 2475 2475 693 891 1188 1584 1881 1980 2178 2277 198 297 495 792 891 1089 1287 1386
1 -1 104 112 4 1 64 25 0 0 99 198 297 396 396 495 0 0 0 0 0 0 99 99 0 0 0 0 0 0 0 0 0 0 0 0 0 0 0 0 0 0 0 0 0 0 0 0 0 0 0 0 0 0 0 0 0 0 0 0 0 0 0 0 0 0 0 0 0 0 0 0
1 -1 104 120 4 1 64 25 0 0 0 0 0 0 0 0 0 0 0 0 0 0 0 0 0 0 0 0 0 0 0 0 0 0 0 0 0 0 0 0 99 0 0 99 99 99 99 99 99 99 99 99 99 99 99 99 0 0 0 0 99 99 99 99 0 0 0 0 0 0 0 0
1 -1 112 0 4 1 64 25 99 99 99 99 99 99 99 99 99 99 99 99 99 99 99 99 99 99 99 99 99 99 99 99 198 198 198 198 198 198 198 198 297 297 297 297 297 297 297 198 396 396 396 396 396 396 396 297 495 495 396 396 396 396 396 396 495 495 495 495 495 495 495 495
1 -1 112 8 4 1 64 25 297 297 297 396 396 495 495 594 0 99 99 99 99 198 297 396 0 0 0 0 0 0 99 99 0 0 0 0 0 0 0 0 0 0 0 0 0 0 0 0 0 0 0 0 0 0 0 0 0 0 0 0 0 0 0 0 0 0 0 0 0 0 0 0
1 -1 112 16 4 1 64 25 0 0 0 0 0 0 0 0 0 0 0 0 0 0 0 0 0 0 0 0 0 0 0 0 0 0 0 0 0 0 0 0 0 0 0 0 0 0 0 0 0 0 0 0 0 0 0 0 0 0 0 0 0 0 0 0 99 99 0 0 0 0 0 0
1 -1 112 24 4 1 64 25 99 99 99 99 0 0 0 0 99 99 99 99 99 99 99 99 99 99 99 99 99 99 99 99 0 99 99 99 0 0 99 0 0 99 0 0 0 0 0 0 99 0 0 0 0 0 0 99 0 0 0 0 99 0 0 0 99 99 99 99 198 99 99 99
1 -1 112 32 4 1 64 25 495 594 594 594 594 594 594 594 1287 1386 1485 1485 1485 1485 1485 1485 2079 2079 2079 2178 2178 2178 2178 2079 1980 1980 1980 1980 1980 1980 1980 1980 1386 1386 1386 1386 1287 1386 1386 1485 990 990 990 891 891 891 990 990 792 792 792 792 792 792 891 891 990 990 990 990 990 990 990 1089
1 -1 112 40 4 64 64 25 25 25 25 25 25 25 25 25 25 25 25 25 25 25 25 25 25 25 25 25 25 25 25 25 25 25 25 25 25 25 25 25 25 25 25 25 25 25 32793 32793 32793 32793 32793 32793 32793 32793 25 25 25 25 25 25 25 25 25 25 25 25 25 25 25 25 25 1287 1287 1287 1287 1287 1287 1287 1287 1485 1584 1584 1584 1584 1584 1584 1683 1683 1782 1881 1881 1881 1881 1881 1980 2079 2079 2178 2178 2178 2178 2178 2376 2376 2475 2475 2475 2475 2475 2574 2673 2871 2970 2871 2871 2871 2871 2970 3168 3366 3465 3465 3465 3465 3465 3564 3762 3960 3960 3960 3960 3960 3960 4059 4356
1 -1 112 48 4 1 64 25 4455 4554 4554 4554 4554 4554 4653 4950 5049 5148 5247 5247 5247 5247 5346 5742 5643 5742 5841 5841 5841 5841 6138 6534 6336 6435 6534 6534 6534 6633 6831 7326 7128 7227 7227 7227 7227 7326 7623 8019 7920 7920 8118 8118 8118 8217 8415 8811 8712 8712 8910 8910 8910 9009 9306 9603 9702 9603 9702 9801 9801 9900 10197 10494
1 -1 112 56 4 64 64 25 25 25 25 25 25 25 25 25 25 25 25 25 25 25 25 25 25 25 25 25 25 25 25 25 25 25 25 25 25 25 25 32793 32793 32793 32793 32793 32793 32793 32793 25 25 25 25 25 25 25 25 25 25 25 25 25 25 25 25 25 25 25 25 25 25 25 25 10791 10692 10692 10791 10791 10989 11286 11484 11979 11781 11781 11880 11880 12078 12474 12573 13167 12969 12969 12969 12969 13266 13563 13563 14256 14256 14157 14157 14157 14355 14751 14652 15345 15444 15345 15345 15345 15576 15840 15642 16335 16632 16533 16434 16533 16764 16962 16731 17259 17688 17688 17622 17721 17985 18084 17721 18216 18711 18909 18909 19008 19140 19173 18711
1 -1 112 64 4 1 64 25 19206 19866 20196 20295 20394 20493 20394 19800 20394 21087 21681 21978 22077 22044 21780 21087 21714 22572 23067 23463 23562 23463 23133 22572 22935 23760 24255 24453 24552 24453 24189 23760 23760 24519 24849 25047 25047 25014 24849 24453 24354 24915 25146 25245 25245 25245 25146 24948 24684 25047 25245 25245 25245 25245 25245 25146 24849 25146 25245 25245 25245 25245 25245 25212
1 -1 112 72 4 1 64 25 24849 25146 25245 25245 25245 25245 25245 25245 24783 25146 25245 25245 25245 25245 25245 25146 24585 25047 25245 25245 25245 25245 25146 24948 24123 24684 25014 25146 25146 25146 24948 24684 23364 24123 24552 24750 24849 24750 24519 24090 22407 23166 23694 23991 24123 23991 23694 23133 21252 21945 22473 22803 22902 22770 22440 21945 19998 20559 21087 21483 21483 21285 20988 20691
1 -1 112 80 4 64 64 25 25 25 25 25 25 25 25 25 25 25 25 25 25 25 25 49177 25 25 25 25 25 25 25 25 25 25 25 25 25 25 25 25 25 25 25 25 25 25 25 25 25 25 25 25 25 25 25 25 25 25 25 25 25 25 25 25 25 25 25 25 25 25 25 18843 19338 19866 20196 20097 19998 19800 19602 17820 18282 18810 19107 19008 18810 18612 18546 16632 17226 17820 18018 17820 17622 17424 17391 15642 16236 16731 16929 16632 16434 16236 16203 14553 15246 15741 15741 15444 15345 15048 15015 13563 14256 14751 14553 14256 14157 13860 13761 12573 13266 13662 13365 13167 13068 12771 12573 11583 12276 12573 12276 12078 11979 11682 11484
1 -1 112 88 4 1 64 25 10692 11286 11484 11187 10890 10890 10593 10494 9900 10395 10494 10098 9999 9999 9702 9504 9108 9603 9603 9207 9108 9108 8811 8613 8514 8811 8712 8316 8217 8217 8019 7821 7821 8118 7920 7524 7425 7524 7227 7029 7128 7326 7128 6732 6732 6831 6534 6336 6534 6633 6336 6039 6039 6138 5841 5643 5940 5940 5544 5346 5445 5445 5148 4950
1 -1 112 96 4 1 64 25 5346 5247 4950 4752 4851 4851 4554 4356 4752 4653 4257 4158 4158 4257 4059 3861 4257 4158 3762 3564 3663 3762 3564 3366 3762 3564 3267 3069 3168 3267 3069 2871 3267 3069 2772 2574 2673 2871 2673 2475 2871 2574 2277 2178 2277 2475 2277 2079 2475 2277 1980 1881 2079 2178 1980 1782 2178 1980 1683 1584 1782 1881 1683 1485
1 -1 112 104 4 1 64 25 1782 1584 1386 1386 1485 1584 1485 1287 1584 1287 1188 1089 1188 1386 1188 1089 1386 1188 990 990 1089 1287 1089 891 1485 1287 1089 1089 1287 1386 1287 1089 1881 1683 1584 1584 1683 1881 1683 1584 2376 2178 2079 2079 2277 2376 2277 2079 2277 2178 2079 2079 2277 2376 2277 2079 1386 1287 1287 1287 1485 1683 1584 1287
1 -1 112 112 4 1 64 25 495 495 495 495 594 693 693 495 99 99 99 99 198 198 198 99 0 0 0 0 0 99 0 0 0 0 0 0 0 99 0 0 0 0 0 0 0 0 0 0 0 0 0 0 0 0 0 0 0 0 0 0 0 0 0 0 0 0 0 0 0 0 0 0
1 -1 112 120 4 1 64 25 0 0 0 0 0 0 0 99 0 0 0 0 0 99 0 0 0 0 0 0 0 99 0 99 0 0 99 99 99 99 99 99 99 99 99 99 99 99 99 99 99 99 99 99 99 99 99 99 99 99 99 99 99 99 99 99 0 99 99 99 99 99 99 99
1 -1 120 0 4 1 64 25 99 99 99 99 99 99 99 99 99 99 99 99 99 99 99 99 99 99 99 99 99 99 99 99 198 198 198 198 198 198 198 198 297 297 297 297 297 297 297 297 297 396 297 297 396 396 396 297 396 396 396 396 396 396 396 396 495 495 495 495 495 495 495 495
1 -1 120 8 4 1 64 25 594 693 693 693 693 594 594 594 495 594 594 594 693 693 693 792 198 198 198 297 396 495 594 594 0 0 0 99 99 198 198 198 0 0 0 0 0 0 0 0 0 0 0 0 0 0 0 0 0 0 0 0 0 0 0 0 0 0 0 0 0 0 0 0
1 -1 120 16 4 1 1 25 0
1 -1 120 24 4 1 64 25 0 0 0 0 0 0 0 0 0 0 0 0 0 0 0 0 99 99 99 99 0 0 0 0 99 0 0 99 99 0 99 99 0 0 0 0 0 0 0 0 0 99 99 0 0 0 99 0 0 0 0 0 0 0 0 0 99 99 99 99 99 0 0 0
1 -1 120 32 4 1 64 25 594 594 594 495 396 297 198 99 1386 1386 1386 1287 1089 891 693 495 2079 2178 2277 2277 1980 1782 1485 1188 2079 2277 2475 2574 2475 2376 2277 1881 1584 1782 2079 2178 2277 2277 2277 2178 1188 1386 1584 1584 1683 1683 1683 1782 1089 1287 1386 1386 1287 1188 1188 1287 1188 1485 1485 1386 1287 1089 990 990
1 -1 120 40 4 64 64 25 25 25 25 25 25 25 25 25 25 25 25 25 25 25 25 25 25 25 25 25 25 25 25 25 25 25 25 25 25 25 25 32793 32793 32793 25 25 25 25 25 25 25 25 16409 25 25 25 25 25 25 25 25 16409 32793 25 25 25 25 25 25 25 25 16409 32793 1485 1782 1881 1683 1485 1287 1089 990 1881 2178 2178 1980 1683 1386 1188 1188 2178 2475 2475 2178 1881 1584 1485 1584 2673 2871 2772 2376 2079 1881 1782 1881 2970 3168 3069 2673 2376 2178 2079 2178 3564 3663 3465 3069 2673 2574 2574 2475 4158 4158 3960 3465 3168 2970 2970 2673 4752 4752 4356 3861 3564 3465 3366 3069
1 -1 120 48 4 1 64 25 5346 5247 4752 4356 4158 4059 3762 3465 5940 5841 5247 4851 4653 4554 4158 3960 6732 6435 5841 5445 5247 5049 4653 4455 7326 7029 6435 6039 5841 5544 5247 5049 8019 7623 7128 6732 6534 6138 5841 5643 8712 8217 7722 7524 7227 6831 6534 6237 9504 8910 8514 8217 7821 7524 7227 6732 10296 9702 9207 8910 8514 8217 7821 7326
1 -1 120 56 4 64 64 25 25 25 25 25 25 25 25 25 25 25 25 25 25 25 25 25 25 25 25 25 25 25 25 25 25 25 25 25 25 25 25 25 25 25 25 25 25 25 25 16409 25 25 25 25 25 25 25 25 16409 32793 25 25 25 25 25 25 25 25 16409 25 25 25 25 11088 10494 10098 9702 9306 8910 8415 8118 11979 11385 10989 10494 10098 9603 9207 8910 12969 12375 11979 11484 10989 10494 10098 9801 14058 13464 12969 12474 11880 11484 11088 10494 15048 14553 13959 13464 12969 12573 11979 11187 16038 15444 14949 14454 14058 13563 12771 11682 17127 16533 16038 15543 15048 14256 13266 12276 18117 17523 17127 16632 15840 14949 13860 12969
1 -1 120 64 4 64 64 25 25 25 25 16409 25 25 25 25 25 25 25 25 16409 25 25 25 25 25 25 25 16409 25 25 25 25 25 25 25 25 16409 25 25 25 25 25 25 25 25 16409 25 25 25 25 25 25 25 16409 25 25 25 25 25 25 25 16409 25 25 25 25 25 25 25 16409 19206 18612 18117 17424 16533 15543 14553 13662 20394 19701 19008 18216 17127 16137 15246 14256 21780 20790 19800 18810 17820 16929 15939 15048 22968 21879 20691 19536 18513 17622 16731 15939 23859 22869 21582 20361 19371 18513 17589 16599 24453 23595 22374 21087 19965 18909 17820 16632 24750 23991 22869 21483 20163 18909 17721 16533 24915 24222 23100 21681 20196 18909 17688 16533
1 -1 120 72 4 64 64 25 25 25 25 25 25 25 16409 25 25 25 25 25 25 25 16409 25 25 25 25 25 25 25 16409 25 25 25 25 25 25 25 25 25 25 25 25 25 25 16409 25 25 25 25 25 25 25 25 25 25 25 25 25 25 16409 25 25 25 25 25 25 25 25 25 25 24948 24288 23166 21780 20295 19008 17820 16632 24816 24156 23034 21681 20361 19206 18084 16929 24552 23859 22671 21285 20097 19008 17919 16896 24156 23265 22044 20691 19503 18414 17325 16335 23364 22374 21186 20031 18909 17820 16731 15642 22374 21384 20493 19503 18513 17325 16236 15147 21186 20295 19503 18843 18018 16962 15840 14652 20097 19305 18546 17952 17325 16533 15477 14355
1 -1 120 80 4 1 64 25 19206 18414 17622 16929 16335 15741 14949 13959 18216 17622 16731 16038 15345 14751 14157 13464 17226 16731 15840 15114 14355 13662 13068 12573 16203 15741 14949 14157 13365 12672 12078 11484 15048 14817 14124 13266 12573 11880 11187 10593 13860 13827 13332 12474 11682 10989 10296 9702 12573 12672 12375 11583 10890 10197 9603 9009 11484 11484 11385 10890 10098 9504 8910 8415
1 -1 120 88 4 1 64 25 10395 10395 10494 10098 9405 8811 8316 7821 9405 9504 9603 9405 8811 8118 7722 7227 8514 8613 8712 8712 8217 7623 7029 6633 7722 7722 7821 7920 7722 7029 6435 6039 6930 6930 7029 7227 7128 6633 5940 5445 6237 6237 6336 6435 6435 6039 5445 4950 5544 5544 5544 5643 5742 5544 4950 4455 4950 4851 4851 4950 5049 4950 4653 4059
1 -1 120 96 4 64 64 25 25 25 25 25 25 25 25 25 25 25 49177 25 25 25 16409 25 25 25 25 25 25 25 25 25 25 25 25 25 25 25 25 25 25 25 25 25 25 25 25 25 25 25 25 25 25 25 25 25 25 25 25 25 25 25 25 25 25 25 25 25 25 25 25 4356 4257 4257 4257 4356 4455 4257 3663 3861 3762 3663 3663 3762 3960 3861 3465 3267 3267 3168 3168 3267 3366 3366 3168 2772 2772 2673 2673 2772 2871 2970 2871 2376 2376 2277 2277 2376 2376 2574 2574 1980 1980 1881 1881 1980 1980 2079 2178 1683 1683 1584 1584 1584 1683 1782 1881 1485 1485 1386 1386 1386 1485 1485 1485
1 -1 120 104 4 1 64 25 1287 1188 1089 1089 1089 1287 1287 1287 990 990 891 891 891 1089 1188 1287 891 891 891 891 990 1188 1386 1584 990 1089 1188 1287 1386 1584 1881 2079 1485 1584 1782 1881 1881 2079 2277 2277 2079 2079 2178 2178 2079 2079 1980 1881 1980 1881 1782 1683 1584 1386 1188 990 1188 1089 990 891 792 594 495 396
1 -1 120 112 4 1 64 25 396 396 297 297 198 198 99 99 99 0 0 0 0 0 0 0 0 0 0 0 0 0 0 0 0 0 0 0 0 0 0 0 0 0 0 0 0 0 0 0 0 0 0 0 0 0 0 0 0 0 0 0 0 0 0 0 0 0 0 99 99 0 99 99
1 -1 120 120 4 1 64 25 99 99 99 99 99 99 99 99 99 99 99 99 99 99 99 99 99 99 99 99 99 99 99 99 99 99 99 99 99 99 99 99 99 99 99 99 99 99 99 99 99 99 99 99 99 99 99 99 99 99 99 99 198 198 198 198 99 198 198 198 198 198 198 198
1 0 0 0 4 64 64 25 25 25 25 49177 25 25 25 25 25 25 25 49177 25 25 25 25 25 25 25 49177 25 25 25 25 25 25 25 49177 25 25 25 25 25 25 25 25 49177 25 25 25 25 25 25 25 49177 25 25 25 25 25 25 25 25 49177 25 25 25 25 25 25 25 49177 25 0 0 99 594 1782 3663 5445 6732 0 0 99 396 1386 3168 4950 6435 0 0 0 297 990 2574 4455 5940 0 99 99 198 693 2079 3861 5313 99 231 198 198 495 1683 3267 4752 99 297 264 165 396 1287 2772 4257 99 297 297 165 297 891 2178 3762 165 198 297 165 198 495 1683 3267
1 0 0 8 4 64 64 25 25 25 25 25 25 49177 25 25 25 25 25 25 25 25 49177 25 25 25 25 25 25 25 49177 25 25 25 25 25 25 25 25 25 25 25 25 25 25 25 25 25 25 25 25 25 25 25 25 25 25 25 25 25 25 25 25 25 25 25 25 25 25 25 25 198 132 198 198 99 297 1089 2574 396 99 99 198 99 198 693 1881 792 297 99 99 99 99 396 1188 1287 495 99 33 99 0 198 594 1749 858 297 33 33 0 0 297 2178 1254 528 99 0 0 0 99 2475 1683 858 297 0 0 0 0 2772 2079 1188 495 99 0 99 99
1 0 0 16 4 1 64 25 2871 2277 1485 594 198 0 198 198 2871 2376 1584 792 198 99 198 396 2871 2376 1683 792 297 99 198 495 2871 2376 1683 792 297 99 198 495 2772 2376 1683 792 297 99 198 528 2772 2376 1683 792 297 99 198 528 2739 2343 1683 858 297 99 198 495 2706 2310 1683 891 297 99 198 495
1 0 0 24 4 1 64 25 2607 2211 1584 792 297 99 198 495 2475 1980 1386 693 198 99 198 495 2277 1683 990 396 198 99 297 396 1914 1254 660 297 99 198 396 495 1518 858 396 99 132 297 495 528 1188 627 297 165 231 429 495 528 990 594 297 297 429 528 528 528 792 594 429 396 462 528 429 429
1 0 0 32 4 1 64 25 528 528 429 429 429 429 429 429 429 429 429 429 429 429 429 429 429 429 429 429 429 429 429 429 429 429 429 429 429 429 429 429 429 429 429 429 429 429 429 429 429 429 429 429 429 429 429 429 429 429 429 429 429 429 429 429 462 495 462 462 462 429 429 429
1 0 0 40 4 64 64 32793 32793 32793 32793 32793 32793 25 25 25 25 25 25 25 25 16409 32793 25 25 25 25 25 25 25 25 25 25 25 25 25 25 25 25 25 25 25 25 25 25 25 25 25 25 25 25 25 25 25 25 25 25 25 25 25 25 25 25 25 25 25 25 25 25 25 25 792 957 1023 891 759 561 561 429 2244 2871 3069 2805 2310 1683 1155 759 5280 6666 7095 6732 5874 4884 3630 2640 8844 10428 10890 10560 10065 9042 7953 6798 11220 12276 12375 12276 12144 12078 11814 11385 11748 11649 11253 11154 11616 12342 13002 13299 10758 9438 8184 7854 8481 9702 10725 11583 8844 6567 4785 4158 4554 5478 6402 7194
1 0 0 48 4 64 64 25 25 25 25 25 25 25 49177 25 25 25 25 25 25 25 25 25 25 25 25 25 25 25 25 25 25 25 25 25 25 25 25 32793 32793 32793 32793 25 25 25 25 25 25 25 25 16409 32793 32793 32793 25 25 25 25 25 25 25 25 25 25 25 25 25 25 25 25 6501 3894 2343 1782 1881 2376 2706 3135 4323 2211 1320 1188 1221 1353 1584 1749 2706 1749 1518 1551 1650 1749 1815 1914 2145 1881 2079 2277 2376 2508 2607 2706 2376 2508 2673 2772 2970 3036 3168 3267 3102 3333 3300 3267 3300 3366 3465 3465 3861 4158 4059 3861 3762 3663 3663 3663 4554 4950 4851 4455 4158 3960 3861 3861
1 0 0 56 4 1 64 25 5148 5643 5544 5148 4653 4356 4257 4158 5742 6237 6138 5742 5247 4950 4653 4653 6534 6831 6633 6336 5841 5544 5247 5247 7425 7524 7227 6930 6534 6237 5940 5841 7986 7920 7722 7425 7128 6831 6633 6501 8283 7821 7722 7722 7623 7227 7029 6930 8184 7326 7227 7821 7821 7623 7326 7227 7986 7095 6930 7722 7920 7722 7425 7293
1 0 0 64 4 1 64 25 7326 6831 6732 7557 7953 7887 7623 7425 6831 6534 6600 7326 7821 7821 7722 7623 7656 7293 6996 7227 7326 7425 7623 7722 7821 7623 7128 7029 7062 7161 7557 7920 7326 7326 7425 7920 8184 8085 8217 8415 8613 8514 8811 9405 9570 9372 9207 9108 10197 10164 10329 10494 10494 10263 9999 9801 11088 11121 11220 11220 11187 10890 10692 10395
1 0 0 72 4 1 64 25 11616 11616 11715 11682 11682 11484 11187 10989 12078 12012 12012 12012 11979 11880 11682 11385 11913 11781 11880 11880 11979 11979 11880 11583 10593 10659 10890 11088 11286 11616 11781 11682 10263 10923 11286 11154 10956 11319 11715 11781 12474 13101 13167 12540 11814 11781 11880 11781 14355 14553 14454 13827 12969 12408 12078 11880 15048 15048 14916 14454 13662 12804 12210 11913
1 0 0 80 4 1 64 25 14949 15048 14982 14553 13860 13002 12375 12012 13827 14025 14454 14355 13860 13002 12474 12177 11814 12606 13728 14124 13728 13002 12474 12276 11319 12540 13464 13761 13497 12969 12573 12375 12111 12639 12771 12969 13101 12870 12606 12474 11550 11616 11781 12375 12969 13068 12771 12672 11154 11748 12474 13233 13662 13563 13068 12870 13464 13992 14454 14751 14718 14091 13431 12969
1 0 0 88 4 1 64 25 15444 15642 15741 15741 15543 14751 13827 13200 16236 16269 16335 16269 16038 15246 14157 13365 16335 16335 16434 16467 16269 15543 14454 13464 16038 16137 16335 16335 16203 15510 14355 13266 15840 15840 15939 15906 15609 15015 13959 12870 15642 15444 15147 14784 14421 14058 13398 12507 15048 14520 13794 13200 13002 13002 12771 12276 13563 12870 12177 11847 12012 12276 12276 12111
1 0 0 96 4 1 64 25 11715 11484 11385 11583 11880 12078 12144 12045 12045 12078 12177 12177 12177 12078 11979 11781 13167 13134 12870 12474 12078 11880 11682 11484 12507 12738 12639 12243 11682 11451 11253 11088 11121 11385 11682 11583 11088 10692 10428 10197 11484 10791 10692 10593 9999 9405 8910 8415 12177 10758 9834 9306 8415 7425 6534 5940 11583 9999 8514 7326 6204 5115 4257 3762
1 0 0 104 4 64 64 25 25 25 25 25 25 25 25 25 25 25 25 25 25 25 25 25 25 25 25 25 25 25 25 25 25 25 25 25 25 25 25 25 16409 25 25 25 25 25 25 25 16409 25 25 25 25 25 25 25 16409 25 25 25 25 25 25 25 16409 25 25 25 25 25 25 9471 8019 6468 5148 4191 3399 2904 2673 6831 5775 4521 3597 2970 2673 2475 2376 5016 4224 3399 2838 2574 2376 2376 2376 4356 3564 2937 2541 2376 2376 2376 2376 4125 3267 2673 2442 2376 2376 2376 2376 4026 3069 2574 2376 2376 2376 2376 2376 4224 2970 2475 2376 2376 2376 2376 2376 4884 3168 2574 2376 2376 2376 2376 2376
1 0 0 112 4 64 64 25 25 16409 25 25 25 25 25 25 25 16409 25 25 25 25 25 25 25 16409 25 25 25 25 25 25 25 16409 25 25 25 25 25 25 25 16409 25 25 25 25 25 25 25 16409 25 25 25 25 25 25 25 25 16409 25 25 25 25 25 25 25 16409 25 25 25 25 5841 3465 2574 2376 2376 2376 2376 2376 6930 3861 2574 2376 2376 2376 2376 2376 7920 4257 2673 2376 2376 2376 2376 2376 8613 4752 2772 2376 2376 2376 2376 2376 9306 5379 2970 2376 2376 2376 2376 2376 10164 6336 3267 2475 2376 2376 2376 2376 10989 7425 3762 2475 2376 2376 2376 2376 11781 8712 4752 2772 2376 2376 2376 2376
1 0 0 120 4 64 64 25 25 25 25 16409 25 25 25 25 25 25 25 25 16409 25 25 25 25 25 25 25 16409 25 25 25 25 25 25 25 25 16409 25 25 25 25 25 25 25 25 16409 25 25 25 25 25 25 25 16409 25 25 25 25 25 25 25 25 25 25 25 25 25 25 25 25 12375 10197 6336 3465 2475 2376 2376 2376 12771 11550 8514 4851 2871 2376 2376 2376 12969 12441 10593 7227 4158 2673 2376 2376 13068 12870 12243 9999 6435 3564 2475 2376 13068 13068 13068 12078 9240 5544 3069 2376 12969 13167 13431 13266 11616 8052 4488 2772 12738 13167 13563 13596 12705 10230 6534 3729 12243 13068 13596 13530 12969 11385 8514 5445
1 0 8 0 4 1 64 25 7326 7062 6534 6006 5610 5412 5346 5346 7524 8019 8019 7722 7194 6732 6435 6534 7095 8019 8712 8910 8811 8514 8184 8349 6336 7326 8217 8910 9372 9702 9999 10494 5742 6633 7425 8217 8910 9999 11187 12111 5346 6039 6732 7425 8019 9207 10791 12177 4950 5742 6435 6930 7425 8217 9603 11187 4653 5643 6336 6831 7128 7623 8613 10098
1 0 8 8 4 64 64 25 25 25 25 25 25 25 25 25 25 25 25 25 25 25 25 25 25 25 25 25 25 25 25 49177 25 25 25 25 25 25 25 25 49177 25 25 25 25 25 25 25 25 49177 25 25 25 25 25 25 25 25 49177 25 25 25 25 25 25 25 25 49177 25 25 25 4158 5445 6138 6633 6831 7326 8019 9207 3465 4851 5742 6237 6633 7029 7722 8811 2475 3960 5148 5841 6435 6831 7425 8415 1485 2673 3960 5148 6039 6732 7227 8019 792 1485 2574 3894 5280 6336 7029 7722 396 792 1386 2475 4059 5544 6633 7425 99 396 792 1485 2772 4389 5841 6831 99 198 495 990 1782 3102 4686 6105
1 0 8 16 4 64 64 25 25 25 25 25 49177 25 25 25 25 25 25 25 49177 25 25 25 25 25 25 25 25 49177 25 25 25 25 25 25 25 25 49177 25 25 25 25 25 25 25 49177 25 25 25 25 25 25 25 25 25 25 25 25 25 25 25 25 25 25 25 25 25 25 25 25 198 231 495 792 1188 2013 3465 5049 396 396 528 726 891 1287 2277 3861 594 528 561 627 627 891 1485 2706 594 495 429 429 495 627 990 1815 594 429 429 429 429 528 726 1221 528 429 429 429 429 429 528 825 528 429 429 429 429 429 429 627 528 429 429 429 429 429 429 528
1 0 8 24 4 1 64 25 528 528 429 429 429 429 429 429 528 429 429 429 429 429 429 429 429 429 429 429 429 429 429 429 429 429 429 429 429 429 429 429 528 429 429 429 429 429 429 429 429 429 429 429 429 429 429 429 429 429 429 429 429 429 429 429 429 429 429 429 429 429 429 429
1 0 8 32 4 1 64 25 429 429 429 429 429 429 429 429 429 429 429 429 429 429 429 429 429 429 429 429 429 429 429 429 429 429 429 429 429 495 429 429 429 429 429 429 429 429 429 429 429 429 429 429 429 429 429 429 429 429 429 429 429 429 429 429 429 429 429 429 429 429 429 429
1 0 8 40 4 64 64 25 25 25 25 25 25 25 25 32793 32793 32793 32793 32793 32793 25 25 25 25 25 25 25 25 16409 25 25 25 25 25 25 25 25 16409 25 25 25 25 25 25 25 16409 25 25 25 25 25 25 25 16409 25 25 25 25 25 25 25 25 25 25 25 25 25 25 16409 25 429 528 726 792 825 726 627 528 759 1023 1320 1584 1650 1518 1320 1023 2244 2541 3036 3432 3432 3102 2541 1749 6006 5841 5940 6105 5610 4752 3663 2508 10593 9801 9075 8415 7227 5775 4323 2904 12903 11583 10131 8910 7392 5841 4290 2805 11649 10659 9306 7986 6600 5148 3762 2475 7623 7458 6864 6072 5082 3960 2970 2277
1 0 8 48 4 64 64 25 25 25 25 25 25 25 32793 25 25 25 25 25 25 32793 25 25 25 25 25 32793 32793 25 25 25 32793 32793 32793 25 25 25 25 32793 25 25 25 25 25 25 25 25 25 25 25 25 25 25 25 25 25 25 25 25 25 25 25 25 25 25 25 25 25 25 25 3597 3960 4092 3993 3498 2970 2574 2574 1947 2310 2673 2805 2805 2772 2838 3003 2145 2409 2673 2805 2970 3135 3333 3498 2871 3003 3168 3267 3432 3564 3663 3861 3366 3465 3564 3630 3762 3960 3993 4158 3663 3762 3861 3861 4059 4257 4290 4488 3762 3960 4158 4158 4323 4521 4653 4950 4059 4257 4356 4455 4653 4851 4950 5346
1 0 8 56 4 1 64 25 4257 4455 4653 4851 5049 5148 5346 5742 4752 4851 5049 5247 5346 5544 5841 6237 5247 5445 5643 5643 5841 5940 6237 6732 5841 5940 6039 6039 6138 6336 6732 7227 6435 6435 6435 6435 6501 6732 7227 7821 6831 6699 6633 6633 6831 7194 7722 8415 7029 6897 6831 6930 7194 7623 8349 9009 7161 7128 7128 7227 7524 8118 8844 9471
1 0 8 64 4 1 64 25 7326 7326 7425 7623 7920 8514 9207 9801 7524 7557 7722 7920 8316 8811 9504 10098 7755 7854 8052 8250 8613 9108 9801 10296 8118 8316 8514 8613 9009 9504 10197 10593 8613 8910 8943 9108 9405 9900 10494 10791 9207 9405 9405 9504 9900 10329 10725 10890 9801 9933 9966 9999 10296 10692 10890 10890 10395 10395 10395 10494 10692 10989 11088 10989
1 0 8 72 4 1 64 25 10989 10890 10791 10890 10989 11187 11187 11088 11286 11187 11088 11187 11286 11385 11385 11286 11484 11385 11286 11187 11286 11484 11484 11352 11484 11286 11187 11187 11385 11583 11583 11484 11583 11385 11286 11253 11352 11583 11781 11682 11583 11385 11286 11253 11385 11649 11880 11880 11682 11484 11385 11385 11484 11781 12078 12078 11781 11616 11484 11484 11682 11979 12276 12276
1 0 8 80 4 1 64 25 11880 11880 11682 11682 11880 12276 12474 12375 12177 12078 11979 11979 12177 12375 12573 12474 12276 12375 12342 12276 12375 12474 12573 12441 12474 12606 12573 12474 12573 12573 12540 12342 12573 12804 12804 12672 12573 12474 12375 12276 12771 12969 12936 12738 12573 12375 12276 12177 12870 13035 12969 12738 12474 12276 12177 12177 12936 13068 12969 12672 12375 12210 12078 12177
1 0 8 88 4 1 64 25 12969 13068 12870 12474 12111 11913 11913 12078 13035 13002 12771 12243 11880 11748 11781 12078 12969 12870 12573 12045 11715 11583 11781 12177 12771 12573 12375 11880 11583 11550 11781 12276 12375 12276 12078 11781 11649 11682 11913 12474 12177 12078 11979 11880 11781 11946 12243 12804 12078 11979 11979 11979 12078 12375 12771 13266 12012 11979 11946 12078 12441 12969 13464 13959
1 0 8 96 4 1 64 25 11880 11781 11880 12177 12738 13497 14058 14553 11682 11583 11682 12177 12969 13860 14487 14883 11286 11286 11583 12210 13101 14058 14685 14982 10890 10890 11319 12078 13068 13992 14520 14718 9900 9999 10395 11088 11847 12342 12672 12870 8118 8019 8118 8217 8118 8019 8019 8316 5544 5148 4917 4554 4158 3861 3762 3861 3465 3168 2970 2772 2574 2475 2475 2475
1 0 8 104 4 1 64 25 2673 2574 2475 2376 2376 2376 2376 2376 2376 2376 2376 2376 2376 2376 2376 2376 2376 2376 2376 2376 2376 2376 2376 2376 2376 2376 2376 2376 2376 2376 2376 2376 2376 2376 2376 2376 2376 2376 2376 2376 2376 2376 2376 2376 2376 2376 2376 2376 2376 2376 2376 2376 2376 2376 2376 2376 2376 2376 2376 2376 2376 2376 2376 2376
1 0 8 112 4 1 1 25 2376
1 0 8 120 4 64 64 25 25 25 25 25 25 25 25 25 25 25 25 25 25 25 25 25 25 25 25 25 25 25 25 25 25 25 25 25 25 25 25 25 25 25 25 25 25 25 25 25 25 25 25 25 25 25 25 16409 25 25 25 25 25 25 25 25 16409 25 25 25 25 25 25 2376 2376 2376 2376 2376 2376 2376 2376 2376 2376 2376 2376 2376 2376 2376 2376 2376 2376 2376 2376 2376 2376 2376 2376 2376 2376 2376 2376 2376 2376 2376 2376 2376 2376 2376 2376 2376 2376 2376 2376 2376 2376 2376 2376 2376 2376 2376 2376 2574 2376 2376 2376 2376 2376 2376 2376 3366 2574 2376 2376 2376 2376 2376 2376
1 0 16 0 4 1 64 25 5544 5742 5643 5445 5247 5148 5247 5247 7029 7524 7227 6435 5544 5148 5049 5049 9273 9801 8811 7425 6138 5346 5148 5049 11220 10956 9306 8019 7029 6138 5643 5445 12474 11352 9504 8712 8217 7425 6732 6237 12870 11880 10164 9438 9207 8514 7821 7227 12672 12573 11187 10230 9867 9306 8514 7821 11979 12870 12276 11088 10395 9801 9108 8514
1 0 16 8 4 1 64 25 11088 12672 12870 11781 10791 10263 9801 9207 10395 12276 13167 12474 11286 10659 10395 10098 9801 11583 12969 13101 12012 11088 10692 10692 9207 10692 12375 13398 12969 11880 11154 10890 8613 9801 11385 12969 13563 13002 12144 11517 8118 9108 10296 11979 13167 13662 13398 12804 7623 8415 9405 10692 11979 13068 13794 13959 7128 7920 8712 9801 10890 11979 13068 13926
1 0 16 16 4 64 64 25 25 25 25 25 25 25 25 25 25 25 25 25 25 25 25 25 25 25 25 25 25 25 25 25 25 25 25 25 25 25 25 25 25 25 25 25 25 25 25 49177 25 25 25 25 25 25 25 25 49177 25 25 25 25 25 25 25 49177 25 25 25 25 25 25 6435 7425 8217 9108 9999 10989 12078 13068 5445 6831 7821 8514 9405 10296 11187 12177 4356 6039 7260 8019 8811 9603 10593 11385 3300 5049 6567 7524 8316 9108 9999 10692 2310 3960 5643 6897 7821 8514 9207 9900 1617 3036 4653 6138 7260 8085 8679 9372 1122 2244 3762 5346 6633 7524 8184 8811 924 1716 3003 4488 5841 6765 7458 8052
1 0 16 24 4 64 64 25 25 49177 25 25 25 25 25 25 25 49177 25 25 25 25 25 25 25 25 49177 25 25 25 25 25 25 25 49177 25 25 25 25 25 25 25 25 49177 25 25 25 25 25 25 25 25 49177 25 25 25 25 25 25 25 25 49177 25 25 25 25 25 25 25 25 25 726 1221 2211 3564 4884 5973 6732 7359 528 924 1617 2805 4092 5280 6138 6732 495 726 1287 2277 3465 4653 5544 6237 429 627 1089 1881 2871 3960 4917 5610 429 528 891 1518 2376 3366 4257 4851 429 528 825 1287 2013 2871 3663 4158 429 528 726 1122 1683 2475 3168 3564 429 528 627 924 1386 1980 2574 2970
1 0 16 32 4 1 64 25 429 528 627 825 1122 1518 1980 2376 429 429 528 627 924 1221 1518 1914 429 429 429 528 726 924 1221 1683 429 429 429 429 528 726 924 1287 429 429 429 429 429 528 726 990 429 429 429 429 429 528 528 792 429 429 429 429 429 429 429 627 429 429 429 429 429 429 429 627
1 0 16 40 4 64 64 25 25 25 25 25 25 25 25 25 25 25 25 25 25 25 25 25 25 25 25 25 25 25 25 25 25 25 25 25 25 25 32793 25 25 25 25 25 32793 32793 25 25 25 25 32793 32793 25 25 25 25 25 32793 25 25 25 25 25 32793 32793 25 25 25 25 25 25 429 429 429 429 429 429 528 627 660 462 429 429 429 528 627 825 1023 627 462 429 528 726 924 1122 1419 825 627 660 825 1023 1419 1815 1617 957 891 1023 1287 1683 2112 2673 1650 1188 1287 1584 1980 2475 3069 3762 1749 1683 1881 2310 2805 3399 4059 4653 2145 2277 2673 3168 3795 4356 4950 5346
1 0 16 48 4 1 64 25 2673 3069 3564 4158 4752 5247 5544 5841 3300 3861 4455 5049 5544 5841 6039 6039 3861 4521 5148 5742 6138 6336 6336 6336 4257 4950 5709 6237 6534 6633 6633 6633 4653 5346 6138 6666 6930 6996 6930 6831 5049 5742 6534 7062 7227 7194 7029 6765 5445 6237 6930 7326 7359 7227 6930 6567 5940 6732 7227 7524 7425 7128 6732 6303
1 0 16 56 4 1 64 25 6336 7128 7524 7623 7425 7029 6534 6039 6930 7524 7821 7755 7425 6930 6435 5940 7425 7920 8118 8019 7623 7128 6633 6039 7920 8316 8514 8316 7920 7425 6831 6237 8415 8811 8910 8712 8316 7821 7128 6534 8976 9207 9306 9108 8712 8217 7524 6831 9405 9603 9702 9504 9108 8547 7854 7128 9834 9999 9999 9702 9306 8712 8019 7326
1 0 16 64 4 1 64 25 10197 10296 10197 9900 9405 8811 8217 7425 10395 10494 10296 9999 9504 8910 8316 7524 10593 10593 10395 9999 9504 8910 8217 7524 10791 10791 10494 9999 9339 8712 8118 7425 10890 10791 10395 9900 9207 8613 7986 7425 10890 10692 10197 9702 9108 8514 7920 7425 10791 10494 9999 9504 8910 8415 7920 7524 10791 10395 9999 9405 8910 8415 8019 7722
1 0 16 72 4 1 64 25 10791 10494 9999 9504 9009 8613 8316 8019 10989 10593 10131 9702 9306 8910 8613 8415 11088 10692 10362 10065 9702 9405 9009 8811 11187 10791 10494 10230 9999 9702 9405 9207 11385 10989 10593 10395 10263 10098 9900 9801 11583 11187 10791 10494 10395 10494 10593 10494 11781 11286 10890 10692 10593 10791 11088 11187 11979 11484 11088 10824 10791 11088 11517 11781
1 0 16 80 4 1 64 25 12111 11715 11220 10923 10989 11286 11880 12309 12177 11781 11319 11088 11088 11385 12045 12771 12078 11781 11484 11286 11286 11583 12375 13266 12177 11880 11682 11583 11649 12078 12969 14157 12177 12111 12078 12111 12342 12969 14157 15345 12276 12408 12474 12771 13365 14256 15444 16467 12276 12573 12870 13464 14355 15477 16566 17160 12375 12672 13266 14058 15147 16368 17160 17457
1 0 16 88 4 1 64 25 12474 12969 13563 14454 15543 16665 17325 17358 12573 13266 13860 14652 15642 16467 16929 16929 12870 13662 14256 14850 15543 16203 16434 16335 13068 13959 14619 15147 15642 15939 16038 15741 13266 14256 14916 15378 15642 15741 15642 15246 13596 14553 15147 15444 15642 15543 15246 14850 14058 14817 15246 15444 15345 15147 14817 14322 14553 15048 15246 15147 14949 14619 14157 13596
1 0 16 96 4 64 64 25 25 25 25 25 25 25 25 25 25 25 25 25 25 25 25 25 25 25 25 25 25 25 25 25 25 25 25 25 25 25 25 25 25 25 25 25 25 25 25 25 25 25 25 25 25 25 25 25 25 25 25 25 25 25 25 25 25 25 25 49177 25 25 25 14949 15114 15048 14718 14256 13860 13332 12639 15081 15048 14718 14157 13563 13068 12375 11682 15015 14751 14322 13563 12870 12144 11484 10890 14619 14256 13728 12969 12177 11385 10758 10197 12969 12870 12474 11880 11286 10593 10098 9801 8712 9108 9207 9141 9108 9009 9108 9207 4191 4488 4686 5049 5346 5841 6633 7623 2574 2673 2673 2772 2970 3267 3861 4950
1 0 16 104 4 64 64 25 25 25 25 25 25 25 49177 25 25 25 25 25 25 25 25 25 25 25 25 25 25 25 25 25 25 25 25 25 25 25 25 25 25 25 25 25 25 25 25 25 25 25 25 25 25 25 25 25 25 25 25 25 25 25 25 25 25 25 25 25 25 25 25 2376 2376 2376 2376 2376 2475 2574 2970 2376 2376 2376 2376 2376 2376 2376 2376 2376 2376 2376 2376 2376 2376 2376 2376 2376 2376 2376 2376 2376 2376 2376 2376 2376 2376 2376 2376 2376 2376 2376 2376 2376 2376 2376 2376 2376 2376 2376 2376 2376 2376 2376 2376 2376 2376 2376 2376 2376 2376 2376 2376 2376 2376 2376 2376
1 0 16 112 4 1 64 25 2376 2376 2376 2376 2376 2376 2376 2376 2376 2376 2376 2376 2376 2376 2376 2376 2376 2376 2376 2376 2376 2376 2376 2376 2376 2376 2376 2376 2376 2376 2376 2376 2376 2376 2376 2376 2376 2376 2376 2376 2376 2376 2376 2376 2376 2376 2376 2376 2376 2376 2376 2376 2376 2376 2376 2376 2376 2376 2376 2376 2376 2475 2475 2376
1 0 16 120 4 1 1 25 2376
1 0 24 0 4 1 64 25 5049 4950 4851 4851 5049 5148 5247 5346 4950 4950 4950 5049 5148 5346 5445 5643 5049 5148 5247 5346 5445 5742 6039 6336 5445 5544 5742 5841 6039 6336 6732 7029 6039 6138 6435 6534 6732 6930 7128 7326 6930 6930 7029 7128 7227 7227 7326 7425 7524 7425 7425 7425 7524 7524 7524 7623 8019 7821 7821 7821 7821 7920 7920 7920
1 0 24 8 4 1 64 25 8712 8514 8415 8316 8316 8316 8316 8415 9702 9504 9306 9207 9009 8910 8910 8910 10692 10692 10593 10296 9999 9801 9702 9801 11187 11484 11583 11385 11022 10791 10791 10890 11385 11583 11781 11781 11583 11484 11583 11682 12276 11979 11814 11715 11649 11682 11781 11814 13728 13167 12672 12375 12177 12177 12177 12177 14454 14454 14058 13662 13365 13266 13068 13068
1 0 24 16 4 1 64 25 14058 14751 15048 14949 14751 14553 14355 14256 13167 14058 14850 15345 15543 15642 15543 15444 12177 13068 13959 14751 15444 15939 16137 16137 11385 12276 13068 13860 14652 15345 15840 16137 10692 11583 12276 13068 13860 14553 15048 15543 10197 10989 11682 12474 13167 13662 14157 14751 9504 10296 10989 11781 12375 12771 13266 13860 8811 9702 10296 10890 11385 11880 12375 12969
1 0 24 24 4 64 64 25 25 25 25 25 25 25 25 25 25 25 25 25 25 25 25 25 25 25 25 25 25 25 25 25 25 25 25 25 25 25 25 25 25 25 25 25 25 25 25 25 25 25 25 25 25 25 25 25 25 25 25 25 25 25 25 49177 25 25 25 25 25 25 25 8118 8811 9405 9900 10494 10989 11583 12177 7326 7920 8514 9108 9702 10296 10791 11385 6732 7326 7821 8415 9009 9603 9999 10593 6138 6831 7524 7986 8514 8910 9405 9801 5445 6270 7062 7656 8118 8514 8910 9207 4752 5445 6237 6930 7524 8085 8547 8844 4059 4554 5148 5841 6534 7128 7656 8217 3267 3762 4257 4851 5346 5841 6435 7128
1 0 24 32 4 64 64 25 49177 25 25 25 25 25 25 25 25 25 49177 25 25 25 25 25 25 25 25 25 49177 25 25 25 25 25 25 25 25 25 25 25 25 25 25 25 25 25 25 25 25 25 25 25 25 25 25 25 25 25 25 25 25 25 25 25 25 25 25 25 25 25 25 2673 3069 3564 4059 4356 4752 5247 5940 2277 2673 2970 3267 3564 3861 4257 4752 2079 2475 2673 2772 2970 3168 3465 3861 1716 2112 2376 2475 2574 2772 2871 3069 1320 1683 1881 2079 2277 2376 2475 2574 1122 1419 1683 1980 2079 2178 2178 2277 924 1287 1683 1980 2013 2079 2178 2178 825 1221 1683 2079 2112 2178 2277 2376
1 0 24 40 4 64 64 25 25 25 25 25 32793 32793 32793 25 25 25 32793 32793 25 25 25 25 32793 32793 25 25 25 25 25 32793 25 25 25 25 25 25 25 25 25 25 25 25 25 25 25 25 25 25 25 25 25 25 25 25 25 25 25 25 25 25 25 25 25 25 25 25 25 25 25 924 1320 1782 2145 2376 2475 2673 2772 1122 1584 2013 2376 2673 2970 3168 3366 1584 2013 2508 2970 3267 3663 3960 4158 2277 2772 3300 3762 4158 4455 4653 4752 3234 3762 4191 4554 4851 5049 5148 5148 4257 4653 4950 5148 5346 5544 5544 5577 5049 5346 5445 5643 5742 5841 5841 5841 5643 5742 5742 5841 5940 5940 5940 5940
1 0 24 48 4 1 64 25 5940 5940 5940 5940 5940 5940 5940 5940 6039 6039 6006 5940 6006 6006 5940 5940 6270 6171 6072 5940 5841 5841 5841 5841 6468 6237 6138 5874 5742 5643 5643 5643 6534 6303 6039 5643 5445 5346 5346 5247 6435 6105 5742 5445 5247 5148 5148 5016 6171 5775 5478 5280 5148 5148 4950 4851 5841 5511 5313 5247 5181 5148 4950 4752
1 0 24 56 4 1 64 25 5643 5346 5115 5049 5148 5148 4983 4818 5544 5247 5049 4950 4983 5049 5049 4917 5643 5247 5049 4884 4884 4950 5049 4917 5742 5346 5049 4950 4950 4950 5049 4950 6006 5544 5247 5049 4950 4950 5049 5049 6237 5742 5445 5181 5049 5049 5148 5247 6534 6039 5577 5280 5181 5247 5247 5346 6732 6138 5742 5445 5346 5379 5379 5346
1 0 24 64 4 1 64 25 6732 6237 5841 5643 5544 5544 5478 5379 6831 6336 6039 5841 5742 5643 5610 5577 6831 6435 6138 6039 5940 5841 5841 5940 6930 6534 6336 6237 6138 6072 6171 6402 6930 6732 6534 6534 6435 6369 6501 6831 7128 6930 6930 6963 6765 6633 6798 7161 7326 7326 7524 7458 7161 7029 7062 7392 7722 7821 8019 7920 7623 7425 7425 7722
1 0 24 72 4 64 64 25 25 25 25 25 25 25 25 25 25 25 25 25 25 25 25 25 25 25 25 25 25 25 25 25 25 25 25 25 25 25 25 25 25 25 25 25 25 25 25 25 25 25 25 25 25 25 25 25 25 25 25 25 25 25 25 25 25 25 25 25 25 25 32793 8019 8217 8415 8415 8118 7920 7821 8019 8316 8514 8745 8910 8712 8514 8415 8415 8712 8910 9108 9405 9405 9306 9108 9009 9207 9306 9603 9999 10197 10197 9933 9702 9702 9801 10065 10494 10791 10923 10791 10527 10296 10296 10494 10890 11385 11682 11682 11583 10989 10923 11022 11385 11880 12408 12672 12903 11781 11682 11715 12045 12672 13398 13992 14553
1 0 24 80 4 64 64 25 25 25 25 25 25 32793 25 25 25 25 32793 32793 32793 25 25 25 25 32793 25 25 25 25 25 25 32793 25 25 25 25 25 25 49177 25 25 25 25 25 25 25 49177 25 25 25 25 25 25 25 49177 25 25 25 25 25 25 25 25 25 25 25 25 25 25 25 12573 12606 12771 13266 14058 14850 15543 16170 13365 13827 14256 14949 15642 16302 16830 17259 14256 15147 15840 16434 16929 17325 17622 17853 15345 16335 16929 17358 17721 17952 18051 18282 16368 17127 17622 17919 18150 18315 18447 18579 17127 17589 17820 18117 18282 18414 18513 18513 17490 17655 17820 17919 18018 18150 18117 18084 17523 17424 17358 17424 17523 17523 17490 17325
1 0 24 88 4 1 64 25 17160 16830 16632 16632 16665 16731 16632 16533 16533 16137 15939 15840 15840 15840 15840 15840 15840 15444 15147 15147 15147 15147 15246 15279 15246 14751 14553 14553 14553 14652 14751 14751 14652 14256 14058 14058 14058 14157 14157 14157 14256 13794 13563 13563 13530 13497 13464 13365 13728 13266 13101 13002 12804 12606 12507 12375 12903 12474 12375 12210 11913 11649 11484 11385
1 0 24 96 4 1 64 25 12012 11682 11484 11352 11088 10791 10659 10527 11187 10791 10692 10494 10296 10197 9999 9999 10395 10197 9999 9900 9801 9702 9702 9603 9900 9702 9603 9603 9603 9504 9504 9504 9603 9504 9405 9405 9504 9504 9504 9504 9306 9405 9405 9405 9405 9405 9405 9405 8415 8910 9108 9207 9306 9306 9306 9306 6237 7326 8118 8514 8811 8910 9108 9306
1 0 24 104 4 64 64 25 25 25 25 25 25 25 25 25 49177 25 25 25 25 25 25 25 25 25 25 49177 25 25 25 25 25 25 25 25 25 49177 25 25 25 25 25 25 25 25 25 25 25 25 25 25 25 25 25 25 25 25 25 25 25 25 25 25 25 25 25 25 25 25 25 3762 4752 5841 6732 7425 7920 8415 8910 2574 2970 3564 4257 4950 5742 6534 7524 2376 2376 2475 2772 3069 3465 4158 5148 2376 2376 2376 2376 2475 2574 2772 3267 2376 2376 2376 2376 2376 2376 2376 2475 2376 2376 2376 2376 2376 2376 2376 2376 2376 2376 2376 2376 2376 2376 2376 2376 2376 2376 2376 2376 2376 2376 2376 2376
1 0 24 112 4 1 1 25 2376
1 0 24 120 4 1 1 25 2376
1 0 32 0 4 1 64 25 5643 6039 6534 7128 7392 7623 8019 8448 6039 6435 6930 7227 7425 7623 7953 8316 6732 7029 7326 7425 7590 7821 8118 8448 7227 7425 7524 7623 7821 8118 8448 8712 7524 7623 7821 8019 8118 8415 8811 9009 7623 7920 8118 8316 8613 8910 9306 9504 7821 8118 8316 8613 9108 9603 10065 10197 8118 8316 8613 8910 9504 10197 10758 10791
1 0 32 8 4 1 64 25 8514 8811 9009 9405 9900 10593 11187 11286 9207 9504 9702 10098 10494 11055 11550 11550 9999 10296 10626 10989 11385 11748 12045 11847 11088 11385 11715 12210 12573 12672 12639 12243 11880 12144 12507 13101 13530 13464 13167 12540 11979 12177 12540 13134 13530 13563 13266 12771 12078 12177 12474 12837 13134 13266 13167 13035 12969 12870 13068 13266 13464 13662 13662 13365
1 0 32 16 4 1 64 25 14157 14058 14058 14157 14355 14652 14454 13860 15345 15345 15345 15345 15444 15642 15345 14454 16137 16137 16137 16137 16137 16236 15939 14949 16335 16335 16434 16434 16434 16434 16137 15279 15939 16137 16236 16335 16335 16434 16236 15642 15246 15642 15741 15840 16038 16137 16236 15939 14454 14751 14949 15048 15246 15543 15840 15741 13464 13761 13959 14058 14256 14553 14751 14949
1 0 32 24 4 1 64 25 12573 12771 12969 13068 13266 13563 13761 13959 11781 11880 11979 12177 12375 12870 13068 13068 10989 11088 11187 11286 11583 12078 12276 12276 10098 10395 10494 10593 10890 11385 11583 11484 9405 9603 9603 9801 10296 10692 10890 10791 9009 9009 9009 9207 9702 9999 10098 10098 8613 8613 8712 8910 9240 9339 9339 9306 7722 8019 8316 8778 9042 9009 8811 8712
1 0 32 32 4 64 64 25 25 25 25 25 25 25 25 25 25 25 25 25 25 25 25 25 25 25 25 25 25 25 25 49177 25 25 25 25 25 25 25 25 25 25 49177 25 25 25 25 25 25 25 25 25 49177 25 25 25 25 25 25 32793 32793 32793 25 32793 32793 32793 32793 25 25 25 25 6534 6930 7524 8052 8349 8415 8415 8415 5247 5742 6336 6831 7029 7227 7623 7821 4158 4653 5049 5445 5643 5940 6534 6732 3366 3663 3960 4257 4455 4851 5445 5544 2673 2871 3069 3267 3564 3960 4455 4554 2376 2475 2574 2772 2970 3267 3564 3861 2277 2376 2475 2574 2772 2970 3267 3564 2475 2673 2772 2970 3168 3366 3564 3762
1 0 32 40 4 1 64 25 2970 3168 3366 3663 3762 3960 4158 4356 3564 3861 4059 4257 4356 4455 4653 4752 4356 4554 4653 4752 4851 4851 4950 5049 4851 5049 5049 5049 5148 5148 5148 5247 5346 5346 5346 5346 5445 5445 5544 5643 5643 5643 5643 5643 5643 5742 5841 5841 5841 5841 5742 5841 5841 5841 5940 6039 5940 5841 5841 5940 5940 5940 5940 6039
1 0 32 48 4 1 64 25 5841 5841 5874 5940 5841 5874 5907 5874 5841 5841 5874 5841 5742 5643 5643 5643 5775 5742 5742 5709 5643 5577 5511 5445 5544 5544 5544 5511 5544 5544 5511 5313 5148 5148 5247 5280 5445 5544 5445 5247 4950 4950 5049 5082 5280 5346 5247 5148 4752 4752 4851 4884 5049 5148 5148 5082 4653 4653 4653 4719 4851 5049 5148 5148
1 0 32 56 4 1 64 25 4653 4554 4554 4620 4752 5049 5247 5346 4653 4554 4554 4554 4752 5115 5346 5643 4719 4620 4554 4653 4851 5148 5544 5940 4851 4752 4752 4851 5049 5247 5742 6138 4950 4950 4950 5049 5148 5280 5676 6138 5148 5247 5247 5247 5247 5280 5577 6039 5346 5445 5445 5445 5346 5346 5610 5940 5346 5445 5445 5544 5544 5577 5742 6039
1 0 32 64 4 1 64 25 5379 5445 5544 5643 5841 5940 6072 6336 5577 5643 5742 5940 6138 6336 6501 6798 5940 5940 6039 6237 6336 6534 6930 7359 6369 6336 6336 6435 6633 6831 7227 7788 6963 6930 6831 6831 6996 7227 7623 8118 7458 7557 7524 7425 7425 7623 8019 8448 7887 8118 8217 8019 7920 8019 8316 8679 8217 8613 8811 8712 8580 8547 8679 9075
1 0 32 72 4 64 64 25 25 25 25 25 25 25 25 25 25 25 25 25 25 25 25 25 25 25 25 25 25 25 25 25 25 25 25 25 25 32793 32793 25 25 25 32793 32793 32793 25 25 25 32793 32793 25 25 25 25 25 32793 25 25 25 25 25 25 25 25 25 25 25 25 25 25 25 8415 8943 9306 9405 9306 9240 9273 9636 8745 9240 9801 10131 10197 10131 10131 10362 9141 9603 10197 10890 11286 11286 11286 11286 9702 10098 10824 11682 12375 12672 12771 12870 10461 10857 11682 12771 13860 14454 14850 15147 11649 12210 13266 14586 15939 16830 17424 17919 13299 14223 15543 16962 18051 18777 19173 19602 15279 16401 17754 18777 19338 19569 19668 19866
1 0 32 80 4 64 64 25 25 25 25 25 25 25 25 25 25 25 25 25 25 25 25 25 25 25 25 25 25 25 25 25 25 25 25 25 25 25 25 25 25 25 25 16409 25 25 25 25 25 25 25 25 25 25 25 25 25 25 16409 25 25 25 25 25 25 25 25 25 25 25 25 16929 17952 18942 19503 19635 19536 19437 19305 17820 18480 19140 19404 19338 18942 18513 18117 18150 18513 18876 18876 18480 17820 17226 16797 18513 18612 18579 18249 17622 16863 16170 15873 18612 18612 18348 17853 17061 16236 15609 15147 18513 18315 18084 17556 16731 15939 15246 14751 18018 17919 17721 17226 16533 15642 14982 14487 17325 17325 17226 16830 16269 15477 14751 14256
1 0 32 88 4 1 64 25 16632 16731 16632 16335 15873 15246 14553 14058 15939 16038 15939 15741 15345 14850 14256 13794 15246 15246 15114 14916 14619 14223 13728 13299 14685 14652 14454 14157 13860 13464 12969 12474 14091 13992 13761 13431 12936 12441 11979 11517 13365 13233 12969 12573 11979 11484 11055 10758 12375 12276 11979 11583 11088 10692 10362 10098 11286 11187 10989 10692 10395 10098 9900 9702
1 0 32 96 4 1 64 25 10494 10395 10263 10032 9834 9702 9504 9504 9900 9867 9768 9636 9504 9405 9405 9405 9603 9504 9504 9405 9306 9306 9405 9405 9405 9405 9405 9405 9306 9306 9405 9504 9405 9405 9405 9405 9306 9306 9405 9504 9405 9405 9306 9405 9405 9306 9405 9405 9306 9306 9306 9306 9405 9405 9405 9405 9405 9405 9306 9306 9405 9405 9405 9405
1 0 32 104 4 64 64 25 25 25 25 25 25 25 25 25 25 25 25 25 25 25 25 25 25 25 25 25 25 25 25 25 25 25 25 25 25 25 25 49177 25 25 25 25 25 25 25 25 25 49177 25 25 25 25 25 25 25 25 25 49177 25 25 25 25 25 25 25 25 25 49177 25 9207 9306 9306 9306 9405 9405 9405 9405 8415 9009 9207 9306 9306 9306 9405 9405 6534 7821 8613 9009 9207 9306 9306 9306 4158 5544 7029 8118 8712 9009 9108 9207 2772 3564 4653 5940 7128 8019 8514 8877 2376 2574 2970 3663 4653 5742 6732 7590 2376 2376 2475 2574 2871 3465 4158 5148 2376 2376 2376 2376 2409 2508 2706 3168
1 0 32 112 4 1 64 25 2376 2376 2376 2376 2376 2376 2376 2475 2376 2376 2376 2376 2376 2376 2376 2376 2376 2376 2376 2376 2376 2376 2376 2376 2376 2376 2376 2376 2376 2376 2376 2376 2376 2376 2376 2376 2376 2376 2376 2376 2376 2376 2376 2376 2376 2376 2376 2376 2376 2376 2376 2376 2376 2376 2376 2376 2376 2376 2376 2376 2376 2376 2376 2376
1 0 32 120 4 1 1 25 2376
1 0 40 0 4 1 64 25 8943 10098 11583 11682 9900 8118 7128 6435 8613 9504 11187 12177 10791 8910 7722 7029 8646 9240 10890 12375 11682 9999 8613 7821 8877 9405 10758 12474 12474 10989 9603 8613 9207 9702 10791 12474 13068 11880 10395 9405 9702 10098 11088 12573 13365 12474 11187 10197 10197 10593 11484 12771 13761 13068 11682 10593 10791 11088 11979 13167 14058 13365 11979 10890
1 0 40 8 4 1 64 25 11088 11484 12474 13662 14454 13860 12375 11286 11220 11583 12672 13959 14850 14256 12771 11781 11385 11583 12672 14058 14949 14454 13068 12078 11682 11880 12771 14157 14949 14355 13167 12177 12078 12276 13266 14553 14949 14355 13266 12375 12540 12870 13761 14850 15048 14256 13365 12573 12936 13398 14355 15345 15246 14454 13464 12573 13266 13662 14751 15741 15642 14850 13761 12672
1 0 40 16 4 1 64 25 13365 13464 14454 15543 15741 14949 13761 12672 13464 13134 13860 14949 15543 14949 13761 12672 13662 12969 13167 14157 14949 14652 13761 12672 14058 13002 12672 13167 13959 14157 13464 12573 14553 13266 12375 12177 12771 13332 13068 12474 15081 13728 12276 11484 11682 12375 12474 12078 15246 14157 12672 11385 11088 11484 11781 11682 14850 14190 12969 11616 10824 10791 10989 11187
1 0 40 24 4 1 64 25 14058 13794 13167 12177 11187 10692 10593 10791 13167 13167 12870 12375 11682 10989 10593 10593 12375 12375 12276 12078 11748 11286 10791 10494 11484 11484 11484 11385 11385 11187 10890 10626 10692 10593 10692 10791 10791 10791 10857 10890 9900 9702 9801 10098 10197 10494 10857 11154 9009 8712 8910 9405 9801 10263 10890 11352 8316 8019 8250 8844 9471 10164 10791 11121
1 0 40 32 4 1 64 25 8019 7623 7920 8613 9240 9768 10197 10395 7392 7194 7689 8316 8778 9108 9306 9306 6336 6402 7029 7623 7920 8118 8316 8316 5346 5643 6237 6732 6930 7029 7326 7425 4554 4950 5445 5643 5841 6039 6336 6435 3960 4356 4653 4851 5049 5247 5445 5544 3762 3960 4158 4356 4554 4752 4752 4851 3960 4059 4158 4356 4455 4554 4554 4653
1 0 40 40 4 1 64 25 4356 4455 4554 4653 4752 4752 4752 4752 4752 4851 4950 5049 5049 5049 5049 5049 5049 5148 5247 5247 5346 5346 5346 5346 5346 5445 5445 5445 5544 5544 5544 5478 5742 5742 5643 5742 5742 5742 5742 5643 5940 5940 5940 5940 5841 5841 5841 5643 6039 6039 6039 5940 5940 5940 5841 5544 5940 5940 5940 5841 5742 5742 5643 5346
1 0 40 48 4 1 64 25 5841 5841 5742 5544 5544 5544 5346 5247 5544 5544 5412 5247 5247 5247 5247 5346 5247 5148 5049 5049 5115 5247 5346 5544 5115 4950 4851 4950 5049 5346 5610 5808 5049 4851 4851 4917 5181 5544 5841 5940 4950 4851 4851 5049 5379 5742 5940 6138 4950 4950 4950 5148 5445 5742 5940 6138 5148 5049 5049 5214 5412 5676 5940 6237
1 0 40 56 4 1 64 25 5445 5346 5247 5346 5445 5643 5940 6336 5742 5643 5544 5610 5643 5841 6039 6336 6039 6039 6039 6039 6039 6039 6237 6369 6336 6435 6435 6534 6534 6534 6534 6633 6534 6732 6930 7029 7128 7128 7029 6963 6534 6930 7227 7425 7524 7623 7623 7425 6336 6798 7227 7524 7821 8019 8118 8019 6369 6732 7128 7425 7821 8217 8514 8613
1 0 40 64 4 1 64 25 6633 6930 7227 7524 7821 8217 8712 9009 7128 7425 7623 7722 7986 8316 8811 9306 7722 8019 8217 8184 8217 8481 8910 9603 8217 8547 8745 8712 8613 8712 9108 9801 8514 8943 9306 9405 9273 9273 9603 10098 8811 9306 9867 10098 9999 9999 10131 10593 9207 9768 10461 10890 10956 10857 10923 11253 9603 10329 11121 11682 11880 11847 11880 12078
1 0 40 72 4 64 64 25 25 25 25 25 25 25 25 25 25 25 25 32793 32793 32793 32793 25 32793 32793 32793 25 25 25 25 32793 25 25 25 25 25 25 25 25 25 25 25 25 25 25 25 25 25 25 25 25 25 25 25 25 25 25 25 25 25 25 25 25 25 25 25 25 25 25 25 10197 10989 11880 12474 12837 13002 13134 13299 10956 11781 12672 13365 13860 14322 14619 14850 11781 12672 13662 14553 15246 16005 16533 16830 13233 14058 15147 16335 17457 18447 19173 19701 15741 16731 17952 19206 20427 21384 22077 22506 18711 19899 21153 22110 22770 23265 23661 23826 20394 21582 22803 23331 23529 23430 23364 23298 20460 21450 22440 22737 22440 21912 21582 21384
1 0 40 80 4 1 64 25 19569 20097 20493 20427 19998 19569 19140 18942 18018 18117 18249 18018 17886 17523 17358 17259 16599 16599 16566 16434 16467 16401 16368 16335 15576 15543 15543 15543 15576 15642 15609 15741 14916 14817 14850 14916 14916 14982 15147 15246 14454 14289 14355 14388 14454 14553 14718 14916 14157 13992 13959 14025 14091 14223 14322 14520 13926 13761 13662 13662 13761 13860 14025 14223
1 0 40 88 4 1 64 25 13761 13563 13464 13464 13497 13629 13794 13959 13464 13266 13266 13266 13266 13398 13563 13761 12969 12870 12837 12903 13068 13266 13464 13662 12177 12111 12210 12507 12771 13068 13266 13464 11352 11352 11583 11979 12375 12738 13002 13167 10527 10560 10857 11286 11814 12276 12507 12804 9966 9999 10230 10593 11088 11517 11814 12111 9603 9669 9801 10032 10296 10659 10956 11286
1 0 40 96 4 1 64 25 9504 9504 9504 9603 9801 9999 10263 10494 9405 9405 9339 9306 9405 9603 9702 9900 9405 9405 9306 9207 9306 9306 9504 9603 9504 9504 9504 9306 9306 9306 9405 9504 9504 9504 9504 9504 9405 9405 9405 9504 9405 9405 9405 9504 9405 9405 9405 9405 9306 9306 9306 9405 9405 9405 9306 9405 9405 9405 9405 9405 9405 9405 9306 9405
1 0 40 104 4 1 64 25 9405 9405 9405 9504 9405 9405 9405 9405 9405 9405 9405 9504 9504 9405 9405 9504 9405 9405 9405 9405 9405 9405 9405 9504 9207 9207 9306 9306 9306 9306 9306 9405 9009 9108 9207 9207 9207 9207 9207 9306 8250 8646 8910 9009 9108 9108 9207 9207 6270 7326 8118 8613 8811 8910 9009 9108 3960 5148 6534 7623 8217 8514 8712 8811
1 0 40 112 4 64 64 49177 25 25 25 25 25 25 25 25 49177 25 25 25 25 25 25 25 25 25 49177 25 25 25 25 25 25 25 25 25 49177 25 25 25 25 25 25 25 25 25 25 25 25 25 25 25 25 25 25 25 25 25 25 25 25 25 25 25 25 25 25 25 25 25 25 2673 3267 4455 5940 7128 7821 8118 8415 2376 2475 2970 4059 5247 6336 7128 7722 2376 2376 2475 2772 3366 4257 5445 6336 2376 2376 2376 2376 2475 2871 3564 4455 2376 2376 2376 2376 2376 2475 2574 2871 2376 2376 2376 2376 2376 2376 2376 2475 2376 2376 2376 2376 2376 2376 2376 2376 2376 2376 2376 2376 2376 2376 2376 2376
1 0 40 120 4 1 1 25 2376
1 0 48 0 4 1 64 25 6039 5544 4851 3960 3465 3861 4455 4356 6633 6138 5544 4752 4059 4257 4752 4653 7227 6930 6336 5643 4950 4752 4851 4554 7920 7524 7029 6336 5742 5412 5049 4455 8712 8118 7425 6831 6402 6006 5445 4752 9405 8613 7821 7227 6732 6435 5841 4950 9702 8976 8217 7524 7128 6732 6138 5247 10098 9405 8712 8019 7524 7029 6534 5643
1 0 48 8 4 1 64 25 10593 9900 9207 8514 7887 7326 6831 6237 10989 10296 9504 8811 8118 7722 7425 6930 11286 10494 9702 9009 8316 7920 7821 7425 11385 10593 9801 9009 8415 8118 8118 7722 11583 10791 10098 9207 8613 8415 8316 7920 11880 11088 10296 9471 8877 8712 8679 8118 11880 11187 10494 9702 9273 9207 9108 8415 11781 11088 10560 9999 9504 9405 9207 8514
1 0 48 16 4 1 64 25 11781 10989 10395 9801 9405 9372 9108 8349 11781 10989 10197 9603 9306 9141 8910 8118 11781 10989 10197 9603 9207 9141 8910 8118 11682 10890 10197 9504 9108 9108 9009 8415 11583 10791 10098 9306 8910 8811 8811 8316 11385 10593 9900 9108 8646 8514 8415 7920 11187 10494 9702 8910 8448 8316 8217 7524 10989 10296 9504 8712 8316 8118 8019 7326
1 0 48 24 4 1 64 25 10791 10296 9438 8712 8217 8118 7920 7227 10593 10329 9603 8877 8415 8316 8118 7326 10395 10329 9999 9471 9075 8910 8514 7722 10428 10329 10296 10131 9834 9471 8811 8217 10692 10494 10395 10395 10296 9801 8910 8217 11088 10791 10494 10395 10395 9900 8910 7821 11286 10989 10494 10395 10395 10098 9108 8019 11022 10824 10593 10395 10296 10263 9735 8910
1 0 48 32 4 1 64 25 10395 10395 10395 10395 10329 10296 10164 9900 9306 9504 9900 10263 10395 10395 10296 10197 8316 8514 8910 9570 10065 10296 10395 10395 7425 7524 7821 8217 8745 9306 9801 10296 6534 6633 6633 6831 6930 7425 8481 9702 5643 5742 5742 5742 5643 5940 7095 8877 4950 5049 5148 5049 5049 5049 5841 7425 4752 4752 4752 4752 4653 4653 4851 5676
1 0 48 40 4 1 64 25 4851 4785 4752 4653 4554 4455 4455 4653 4950 4950 4851 4752 4653 4554 4455 4356 5247 5247 5049 4917 4818 4554 4455 4455 5412 5346 5049 4950 4851 4554 4455 4455 5544 5346 5049 4950 4851 4554 4455 4554 5544 5346 5148 4950 4752 4554 4455 4554 5445 5313 5148 4950 4719 4521 4554 4653 5247 5148 5049 4851 4719 4620 4653 4950
1 0 48 48 4 1 64 25 5247 5247 5049 4851 4752 4653 4818 5181 5346 5346 5148 5049 4851 4785 4950 5313 5544 5544 5445 5346 5049 4950 5049 5346 5841 5841 5742 5643 5346 5148 5049 5280 6039 6105 6006 5808 5445 5148 5082 5247 6237 6237 6039 5808 5544 5280 5148 5181 6336 6237 6039 5907 5742 5544 5346 5280 6435 6435 6237 6138 6039 5841 5610 5478
1 0 48 56 4 1 64 25 6534 6633 6534 6435 6336 6237 5973 5874 6633 6831 6930 6930 6732 6534 6435 6435 6633 7029 7227 7227 7128 6930 6831 6930 6765 7029 7326 7524 7425 7227 7161 7326 7029 7227 7425 7722 7722 7524 7524 7623 7425 7425 7623 7920 8019 7887 7854 8019 7920 7920 7953 8217 8316 8283 8316 8514 8514 8415 8415 8514 8646 8745 8910 9141
1 0 48 64 4 64 64 25 25 25 25 25 25 25 25 25 25 25 25 25 25 25 25 25 25 25 25 25 25 25 25 25 25 25 25 25 25 25 25 25 25 25 25 25 25 25 25 25 25 25 25 25 25 25 25 25 25 25 25 32793 32793 32793 32793 25 25 25 32793 25 25 25 25 9108 9042 8910 9009 9108 9339 9603 9900 9636 9702 9504 9504 9702 9999 10395 10791 10098 10296 10197 10296 10395 10758 11253 11682 10461 10890 11088 11088 11286 11583 12111 12705 10857 11550 11913 12045 12177 12540 13035 13629 11253 12144 12738 13101 13299 13662 14091 14652 11847 12639 13464 14091 14487 14850 15180 15543 12540 13332 14157 15048 15741 16236 16533 16764
1 0 48 72 4 64 64 32793 32793 32793 25 25 25 25 25 25 25 25 25 25 25 25 25 25 25 25 25 25 25 25 25 25 25 25 25 25 25 25 25 25 25 25 25 25 25 25 25 25 25 25 25 25 25 25 25 25 25 25 25 25 25 25 25 25 25 25 25 25 25 25 25 13629 14289 15114 16137 17028 17721 18117 18414 15048 15741 16632 17622 18678 19536 20196 20691 17226 18018 19041 20097 21021 21813 22506 23001 20229 21087 22077 22869 23397 23760 24156 24387 22968 23628 24189 24552 24618 24651 24651 24651 24057 24453 24750 24750 24552 24255 24057 23859 23496 23694 23793 23661 23298 22737 22374 22143 21417 21516 21549 21516 21186 20889 20493 20460
1 0 48 80 4 64 64 25 25 25 25 25 25 25 25 25 49177 25 25 25 25 25 25 25 25 25 25 25 25 25 49177 25 25 25 25 25 25 25 25 25 25 25 25 25 25 25 25 25 25 25 25 25 25 25 25 25 25 25 25 25 25 25 25 25 25 25 25 25 25 25 25 19008 19173 19206 19272 19305 19173 19140 19140 17226 17523 17655 17952 17919 18018 18018 18150 16467 16698 16896 17094 17160 17226 17226 17391 15939 16104 16335 16533 16599 16599 16731 16863 15477 15741 15939 16137 16236 16236 16401 16566 15114 15345 15642 15774 15873 15972 16137 16335 14751 15048 15312 15477 15609 15741 15939 16137 14454 14751 14949 15147 15345 15543 15741 15906
1 0 48 88 4 1 64 25 14157 14454 14652 14850 15048 15246 15444 15609 13959 14157 14355 14553 14751 14949 15147 15246 13761 13926 14091 14289 14454 14652 14850 14916 13629 13728 13827 13992 14157 14355 14553 14619 13365 13464 13563 13662 13860 14058 14256 14355 12936 13068 13266 13464 13563 13761 13926 14058 12375 12573 12837 13134 13299 13497 13662 13728 11484 11781 12177 12507 12804 13002 13200 13365
1 0 48 96 4 1 64 25 10725 10989 11385 11682 12012 12309 12540 12870 10098 10296 10593 10824 11088 11385 11781 12111 9702 9900 9999 10197 10362 10593 10890 11253 9504 9603 9603 9702 9801 9966 10197 10461 9504 9504 9405 9405 9471 9603 9768 9900 9504 9504 9339 9306 9306 9405 9504 9603 9405 9405 9306 9306 9405 9405 9405 9405 9405 9405 9306 9405 9405 9405 9405 9405
1 0 48 104 4 1 64 25 9405 9405 9405 9405 9405 9405 9405 9405 9504 9405 9405 9405 9405 9405 9405 9405 9405 9405 9405 9405 9405 9405 9405 9405 9405 9405 9405 9405 9405 9405 9405 9405 9405 9405 9405 9405 9405 9405 9405 9405 9306 9306 9306 9405 9405 9405 9405 9405 9108 9207 9306 9306 9306 9306 9405 9405 8910 9009 9108 9207 9207 9306 9306 9306
1 0 48 112 4 64 64 25 25 25 25 25 25 25 25 25 25 25 25 25 25 25 25 25 25 25 25 25 25 25 25 25 25 25 25 25 25 25 25 25 25 25 25 25 49177 25 25 25 25 25 25 25 25 25 49177 25 25 25 25 25 25 25 25 25 25 25 25 25 25 25 25 8613 8613 8613 8811 9009 9108 8910 8712 7920 7821 7524 7920 8514 8316 7920 8019 6831 6534 6171 6897 7425 6930 6732 7524 4950 4851 4653 5247 5445 5049 5247 6237 3168 3168 3069 3267 3366 3168 3267 3861 2475 2475 2475 2574 2574 2475 2574 2673 2376 2376 2376 2376 2376 2376 2376 2376 2376 2376 2376 2376 2376 2376 2376 2376
1 0 48 120 4 1 1 25 2376
1 0 56 0 4 64 64 16409 25 25 25 25 25 25 25 16409 25 25 25 25 25 25 25 16409 25 25 25 25 25 25 25 25 16409 25 25 25 25 25 25 25 16409 25 25 25 25 25 25 25 16409 32793 25 25 25 25 25 25 25 25 16409 25 25 25 25 25 25 25 25 16409 25 25 25 3465 2178 891 264 99 198 396 396 3762 2574 1188 396 99 198 396 396 3762 2673 1485 594 297 198 396 495 3663 2673 1683 891 495 396 594 594 3861 2871 1881 1188 693 594 693 792 3861 2871 2178 1782 1287 891 792 924 4059 3267 3069 2772 2079 1287 990 924 4653 3861 3861 3564 2574 1584 1089 990
1 0 56 8 4 64 64 25 25 25 25 16409 25 25 25 25 25 25 25 16409 25 25 25 25 25 25 25 16409 25 25 25 25 25 25 25 16409 25 25 25 25 25 25 25 16409 25 25 25 25 25 25 25 16409 25 25 25 25 25 25 25 25 16409 25 25 25 25 25 25 25 16409 25 25 5346 4653 4455 3861 2574 1584 1089 990 6138 5346 4851 3861 2574 1485 1089 990 6732 6039 5148 3960 2475 1485 1089 1089 7128 6336 5247 3960 2574 1683 1188 1089 7128 6237 5148 3960 2673 1782 1386 1188 7227 6336 5346 4257 3069 2178 1584 1188 7425 6534 5643 4554 3564 2574 1782 1386 7524 6633 5742 4950 3960 3069 2079 1485
1 0 56 16 4 64 64 25 25 25 25 25 16409 25 25 25 25 25 25 25 16409 25 25 25 25 25 25 25 25 16409 25 25 25 25 25 25 25 16409 25 25 25 25 25 25 25 16409 25 25 25 25 25 25 25 16409 25 25 25 25 25 25 25 16409 25 25 25 25 25 25 25 25 25 7326 6435 5643 4950 4158 3267 2277 1584 7128 6138 5445 4851 4158 3267 2376 1683 7128 6138 5544 5049 4455 3564 2574 1782 7524 6633 6039 5643 5148 4257 2970 1881 7722 7128 6633 6336 5841 4752 3168 1980 7326 6930 6633 6336 5841 4752 3168 1980 6831 6237 5841 5544 5148 4257 3069 2079 6435 5742 5049 4752 4356 3762 2772 1980
1 0 56 24 4 64 64 25 25 25 25 25 16409 25 25 25 25 25 25 25 16409 25 25 25 25 25 25 25 16409 25 25 25 25 25 25 25 16409 25 25 25 25 25 25 25 16409 25 25 25 25 25 25 25 16409 25 25 25 25 25 25 25 16409 25 25 25 25 25 25 25 16409 25 25 6336 5643 4950 4455 3960 3366 2574 1980 6534 5940 5346 4752 4059 3366 2475 1980 7029 6534 5940 5346 4554 3564 2673 1980 7623 7029 6336 5643 4851 3762 2673 2079 7524 6930 6336 5643 4851 3663 2673 2079 7128 6435 5841 5445 4653 3663 2673 2178 7029 6138 5544 5148 4554 3762 2871 2376 8019 6930 5841 5049 4455 3762 3069 2574
1 0 56 32 4 64 64 25 25 25 25 25 25 16409 25 25 25 25 25 25 25 16409 25 25 25 25 25 25 25 16409 32793 25 25 25 25 25 25 25 25 25 25 25 25 25 25 25 25 25 25 25 25 25 25 25 25 25 25 25 25 25 25 25 25 25 25 25 25 25 25 25 25 9504 8514 6831 5280 4356 3762 3267 2970 10197 9702 8019 5775 4455 3861 3465 3267 10296 10098 8811 6468 4752 3960 3663 3564 10296 10197 9570 7722 5676 4356 3762 3564 10296 10296 10098 9108 7425 5445 4158 3861 10098 10395 10296 9999 9108 7227 5247 4257 9075 10032 10296 10296 9999 8613 6435 4950 7161 8811 9999 10296 10230 9339 7227 5346
1 0 56 40 4 1 64 25 5445 7326 9504 10197 10230 9636 7623 5643 4851 6633 9207 10197 10296 9702 8019 6105 4851 6468 9009 10197 10296 9999 8877 7128 4851 6237 8712 10197 10395 10197 9702 8514 4851 5841 7920 9801 10395 10296 10197 9603 4851 5412 6864 8811 10098 10395 10296 9999 4950 5346 6138 7623 9405 10197 10296 10296 5346 5643 6105 7128 8910 10032 10296 10296
1 0 56 48 4 1 64 25 5709 6138 6435 7227 8778 9933 10230 10296 5907 6435 6831 7425 8712 9900 10263 10296 5940 6501 6996 7491 8481 9603 10197 10395 5742 6336 6897 7425 8217 9240 9999 10494 5544 6039 6633 7227 7986 8910 9867 10593 5379 5742 6237 6930 7821 8811 9768 10692 5346 5610 6039 6831 7722 8811 9933 11055 5577 5742 6171 6930 7920 9108 10296 11616
1 0 56 56 4 64 64 25 25 25 25 25 25 25 25 25 25 25 25 25 25 25 25 25 25 25 25 25 25 25 25 25 25 25 25 25 25 25 25 25 25 25 25 25 25 25 32793 25 25 25 25 25 25 49177 25 25 25 25 25 25 25 32793 25 25 25 25 25 25 49177 25 25 5940 6138 6534 7326 8316 9504 10791 12243 6468 6666 7128 7920 8811 9999 11385 12870 7128 7326 7821 8613 9504 10593 11913 13365 7623 7920 8415 9207 10098 11187 12474 13926 7920 8382 8976 9702 10659 11781 13134 14619 8316 8877 9504 10296 11286 12540 13959 15510 8910 9405 10197 11022 12078 13365 14850 16500 9504 10197 10890 11781 12936 14223 15774 17424
1 0 56 64 4 64 64 25 25 25 25 25 32793 25 25 25 25 25 25 49177 25 25 25 25 25 25 25 32793 25 25 25 25 25 25 32793 25 25 25 25 25 25 32793 25 25 25 25 25 32793 32793 25 25 25 25 25 25 25 25 25 25 25 25 25 25 25 25 25 25 25 25 25 25 10395 10989 11781 12672 13761 15114 16698 18315 11286 11913 12771 13563 14619 15906 17490 19008 12210 12870 13761 14487 15444 16632 18117 19602 13233 13827 14652 15378 16236 17325 18612 20097 14157 14652 15345 16137 17028 18117 19305 20493 15048 15543 16269 17127 18018 19107 20097 21186 16038 16599 17325 18249 19305 20295 21285 22176 17127 17820 18711 19734 20724 21681 22572 23298
1 0 56 72 4 1 64 25 18909 19668 20691 21681 22539 23232 23793 24255 21219 21978 22902 23595 24090 24420 24651 24882 23463 23859 24321 24717 24849 24981 25146 25245 24552 24651 24783 24948 25047 25146 25179 25245 24585 24486 24552 24651 24816 24981 25146 25245 23661 23529 23562 23760 24057 24420 24750 25047 22011 21978 22044 22374 22836 23463 24057 24651 20460 20559 20757 21087 21648 22374 23265 24123
1 0 56 80 4 64 64 25 25 25 25 25 25 25 25 25 25 25 25 25 25 25 25 25 25 25 25 25 25 25 25 49177 25 25 25 25 25 25 25 25 49177 25 25 25 25 25 25 25 25 25 25 25 49177 25 25 25 25 25 25 25 25 49177 25 25 25 25 25 25 25 25 49177 19206 19404 19734 20229 20658 21384 22473 23364 18315 18645 19008 19470 20031 20592 21483 22440 17622 17952 18447 18975 19437 19866 20427 21186 17160 17490 18018 18447 18744 19041 19404 19932 16830 17127 17556 17853 18018 18216 18513 18876 16566 16830 17061 17226 17292 17358 17655 18051 16335 16533 16632 16632 16665 16764 17061 17424 16038 16137 16137 16137 16203 16368 16599 16929
1 0 56 88 4 1 64 25 15708 15708 15708 15741 15774 15939 16137 16434 15312 15312 15312 15345 15444 15543 15741 16005 14949 14949 14949 15015 15081 15213 15378 15609 14652 14652 14652 14652 14751 14850 15048 15246 14454 14454 14388 14388 14454 14553 14751 14850 14157 14157 14091 14091 14157 14256 14355 14454 13794 13794 13827 13860 13893 13959 14058 14058 13431 13464 13629 13695 13761 13695 13761 13728
1 0 56 96 4 1 64 25 13002 13167 13266 13530 13629 13563 13464 13497 12375 12606 12870 13167 13332 13365 13365 13365 11484 11814 12177 12573 12870 13068 13233 13266 10692 10989 11319 11748 12177 12573 12936 13167 10098 10296 10593 10989 11385 11880 12441 12870 9702 9900 10098 10395 10692 11187 11781 12375 9504 9603 9702 9900 10197 10560 11088 11748 9504 9504 9504 9603 9768 10098 10560 11187
1 0 56 104 4 1 64 25 9504 9504 9504 9471 9570 9735 10131 10692 9405 9405 9405 9405 9405 9504 9801 10296 9405 9405 9405 9405 9405 9405 9636 9999 9405 9405 9405 9405 9405 9405 9603 9702 9405 9405 9405 9405 9405 9306 9405 9504 9405 9405 9405 9405 9405 9306 9405 9405 9405 9405 9405 9405 9405 9405 9405 9405 9306 9405 9405 9405 9405 9405 9405 9405
1 0 56 112 4 64 64 25 25 25 25 25 25 25 25 25 25 25 25 25 25 25 25 25 25 25 25 25 25 25 25 25 25 25 25 25 25 25 25 25 25 25 25 25 25 25 25 25 25 25 25 25 25 25 25 25 49177 25 25 25 25 25 25 25 25 49177 25 25 25 25 25 8910 9207 9405 9405 9405 9405 9405 9405 8613 9108 9306 9306 9405 9405 9405 9405 8514 9009 9306 9405 9405 9405 9405 9405 7326 8217 8910 9306 9405 9405 9405 9405 4752 6039 7722 8910 9405 9405 9405 9405 2871 3861 5643 7590 8910 9273 9405 9405 2376 2673 3663 5445 7524 8910 9372 9405 2376 2376 2673 3663 5742 7920 9108 9405
1 0 56 120 4 64 64 25 25 49177 25 25 25 25 25 25 25 25 49177 25 25 25 25 25 25 25 25 49177 25 25 25 25 25 25 25 25 49177 25 25 25 25 25 25 25 25 49177 25 25 25 25 25 25 25 25 49177 25 25 25 25 25 25 25 49177 25 25 25 25 25 25 25 25 2376 2376 2376 2673 3960 6138 8184 9075 2376 2376 2376 2376 2871 4257 6303 8217 2376 2376 2376 2376 2475 3003 4389 6336 2376 2376 2376 2376 2376 2475 3036 4422 2376 2376 2376 2376 2376 2376 2508 3201 2376 2376 2376 2376 2376 2376 2376 2508 2376 2376 2376 2376 2376 2376 2376 2376 2376 2376 2376 2376 2376 2376 2376 2376
1 0 64 0 4 1 64 25 396 297 297 297 198 198 198 198 396 396 297 297 198 198 198 198 495 396 297 297 297 297 198 198 594 594 495 396 396 396 297 198 792 693 594 495 495 396 297 297 957 891 858 759 693 594 495 495 924 990 957 858 891 891 792 792 924 990 1056 1023 990 1056 990 990
1 0 64 8 4 1 64 25 990 990 1023 1089 990 1056 990 990 990 990 990 990 990 1056 1056 1056 1089 990 990 990 1089 1089 1089 1089 1089 990 990 1089 1089 1089 1056 1056 1089 1089 1089 1089 1089 1188 1089 1089 1089 1089 1188 1089 1089 1089 990 990 1188 1188 1089 1089 1188 1188 1089 1089 1188 1188 1188 1188 1287 1188 1287 1287
1 0 64 16 4 1 64 25 1287 1287 1287 1188 1287 1287 1386 1287 1287 1188 1188 1287 1287 1386 1287 1188 1287 1188 1188 1287 1386 1386 1287 1287 1386 1188 1287 1386 1485 1386 1386 1287 1485 1287 1386 1485 1485 1485 1386 1287 1485 1386 1386 1485 1485 1485 1386 1386 1584 1386 1485 1584 1584 1584 1485 1386 1584 1485 1584 1683 1683 1584 1485 1386
1 0 64 24 4 1 64 25 1584 1485 1584 1683 1683 1683 1584 1485 1683 1584 1683 1782 1782 1782 1683 1584 1782 1683 1782 1881 1881 1881 1782 1782 1782 1782 1881 1980 2079 2079 1980 1881 1881 1881 2079 2277 2277 2178 2079 2079 1980 2079 2376 2475 2475 2277 2178 2178 2178 2277 2475 2673 2673 2574 2475 2376 2475 2574 2871 2970 3069 2970 2772 2772
1 0 64 32 4 64 64 25 25 25 25 25 25 25 25 25 25 25 25 25 25 25 25 32793 32793 32793 32793 32793 32793 32793 32793 25 25 25 25 25 25 25 25 25 25 25 25 25 25 25 25 25 25 25 25 25 25 25 25 25 25 25 25 25 25 25 25 25 25 25 25 25 25 25 25 2772 2871 3168 3267 3366 3267 3168 3069 3069 3168 3465 3498 3564 3465 3267 3168 3366 3465 3663 3663 3663 3564 3465 3366 3564 3663 3762 3762 3762 3663 3663 3663 3762 3861 3960 3960 3960 3960 4059 4158 4158 4092 4059 4059 4158 4356 4752 4851 4455 4356 4257 4257 4455 4851 5346 5544 4752 4554 4554 4554 4851 5280 5775 6039
1 0 64 40 4 1 64 25 4851 4719 4752 4851 5247 5775 6237 6435 5148 4950 4950 5247 5610 6138 6534 6765 5742 5313 5346 5709 6138 6534 6930 7128 6930 5940 5940 6336 6831 7227 7524 7524 8019 6732 6633 7029 7623 7920 8019 7920 8811 7524 7227 7722 8217 8613 8613 8283 9405 8217 7722 8217 8811 9108 9108 8712 9834 8910 8415 8712 9240 9603 9603 9207
1 0 64 48 4 1 64 25 10164 9702 9207 9240 9636 10065 9999 9570 10395 10395 10263 10098 10263 10494 10428 9900 10593 10890 11088 11088 10989 11088 10890 10230 10791 11187 11649 11781 11682 11682 11286 10593 11055 11583 12144 12375 12309 12177 11781 10890 11418 12111 12639 12969 12969 12804 12342 11385 12012 12771 13299 13662 13827 13662 13167 12144 12672 13398 13827 14256 14520 14553 14124 13200
1 0 64 56 4 64 64 25 25 25 25 25 25 25 25 25 25 25 25 25 32793 32793 32793 25 25 25 25 49177 25 25 25 25 25 25 25 32793 25 25 25 32793 32793 32793 49177 25 25 25 25 25 25 25 32793 25 25 25 25 25 25 25 25 25 25 25 25 25 25 25 25 25 25 25 25 13332 14025 14289 14652 15114 15345 15147 14553 14025 14619 14817 15114 15543 16038 16203 15906 14619 15213 15378 15576 16005 16665 17193 17226 15147 15840 15972 16071 16434 17127 17985 18414 15906 16467 16500 16533 16863 17523 18546 19305 16797 17325 17193 17094 17226 17853 18942 19899 17820 18282 17919 17589 17622 18117 19107 20295 18744 19173 18678 18183 17985 18249 19206 20493
1 0 64 64 4 1 64 25 19602 19932 19338 18678 18414 18546 19338 20625 20229 20592 19965 19206 18843 19008 19635 20790 20823 21120 20493 19800 19503 19569 20064 21054 21285 21681 21087 20427 20196 20262 20757 21483 21681 22176 21681 21120 20889 21054 21450 22077 22275 22671 22308 21813 21648 21879 22209 22704 22968 23265 23001 22506 22308 22407 22671 23100 23826 23958 23727 23232 22935 22935 23166 23562
1 0 64 72 4 1 64 25 24552 24618 24387 23925 23661 23562 23760 24057 25047 25047 24915 24651 24453 24354 24453 24651 25245 25245 25146 25080 25014 24948 24948 25047 25245 25245 25245 25245 25245 25245 25146 25080 25245 25245 25245 25245 25245 25245 25146 25146 25146 25146 25146 25146 25245 25245 25245 25245 25014 25146 25146 25146 25245 25245 25245 25245 24750 25047 25245 25245 25245 25245 25245 25245
1 0 64 80 4 1 64 25 24156 24717 25047 25179 25245 25146 25047 25014 23265 23958 24519 24849 24981 24948 24750 24519 21978 22737 23463 24057 24519 24486 24156 23727 20493 21186 22011 22935 23661 23793 23364 22869 19338 19866 20625 21582 22440 22671 22374 22077 18480 18909 19536 20427 21252 21582 21516 21483 17820 18282 18711 19404 20163 20592 20790 21087 17292 17688 18117 18678 19305 19899 20328 20790
1 0 64 88 4 64 64 25 49177 25 25 25 25 25 25 25 25 49177 25 25 25 25 25 25 25 25 49177 25 25 25 25 25 25 25 25 25 49177 25 25 25 25 25 25 25 25 49177 25 25 25 25 25 25 25 49177 25 25 25 25 25 25 25 32793 25 25 25 25 25 25 32793 25 25 16797 17061 17457 17985 18612 19404 20097 20691 16302 16566 16863 17292 18018 18843 19569 20295 15840 16071 16335 16797 17325 18084 18744 19404 15411 15609 15840 16137 16632 17127 17655 18216 14949 15081 15345 15609 15906 16170 16533 17226 14553 14652 14817 15114 15378 15609 15939 16632 14124 14289 14553 14817 15213 15543 16038 16731 13860 14025 14355 14751 15411 15939 16566 17325
1 0 64 96 4 64 64 25 25 25 25 49177 25 25 25 25 25 25 25 49177 25 25 25 25 25 25 25 49177 25 25 25 25 25 25 25 25 25 49177 25 25 25 25 25 25 25 25 25 25 25 25 25 25 25 25 25 25 25 25 25 25 25 25 25 25 25 25 25 25 25 25 25 13563 13860 14355 14949 15741 16500 17259 17985 13563 13860 14454 15246 16071 16929 17688 18348 13464 13860 14454 15279 16137 16929 17721 18249 13365 13662 14256 15081 15840 16533 17226 17622 13167 13530 14025 14718 15345 15873 16401 16731 12870 13365 13761 14355 14751 15114 15477 15774 12474 13068 13530 13959 14256 14520 14751 14949 11979 12672 13266 13662 13860 14058 14256 14355
1 0 64 104 4 1 64 25 11451 12243 12870 13266 13563 13827 13860 13959 10890 11682 12309 12804 13200 13464 13662 13662 10395 10989 11616 12144 12606 12969 13266 13464 9999 10395 10824 11319 11814 12276 12672 13068 9702 9933 10230 10593 10989 11385 11880 12408 9504 9636 9801 9999 10296 10692 11088 11583 9405 9438 9504 9603 9801 10065 10428 10890 9405 9405 9405 9405 9504 9702 9933 10296
1 0 64 112 4 1 64 25 9405 9405 9405 9405 9405 9471 9636 9900 9405 9405 9405 9405 9405 9405 9504 9702 9405 9405 9405 9405 9405 9405 9471 9504 9405 9405 9405 9405 9405 9405 9405 9405 9405 9405 9405 9405 9405 9405 9405 9405 9405 9405 9405 9405 9405 9405 9405 9405 9405 9405 9405 9405 9405 9405 9405 9405 9405 9405 9405 9405 9405 9405 9405 9405
1 0 64 120 4 64 64 25 25 25 25 25 25 25 25 25 25 25 25 25 25 25 25 25 25 25 25 25 25 25 25 25 25 25 25 25 25 25 25 25 25 25 25 25 25 25 25 25 25 25 25 25 25 25 25 25 25 25 25 25 25 25 25 49177 25 25 25 25 25 25 25 9405 9405 9405 9405 9405 9405 9405 9405 8976 9339 9405 9405 9405 9405 9405 9405 8118 9009 9339 9405 9405 9405 9405 9405 6468 8316 9141 9372 9405 9405 9405 9405 4818 7095 8580 9207 9372 9405 9405 9405 3432 5478 7623 8745 9273 9405 9405 9405 2673 3960 6105 8052 9042 9339 9405 9405 2475 2904 4488 6765 8514 9240 9405 9405
1 0 72 0 4 1 64 25 99 99 99 99 99 99 99 99 99 99 99 99 99 99 99 99 198 198 99 99 99 99 99 99 198 198 198 99 99 99 99 99 297 198 198 198 198 198 198 99 396 297 297 198 198 198 198 198 693 495 495 396 396 297 297 297 891 792 792 792 693 495 396 396
1 0 72 8 4 1 64 25 891 891 990 990 990 891 792 693 957 990 990 990 990 990 990 891 1056 990 990 990 891 891 891 891 1056 1056 1089 1089 990 990 990 990 990 1056 1089 1056 1056 1155 1089 1023 990 1089 1089 1089 1089 1155 1155 1056 1089 1089 1089 1089 1089 1089 1089 1056 1089 1089 1188 1089 1089 1089 1089 1089
1 0 72 16 4 1 64 25 1188 1089 1188 1188 1188 1188 1188 1188 1188 1188 1188 1188 1188 1287 1287 1287 1188 1188 1188 1188 1188 1287 1287 1188 1287 1188 1287 1386 1287 1287 1188 1188 1188 1188 1287 1386 1287 1188 1188 1188 1287 1287 1287 1287 1386 1287 1287 1386 1386 1386 1386 1386 1386 1386 1485 1485 1386 1386 1485 1485 1485 1584 1584 1584
1 0 72 24 4 1 64 25 1485 1485 1683 1683 1683 1584 1683 1683 1683 1683 1782 1782 1782 1683 1683 1683 1881 1782 1782 1881 1782 1782 1782 1782 1881 1980 1881 1881 1980 1980 1980 1980 2079 1980 1980 1980 2079 2178 2079 2079 2178 2079 2079 2079 2178 2277 2277 2277 2376 2376 2376 2376 2475 2475 2475 2376 2673 2772 2772 2772 2673 2673 2574 2574
1 0 72 32 4 64 64 25 25 25 25 25 25 25 25 25 25 25 25 25 25 25 25 32793 32793 25 25 25 25 25 25 25 25 16409 25 25 25 25 25 25 25 16409 25 25 25 25 25 25 25 25 16409 25 25 32793 32793 25 25 25 25 16409 49177 25 25 25 25 25 25 16409 49177 25 25 3069 2970 2970 2871 2706 2673 2673 2772 3168 2970 2871 2772 2673 2739 2937 3069 3267 3069 2838 2673 2574 2772 3036 3168 3663 3366 2970 2673 2574 2772 3069 3267 4158 3861 3267 2838 2739 2871 3234 3498 4851 4455 3762 3168 2970 3069 3399 3630 5379 4950 4257 3564 3168 3234 3531 3663 5907 5445 4653 3861 3465 3366 3630 3795
1 0 72 40 4 64 64 25 25 25 25 25 25 25 25 25 25 25 25 25 16409 32793 25 25 25 25 25 25 32793 25 25 25 25 25 25 25 25 25 25 25 25 25 25 25 25 25 25 25 25 25 25 25 25 25 25 25 25 25 25 25 25 25 25 25 25 25 25 25 25 25 25 6336 5841 4983 4158 3597 3465 3663 3861 6699 6270 5412 4455 3795 3498 3564 3762 7062 6600 5841 4752 3960 3564 3564 3762 7326 6897 6039 5049 4224 3696 3663 3861 7623 7029 6237 5247 4455 3993 3894 4059 7722 7029 6303 5511 4818 4356 4158 4356 8019 7227 6534 5841 5148 4653 4455 4554 8415 7623 6930 6336 5643 5049 4752 4752
1 0 72 48 4 1 64 25 8811 7920 7227 6633 5940 5346 5016 4950 9042 8118 7425 6831 6138 5544 5247 5148 9306 8316 7524 6831 6171 5742 5379 5313 9570 8514 7656 6963 6435 5940 5643 5544 9834 8844 8019 7326 6798 6336 6006 5907 10296 9372 8580 7920 7326 6798 6435 6336 11088 10164 9405 8778 8085 7425 6930 6831 12177 11286 10428 9735 8910 8019 7524 7326
1 0 72 56 4 64 64 25 25 25 25 25 25 25 25 32793 25 25 25 25 25 25 25 25 16409 25 25 25 25 25 25 25 25 16409 25 25 25 25 25 25 25 16409 25 25 25 25 25 25 25 25 16409 25 25 25 25 25 25 25 25 16409 25 25 25 25 25 25 25 16409 25 25 25 13563 12573 11583 10692 9702 8712 8052 7920 15147 14058 12870 11682 10428 9372 8712 8580 16533 15444 14058 12573 11286 10230 9603 9405 17919 16665 15147 13563 12210 11187 10494 10230 19041 17820 16137 14553 13167 12144 11418 11022 19998 18909 17226 15642 14256 13101 12375 11913 20691 19899 18414 16830 15345 14124 13299 12870 21186 20790 19437 17952 16434 15048 14256 13860
1 0 72 64 4 64 64 25 25 25 25 25 16409 32793 32793 25 25 25 25 25 25 25 25 25 25 25 25 25 25 25 25 25 25 25 25 25 25 25 25 25 25 25 25 25 25 25 25 25 25 25 25 25 25 25 25 25 25 25 25 25 25 25 25 25 25 25 25 25 25 25 25 21582 21384 20262 18810 17325 16038 15345 15048 21780 21846 20889 19503 18117 17061 16434 16236 21978 22275 21549 20295 19107 18150 17754 17721 22374 22770 22275 21285 20295 19602 19272 19305 22869 23364 23232 22572 21681 21087 20889 20988 23364 24024 24156 23760 23166 22638 22539 22737 23760 24453 24750 24552 24156 23859 23859 24024 24156 24750 25047 24948 24651 24651 24651 24849
1 0 72 72 4 1 64 25 24651 25047 25146 25146 24948 25047 25146 25146 24948 25179 25245 25245 25146 25146 25245 25245 25146 25245 25245 25245 25212 25245 25245 25245 25146 25245 25245 25245 25245 25245 25245 25245 25146 25245 25245 25245 25245 25245 25245 25245 25245 25245 25245 25245 25245 25245 25245 25245 25245 25245 25245 25245 25245 25245 25245 25245 25245 25245 25245 25245 25245 25245 25245 25245
1 0 72 80 4 1 64 25 24948 25047 25080 25179 25245 25245 25245 25245 24354 24552 24915 25179 25245 25245 25245 25245 23628 23958 24618 25245 25245 25245 25245 25245 22869 23463 24354 25146 25245 25245 25245 25245 22275 23067 24057 25047 25245 25179 25245 25245 21879 22704 23760 24750 25014 24948 24948 25047 21582 22440 23430 24024 24123 23859 23760 23958 21450 22275 23166 23628 23529 23166 23067 23265
1 0 72 88 4 1 64 25 21351 22176 22968 23265 23067 22572 22374 22572 21021 21978 22836 22968 22572 21978 21780 21978 20196 21351 22275 22572 22077 21384 21120 21417 19206 20394 21516 21945 21483 20790 20394 20691 18216 19503 20790 21384 21087 20394 19899 19998 17721 19107 20493 21186 20889 20097 19470 19272 17754 19107 20394 21087 20790 19899 19173 18777 18216 19404 20394 20988 20691 19800 18975 18414
1 0 72 96 4 64 64 25 25 25 25 25 25 25 25 25 25 25 25 25 25 25 25 25 25 25 25 25 25 25 25 25 25 25 25 25 25 25 25 25 25 49177 25 25 25 25 25 25 25 49177 25 25 25 25 25 25 25 25 49177 25 25 25 25 25 25 25 25 49177 25 25 25 18711 19503 20196 20724 20559 19800 18876 18117 18810 19305 19701 20097 20097 19668 18876 18018 18513 18711 18909 19206 19470 19404 18909 18084 17754 17820 18018 18315 18777 19074 18876 18249 16830 16929 17127 17523 18183 18744 18843 18381 15873 16071 16335 16929 17754 18414 18678 18414 15147 15345 15741 16335 17259 18018 18414 18315 14553 14751 15180 15840 16632 17523 18018 18051
1 0 72 104 4 1 64 25 14157 14454 14751 15345 16038 16929 17490 17622 13860 14157 14454 14850 15444 16236 16830 17127 13563 13860 14124 14454 14949 15642 16236 16533 13365 13662 13794 14091 14553 15147 15741 15939 12903 13299 13497 13761 14157 14652 15147 15444 12243 12804 13200 13464 13860 14256 14652 14850 11484 12177 12771 13167 13464 13827 14124 14256 10857 11484 12243 12804 13167 13497 13695 13860
1 0 72 112 4 1 64 25 10362 10989 11682 12441 12903 13266 13464 13563 9999 10593 11253 12045 12606 13035 13266 13464 9801 10230 10857 11583 12177 12639 12969 13266 9603 9966 10428 10989 11583 12078 12474 12870 9504 9702 9999 10395 10890 11286 11880 12375 9438 9537 9702 9999 10296 10692 11088 11682 9405 9405 9504 9636 9867 10098 10494 10989 9405 9405 9405 9471 9504 9702 10032 10395
1 0 72 120 4 1 64 25 9405 9405 9405 9405 9405 9504 9702 9933 9405 9405 9405 9405 9405 9405 9504 9603 9405 9405 9405 9405 9405 9405 9405 9504 9405 9405 9405 9405 9405 9405 9405 9405 9405 9405 9405 9405 9405 9405 9405 9405 9405 9405 9405 9405 9405 9405 9405 9405 9405 9405 9405 9405 9405 9405 9405 9405 9405 9405 9405 9405 9405 9405 9405 9405
1 0 80 0 4 64 64 25 49177 25 25 25 25 25 25 25 25 49177 25 25 25 25 25 25 25 25 49177 25 25 25 25 25 25 25 25 49177 25 25 25 25 25 25 25 25 25 25 25 25 25 25 25 25 25 25 25 25 25 25 25 25 25 25 25 25 25 25 25 25 25 25 25 198 693 2079 4059 5940 7029 7326 6831 99 396 1287 2871 4818 6435 7227 7128 99 198 594 1650 3234 4950 6204 6534 99 99 297 693 1650 2970 4158 4752 99 99 99 297 594 1254 1980 2574 99 99 99 99 198 297 594 891 198 198 99 198 99 99 198 297 297 297 198 198 198 198 99 99
1 0 80 8 4 1 64 25 594 495 396 396 396 396 297 198 891 792 792 792 693 693 594 495 990 891 990 891 891 891 891 792 990 990 990 990 990 891 891 792 1089 990 990 990 990 990 891 891 1089 990 990 990 1089 1089 990 990 1155 1155 1089 1089 1089 1089 1089 990 1089 1089 1089 1188 1188 1188 1089 990
1 0 80 16 4 1 64 25 1188 1089 1089 1188 1188 1188 1089 990 1188 1089 1188 1188 1089 1089 1089 1089 1188 1188 1287 1287 1188 1188 1188 1287 1188 1188 1287 1287 1287 1287 1386 1485 1287 1287 1386 1485 1485 1485 1485 1584 1386 1485 1485 1485 1485 1485 1485 1485 1584 1683 1584 1584 1485 1485 1584 1683 1683 1782 1683 1584 1584 1683 1683 1683
1 0 80 24 4 1 64 25 1683 1782 1782 1683 1782 1782 1683 1683 1782 1881 1881 1881 1881 1782 1782 1782 1980 1980 1980 1980 1881 1881 1881 1980 2079 2079 2178 2277 2079 1980 1980 2178 2178 2178 2376 2475 2376 2178 2178 2376 2277 2376 2376 2574 2574 2475 2475 2574 2376 2475 2475 2574 2673 2673 2673 2673 2574 2673 2673 2673 2673 2772 2772 2673
1 0 80 32 4 64 64 25 25 25 25 25 25 25 25 25 25 25 25 25 25 25 25 25 25 25 32793 32793 32793 32793 25 25 25 32793 25 25 25 25 16409 25 49177 25 25 25 25 25 16409 32793 32793 25 25 25 25 25 25 25 25 25 25 25 25 25 25 25 25 25 25 25 25 25 25 2871 2772 2772 2772 2772 2871 2871 2871 3069 3069 2970 2871 2871 2970 3069 3069 3267 3201 3069 3069 3168 3366 3366 3267 3432 3300 3201 3267 3465 3663 3663 3465 3597 3465 3366 3564 3861 4059 3861 3564 3696 3564 3564 3861 4158 4257 4059 3663 3762 3762 3762 4059 4455 4554 4257 3861 3861 3861 3960 4257 4653 4752 4554 4158
1 0 80 40 4 1 64 25 3960 4059 4158 4356 4752 4950 4950 4653 4059 4257 4356 4554 4851 5247 5346 5148 4158 4455 4554 4653 4950 5346 5643 5643 4257 4554 4653 4752 4950 5346 5841 6039 4455 4752 4851 4851 5049 5445 5940 6237 4653 4950 5049 5049 5247 5544 5940 6435 4950 5148 5247 5346 5445 5742 6039 6435 5049 5346 5445 5643 5742 6039 6336 6732
1 0 80 48 4 1 64 25 5214 5445 5742 5940 6138 6435 6831 7227 5247 5544 5841 6138 6534 6930 7425 7722 5445 5643 6039 6435 6930 7425 7920 8316 5643 5940 6336 6831 7425 7821 8316 8745 6039 6336 6732 7227 7821 8250 8811 9306 6501 6831 7227 7722 8217 8613 9207 9801 7029 7425 7821 8217 8514 9009 9603 10296 7524 7920 8217 8613 8910 9306 9999 10791
1 0 80 56 4 64 64 25 25 25 25 25 25 25 25 25 25 25 25 25 25 25 25 25 25 25 25 25 25 25 25 25 25 25 25 25 25 25 25 25 25 25 25 25 25 25 25 25 25 25 25 25 25 32793 32793 25 25 25 25 32793 32793 25 25 25 25 32793 32793 25 25 25 25 8019 8316 8547 8910 9306 9801 10395 11187 8712 8811 9009 9405 9867 10362 10989 11682 9504 9504 9603 9999 10527 11088 11682 12441 10197 10197 10197 10593 11220 11979 12672 13365 10824 10692 10758 11286 12078 13068 13761 14553 11583 11451 11484 12078 13068 14190 15048 15642 12573 12507 12606 13266 14256 15378 16236 16731 13761 13794 14157 14751 15708 16665 17424 17754
1 0 80 64 4 64 64 32793 32793 25 25 25 25 25 25 25 25 25 25 25 25 25 25 25 25 25 25 25 25 25 25 25 25 25 25 25 25 25 25 25 25 25 25 25 25 25 25 25 25 25 25 25 25 25 25 25 25 25 25 25 25 25 25 25 25 25 25 25 25 25 25 15048 15312 15741 16500 17325 18117 18711 18909 16434 16929 17523 18315 19107 19701 20097 20097 18018 18612 19404 20196 20889 21384 21549 21384 19701 20295 21087 21879 22473 22770 22869 22572 21384 21978 22671 23166 23661 23958 23892 23529 23067 23364 23859 24156 24552 24651 24585 24156 24255 24453 24651 24849 24948 25047 24882 24453 24948 24948 25047 25047 25146 25146 24981 24519
1 0 80 72 4 1 64 25 25245 25146 25146 25146 25146 25113 24849 24354 25245 25146 25146 25146 25146 24948 24651 23958 25245 25245 25245 25146 25047 24750 24255 23463 25245 25245 25245 25245 24783 24453 23859 23166 25245 25245 25245 25146 24453 24057 23661 23166 25245 25245 25245 24948 24156 23958 24057 24057 25245 25245 25047 24453 23958 24453 25047 25146 25245 25245 25047 24156 24057 24750 25245 25245
1 0 80 80 4 1 64 25 25245 25245 25146 24750 24156 24948 25245 25245 25245 25245 25245 25146 24783 24948 25146 25245 25245 25245 25245 25245 25146 25146 25146 25245 25245 25245 25245 25245 25245 25245 25245 25245 25245 25245 25245 25245 25245 25245 25245 25245 25146 25245 25245 25245 25245 25245 25245 25245 24453 25146 25245 25245 25245 25245 25245 25245 23661 24750 25146 25245 25245 25245 25245 25245
1 0 80 88 4 1 64 25 23166 23958 24948 25245 25245 25245 25245 25245 22638 23496 24453 25146 25245 25245 25245 25245 22176 23067 23859 24750 25245 25245 25245 25245 21450 22374 23265 24057 25047 25245 25245 25245 20625 21582 22671 23562 24453 25047 25245 25245 19800 20724 21879 22869 23661 24750 25146 25245 19107 19899 20988 22077 23067 23859 24750 25146 18513 19107 20097 21285 22374 23331 24057 24948
1 0 80 96 4 64 64 25 25 25 25 25 25 25 25 49177 25 25 25 25 25 25 25 16409 49177 25 25 25 25 25 25 16409 25 49177 25 25 25 25 25 25 16409 25 49177 25 25 25 25 25 16409 25 49177 25 25 25 25 25 16409 25 25 49177 25 25 25 25 25 25 25 49177 25 25 25 17919 18315 19206 20328 21549 22638 23529 24453 17424 17523 18315 19338 20592 21780 22770 23661 17259 17028 17523 18414 19503 20790 21978 23067 17391 16797 16830 17523 18513 19767 21054 22374 17556 16797 16401 16731 17622 18810 20196 21681 17721 16830 16203 16203 16896 18018 19437 20889 17754 16929 16137 15840 16335 17325 18612 19998 17622 16797 16005 15642 15939 16731 17820 19107
1 0 80 104 4 64 64 25 25 25 25 25 49177 25 25 25 25 25 25 25 49177 25 25 25 25 25 25 25 25 49177 25 25 25 25 25 25 25 49177 25 25 25 25 25 25 25 49177 25 25 25 25 25 25 25 49177 25 25 25 25 25 25 25 49177 25 25 25 25 25 25 25 49177 25 17292 16599 15807 15444 15543 16203 17127 18414 16863 16236 15543 15147 15246 15774 16665 17820 16335 15840 15246 14949 15048 15543 16335 17523 15939 15444 14949 14751 14850 15312 16137 17292 15444 15048 14718 14553 14685 15147 15939 17028 14949 14751 14454 14355 14520 14949 15708 16830 14355 14256 14157 14157 14355 14817 15543 16665 13959 13860 13860 14058 14256 14751 15510 16533
1 0 80 112 4 64 64 25 25 25 25 25 25 49177 25 25 25 25 25 25 25 25 49177 25 25 25 25 25 25 25 49177 25 25 25 25 25 25 25 49177 25 25 25 25 25 25 25 49177 25 25 25 25 25 25 25 49177 25 25 25 25 25 25 25 25 25 25 25 25 25 25 25 25 13662 13662 13761 13959 14256 14685 15444 16500 13563 13563 13761 13959 14223 14652 15411 16434 13464 13563 13860 14058 14256 14652 15345 16335 13266 13563 13860 14124 14322 14652 15345 16236 12870 13332 13728 14025 14355 14652 15246 16137 12276 12837 13332 13761 14157 14553 15147 16038 11484 12177 12672 13266 13827 14421 15048 15939 10824 11385 11880 12507 13266 14058 14817 15642
1 0 80 120 4 1 64 25 10296 10692 11187 11781 12573 13464 14355 15147 9834 10164 10527 11088 11814 12672 13662 14619 9603 9801 10065 10527 11187 12045 13035 14058 9504 9603 9801 10164 10758 11583 12573 13596 9504 9504 9603 9966 10494 11352 12276 13332 9405 9504 9603 9900 10461 11286 12210 13233 9306 9405 9504 9801 10395 11286 12276 13167 9306 9339 9504 9801 10395 11319 12276 13134
1 0 88 0 4 64 64 25 25 16409 25 25 25 25 25 25 25 16409 25 25 25 25 25 25 25 16409 25 25 25 25 25 25 25 25 25 25 25 25 25 25 25 25 25 25 25 25 25 25 25 25 25 25 25 25 25 25 25 25 25 25 25 25 25 25 25 25 25 25 25 25 25 5346 3267 1386 297 0 0 0 0 6039 4059 1980 594 99 0 0 0 5742 4158 2079 693 99 0 0 0 4554 3465 1782 594 99 0 0 0 2772 2277 1188 396 99 0 0 0 1188 1089 594 198 0 0 0 0 396 396 297 99 99 99 0 0 99 198 99 99 99 99 99 0
1 0 88 8 4 1 64 25 198 198 99 99 99 198 198 99 396 396 297 297 297 297 198 198 693 693 693 693 594 495 396 396 792 792 792 858 792 792 726 726 891 891 891 858 792 792 792 825 990 990 891 891 891 792 792 825 1089 990 990 990 891 990 891 891 990 1089 990 990 990 990 1089 1089
1 0 88 16 4 1 64 25 1089 1089 1089 1188 1188 1188 1287 1287 1188 1287 1188 1287 1287 1287 1386 1485 1386 1386 1287 1287 1386 1584 1584 1485 1386 1287 1287 1386 1584 1683 1683 1584 1485 1386 1386 1584 1683 1782 1782 1782 1485 1485 1584 1782 1881 1980 1980 1881 1584 1683 1881 1881 1980 1980 1881 1881 1683 1881 1980 1980 2079 1980 1881 1980
1 0 88 24 4 64 64 25 25 25 25 25 25 25 25 25 25 25 25 25 25 25 25 25 25 25 25 25 25 25 25 25 25 25 25 25 25 25 25 25 25 25 25 25 25 25 25 25 25 25 25 25 25 25 32793 25 25 25 25 25 25 32793 25 25 25 25 25 25 49177 25 25 1782 2079 2079 2178 2079 2079 1980 1980 1980 2178 2079 2178 2178 2079 2079 2079 2079 2178 2178 2178 2178 2079 2079 2079 2277 2277 2277 2277 2178 2178 2178 2079 2475 2376 2376 2376 2277 2277 2277 2277 2574 2475 2475 2376 2277 2277 2376 2574 2673 2574 2475 2475 2475 2475 2673 2970 2673 2673 2673 2673 2574 2673 2970 3366
1 0 88 32 4 64 64 25 25 25 25 25 32793 25 25 25 25 25 25 32793 25 25 25 25 25 25 32793 25 25 25 25 25 25 32793 25 25 25 25 25 25 49177 25 25 25 25 25 25 16409 32793 25 25 25 25 25 25 25 25 25 25 25 25 25 25 25 25 25 25 25 25 25 25 2772 2772 2772 2772 2772 2970 3366 3861 2970 2871 2871 2970 3069 3366 3762 4356 3069 3069 3069 3168 3366 3762 4257 4851 3267 3267 3267 3465 3762 4356 4851 5247 3366 3267 3366 3663 4158 4752 5247 5643 3465 3366 3564 3861 4356 5049 5643 6039 3663 3564 3762 4158 4653 5346 6039 6435 3960 3861 4059 4455 5049 5742 6336 6633
1 0 88 40 4 1 64 25 4356 4257 4455 4950 5643 6237 6633 6930 4851 4752 5049 5445 6138 6633 6930 7128 5346 5346 5544 6039 6534 6930 7128 7227 5940 5841 5940 6336 6732 7128 7326 7326 6336 6237 6237 6435 6831 7128 7326 7425 6633 6633 6435 6534 6831 7128 7326 7524 6831 6831 6633 6633 6732 6930 7128 7425 7029 7029 6831 6732 6732 6732 6930 7227
1 0 88 48 4 1 64 25 7326 7227 7029 6930 6732 6633 6633 6831 7821 7524 7326 7194 6897 6633 6534 6534 8316 8019 7623 7392 7128 6732 6435 6237 8910 8514 7920 7491 7227 6831 6435 6138 9405 9108 8316 7623 7227 6930 6534 6039 10065 9702 8811 7920 7326 7029 6732 6237 10725 10461 9570 8415 7590 7128 6930 6534 11352 11286 10395 9108 8019 7425 7128 6831
1 0 88 56 4 64 64 25 25 25 25 25 25 25 25 25 25 25 25 25 25 25 25 25 25 25 25 25 25 25 25 25 25 25 25 25 25 25 25 25 25 25 25 25 25 25 25 25 25 25 25 25 25 25 25 16409 32793 25 25 25 25 25 25 25 25 16409 25 25 25 25 25 11880 12012 11286 9999 8712 7689 7128 6930 12474 12771 12276 10989 9405 8019 7128 6732 13167 13464 13068 11781 10197 8613 7326 6633 14058 14190 13695 12507 10989 9306 7920 6930 15015 14916 14256 13068 11682 10197 8910 7623 15972 15609 14751 13563 12276 11187 10098 8811 16797 16236 15147 14058 12969 12078 11187 9999 17655 16962 15840 14652 13662 12870 12144 11154
1 0 88 64 4 64 64 25 25 16409 25 25 25 25 25 25 25 25 16409 25 25 25 25 25 25 25 16409 25 25 25 25 25 25 25 25 16409 25 25 25 25 25 25 25 16409 25 25 25 25 25 25 25 16409 25 25 25 25 25 25 25 16409 25 25 25 25 25 25 25 16409 25 25 25 18612 17820 16533 15444 14454 13662 12870 11979 19602 18711 17424 16137 15048 14157 13365 12309 20790 19701 18381 16929 15543 14454 13464 12375 21780 20625 19206 17523 15840 14454 13299 12210 22671 21384 19800 17919 16137 14619 13365 12276 23265 21879 20196 18315 16500 14916 13596 12474 23562 22176 20592 18711 16830 15279 13992 12771 23562 22275 20691 18876 16995 15444 14157 12870
1 0 88 72 4 64 64 25 25 25 25 16409 25 25 25 25 25 25 25 16409 25 25 25 25 25 25 25 16409 25 25 25 25 25 25 25 25 25 25 25 25 25 25 25 16409 25 25 25 25 25 25 25 25 16409 25 25 25 25 25 25 25 25 16409 25 25 25 25 25 25 25 16409 25 23364 22077 20493 18711 16830 15345 14058 12771 22968 21681 19998 18216 16434 14949 13662 12474 22374 21186 19503 17721 15939 14553 13266 12012 22077 20790 19206 17325 15543 14058 12672 11517 22473 21186 19470 17424 15444 13695 12309 11253 23661 22572 20889 18513 16137 14091 12606 11319 25146 24354 22869 20691 18150 15642 13629 12243 25245 25146 24453 22968 20691 17886 15378 13299
1 0 88 80 4 64 64 25 25 25 25 25 25 25 16409 25 25 25 25 25 25 25 25 25 25 25 25 25 25 25 25 25 25 25 25 25 25 25 25 25 25 25 25 25 25 25 25 25 25 25 25 25 25 25 25 25 25 25 25 25 25 25 25 25 25 25 25 25 25 25 25 25245 25245 25245 24750 22869 20394 17523 14751 25245 25245 25245 25146 24354 22473 19701 16599 25245 25245 25245 25245 25146 23859 21681 18612 25245 25245 25245 25245 25245 25047 23364 20988 25245 25245 25245 25245 25245 25245 24750 22968 25245 25245 25245 25245 25245 25245 25245 24519 25245 25245 25245 25245 25245 25245 25245 25146 25245 25245 25245 25245 25245 25245 25245 25245
1 0 88 88 4 1 64 25 25245 25245 25245 25245 25245 25245 25245 25245 25245 25245 25245 25245 25245 25179 25245 25245 25245 25245 25245 25245 25245 25245 25245 25245 25245 25245 25245 25245 25245 25245 25245 25245 25245 25245 25245 25245 25245 25245 25245 25245 25245 25245 25245 25245 25245 25245 25245 25245 25245 25245 25245 25245 25245 25245 25245 25245 25245 25245 25245 25245 25245 25245 25245 25245
1 0 88 96 4 1 64 25 25146 25245 25245 25245 25245 25245 25245 25245 24750 25146 25245 25245 25245 25245 25245 25245 23859 24750 25146 25245 25245 25245 25245 25245 23364 24156 25047 25245 25245 25245 25245 25245 22770 23661 24750 25146 25245 25245 25245 25245 22110 23166 23958 24948 25245 25245 25245 25245 21318 22572 23562 24750 25146 25245 25245 25245 20493 21879 23067 24057 25047 25245 25245 25245
1 0 88 104 4 1 64 25 19800 21186 22572 23760 24750 25245 25245 25245 19305 20790 22275 23463 24750 25146 25245 25245 18909 20493 21978 23166 24156 25146 25245 25245 18711 20196 21582 22968 23958 25047 25245 25245 18414 19899 21285 22671 23760 24948 25245 25245 18216 19701 21087 22473 23562 24750 25245 25245 18018 19404 20856 22209 23430 24486 25146 25245 17820 19305 20691 22077 23265 24156 25146 25245
1 0 88 112 4 64 64 25 25 25 25 25 25 25 25 25 25 25 25 25 25 25 25 25 25 25 25 25 25 25 25 25 25 25 25 25 25 25 25 25 25 25 25 25 25 25 25 25 25 25 25 25 25 25 25 49177 25 25 25 25 25 25 25 25 25 49177 25 25 25 25 25 17721 19107 20493 21879 23067 23958 25047 25245 17622 19008 20295 21681 22770 23760 24750 25245 17622 18909 20163 21351 22473 23364 24354 25047 17424 18678 19833 20856 21879 22869 23661 24750 17325 18414 19338 20196 21186 22077 22968 23793 17094 17985 18678 19404 20229 21087 22077 23067 16731 17424 17952 18480 19173 19998 20988 22176 16335 16830 17160 17556 18117 18909 19932 21186
1 0 88 120 4 64 64 25 25 25 49177 25 25 25 25 25 25 25 25 49177 25 25 25 25 25 25 25 25 49177 25 25 25 25 25 25 25 49177 25 25 25 25 25 25 25 25 49177 25 25 25 25 25 25 25 49177 25 25 25 25 25 25 25 49177 25 25 25 25 25 25 25 25 49177 15807 16170 16368 16698 17193 17919 19008 20295 15312 15675 15774 16038 16434 17127 18117 19503 14817 15180 15279 15543 15840 16533 17424 18876 14454 14850 14949 15147 15444 15939 16929 18216 14157 14553 14652 14850 15048 15444 16335 17622 13959 14355 14454 14553 14652 15048 15840 17028 13860 14157 14157 14256 14355 14652 15345 16434 13761 14058 14058 13992 13992 14256 14850 15840
1 0 96 0 4 1 64 25 0 0 0 0 0 0 0 0 0 0 0 0 0 0 0 0 0 0 0 0 0 0 0 0 0 0 0 0 0 0 0 0 0 0 0 0 0 0 0 0 0 0 0 0 0 0 0 0 0 0 0 0 0 0 0 0 0 99 99 99 0 0 0 99
1 0 96 8 4 1 64 25 99 99 99 99 99 99 99 99 99 99 99 99 99 99 99 99 297 297 297 297 231 198 198 198 693 594 594 594 528 495 495 462 792 726 693 693 660 627 693 759 792 792 726 726 759 825 825 858 891 891 891 924 990 990 990 891 1089 1089 1089 1089 1089 1089 1089 990
1 0 96 16 4 1 64 25 1287 1188 1188 1287 1287 1287 1287 1188 1485 1386 1386 1485 1485 1485 1584 1485 1485 1485 1584 1683 1584 1584 1683 1584 1584 1584 1683 1683 1683 1683 1683 1584 1782 1683 1683 1683 1683 1683 1683 1584 1782 1782 1782 1782 1782 1683 1782 1782 1881 1881 1881 1782 1881 1782 1782 1782 1980 1980 1980 1881 1881 1881 1782 1782
1 0 96 24 4 64 64 25 25 25 25 25 25 25 25 25 25 25 25 25 25 25 25 25 25 25 25 32793 32793 32793 32793 25 32793 32793 32793 25 25 25 25 32793 25 25 25 25 25 25 25 25 25 25 25 25 25 25 25 25 25 25 25 25 25 25 25 25 25 25 25 25 25 25 25 1881 1881 1980 1980 1881 1881 1980 1980 1980 1980 2079 2079 2079 2079 2079 2079 1980 1980 2079 2277 2277 2376 2376 2376 2079 2277 2475 2673 2871 2970 3069 2970 2475 2673 3069 3465 3762 3861 3960 3960 2871 3267 3861 4257 4554 4653 4752 4752 3366 3960 4554 4851 5148 5247 5247 5247 3960 4554 5049 5346 5544 5643 5643 5544
1 0 96 32 4 1 64 25 4455 4950 5346 5544 5742 5940 5940 5940 4851 5247 5544 5742 5940 6138 6138 6138 5148 5445 5742 5940 6138 6336 6336 6237 5544 5841 6039 6138 6336 6435 6336 6336 5940 6138 6336 6435 6435 6435 6435 6534 6336 6435 6534 6633 6633 6633 6633 6732 6633 6732 6831 6930 6930 6930 6930 6930 6831 7029 7227 7326 7227 7227 7227 7227
1 0 96 40 4 1 64 25 7128 7326 7425 7524 7524 7425 7425 7425 7227 7425 7524 7524 7524 7425 7425 7425 7227 7326 7425 7524 7524 7425 7425 7524 7227 7227 7326 7425 7425 7425 7425 7524 7425 7326 7326 7425 7425 7326 7326 7524 7524 7425 7425 7425 7425 7326 7326 7425 7425 7425 7425 7425 7425 7425 7425 7425 7326 7326 7326 7326 7326 7326 7227 7227
1 0 96 48 4 1 64 25 7029 7128 7227 7227 7326 7326 7227 7128 6633 6732 6831 7029 7227 7227 7227 7128 6237 6237 6435 6732 6930 7029 7128 7128 5940 5841 6039 6237 6435 6534 6732 6831 5742 5544 5544 5742 5841 5940 6039 6237 5742 5346 5247 5247 5247 5247 5346 5445 5940 5544 5247 5049 4851 4851 4851 4851 6435 5940 5445 5148 4851 4554 4455 4455
1 0 96 56 4 1 64 25 6732 6435 6039 5445 4950 4653 4356 4257 6732 6633 6435 5940 5346 4752 4455 4158 6534 6534 6534 6237 5742 5049 4554 4257 6336 6237 6237 6237 5841 5445 4851 4356 6534 5940 5742 5742 5742 5445 5049 4554 7326 6138 5445 5247 5247 5280 5082 4686 8514 6930 5742 5049 4950 5049 5148 4884 9801 8217 6666 5643 5247 5247 5346 5247
1 0 96 64 4 1 64 25 10692 9207 7788 6666 6138 6039 6039 5841 11121 9867 8613 7722 7260 7128 6930 6534 11187 10098 9207 8646 8316 8085 7722 7194 11187 10395 9801 9471 9141 8811 8316 7722 11319 10692 10296 9933 9603 9141 8613 7953 11583 10890 10461 9999 9603 9108 8613 8019 11682 10890 10296 9702 9207 8811 8316 7722 11682 10692 9900 9174 8547 8151 7722 7227
1 0 96 72 4 1 64 25 11682 10494 9504 8712 8019 7425 7029 6633 11385 10296 9207 8316 7524 6930 6435 6039 10989 9900 9009 8118 7227 6534 6039 5643 10494 9603 8811 7920 7128 6435 5940 5610 10230 9405 8613 7821 7128 6567 6237 5940 10494 9504 8712 7920 7326 7029 6831 6633 10989 9900 9009 8217 7821 7656 7722 7524 11682 10395 9306 8712 8415 8415 8514 8316
1 0 96 80 4 64 64 25 25 25 25 25 25 25 25 16409 25 25 25 25 25 25 25 25 16409 25 25 25 25 25 25 25 25 16409 25 25 25 25 25 25 25 25 16409 25 25 25 25 25 25 25 25 16409 25 25 25 25 25 25 25 25 16409 25 25 25 25 25 25 25 25 16409 25 12474 10989 9900 9240 9108 9207 9207 8910 13761 11748 10659 9966 9801 9900 9834 9504 15543 13101 11550 10791 10593 10593 10494 10098 17919 15180 13134 11913 11583 11385 11286 10824 20691 17919 15444 13794 13002 12507 12177 11583 22935 20790 18249 16005 14487 13563 12870 12177 24750 23001 20889 18579 16533 14817 13662 12672 25146 24189 22902 20790 18513 16401 14520 13101
1 0 96 88 4 64 64 25 25 25 25 25 25 16409 25 25 25 25 25 25 25 25 16409 25 25 25 25 25 25 25 16409 25 25 25 25 25 25 25 16409 25 25 25 25 25 25 25 25 25 25 25 25 25 25 25 25 25 25 25 25 25 25 25 25 25 25 25 25 25 25 25 25 25245 25146 23958 22440 20427 17952 15477 13497 25245 25245 24816 23628 21978 19602 16764 13992 25245 25245 25146 24222 23001 20988 18216 14982 25245 25245 25212 24618 23826 22176 19701 16203 25245 25245 25245 24849 24387 23133 20955 17622 25212 25245 25245 25212 25047 23727 22011 19074 25245 25212 25245 25245 25146 24189 22836 20328 25245 25212 25245 25245 25179 24552 23529 21516
1 0 96 96 4 1 64 25 25245 25245 25245 25245 25245 25047 23958 22473 25245 25245 25179 25245 25245 25146 24486 23034 25245 25245 25245 25245 25245 25245 24981 23397 25245 25245 25245 25245 25245 25212 25146 23925 25245 25245 25245 25245 25245 25245 25146 24057 25245 25245 25245 25245 25245 25245 25179 24387 25245 25245 25245 25245 25245 25245 25245 24849 25245 25245 25245 25245 25245 25245 25245 25146
1 0 96 104 4 1 64 25 25245 25245 25245 25245 25245 25245 25245 25179 25245 25245 25245 25245 25245 25245 25245 25212 25245 25245 25245 25245 25245 25245 25245 25245 25245 25245 25245 25245 25245 25245 25245 25240 25245 25245 25245 25245 25245 25245 25245 25235 25245 25245 25245 25245 25245 25245 25245 25245 25245 25245 25245 25245 25245 25245 25245 25245 25245 25245 25245 25245 25245 25245 25245 25245
1 0 96 112 4 1 64 25 25245 25245 25245 25245 25245 25245 25245 25245 25245 25245 25245 25245 25245 25245 25245 25245 25245 25245 25245 25245 25245 25245 25245 25245 25146 25245 25245 25245 25245 25245 25245 25245 24750 25245 25245 25245 25245 25245 25245 25245 23958 25047 25245 25245 25245 25245 25245 25245 23265 24354 25146 25245 25245 25245 25245 25245 22473 23661 24750 25245 25245 25245 25245 25245
1 0 96 120 4 1 64 25 21780 23166 24354 25146 25245 25245 25245 25245 21087 22671 23859 25047 25245 25245 25245 25245 20559 22242 23562 24948 25245 25245 25245 25245 19899 21780 23265 24750 25245 25245 25245 25245 19305 21153 22836 24123 25146 25245 25245 25245 18579 20427 22176 23661 24948 25245 25245 25245 17886 19635 21483 23067 24453 25146 25245 25245 17193 18810 20592 22275 23727 24948 25245 25245
1 0 104 0 4 1 64 25 0 0 0 0 0 0 0 0 0 0 0 0 0 0 0 0 0 0 0 0 0 0 0 0 0 0 0 0 0 0 0 0 0 0 0 0 0 0 0 0 0 0 0 0 0 0 0 0 0 0 0 0 0 0 0 0 99 0 0 99 0 0 0 99
1 0 104 8 4 1 64 25 99 99 99 99 0 99 99 99 99 99 99 99 99 99 99 99 198 198 165 99 99 99 99 99 462 396 396 396 363 297 297 198 759 726 693 693 660 660 594 495 792 726 792 792 759 792 759 693 891 825 891 891 792 792 792 792 990 990 990 891 891 891 891 891
1 0 104 16 4 1 64 25 1188 1188 1188 1089 1089 1089 1089 990 1386 1386 1485 1386 1287 1287 1287 1188 1584 1584 1584 1485 1485 1386 1386 1386 1584 1584 1584 1485 1584 1485 1386 1386 1584 1584 1485 1485 1584 1584 1584 1485 1683 1584 1584 1584 1584 1584 1485 1485 1782 1683 1683 1683 1584 1584 1584 1584 1881 1881 1881 1881 1782 1782 1782 1683
1 0 104 24 4 64 64 25 25 25 25 25 25 25 25 25 25 25 25 25 25 25 25 32793 25 25 25 25 25 25 25 25 16409 32793 32793 32793 32793 32793 32793 25 25 25 25 25 25 25 25 25 25 25 25 25 25 25 25 25 25 25 25 25 25 25 25 25 25 25 25 25 25 25 25 1980 1881 1881 1881 1782 1881 1782 1881 1980 1980 1881 1881 1881 1881 1881 1881 2277 2277 2178 2079 2079 1980 1980 1980 2970 2871 2772 2673 2475 2475 2376 2277 3861 3762 3564 3465 3267 3168 3069 2970 4653 4554 4455 4356 4257 4158 4059 3861 5247 5148 5049 5049 4950 4950 4851 4653 5544 5445 5445 5445 5445 5445 5346 5247
1 0 104 32 4 1 64 25 5841 5940 5841 5841 5841 5841 5841 5643 6138 6237 6138 6039 6039 6039 6138 6039 6336 6336 6336 6237 6237 6138 6237 6237 6336 6336 6336 6336 6336 6237 6237 6237 6534 6534 6435 6336 6336 6336 6336 6336 6633 6534 6435 6435 6435 6336 6336 6435 6831 6732 6633 6633 6534 6534 6534 6435 7128 7128 6930 6930 6831 6732 6633 6534
1 0 104 40 4 1 64 25 7326 7326 7227 7128 7128 7029 6732 6633 7524 7524 7524 7524 7326 7227 6930 6732 7623 7623 7623 7722 7623 7524 7326 7029 7623 7623 7722 7821 7821 7722 7524 7227 7524 7623 7821 7920 7920 7920 7821 7623 7524 7524 7722 7920 7920 7920 7920 7722 7524 7524 7722 7821 7920 7821 7920 7821 7326 7425 7623 7722 7722 7821 7821 7821
1 0 104 48 4 1 64 25 7227 7326 7425 7524 7524 7623 7821 7920 7128 7227 7326 7326 7326 7425 7623 7821 7128 7227 7326 7326 7326 7425 7623 7821 6930 7029 7029 7227 7326 7425 7623 7722 6336 6534 6732 6930 7128 7326 7524 7722 5544 5841 6039 6336 6732 7029 7227 7524 4950 5049 5346 5742 6138 6435 6732 7029 4455 4455 4653 4950 5346 5643 6039 6336
1 0 104 56 4 64 64 25 25 25 25 25 25 25 25 25 25 25 25 25 25 25 25 25 25 25 25 49177 25 25 25 25 25 25 16409 25 25 49177 25 25 25 25 25 16409 32793 32793 25 25 25 25 25 25 25 25 25 25 25 25 25 25 25 25 25 25 25 25 25 25 25 25 25 4158 4158 4158 4356 4554 4851 5148 5445 4059 3960 3861 3861 4059 4158 4455 4653 4059 3927 3762 3663 3663 3762 3960 4158 4059 3960 3762 3663 3564 3663 3663 3762 4158 3960 3861 3762 3663 3663 3663 3762 4356 4059 3960 3861 3762 3762 3762 3762 4554 4257 4059 4059 3894 3960 3960 3960 4851 4455 4257 4158 3960 3960 4059 4158
1 0 104 64 4 1 64 25 5247 4752 4356 4158 4059 4059 4158 4257 5841 5148 4653 4257 4125 4125 4158 4257 6435 5544 4851 4455 4158 4059 4059 4257 6930 6039 5148 4554 4158 3960 3960 4059 7227 6336 5346 4554 4059 3861 3861 3960 7227 6435 5445 4653 4059 3861 3795 3894 7128 6336 5445 4653 4158 3861 3861 3960 6732 6138 5445 4752 4257 3960 3861 3960
1 0 104 72 4 1 64 25 6237 5841 5346 4752 4356 4125 3960 3993 5742 5346 5049 4653 4356 4158 4026 3993 5379 5148 4950 4752 4554 4356 4125 4026 5379 5247 5049 4950 4950 4554 4257 4059 5742 5544 5445 5346 5346 4950 4455 4158 6435 6138 5940 5841 5742 5346 4752 4356 7227 6831 6435 6237 6039 5643 5049 4653 7920 7425 6930 6633 6336 5940 5445 5016
1 0 104 80 4 1 64 25 8415 7920 7425 7128 6831 6369 5841 5346 8910 8415 7920 7623 7326 6864 6237 5643 9504 8976 8481 8118 7821 7326 6534 5841 10197 9603 9009 8613 8217 7623 6831 6039 10890 10197 9504 8910 8415 7722 6930 6237 11385 10593 9801 9009 8514 7821 6930 6336 11682 10791 9801 9009 8448 7722 7029 6468 11979 10890 9801 8976 8349 7623 7029 6633
1 0 104 88 4 64 64 25 25 25 25 25 25 25 25 25 25 25 25 25 25 25 25 25 25 25 25 25 25 25 25 25 25 25 25 25 25 25 25 16409 25 25 25 25 25 25 25 16409 25 25 25 25 25 25 25 25 16409 25 25 25 25 25 25 25 16409 25 25 25 25 25 25 11913 10923 9768 8877 8151 7623 7128 6831 12078 10758 9570 8712 8085 7656 7359 7128 12177 10560 9405 8613 8118 7821 7656 7524 12903 10758 9471 8712 8316 8217 8118 7920 14058 11187 9735 9009 8712 8613 8613 8316 15411 12276 10329 9504 9108 9108 9009 8712 16830 13497 11187 10098 9669 9438 9207 8811 18381 14916 12144 10791 10098 9636 9207 8745
1 0 104 96 4 64 64 25 16409 25 25 25 25 25 25 25 25 16409 25 25 25 25 25 25 25 16409 25 25 25 25 25 25 25 16409 25 25 25 25 25 25 25 16409 25 25 25 25 25 25 25 25 16409 25 25 25 25 25 25 25 16409 25 25 25 25 25 25 25 16409 25 25 25 25 19734 16269 13299 11418 10395 9603 9009 8514 20691 17457 14157 11847 10593 9768 9009 8349 21450 18381 14916 12408 10857 9801 9042 8415 22011 19107 15741 13035 11220 10032 9306 8580 22572 19965 16632 13728 11847 10626 9702 8910 23067 20658 17523 14454 12375 11022 10098 9240 23496 21384 18381 15279 12837 11385 10197 9438 23826 21945 19206 16038 13134 11319 10098 9306
1 0 104 104 4 64 64 25 25 25 25 16409 25 25 25 25 25 25 25 16409 25 25 25 25 25 25 25 16409 25 25 25 25 25 25 25 25 16409 25 25 25 25 25 25 25 16409 25 25 25 25 25 25 25 25 16409 25 25 25 25 25 25 25 25 16409 25 25 25 25 25 25 25 16409 24189 22572 20031 16830 13662 11352 9867 9009 24552 23199 21054 17985 14619 11682 9933 8877 24750 23859 22077 19338 16071 12705 10362 9075 25196 24387 22968 20790 17655 14289 11286 9504 25240 24717 23826 22044 19305 15906 12606 10263 25245 25179 24387 23133 20790 17589 14091 11484 25245 25245 25047 23793 22044 19140 15906 12804 25245 25245 25179 24750 23067 20889 17688 14388
1 0 104 112 4 64 64 25 25 25 25 25 25 25 16409 25 25 25 25 25 25 25 25 25 25 25 25 25 25 25 25 25 25 25 25 25 25 25 25 25 25 25 25 25 25 25 25 25 25 25 25 25 25 25 25 25 25 25 25 25 25 25 25 25 25 25 25 25 25 25 25 25245 25245 25245 25047 23793 22110 19305 16071 25245 25245 25245 25179 24750 23034 20790 17556 25245 25245 25245 25245 25146 23793 21945 18942 25245 25245 25245 25245 25146 24222 22869 20196 25245 25245 25245 25245 25212 25014 23529 21285 25245 25245 25245 25245 25245 25047 24024 22275 25245 25245 25245 25245 25245 25146 24387 23001 25245 25245 25212 25245 25245 25179 25014 23529
1 0 104 120 4 1 64 25 25245 25245 25212 25245 25245 25245 25146 23925 25245 25245 25245 25245 25245 25245 25146 24156 25245 25245 25245 25245 25245 25245 24915 24255 25245 25245 25245 25245 25245 25245 25179 24321 25245 25245 25245 25245 25245 25245 25212 24420 25245 25245 25245 25245 25245 25245 25245 24552 25245 25245 25245 25245 25245 25245 25245 24684 25245 25245 25245 25245 25245 25245 25245 24684
1 0 112 0 4 1 1 25 0
1 0 112 8 4 1 64 25 0 0 0 0 0 99 0 0 99 99 99 99 99 99 99 99 99 99 99 198 198 198 198 99 198 198 198 198 198 198 198 198 462 462 495 495 495 495 495 594 726 726 726 759 759 792 792 792 825 792 792 759 792 792 891 792 891 891 891 792 792 891 990 891
1 0 112 16 4 1 64 25 990 891 891 891 990 1089 990 1089 1089 1089 1089 1089 1188 1089 990 1089 1386 1386 1386 1386 1287 1188 1089 1089 1386 1386 1386 1485 1386 1386 1386 1287 1485 1485 1485 1584 1485 1485 1485 1386 1584 1485 1485 1584 1485 1584 1485 1485 1584 1584 1584 1584 1485 1584 1584 1584 1683 1683 1683 1683 1584 1683 1683 1683
1 0 112 24 4 64 64 25 25 25 25 25 25 25 25 25 25 25 25 25 25 25 25 25 25 25 25 25 25 25 25 25 25 25 25 25 25 25 25 16409 32793 25 25 25 25 25 25 25 25 16409 25 25 25 25 25 25 25 25 16409 25 25 25 25 25 25 25 25 16409 25 25 25 1881 1782 1782 1782 1782 1683 1683 1683 1881 1881 1782 1782 1881 1782 1782 1782 1980 1881 1782 1782 1881 1881 1881 1782 2178 2079 1980 1881 1980 1881 1881 1881 2673 2475 2178 2079 1980 1881 1881 1881 3465 3069 2673 2376 2079 1980 1881 1881 4356 3960 3465 2871 2475 2178 2079 2079 5049 4752 4257 3663 3069 2574 2277 2178
1 0 112 32 4 64 64 25 25 25 25 25 16409 25 25 25 25 25 25 25 25 16409 25 25 25 25 25 25 25 25 16409 25 25 25 25 25 25 25 25 25 25 25 25 25 25 25 25 25 25 25 25 25 25 25 25 25 25 25 25 25 25 25 25 25 25 25 25 25 25 25 25 5544 5346 5049 4455 3762 3168 2574 2277 5940 5841 5544 5049 4455 3762 3069 2574 6138 6039 5841 5544 5049 4356 3663 2970 6336 6237 6138 5940 5544 4950 4257 3564 6336 6336 6237 6138 5841 5445 4851 4158 6336 6435 6336 6237 6039 5742 5346 4752 6336 6435 6336 6237 6138 6039 5742 5247 6435 6435 6435 6336 6237 6237 6039 5643
1 0 112 40 4 1 64 25 6534 6534 6435 6534 6435 6336 6138 5841 6633 6633 6534 6534 6435 6435 6237 6039 6831 6732 6633 6633 6633 6534 6336 6039 7029 6831 6732 6732 6732 6633 6534 6237 7326 7128 6930 6831 6732 6633 6534 6435 7524 7326 7029 6930 6831 6732 6633 6534 7623 7425 7227 7128 7029 6930 6831 6633 7722 7722 7623 7326 7128 7029 6930 6831
1 0 112 48 4 1 64 25 7920 7821 7821 7623 7326 7128 7029 6930 8019 8019 8019 7821 7623 7425 7128 6930 7920 8118 8118 8019 7821 7524 7326 7029 7920 8019 7920 7920 7722 7524 7326 7029 7821 7821 7821 7821 7722 7524 7326 7029 7722 7821 7821 7821 7722 7524 7227 6930 7326 7524 7623 7623 7524 7326 7029 6732 6633 6930 7128 7227 7227 7128 6831 6534
1 0 112 56 4 1 64 25 5808 6138 6435 6633 6732 6732 6732 6633 4950 5346 5643 5940 6237 6534 6831 6930 4356 4653 5049 5544 6138 6633 7227 7722 4059 4356 4752 5346 6138 7029 7821 8514 3861 4257 4653 5445 6336 7425 8316 9009 3960 4257 4851 5544 6633 7623 8514 9009 4059 4356 4950 5742 6732 7722 8316 8514 4257 4455 5049 5841 6732 7425 7920 7821
1 0 112 64 4 1 64 25 4356 4554 4950 5544 6435 7029 7128 6831 4356 4554 4851 5247 5940 6336 6336 5940 4257 4455 4653 4950 5346 5643 5643 5148 4158 4356 4455 4620 4851 5049 4950 4554 4059 4224 4257 4323 4455 4554 4455 4257 3960 4059 4059 4092 4158 4257 4356 4257 3927 3960 3960 3960 4059 4059 4158 4257 3927 3960 4059 3993 3960 3960 3960 4158
1 0 112 72 4 1 64 25 3960 3993 4158 4059 3960 3960 3960 3960 3993 4059 4158 4059 4059 4059 3960 3960 4026 4059 3993 3993 4059 4158 4158 4158 3993 3960 3993 4092 4257 4356 4521 4653 4059 4059 4158 4356 4653 4851 5148 5544 4257 4257 4455 4752 5148 5742 6237 6930 4455 4554 4752 5346 6039 6831 7821 8910 4752 4851 5346 6039 7029 8316 9702 11187
1 0 112 80 4 64 64 25 25 25 25 25 25 25 32793 25 25 25 25 25 25 32793 25 25 25 25 25 25 49177 25 25 25 25 25 25 25 49177 25 25 25 25 25 25 25 32793 25 25 25 25 25 25 49177 25 25 25 25 25 25 25 49177 25 25 25 25 25 25 25 49177 25 25 25 5148 5346 5841 6831 8151 9801 11781 13464 5445 5709 6435 7722 9306 11385 13596 15444 5643 6039 7029 8514 10494 12771 15114 16830 5742 6336 7524 9207 11385 13860 16170 17820 5940 6534 7920 9801 12177 14751 17028 18579 6171 6732 8217 10296 12870 15345 17622 19206 6336 6930 8415 10593 13167 15741 18018 19602 6534 7029 8481 10659 13365 15939 18216 19800
1 0 112 88 4 64 64 25 25 25 25 49177 25 25 25 25 25 25 25 49177 25 25 25 25 25 25 25 49177 25 25 25 25 25 25 25 25 49177 25 25 25 25 25 25 25 49177 25 25 25 25 25 25 25 49177 25 25 25 25 25 25 25 25 49177 25 25 25 25 25 25 25 25 25 6732 7128 8514 10593 13266 15939 18315 19800 6963 7227 8415 10494 13068 15807 18150 19602 7227 7326 8283 10164 12738 15543 17886 19305 7524 7425 8118 9801 12375 15147 17556 18975 7920 7656 8052 9504 11946 14652 17094 18513 8217 7821 7920 9174 11385 14157 16533 18018 8316 7821 7821 8811 10890 13530 15939 17424 8217 7722 7524 8415 10296 12804 15180 16797
1 0 112 96 4 1 64 25 8019 7524 7326 7920 9504 11913 14289 15972 7821 7425 7227 7557 8811 10890 13167 14949 7854 7425 7128 7227 8118 9900 11979 13794 7986 7491 7128 6930 7524 8910 10791 12573 8217 7656 7194 6930 7029 8019 9603 11385 8580 7986 7392 6930 6732 7260 8514 10098 8844 8250 7656 7029 6666 6732 7623 8910 8811 8283 7722 7128 6633 6468 6930 7920
1 0 112 104 4 1 64 25 8481 8085 7623 7128 6633 6468 6600 7260 8217 7788 7425 7029 6732 6633 6633 6897 8217 7722 7392 7128 7029 6930 6831 6798 8580 7986 7623 7425 7326 7326 7128 6831 9108 8514 8118 7920 7821 7722 7425 7029 9966 9207 8844 8547 8349 8019 7722 7326 10956 10164 9636 9240 8844 8316 7920 7524 12144 10923 10197 9702 9207 8712 8217 7722
1 0 112 112 4 64 64 25 25 25 25 25 25 25 25 16409 25 25 25 25 25 25 25 16409 25 25 25 25 25 25 25 25 16409 25 25 25 25 25 25 25 16409 25 25 25 25 25 25 25 16409 25 25 25 25 25 25 25 16409 25 25 25 25 25 25 25 25 16409 25 25 25 25 25 13134 11583 10494 9801 9207 8712 8217 7722 14289 11880 10395 9504 9009 8448 8019 7524 15213 12309 10494 9471 8613 8118 7623 7194 16566 12903 10395 9141 8514 7920 7425 7029 17820 13893 10923 9240 8415 7821 7392 6996 19173 15048 11583 9372 8613 7920 7425 7128 20328 16335 12441 9999 8712 7854 7425 7128 21285 17622 13398 10527 9009 8019 7524 7128
1 0 112 120 4 64 64 25 25 16409 25 25 25 25 25 25 25 16409 25 25 25 25 25 25 25 16409 25 25 25 25 25 25 25 16409 25 25 25 25 25 25 25 16409 25 25 25 25 25 25 25 16409 25 25 25 25 25 25 25 16409 25 25 25 25 25 25 25 16409 25 25 25 25 25 22044 18744 14520 11352 9339 8316 7623 7227 22440 19503 15576 12078 9900 8613 7920 7425 22605 19932 16302 12606 10494 9207 8316 7623 22836 20295 16731 13365 10989 9504 8514 7755 23034 20460 16962 13497 11055 9603 8514 7722 23100 20427 17061 13662 10989 9504 8415 7623 23199 20526 17127 13695 10989 9306 8283 7524 23265 20658 17193 13761 11022 9174 8118 7425
1 0 120 0 4 1 64 25 99 99 99 99 99 99 198 198 0 0 0 0 0 0 0 0 0 0 0 0 0 0 0 0 0 0 0 0 0 0 0 0 0 0 0 0 0 0 0 0 0 0 0 0 0 0 0 0 0 0 0 0 0 0 0 0 0 0 0 0 99 99 99 99
1 0 120 8 4 1 64 25 99 99 99 99 198 99 99 99 198 99 99 198 198 198 198 99 198 198 198 198 198 198 198 198 198 198 198 264 297 297 297 297 495 495 462 462 495 495 495 495 759 759 759 792 792 792 792 792 792 792 858 891 891 792 891 891 891 990 990 891 891 891 891 990
1 0 120 16 4 1 64 25 1089 1089 990 990 990 891 990 990 1089 1089 1089 990 891 891 891 891 1089 1089 990 891 891 990 990 1089 1188 1089 990 990 990 1089 1089 1089 1287 1287 1188 1188 1089 1089 1089 1089 1386 1386 1485 1485 1287 1188 1188 1188 1485 1485 1584 1584 1485 1386 1287 1287 1683 1584 1584 1584 1584 1485 1485 1386
1 0 120 24 4 1 64 25 1584 1584 1584 1584 1584 1584 1485 1485 1683 1683 1584 1584 1683 1584 1485 1485 1683 1683 1584 1584 1584 1584 1683 1584 1881 1782 1683 1683 1683 1683 1782 1683 1881 1881 1782 1881 1782 1683 1683 1782 1881 1980 1881 1881 1782 1683 1683 1782 1980 1881 1881 1881 1881 1782 1782 1782 1980 1881 1881 1881 1980 1881 1881 1881
1 0 120 32 4 64 64 25 25 25 25 25 25 25 25 25 25 25 25 25 25 25 25 25 25 25 25 25 25 25 25 16409 25 25 25 25 25 25 25 25 16409 25 25 25 25 25 25 25 25 16409 25 25 25 25 25 25 25 16409 25 25 25 25 25 25 25 25 16409 25 25 25 25 2079 1980 1980 1980 1980 1881 1881 1881 2277 2178 2079 2079 1980 1980 1980 1881 2574 2277 2178 2178 2079 2079 2079 1980 2970 2475 2277 2178 2079 2079 2178 2079 3465 2871 2475 2277 2178 2178 2277 2178 4059 3267 2772 2475 2277 2277 2178 2178 4653 3861 3168 2673 2475 2376 2277 2277 5148 4455 3663 3069 2574 2376 2376 2376
1 0 120 40 4 64 64 25 25 25 16409 25 25 25 25 25 25 25 25 16409 25 25 25 25 25 25 25 25 16409 25 25 25 25 25 25 25 16409 25 25 25 25 25 25 25 25 16409 25 25 25 25 25 25 25 16409 25 25 25 25 25 25 25 25 16409 25 25 25 25 25 25 25 16409 5445 4851 4059 3366 2871 2475 2376 2376 5643 5148 4554 3762 3168 2772 2475 2475 5841 5445 4851 4257 3564 2970 2673 2673 6039 5643 5049 4554 3960 3366 2871 2673 6237 5742 5247 4851 4257 3663 3168 2772 6336 5940 5445 4950 4455 3960 3366 2970 6435 6039 5643 5049 4653 4158 3564 3168 6633 6237 5841 5247 4752 4257 3861 3366
1 0 120 48 4 1 64 25 6732 6435 5940 5346 4851 4455 4059 3564 6831 6534 6039 5544 5148 4653 4356 3861 6831 6534 6138 5643 5247 4851 4653 4158 6831 6534 6138 5742 5346 5049 4851 4356 6732 6435 6138 5841 5544 5346 5049 4554 6633 6336 6039 5841 5643 5346 5049 4554 6534 6138 5841 5643 5346 5049 4653 4257 6336 5940 5544 5148 4752 4455 4059 3663
1 0 120 56 4 64 64 25 25 25 25 25 25 25 25 25 25 25 25 25 25 25 16409 25 25 25 25 25 25 25 16409 25 25 25 25 25 25 25 25 25 25 25 25 25 25 25 25 25 25 25 25 25 25 25 25 25 25 25 25 25 25 25 25 25 25 25 25 25 25 25 25 6435 6039 5643 5049 4455 4059 3663 3366 6930 6732 6237 5544 4752 4059 3564 3267 7920 7722 7326 6534 5643 4752 3960 3465 8811 8811 8415 7722 6831 5643 4554 3762 9405 9405 9108 8613 7821 6633 5346 4257 9306 9306 9009 8712 8118 7326 6039 4851 8514 8316 8118 7920 7722 7326 6435 5346 7425 7029 6633 6534 6633 6633 6336 5544
1 0 120 64 4 64 64 25 25 25 25 25 25 25 25 25 25 25 25 25 25 25 25 25 25 25 49177 25 25 25 25 25 25 16409 32793 25 25 25 25 25 25 25 25 32793 25 25 25 25 25 25 25 25 25 25 25 25 25 25 25 25 25 16409 25 25 25 25 25 25 25 16409 32793 6237 5742 5346 5247 5346 5742 5841 5544 5247 4653 4257 4158 4356 4752 5247 5247 4554 4059 3762 3663 3762 4158 4653 4851 4158 3861 3663 3564 3663 3861 4158 4356 4059 3762 3762 3663 3663 3762 3861 3960 4059 3861 3861 3861 3762 3762 3663 3663 4158 4059 4158 4059 3960 3861 3663 3663 4257 4257 4257 4158 4059 3960 3762 3663
1 0 120 72 4 64 64 25 25 25 25 25 25 25 25 25 25 25 25 25 25 25 25 25 25 25 25 25 25 25 25 25 25 25 25 25 25 25 25 25 25 25 25 25 25 25 25 25 25 25 25 25 25 25 25 25 25 25 25 25 25 25 25 25 32793 32793 32793 25 25 25 25 4059 4158 4059 4059 4059 3960 3762 3762 4059 4059 4059 4059 4059 3960 3861 3861 4224 4356 4356 4455 4455 4356 4257 4356 4752 4950 5148 5346 5346 5346 5247 5346 5742 6138 6534 6930 7227 7227 7029 7128 7524 8217 8910 9405 9702 9801 9504 9504 9900 10890 11682 12276 12573 12474 12177 11979 12573 13662 14355 14751 14850 14652 14157 13959
1 0 120 80 4 64 64 32793 25 25 25 16409 32793 25 25 25 25 25 25 25 25 16409 32793 25 25 25 25 25 25 25 25 25 25 25 25 25 25 25 25 25 25 25 25 25 25 25 25 25 25 25 25 25 25 25 25 25 25 25 25 25 25 25 25 25 25 25 25 25 25 25 25 14949 15939 16434 16533 16335 15939 15543 15246 16731 17523 17721 17721 17424 16929 16434 16236 18018 18513 18711 18513 18216 17721 17325 17127 18810 19305 19404 19305 18909 18513 18216 17919 19569 19998 19998 19800 19404 18909 18612 18216 20196 20592 20394 19899 19305 18810 18315 17820 20427 20658 20196 19503 18810 18117 17523 16830 20493 20394 19701 18810 17820 17028 16434 15642
1 0 120 88 4 64 64 25 25 25 25 25 25 25 25 25 25 25 25 25 25 25 25 25 25 25 16409 25 25 25 25 25 25 25 25 25 25 25 25 25 25 16409 25 25 25 25 25 25 25 16409 25 25 25 25 25 25 25 25 25 25 25 25 25 25 25 25 25 25 25 25 25 20295 19965 19107 17919 16830 15939 15147 14157 19998 19503 18414 17127 15906 14850 13860 12672 19701 19008 17820 16434 15147 13860 12573 11187 19305 18612 17424 15939 14553 13068 11583 9999 18909 18315 17127 15642 14157 12573 10989 9207 18447 17952 16929 15543 14157 12474 10692 8910 17952 17589 16698 15444 14058 12474 10692 8910 17457 17193 16434 15345 13959 12375 10692 9009
1 0 120 96 4 1 64 25 16830 16764 16170 15147 13860 12375 10890 9306 16005 16236 15873 15114 13959 12672 11187 9702 15081 15576 15510 14949 14058 12870 11583 10197 13959 14817 15048 14751 14058 13068 11913 10692 12771 13860 14454 14454 14058 13266 12276 11286 11583 12771 13563 13959 13959 13530 12870 11979 10296 11583 12573 13233 13530 13530 13167 12672 9108 10395 11451 12177 12771 13068 13167 12969
1 0 120 104 4 1 64 25 8217 9207 10164 10989 11682 12177 12573 12870 7491 8217 9009 9702 10395 11088 11682 12078 7029 7524 8118 8712 9306 9900 10494 10989 6732 6930 7425 7920 8415 8910 9306 9801 6732 6633 6831 7227 7623 8019 8316 8712 6831 6435 6435 6567 6864 7326 7524 7722 7029 6534 6138 6072 6237 6534 6930 7029 7227 6633 6039 5709 5676 5940 6303 6435
1 0 120 112 4 1 64 25 7128 6534 5841 5445 5346 5445 5742 5940 6930 6336 5742 5346 5148 5115 5247 5445 6732 6138 5643 5280 5049 4950 5016 5148 6633 6138 5643 5346 5148 5049 5016 5049 6633 6237 5742 5445 5346 5247 5148 5049 6831 6435 5940 5643 5544 5445 5346 5148 6831 6534 6138 5742 5643 5445 5346 5148 6831 6534 6138 5841 5643 5346 5247 5049
1 0 120 120 4 1 64 25 6831 6534 6138 5841 5445 5247 5148 5049 6930 6534 6138 5742 5346 5148 4950 4851 7029 6534 6138 5742 5346 5049 4851 4653 7227 6633 6138 5742 5445 5049 4851 4653 7128 6633 6138 5742 5445 5049 4851 4653 7029 6534 6138 5742 5445 5148 4851 4653 6930 6435 6138 5841 5544 5247 4950 4653 6831 6435 6138 5940 5643 5247 4950 4653
1 1 0 0 4 1 64 25 11781 12771 13365 13266 12771 11781 9999 7524 11682 12375 12969 13035 12573 11682 10692 9273 11946 12309 12705 12870 12474 11682 10857 10065 12375 12573 12870 12870 12474 11682 10857 10197 12771 13068 13266 13068 12573 11682 10824 10197 13002 13398 13530 13266 12672 11748 10857 10197 13167 13563 13662 13398 12771 11847 10923 10197 13167 13596 13728 13464 12870 11946 11055 10296
1 1 0 8 4 1 64 25 13068 13563 13662 13431 12870 12078 11187 10395 13167 13563 13662 13365 12969 12276 11385 10560 13266 13563 13629 13365 12969 12375 11484 10692 13266 13563 13563 13365 13035 12441 11583 10857 13167 13464 13530 13365 13068 12474 11781 11055 12870 13332 13464 13299 12969 12540 12078 11286 12771 13266 13629 13563 13365 12870 12276 11583 12771 13563 13959 14124 13860 13464 12771 11979
1 1 0 16 4 64 64 25 32793 32793 32793 32793 25 25 25 49177 25 25 25 25 16409 25 25 32793 25 25 25 25 25 16409 25 25 25 25 25 25 25 25 16409 25 25 25 25 25 25 25 16409 25 25 25 25 25 25 25 25 49177 25 25 25 25 25 25 25 49177 25 25 25 25 25 25 25 13266 14157 14850 15147 14949 14355 13629 12639 13959 15246 16236 16632 16533 15939 14850 13563 14751 16533 17721 18117 18117 17325 16236 14652 15642 17424 18414 18513 18513 18414 17325 15741 16038 18117 18513 18513 18513 18513 18315 16632 15741 17820 18513 18513 18513 18513 18414 17226 15147 17127 18414 18513 18513 18513 18513 18018 14256 16533 18117 18513 18513 18513 18513 18414
1 1 0 24 4 64 64 49177 25 25 25 25 25 25 25 49177 25 25 25 25 25 25 25 49177 25 25 25 25 25 25 25 49177 25 25 25 25 25 25 25 49177 25 25 25 25 25 25 25 49177 25 25 25 25 25 25 25 49177 25 25 25 25 25 25 25 49177 25 25 25 25 25 25 25 13563 15939 17820 18513 18513 18513 18513 18513 13068 15543 17721 18513 18513 18513 18513 18513 12903 15543 17787 18513 18513 18513 18513 18513 13134 15774 18018 18513 18513 18513 18513 18513 13563 16104 18117 18480 18513 18513 18513 18513 13992 16500 18315 18513 18513 18513 18513 18513 14487 16863 18315 18513 18513 18513 18414 18315 14784 17028 18414 18513 18513 18414 18414 17688
1 1 0 32 4 64 64 49177 25 25 25 25 25 25 25 49177 25 25 25 25 25 25 16409 49177 25 25 25 25 25 25 25 49177 25 25 25 25 25 25 25 49177 25 25 25 25 25 25 25 49177 25 25 25 25 25 25 25 49177 25 25 25 25 25 25 25 25 49177 25 25 25 25 25 25 14949 17259 18414 18513 18513 18414 17952 17523 15081 17160 18414 18513 18513 18414 17919 17523 14916 17160 18414 18513 18513 18414 17853 17622 14553 16962 18414 18513 18513 18414 17820 17721 14256 16698 18315 18513 18513 18414 18315 17820 13860 16203 18117 18513 18513 18513 18414 18018 13398 15873 17820 18480 18513 18513 18414 18414 12870 15279 17424 18414 18513 18513 18513 18414
1 1 0 40 4 64 64 25 49177 25 25 25 25 25 25 25 49177 25 25 25 25 25 25 25 25 49177 25 25 25 25 25 25 25 25 49177 25 25 25 25 25 25 25 25 49177 25 25 25 25 25 25 25 25 49177 25 25 25 25 25 25 25 49177 25 25 25 25 25 25 25 25 49177 25 12210 14619 16863 18315 18513 18513 18513 18513 11418 13563 16005 17886 18480 18513 18513 18513 10494 12408 14751 16929 18315 18513 18513 18513 9669 11187 13101 15246 17127 18315 18513 18513 8844 10065 11682 13497 15642 17160 18315 18513 8184 9075 10230 11715 13728 15774 17325 18414 7656 8349 9240 10362 12045 14157 16401 18084 7227 7722 8514 9471 10824 12705 14949 16995
1 1 0 48 4 64 64 25 25 25 25 25 25 25 49177 25 25 25 25 25 25 25 49177 25 25 25 25 25 25 25 25 25 25 25 25 25 25 25 25 25 25 25 25 25 25 25 25 25 25 25 25 25 25 25 25 25 25 25 25 25 25 25 25 25 25 25 25 25 25 25 25 6831 7293 7953 8745 9900 11484 13530 15807 6600 7029 7524 8217 9174 10428 12144 14388 6336 6732 7128 7722 8514 9504 10923 12705 6138 6435 6831 7293 7854 8745 9768 11319 5973 6237 6567 6963 7425 8085 8910 10065 5742 6039 6336 6699 7128 7623 8217 9207 5544 5841 6237 6534 6864 7260 7722 8514 5247 5643 6039 6435 6732 7128 7491 7986
1 1 0 56 4 1 64 25 5049 5445 5940 6435 6732 7029 7260 7689 4950 5346 5841 6303 6633 6831 7128 7392 4818 5247 5643 6039 6435 6732 6930 7227 4653 5049 5445 5841 6138 6435 6666 6930 4455 4752 5247 5544 5841 6039 6336 6633 4257 4554 4851 5148 5445 5742 6039 6336 4158 4455 4752 4851 5082 5445 5841 6204 3993 4290 4554 4653 4851 5148 5643 6039
1 1 0 64 4 64 64 25 25 25 25 25 25 25 25 25 25 25 25 25 25 25 25 49177 25 25 25 25 25 25 25 25 49177 25 25 25 25 25 25 25 25 25 49177 25 25 25 25 25 25 25 25 49177 25 25 25 25 25 25 25 25 49177 25 25 25 25 25 25 25 25 49177 25 3795 4059 4356 4455 4653 4950 5346 5643 3663 3861 4059 4257 4455 4686 4950 5247 3564 3663 3927 4125 4257 4389 4587 4851 3366 3498 3729 3861 3993 4224 4356 4554 3168 3366 3630 3696 3762 4026 4158 4356 3069 3201 3465 3564 3564 3762 3960 4158 2871 2970 3168 3366 3432 3597 3762 3960 2838 2772 2871 3069 3267 3465 3564 3729
1 1 0 72 4 64 64 25 25 25 25 25 25 25 49177 25 25 25 25 25 25 25 25 25 25 25 25 25 25 25 25 25 25 25 25 25 25 25 25 25 25 25 25 25 25 25 25 25 25 25 25 25 25 25 25 25 25 25 25 25 25 25 25 25 32793 32793 32793 32793 25 25 25 2772 2640 2574 2673 2970 3168 3267 3432 2871 2541 2376 2277 2475 2871 3069 3234 2970 2541 2112 1980 2079 2376 2706 3003 2970 2574 1980 1617 1584 1848 2211 2640 3069 2574 1881 1386 1287 1386 1683 2046 3168 2772 2079 1485 1287 1221 1320 1518 3267 3069 2574 2079 1683 1386 1287 1287 3267 3267 3069 2772 2376 1980 1584 1287
1 1 0 80 4 64 64 32793 25 25 25 25 16409 32793 32793 25 25 25 25 25 25 25 25 25 25 25 25 25 25 25 25 25 25 25 25 25 25 25 25 25 25 25 25 25 25 25 25 25 25 25 25 25 25 25 25 25 25 25 25 25 25 25 25 25 25 25 25 25 25 25 25 3366 3366 3366 3366 3168 2772 2277 1881 3762 3762 3861 3861 3861 3762 3366 2772 4257 4356 4554 4752 4851 4851 4554 3960 4950 5247 5544 5940 6237 6336 6039 5445 5742 6237 6831 7326 7722 7821 7623 7029 6831 7524 8217 8712 9207 9405 9405 8910 8019 8712 9306 9900 10494 10890 11088 10890 8910 9504 9999 10593 11187 11682 12177 12474
1 1 0 88 4 1 64 25 9405 9801 10098 10395 10890 11583 12375 13068 9504 9603 9801 9900 10296 10791 11583 12771 9108 9207 9306 9405 9603 9999 10692 11880 8712 8613 8712 8910 9009 9405 9999 10890 8217 8118 8118 8316 8514 8811 9306 10098 7722 7623 7623 7722 8019 8316 8811 9504 7326 7128 7128 7326 7524 7920 8316 9108 7029 6930 6831 6930 7227 7524 8019 8811
1 1 0 96 4 1 64 25 6831 6732 6732 6732 6930 7326 7821 8514 6732 6633 6633 6732 6930 7227 7722 8316 6732 6633 6633 6732 6930 7326 7722 8415 6930 6831 6831 6831 7128 7425 7821 8514 7128 7029 7029 7128 7326 7623 8019 8613 7524 7425 7425 7524 7722 8019 8316 8811 7920 7821 7821 7920 8118 8316 8613 9009 8415 8316 8415 8415 8514 8712 9009 9504
1 1 0 104 4 1 64 25 8910 8811 8811 8811 8910 9306 9702 10197 9405 9108 9108 9207 9504 9999 10494 10791 9999 9603 9603 9801 10197 10593 10989 10989 10692 10395 10395 10494 10791 10890 10791 10395 10890 10791 10692 10692 10593 10395 9999 9405 10296 10296 10098 9999 9702 9405 8811 8316 9306 9306 9108 8811 8514 8118 7623 7227 8118 8019 7821 7623 7425 7029 6633 6336
1 1 0 112 4 1 64 25 7128 7029 6732 6633 6435 6039 5841 5643 5940 5841 5643 5544 5346 5148 4950 4752 4752 4752 4653 4554 4455 4356 4257 4059 3960 3960 3960 3960 3861 3861 3762 3663 3564 3564 3564 3564 3564 3564 3564 3465 3267 3267 3267 3267 3267 3267 3168 3069 2871 2871 2772 2772 2673 2673 2574 2574 2376 2376 2376 2277 2277 2277 2277 2277
1 1 0 120 4 1 64 25 2079 2079 2079 2079 2079 1980 1980 1980 1980 1980 1881 1881 1881 1782 1782 1782 1782 1782 1683 1683 1683 1683 1683 1683 1584 1584 1584 1683 1584 1584 1683 1584 1485 1584 1584 1683 1683 1584 1584 1584 1485 1584 1584 1584 1584 1584 1584 1584 1584 1584 1584 1584 1584 1584 1584 1584 1584 1584 1584 1584 1584 1683 1584 1584
1 1 8 0 4 64 64 25 25 16409 32793 25 25 25 25 25 25 25 25 16409 32793 25 25 25 25 25 25 25 25 16409 32793 25 25 25 25 25 25 25 25 25 25 25 25 25 25 25 25 25 25 25 25 25 25 25 25 25 25 25 25 25 25 25 25 25 25 25 25 25 25 25 25 5049 3366 2673 2475 2376 2376 2376 2376 7326 5247 3762 2871 2508 2376 2376 2376 9009 7524 5940 4455 3399 2706 2475 2376 9603 8910 8118 6930 5544 4257 3267 2772 9702 9405 9108 8712 7821 6732 5445 4455 9702 9504 9306 9207 9009 8415 7722 6831 9735 9504 9405 9339 9240 9009 8613 8118 9801 9504 9504 9504 9306 9108 8844 8514
1 1 8 8 4 1 64 25 9834 9603 9504 9504 9306 9141 8910 8646 9933 9603 9504 9504 9405 9207 9009 8712 10098 9702 9504 9504 9504 9306 9108 8811 10197 9801 9504 9405 9405 9306 9207 8910 10428 9933 9603 9405 9306 9306 9207 9009 10626 10032 9669 9405 9306 9306 9306 9141 10791 10197 9735 9504 9405 9306 9306 9207 11088 10329 9834 9537 9405 9405 9306 9207
1 1 8 16 4 64 64 25 25 25 25 25 25 25 25 25 25 25 25 25 25 25 25 25 25 25 25 25 25 25 25 25 25 25 25 25 25 25 25 25 25 25 25 25 25 25 25 16409 25 25 25 25 25 25 25 16409 25 25 25 25 25 25 25 25 16409 25 25 25 25 25 25 11583 10626 9933 9603 9405 9405 9405 9306 12276 10989 10131 9603 9405 9405 9405 9306 12870 11385 10362 9702 9504 9405 9405 9405 13662 11781 10593 9900 9537 9405 9405 9405 14652 12474 10890 9999 9636 9438 9405 9405 15444 13266 11385 10263 9702 9504 9405 9405 16434 14157 12078 10593 9900 9504 9405 9306 17226 15444 12969 11187 10197 9603 9405 9306
1 1 8 24 4 64 64 25 16409 25 25 25 25 25 25 25 25 16409 25 25 25 25 25 25 25 16409 25 25 25 25 25 25 25 16409 25 25 25 25 25 25 25 16409 25 25 25 25 25 25 25 25 25 25 25 25 25 25 25 25 25 25 25 25 25 16409 25 25 25 25 25 25 25 18315 16434 13992 11814 10395 9801 9504 9405 18414 17226 14850 12474 10791 9834 9504 9504 18513 17820 15543 13068 11187 10098 9669 9504 18513 18018 15939 13365 11682 10494 9900 9603 18513 17820 15741 13662 12045 10890 10197 9801 18315 17028 15345 13761 12474 11385 10593 10098 17424 16236 14949 13761 12870 11979 11088 10395 16830 15741 14751 14058 13266 12474 11583 10791
1 1 8 32 4 64 64 25 25 25 25 25 25 25 25 25 25 25 25 25 25 25 25 16409 32793 25 25 25 25 25 25 25 25 16409 32793 25 25 25 25 25 25 25 25 16409 32793 25 25 25 25 25 25 25 25 16409 25 25 25 25 25 25 25 16409 25 25 25 25 25 25 25 25 16409 16566 15675 14949 14553 13959 12969 12078 11187 16830 16038 15543 15147 14553 13563 12573 11682 17226 16698 16302 15840 15246 14256 13266 12309 17622 17391 16995 16533 15939 15048 14058 13101 17820 17820 17622 17226 16731 15939 15048 14091 18315 18414 18315 18117 17424 16830 16038 15048 18414 18513 18513 18414 18315 17721 16830 15840 18513 18513 18513 18513 18513 18315 17424 16599
1 1 8 40 4 64 64 25 25 25 25 25 25 25 16409 25 25 25 25 25 25 25 25 25 25 25 25 25 25 25 25 25 25 25 25 25 25 25 25 25 25 25 25 25 25 25 25 25 25 25 25 25 25 25 25 25 25 25 25 25 25 25 25 25 25 25 25 25 25 25 25 18513 18513 18513 18513 18513 18414 18117 17127 18513 18513 18513 18513 18513 18513 18315 17556 18513 18513 18513 18513 18513 18513 18414 18117 18513 18513 18513 18513 18513 18513 18513 18414 18513 18513 18513 18414 18414 18513 18513 18414 18513 18513 18513 18414 18414 18414 18513 18414 18513 18513 18513 18414 18414 18414 18414 18513 18315 18513 18513 18513 18414 18414 18513 18513
1 1 8 48 4 64 64 25 25 25 25 25 25 25 25 25 25 25 25 25 25 25 25 49177 25 25 25 25 25 25 25 25 49177 25 25 25 25 25 25 25 25 49177 25 25 25 25 25 25 25 49177 25 25 25 25 25 25 25 25 49177 25 25 25 25 25 25 25 49177 25 25 25 25 17424 18414 18513 18513 18513 18513 18513 18513 16467 18018 18414 18513 18513 18513 18513 18513 14817 16599 18051 18381 18513 18513 18513 18513 13101 15114 16797 18315 18480 18513 18513 18513 11649 13464 15576 17325 18414 18513 18513 18513 10527 12144 14355 16467 18084 18513 18513 18513 9570 11121 13167 15510 17490 18447 18513 18513 8877 10197 12045 14355 16665 18117 18513 18513
1 1 8 56 4 64 64 25 25 25 25 49177 25 25 25 25 25 25 25 25 25 49177 25 25 25 25 25 25 25 25 49177 25 25 25 25 25 25 25 25 25 25 25 25 25 25 25 25 25 25 25 25 25 25 25 25 25 25 25 25 25 25 25 25 25 25 25 25 25 25 25 25 8283 9405 10890 12870 15081 16797 18084 18414 7953 8712 9801 11286 13068 14982 16467 17490 7524 8052 8745 9768 11121 12738 14289 15807 7227 7557 7953 8712 9537 10659 11946 13563 7029 7227 7392 7821 8349 9108 10098 11352 6732 6897 7029 7260 7590 8085 8844 9735 6435 6633 6732 6897 7128 7458 7953 8613 6237 6336 6468 6633 6831 7029 7359 7821
1 1 8 64 4 1 64 25 5940 6039 6138 6336 6534 6732 7029 7359 5643 5742 5841 6039 6237 6534 6732 7029 5247 5445 5643 5742 5940 6237 6534 6798 4851 5148 5412 5544 5742 6039 6303 6600 4554 4851 5049 5346 5544 5841 6138 6435 4356 4653 4851 5148 5346 5643 5940 6237 4257 4455 4653 4950 5148 5445 5742 5940 4026 4356 4653 4752 4950 5346 5643 5841
1 1 8 72 4 64 64 25 25 25 25 25 25 25 25 49177 25 25 25 25 25 25 25 25 49177 25 25 25 25 25 25 25 49177 25 25 25 25 25 25 25 25 49177 25 25 25 25 25 25 25 25 49177 25 25 25 25 25 25 25 25 25 49177 25 25 25 25 25 25 25 25 25 49177 3696 4059 4455 4554 4752 5049 5346 5544 3465 3762 4158 4356 4653 4851 5148 5346 3234 3465 3762 4059 4455 4752 5049 5148 3003 3300 3531 3828 4191 4554 4851 5049 2508 2871 3168 3465 3828 4257 4653 4851 1815 2178 2574 2970 3366 3861 4257 4554 1386 1584 1782 2079 2574 3168 3564 3960 1188 1188 1287 1386 1782 2178 2574 2970
1 1 8 80 4 64 64 25 25 25 25 25 25 25 25 16409 25 25 25 25 25 25 25 25 16409 32793 32793 32793 32793 25 25 25 25 25 25 25 25 16409 32793 25 25 25 25 25 25 25 25 25 25 25 25 25 25 25 25 25 25 25 25 25 25 25 25 25 25 25 25 25 25 25 25 1485 1188 1089 1089 1188 1386 1485 1782 2079 1485 1188 1089 1188 1188 1188 1188 3069 2211 1683 1584 1584 1485 1287 1188 4488 3564 2970 2673 2574 2376 2079 1683 6237 5445 4752 4455 4257 4059 3663 2970 8217 7524 6930 6534 6237 6039 5643 5049 10494 9900 9306 8844 8415 8019 7722 7227 12474 12276 11979 11484 10890 10296 9801 9108
1 1 8 88 4 64 64 25 25 32793 32793 32793 32793 25 25 25 49177 25 25 25 25 16409 25 25 49177 25 25 25 25 25 16409 25 49177 25 25 25 25 25 16409 25 49177 25 25 25 25 25 16409 25 49177 25 25 25 25 25 16409 25 25 49177 25 25 25 25 16409 25 25 49177 25 25 25 25 25 13761 14256 14553 14355 13860 13167 12276 10989 14058 15345 16434 17028 16929 16137 14751 12771 13563 15543 17325 18711 19305 18711 17028 14454 12672 14949 17226 19305 20592 20394 18711 16137 11682 13959 16533 19008 20790 21087 19602 17127 10890 13068 15642 18216 20196 20790 19503 17226 10395 12474 14850 17325 19206 19701 18513 16236 9900 11880 14157 16335 18018 18414 17325 14949
1 1 8 96 4 1 64 25 9504 11385 13464 15444 16929 17226 16137 13860 9306 11088 13068 14850 16137 16236 15147 12969 9306 10989 12969 14553 15543 15345 14058 12078 9405 10989 12870 14355 14949 14355 12870 11088 9603 11088 12771 13860 13959 12969 11484 9801 9801 11187 12375 13068 12771 11682 10197 8712 9900 10989 11880 12078 11385 10296 9009 7722 10098 10890 11187 10989 10098 9009 7920 6930
1 1 8 104 4 1 64 25 10593 10692 10593 9999 9009 8019 7029 6204 10791 10494 9801 9009 8019 7128 6336 5643 10593 9801 8910 7920 7128 6336 5742 5247 9702 8910 7920 7128 6336 5742 5247 4851 8613 7821 7029 6336 5742 5247 4851 4455 7623 7029 6435 5841 5346 4950 4554 4158 6732 6336 5841 5346 4950 4554 4158 3762 5940 5643 5346 4851 4455 4059 3762 3564
1 1 8 112 4 1 64 25 5346 5049 4653 4257 3960 3663 3465 3366 4554 4356 4059 3861 3663 3465 3366 3267 3960 3861 3663 3564 3465 3366 3168 2970 3564 3564 3465 3366 3267 3069 2871 2574 3366 3267 3168 3069 2871 2673 2376 2178 2871 2871 2772 2574 2376 2277 2079 1980 2475 2475 2277 2178 2079 1980 1881 1881 2178 2079 1980 1881 1881 1881 1782 1782
1 1 8 120 4 1 64 25 1881 1881 1782 1683 1782 1782 1782 1782 1782 1782 1683 1584 1683 1683 1683 1683 1683 1683 1683 1584 1683 1683 1683 1782 1683 1683 1683 1683 1683 1683 1683 1683 1683 1584 1584 1683 1683 1683 1683 1683 1683 1584 1584 1584 1584 1584 1584 1584 1584 1584 1584 1584 1683 1584 1584 1584 1683 1584 1584 1584 1584 1584 1584 1584
1 1 16 0 4 64 64 25 25 25 25 25 25 25 25 25 25 25 25 25 25 25 25 25 25 25 25 25 25 25 25 16409 32793 32793 25 25 25 25 25 25 25 25 16409 25 25 25 25 25 25 25 25 16409 25 25 25 25 25 25 25 16409 25 25 25 25 25 25 25 16409 25 25 25 2376 2376 2376 2376 2376 2376 2376 2376 2376 2376 2376 2376 2376 2376 2376 2376 2376 2376 2376 2376 2376 2376 2376 2376 2574 2475 2376 2376 2376 2376 2376 2376 3762 3168 2871 2574 2376 2376 2376 2376 5940 5049 4257 3366 2673 2376 2376 2376 7425 6534 5544 4158 2970 2475 2376 2376 7953 7227 6237 4653 3069 2475 2376 2376
1 1 16 8 4 64 64 25 25 25 25 16409 25 25 25 25 25 25 25 16409 25 25 25 25 25 25 25 25 16409 25 25 25 25 25 25 25 16409 25 25 25 25 25 25 25 25 16409 25 25 25 25 25 25 25 16409 25 25 25 25 25 25 25 25 16409 25 25 25 25 25 25 25 25 8217 7524 6435 4851 3168 2475 2376 2376 8316 7722 6732 5148 3267 2475 2376 2376 8415 7821 6930 5445 3564 2574 2376 2376 8547 8052 7326 5940 4059 2772 2376 2376 8712 8316 7722 6633 4752 3069 2475 2376 8910 8613 8019 7227 5742 3960 2772 2475 9009 8712 8316 7722 6633 4950 3465 2673 9108 8811 8613 8217 7425 6237 4752 3465
1 1 16 16 4 1 64 25 9207 9009 8811 8514 7920 7227 6138 4752 9306 9108 9009 8712 8316 7821 7128 6138 9306 9207 9108 8910 8613 8217 7722 7029 9405 9207 9207 9108 8910 8613 8118 7590 9405 9306 9306 9207 9009 8811 8415 8019 9405 9405 9405 9306 9108 9009 8811 8415 9306 9405 9405 9306 9207 9108 9009 8712 9306 9504 9504 9405 9306 9306 9108 8910
1 1 16 24 4 1 64 25 9405 9405 9306 9306 9405 9306 9306 9108 9504 9405 9306 9306 9405 9306 9306 9207 9504 9405 9405 9405 9504 9405 9405 9306 9504 9504 9504 9504 9504 9405 9405 9405 9603 9504 9603 9603 9504 9306 9306 9306 9702 9504 9504 9504 9405 9306 9306 9306 9900 9603 9504 9504 9405 9306 9306 9306 10197 9801 9603 9504 9405 9405 9504 9504
1 1 16 32 4 1 64 25 10494 9999 9636 9504 9405 9405 9438 9603 10890 10263 9801 9603 9405 9405 9405 9603 11385 10692 10098 9768 9504 9405 9405 9504 12111 11187 10494 9999 9669 9504 9405 9405 12969 11880 11055 10395 9900 9603 9504 9405 13959 12738 11682 10956 10395 9900 9636 9504 14751 13530 12474 11682 10890 10395 9933 9702 15510 14322 13299 12474 11682 10989 10428 9999
1 1 16 40 4 64 64 25 25 25 25 25 25 25 25 16409 25 25 25 25 25 25 25 25 16409 25 25 25 25 25 25 25 25 16409 32793 25 25 25 25 25 25 25 25 16409 25 25 25 25 25 25 25 25 16409 25 25 25 25 25 25 25 25 16409 32793 25 25 25 25 25 25 25 25 16203 15081 14190 13464 12672 11880 11088 10461 16764 15840 15147 14553 13794 12870 11946 11088 17325 16632 16071 15576 14916 13992 12969 11946 17820 17325 16863 16467 15840 15048 14058 12969 18414 18315 17556 17226 16731 16038 15147 14058 18513 18414 18315 18018 17424 16830 16137 15246 18513 18513 18513 18414 18117 17424 16929 16203 18513 18513 18513 18513 18414 18315 17523 16995
1 1 16 48 4 1 64 25 18513 18513 18513 18513 18513 18414 18315 17787 18513 18513 18513 18513 18513 18513 18513 18315 18513 18513 18513 18513 18513 18513 18513 18414 18513 18513 18513 18513 18513 18513 18513 18513 18513 18513 18513 18513 18513 18513 18513 18513 18513 18513 18513 18513 18513 18513 18513 18513 18513 18513 18513 18513 18513 18513 18513 18513 18513 18513 18513 18513 18513 18513 18513 18513
1 1 16 56 4 64 64 25 25 25 25 25 25 25 25 25 25 25 25 25 25 25 25 25 25 25 25 25 25 25 25 49177 25 25 25 25 25 25 25 25 25 49177 25 25 25 25 25 25 25 25 25 25 49177 25 25 25 25 25 25 25 25 25 49177 25 25 25 25 25 25 25 25 18513 18513 18513 18513 18513 18513 18513 18513 18315 18513 18513 18513 18513 18513 18513 18513 16995 18084 18414 18513 18513 18513 18513 18513 15246 16599 17787 18414 18513 18513 18513 18513 12837 14586 16170 17259 18315 18414 18414 18513 10824 12342 13926 15543 16566 17193 17424 17820 9405 10461 11748 13167 14355 15015 15444 15939 8481 9306 10263 11154 12012 12606 12969 13464
1 1 16 64 4 1 64 25 7953 8547 9174 9933 10461 10758 10989 11517 7491 7953 8514 9009 9405 9636 9768 10065 7128 7524 7920 8316 8613 8811 8943 9240 6930 7227 7524 7821 8085 8250 8481 8811 6765 6996 7194 7392 7623 7821 8085 8415 6534 6732 6930 7095 7227 7425 7722 8019 6237 6534 6732 6831 6930 7128 7326 7623 6039 6336 6501 6600 6732 6930 7029 7227
1 1 16 72 4 1 64 25 5841 6039 6237 6336 6534 6732 6765 6897 5544 5841 6039 6138 6270 6435 6534 6633 5445 5742 5907 5940 6138 6336 6435 6435 5346 5544 5742 5841 6039 6138 6204 6204 5049 5445 5577 5742 5940 5973 6006 6039 4851 5148 5346 5544 5841 5907 5940 5841 4356 4818 5115 5346 5544 5742 5742 5643 3465 4026 4554 4950 5247 5445 5511 5544
1 1 16 80 4 64 64 25 49177 25 25 25 25 25 25 25 25 49177 25 25 25 25 25 25 25 25 49177 25 25 25 25 32793 25 25 49177 25 25 25 25 25 16409 32793 25 49177 25 25 25 25 25 25 16409 32793 25 25 25 25 25 25 25 25 25 49177 25 25 25 25 25 25 25 16409 25 2178 2871 3564 4257 4851 5148 5247 5247 1287 1782 2475 3366 4257 4752 4950 5049 1089 1188 1584 2376 3498 4290 4752 4851 1287 1089 1188 1782 2871 3861 4389 4554 2178 1584 1386 1683 2673 3597 4092 4257 3960 2871 2277 2376 2970 3564 3861 3960 6138 4950 4059 3663 3564 3564 3564 3663 8019 6699 5643 4851 4356 3861 3564 3465
1 1 16 88 4 64 64 25 25 25 25 25 25 25 16409 25 25 25 25 25 25 25 16409 25 25 25 25 25 25 25 25 25 25 25 25 25 25 25 25 25 25 25 25 25 25 25 25 25 25 25 25 25 25 25 25 25 25 25 25 25 25 25 25 25 25 25 25 25 25 25 25 9306 7821 6633 5841 5049 4356 3762 3465 10593 8811 7623 6732 5940 5049 4158 3564 11979 9999 8613 7524 6534 5544 4554 3762 13464 11286 9603 8217 6930 5742 4653 3861 14454 12078 10197 8514 6930 5742 4752 3960 14652 12177 10098 8415 6831 5643 4653 3960 13761 11286 9405 7821 6534 5445 4554 3861 12375 10197 8514 7227 6237 5346 4554 3861
1 1 16 96 4 64 64 25 25 25 25 25 25 25 25 25 25 25 25 25 25 25 16409 25 25 25 25 25 25 25 16409 25 25 25 25 25 25 25 25 25 25 25 25 25 25 16409 25 25 25 25 25 25 25 16409 25 25 25 25 25 25 25 25 25 25 25 25 25 25 25 25 25 11385 9306 7722 6633 5742 4950 4356 3762 10692 8712 7326 6237 5445 4752 4158 3762 9900 8217 6930 5940 5247 4455 3960 3663 9207 7623 6435 5643 4950 4257 3762 3564 8316 7029 5940 5247 4554 3960 3663 3564 7425 6336 5544 4851 4257 3861 3663 3564 6633 5742 5049 4455 3960 3663 3663 3465 6006 5247 4752 4257 3762 3564 3564 3267
1 1 16 104 4 64 64 25 25 25 25 16409 25 25 25 25 25 25 25 25 25 25 25 25 25 25 25 25 25 25 25 25 25 16409 25 25 25 25 25 25 25 25 25 25 25 25 25 25 25 25 25 25 25 25 25 25 25 25 25 25 25 25 25 25 25 25 25 25 25 25 25 5445 4752 4257 3861 3564 3465 3366 3069 4950 4455 3960 3663 3465 3366 3168 2871 4653 4158 3762 3465 3366 3168 2871 2574 4455 3960 3663 3465 3267 2970 2574 2376 4059 3663 3465 3366 3069 2673 2376 2277 3762 3465 3366 3168 2871 2475 2277 2277 3564 3366 3168 2871 2574 2376 2277 2277 3366 3267 2970 2574 2277 2178 2178 2178
1 1 16 112 4 1 64 25 3267 3069 2673 2277 2079 2079 2079 2079 3069 2772 2376 2079 1980 2079 1980 1980 2772 2376 2178 1980 1980 2079 1980 1881 2376 2178 1980 1980 1980 1980 1881 1980 2079 1980 1980 1881 1881 1881 1881 1980 1881 1881 1881 1881 1881 1881 1782 1881 1782 1782 1782 1881 1881 1782 1782 1881 1782 1782 1782 1782 1782 1782 1881 1881
1 1 16 120 4 1 64 25 1782 1683 1782 1683 1782 1881 1881 1881 1683 1683 1782 1683 1683 1782 1881 1881 1782 1683 1683 1782 1782 1683 1683 1683 1782 1683 1683 1683 1683 1782 1683 1683 1683 1683 1683 1683 1782 1683 1584 1584 1584 1683 1683 1584 1683 1584 1584 1584 1584 1584 1683 1584 1584 1584 1584 1485 1485 1485 1584 1584 1584 1485 1485 1485
1 1 24 0 4 1 1 25 2376
1 1 24 8 4 64 64 25 25 25 25 25 25 25 25 25 25 25 25 25 25 25 25 25 25 25 25 25 25 25 25 25 25 25 25 25 25 25 25 25 25 25 25 25 25 25 25 25 25 25 25 25 25 25 25 25 25 25 25 25 25 25 25 16409 25 25 25 25 25 25 25 2376 2376 2376 2376 2376 2376 2376 2376 2376 2376 2376 2376 2376 2376 2376 2376 2376 2376 2376 2376 2376 2376 2376 2376 2376 2376 2376 2376 2376 2376 2376 2376 2376 2376 2376 2376 2376 2376 2376 2376 2376 2376 2376 2376 2376 2376 2376 2376 2475 2376 2376 2376 2376 2376 2376 2376 2772 2475 2376 2376 2376 2376 2376 2376
1 1 24 16 4 64 64 25 16409 32793 25 25 25 25 25 25 25 25 16409 25 25 25 25 25 25 25 16409 25 25 25 25 25 25 25 25 16409 25 25 25 25 25 25 25 25 16409 25 25 25 25 25 25 25 25 16409 25 25 25 25 25 25 25 25 16409 25 25 25 25 25 25 25 25 3564 2871 2475 2376 2376 2376 2376 2376 4950 3762 2970 2574 2376 2376 2376 2376 6204 5049 3861 2871 2475 2376 2376 2376 6996 6138 4950 3663 2772 2376 2376 2376 7524 6930 6039 4752 3465 2673 2376 2376 7920 7425 6798 5841 4455 3267 2574 2376 8316 7821 7326 6633 5643 4356 3366 2673 8613 8316 7821 7326 6534 5643 4554 3564
1 1 24 24 4 1 64 25 8910 8679 8316 7821 7227 6633 5841 4950 9108 8910 8712 8316 7821 7326 6732 6039 9207 9108 8910 8613 8316 7920 7425 6831 9306 9207 9108 8811 8514 8217 7920 7425 9306 9306 9207 8811 8415 8118 8019 7821 9405 9405 9306 9009 8613 8217 7920 7623 9405 9405 9306 9306 9009 8712 8217 7623 9405 9405 9405 9405 9306 9108 8712 8118
1 1 24 32 4 1 64 25 9504 9405 9405 9405 9405 9405 9207 8712 9537 9405 9405 9405 9405 9405 9405 9207 9603 9504 9504 9405 9405 9405 9405 9405 9504 9603 9603 9504 9405 9405 9405 9405 9405 9603 9603 9603 9504 9405 9405 9405 9405 9438 9504 9603 9504 9405 9405 9405 9504 9405 9405 9504 9537 9504 9405 9405 9702 9504 9405 9405 9504 9504 9471 9405
1 1 24 40 4 64 64 25 25 25 25 25 25 25 25 25 25 25 25 25 25 25 25 25 25 25 25 25 25 25 25 25 25 25 25 25 25 25 25 25 25 25 25 25 25 25 25 25 25 25 25 25 25 25 25 25 25 25 25 25 25 25 25 16409 25 25 25 25 25 25 25 9966 9702 9504 9405 9405 9504 9504 9405 10461 9966 9603 9405 9306 9339 9405 9504 11088 10461 9999 9603 9438 9405 9405 9504 11979 11187 10494 10098 9702 9504 9405 9405 13002 12078 11352 10692 10197 9867 9636 9504 14157 13233 12375 11583 10923 10428 10065 9834 15345 14454 13563 12672 11880 11253 10725 10362 16302 15576 14784 13959 12969 12177 11550 11088
1 1 24 48 4 64 64 16409 25 25 25 25 25 25 25 25 16409 25 25 25 25 25 25 25 25 16409 25 25 25 25 25 25 25 25 16409 32793 25 25 25 25 25 25 25 25 16409 32793 32793 25 25 25 25 25 25 25 25 25 25 25 25 25 25 25 25 25 25 25 25 25 25 25 25 17028 16434 15774 15048 14157 13233 12540 12045 17622 17127 16533 15939 15147 14289 13596 13068 18315 17523 17127 16632 16038 15345 14685 14190 18414 18117 17523 17160 16731 16269 15774 15378 18513 18315 17820 17622 17325 17028 16764 16467 18513 18414 18414 18018 17820 17655 17523 17424 18513 18513 18447 18216 18117 18084 18051 18315 18513 18414 18414 18414 18414 18216 18414 18414
1 1 24 56 4 64 64 25 25 25 25 25 25 25 25 25 25 25 25 25 25 25 25 25 25 25 25 25 25 25 25 25 25 25 25 25 25 25 25 25 25 25 25 25 25 25 25 25 25 25 25 25 25 25 25 25 25 25 25 25 25 25 25 25 49177 25 25 25 25 25 25 18513 18513 18414 18513 18414 18414 18414 18513 18513 18513 18513 18513 18513 18513 18513 18513 18513 18513 18513 18513 18513 18513 18513 18513 18513 18513 18513 18513 18513 18513 18513 18513 18513 18513 18513 18513 18513 18513 18513 18513 18315 18513 18513 18513 18513 18513 18513 18513 16731 17820 18414 18513 18513 18513 18513 18513 14454 16038 17325 18414 18513 18513 18513 18513
1 1 24 64 4 64 64 25 25 49177 25 25 25 25 25 25 25 49177 25 25 25 25 25 25 25 25 49177 25 25 25 25 25 25 25 49177 25 25 25 25 25 25 25 25 49177 25 25 25 25 25 25 25 49177 25 25 25 25 25 25 25 25 49177 25 25 25 25 25 25 25 25 49177 25 12309 13761 15807 17424 18414 18513 18513 18513 10857 11847 14058 16137 18117 18513 18513 18513 9801 10824 12441 14850 17127 18315 18513 18513 9372 10065 11319 13563 16071 18084 18513 18513 8910 9570 10626 12606 14949 17028 18414 18513 8514 9042 9966 11451 13563 15906 17820 18480 8019 8514 9207 10329 12111 14388 16599 18117 7524 7854 8316 9207 10593 12606 14949 16962
1 1 24 72 4 64 64 25 25 25 25 25 25 25 49177 25 25 25 25 25 25 25 25 25 25 25 25 25 25 25 25 25 25 25 25 25 25 25 25 25 25 25 25 25 25 25 25 25 25 25 25 25 25 25 25 25 25 25 25 25 25 25 25 25 25 25 25 25 25 25 25 7029 7293 7623 8283 9372 10989 13002 15114 6732 6864 7062 7590 8349 9471 11220 13101 6435 6534 6732 6996 7557 8382 9504 10956 6237 6336 6402 6567 6897 7491 8151 9240 6138 6138 6204 6303 6534 6798 7260 7887 5940 6039 6039 6138 6204 6336 6567 6930 5742 5841 5841 5940 5940 6039 6171 6402 5544 5577 5643 5742 5742 5775 5907 6039
1 1 24 80 4 64 64 25 25 25 25 25 25 25 25 25 25 25 25 25 25 25 25 25 25 25 25 25 25 25 25 25 25 25 25 25 25 25 25 25 25 25 25 25 25 25 25 25 25 25 25 25 25 25 25 25 25 25 25 25 25 25 25 49177 25 25 25 25 25 25 25 5346 5445 5445 5544 5544 5610 5643 5841 5148 5247 5247 5346 5445 5445 5544 5643 5049 5247 5247 5346 5445 5445 5445 5445 4851 5049 5049 5247 5247 5346 5346 5445 4521 4752 4851 4950 5049 5148 5247 5346 4257 4455 4554 4752 5049 5148 5148 5247 3894 4158 4257 4554 4851 4950 5049 5049 3465 3663 3960 4257 4554 4752 4917 4950
1 1 24 88 4 64 64 25 49177 25 25 25 25 25 25 25 25 49177 25 25 25 25 25 16409 25 25 49177 25 25 25 25 16409 25 25 25 49177 25 25 25 16409 25 25 25 25 49177 25 25 16409 25 25 25 25 49177 25 25 16409 25 25 25 25 49177 25 25 16409 25 25 25 25 49177 25 25 3267 3366 3630 3960 4257 4455 4653 4851 3267 3168 3333 3663 3960 4158 4356 4653 3267 3069 3069 3267 3564 3861 4158 4455 3366 3069 2970 3069 3267 3498 3861 4059 3465 3168 2970 2970 3069 3300 3597 3861 3465 3069 2970 2970 3069 3267 3564 3861 3366 3069 2871 2970 3069 3267 3564 3960 3366 2970 2772 2871 2970 3267 3663 4059
1 1 24 96 4 64 64 25 25 25 25 25 49177 25 25 25 25 25 25 25 49177 25 25 25 25 25 25 25 49177 25 25 25 25 25 25 25 49177 25 25 25 25 25 25 25 49177 25 25 25 25 25 25 25 25 49177 25 25 25 25 25 25 25 49177 25 25 25 25 25 25 25 49177 25 3267 2970 2772 2772 2871 3168 3564 3960 3366 2970 2772 2673 2772 3069 3564 3960 3366 2970 2673 2574 2673 2970 3465 3861 3366 2871 2574 2475 2673 2970 3465 3861 3267 2871 2574 2475 2574 2871 3366 3861 3267 2772 2475 2376 2574 2871 3366 3762 3069 2673 2376 2376 2475 2871 3366 3762 2772 2475 2376 2376 2475 2772 3267 3663
1 1 24 104 4 64 64 25 25 25 25 25 25 49177 25 25 25 25 25 25 25 49177 25 25 25 25 25 25 25 25 49177 25 25 25 25 25 25 25 49177 25 25 25 25 25 25 25 25 25 25 25 25 25 25 25 25 25 25 25 25 25 25 25 25 25 25 25 25 25 25 25 25 2673 2376 2376 2376 2475 2772 3168 3564 2475 2277 2277 2277 2376 2673 3069 3564 2376 2277 2277 2277 2376 2574 2970 3465 2277 2277 2376 2277 2376 2574 2970 3366 2178 2178 2277 2277 2277 2475 2871 3267 2178 2178 2178 2178 2277 2376 2772 3267 2178 2178 2079 2079 2079 2277 2673 3168 2079 2178 2178 1980 1980 2178 2475 2970
1 1 24 112 4 1 64 25 2079 2079 2079 1980 1980 2079 2376 2772 1980 1980 1980 2079 2079 2079 2376 2673 1881 1980 1881 1881 1980 2079 2277 2574 1881 1980 1980 1881 1980 2079 2178 2475 1881 1881 1881 1881 1881 1980 2079 2376 1881 1980 1980 1980 1881 1881 1980 2277 1881 1881 1881 1881 1881 1881 1881 2178 1881 1881 1881 1881 1881 1881 1881 1980
1 1 24 120 4 1 64 25 1782 1881 1881 1782 1782 1782 1782 1881 1782 1683 1782 1782 1782 1782 1683 1782 1683 1584 1584 1683 1782 1683 1584 1683 1584 1683 1584 1683 1683 1584 1584 1584 1584 1683 1584 1584 1584 1584 1485 1584 1584 1584 1485 1485 1485 1485 1485 1485 1485 1485 1485 1485 1386 1386 1386 1386 1485 1386 1386 1386 1386 1287 1287 1287
1 1 32 0 4 1 1 25 2376
1 1 32 8 4 1 64 25 2376 2376 2376 2376 2376 2376 2376 2376 2376 2376 2376 2376 2376 2376 2376 2376 2376 2376 2376 2376 2376 2376 2277 1089 2376 2376 2376 2376 2376 693 0 2376 2376 2376 2376 2376 2277 1881 2376 2376 2376 2376 2376 2376 2376 2376 2376 2376 2376 2376 2376 2376 2376 2376 2376 2376 2376 2376 2376 2376 2376 2376 2376 2376
1 1 32 16 4 64 64 25 25 25 25 25 25 25 25 25 25 25 25 25 25 25 25 25 25 25 25 25 25 25 25 25 25 25 25 25 25 25 25 25 25 25 25 25 25 25 25 25 25 25 25 25 25 25 25 32793 25 25 25 25 25 25 25 25 16409 25 25 25 25 25 25 2376 2376 2376 2376 2376 2376 2376 2376 2376 2376 2376 2376 2376 2376 2376 2376 2376 2376 2376 2376 2376 2376 2376 2376 2376 2376 2376 2376 2376 2376 2376 2376 2376 2376 2376 2376 2376 2376 2376 2376 2376 2376 2376 2376 2376 2376 2376 2376 2475 2376 2376 2376 2376 2376 2376 2376 2970 2574 2475 2376 2376 2376 2376 2376
1 1 32 24 4 64 64 25 25 16409 25 25 25 25 25 25 25 25 16409 25 25 25 25 25 25 25 25 16409 25 25 25 25 25 25 25 25 16409 25 25 25 25 25 25 25 25 16409 32793 25 25 25 25 25 25 25 25 25 25 25 25 25 25 25 25 25 25 25 25 25 25 25 25 4059 3366 2772 2475 2376 2376 2376 2376 5247 4455 3465 2673 2376 2376 2376 2376 6237 5544 4455 3267 2574 2376 2376 2376 6930 6336 5445 4257 3069 2574 2475 2376 7326 6930 6336 5445 4158 3267 2772 2574 7326 7128 6831 6237 5247 4455 3663 3366 7524 7623 7326 6831 6237 5643 4950 4950 8019 8316 8217 7722 7260 6765 6237 6435
1 1 32 32 4 1 64 25 8514 8811 8811 8580 8217 7722 7128 7128 9108 9207 9207 9009 8811 8415 7722 7326 9405 9405 9306 9207 9108 8910 8514 8019 9405 9405 9405 9306 9306 9207 9009 8712 9405 9405 9405 9405 9405 9306 9306 9009 9504 9405 9405 9405 9405 9405 9405 9306 9504 9405 9405 9405 9405 9405 9405 9405 9405 9405 9405 9405 9405 9405 9405 9405
1 1 32 40 4 1 64 25 9405 9405 9306 9339 9405 9405 9405 9405 9504 9405 9306 9306 9405 9405 9405 9405 9504 9405 9306 9306 9405 9405 9405 9405 9504 9570 9504 9405 9504 9504 9405 9405 9504 9603 9603 9504 9504 9504 9405 9405 9702 9702 9603 9504 9504 9504 9405 9405 10131 9999 9834 9702 9603 9504 9405 9405 10791 10527 10296 10098 9900 9702 9570 9471
1 1 32 48 4 64 64 25 25 25 25 25 25 25 25 25 25 25 25 25 25 25 25 25 25 25 25 25 25 25 25 25 25 25 25 25 25 25 25 32793 32793 25 25 25 25 25 25 25 25 16409 32793 25 25 25 25 25 25 25 25 16409 32793 25 25 25 25 25 25 25 25 16409 25 11649 11352 11055 10692 10395 10098 9867 9669 12672 12375 11979 11583 11088 10758 10395 10098 13860 13662 13266 12606 12045 11550 11154 10725 15081 14850 14454 13827 13134 12540 12078 11583 16170 15939 15543 14850 14157 13629 13068 12573 17325 17028 16533 15939 15147 14553 14157 13662 18315 18117 17523 16962 16269 15543 15048 14652 18513 18447 18315 17721 17226 16665 16038 15642
1 1 32 56 4 64 64 25 25 25 25 25 25 25 16409 25 25 25 25 25 25 25 25 25 25 25 25 25 25 25 25 25 25 25 25 25 25 25 25 25 25 25 25 25 25 25 25 25 25 25 25 25 25 25 25 25 25 25 25 25 25 25 25 25 25 25 25 25 25 25 25 18513 18513 18513 18414 18315 17721 17127 16632 18513 18513 18513 18513 18513 18414 18315 17457 18513 18513 18513 18513 18513 18513 18414 18315 18513 18513 18513 18513 18513 18513 18513 18513 18513 18513 18513 18513 18513 18513 18513 18513 18513 18513 18513 18513 18513 18513 18513 18513 18513 18513 18513 18513 18513 18513 18513 18513 18513 18513 18513 18513 18513 18513 18513 18513
1 1 32 64 4 1 64 25 18513 18513 18513 18513 18513 18513 18513 18513 18513 18513 18513 18513 18513 18513 18513 18513 18513 18513 18513 18513 18513 18513 18513 18513 18513 18513 18513 18513 18513 18513 18513 18513 18513 18513 18513 18414 18513 18513 18513 18513 18513 18513 18513 18414 18414 18414 18513 18513 18513 18513 18513 18513 18414 18414 18513 18513 18150 18513 18513 18513 18513 18513 18513 18513
1 1 32 72 4 64 64 25 25 25 25 25 25 25 25 25 49177 25 25 25 25 25 25 25 25 49177 25 25 25 25 25 25 25 25 25 25 49177 25 25 25 25 25 25 25 25 25 25 25 25 25 25 25 25 25 25 25 25 25 25 25 25 25 25 25 25 25 25 25 25 25 25 16896 17853 18513 18480 18513 18513 18513 18513 15048 16500 17523 18315 18447 18513 18513 18513 12672 14355 15774 16830 17754 18315 18414 18513 10461 11814 13200 14487 15609 16434 17160 17787 8679 9636 10593 11715 12771 13860 14784 15741 7425 7920 8646 9405 10263 10923 11913 12903 6633 6897 7326 7821 8349 8877 9603 10395 6237 6402 6534 6864 7161 7623 8085 8514
1 1 32 80 4 1 64 25 5940 6072 6171 6336 6534 6765 7062 7392 5742 5841 5940 6105 6237 6336 6567 6864 5544 5643 5841 5940 6039 6138 6336 6534 5445 5544 5643 5742 5841 6039 6138 6336 5346 5379 5445 5544 5742 5841 5940 6138 5346 5346 5412 5445 5544 5643 5808 5940 5148 5247 5247 5346 5445 5544 5643 5742 5049 5148 5148 5247 5346 5346 5544 5544
1 1 32 88 4 1 64 25 4950 5049 5148 5148 5247 5247 5346 5445 4851 4950 4950 5049 5049 5049 5148 5247 4653 4752 4752 4851 4851 4950 5049 5148 4257 4455 4554 4752 4752 4851 4950 5049 4059 4158 4356 4554 4653 4752 4851 4950 3960 4059 4257 4356 4554 4653 4752 4851 4059 4158 4257 4455 4653 4851 4950 4950 4158 4257 4455 4752 4950 5148 5346 5445
1 1 32 96 4 1 64 25 4158 4257 4455 4752 5049 5445 5643 5841 4059 4158 4455 4752 5148 5544 5841 6138 3960 4158 4455 4851 5346 5742 6039 6336 3960 4158 4554 5049 5643 5940 6237 6534 4059 4257 4653 5247 5907 6237 6435 6633 3960 4257 4752 5445 6138 6534 6732 6831 3960 4257 4851 5643 6237 6633 6831 7029 3861 4158 4752 5544 6138 6534 6732 6930
1 1 32 104 4 64 64 25 25 25 25 25 25 25 25 25 25 25 25 25 25 25 25 25 25 25 25 25 25 25 25 25 25 25 25 25 25 25 25 49177 25 25 25 25 25 25 25 49177 25 25 25 25 25 25 25 49177 25 25 25 25 25 25 25 49177 25 25 25 25 25 25 25 3762 4158 4653 5346 5940 6237 6435 6732 3861 4059 4554 5049 5544 5940 6237 6633 3762 3960 4455 5049 5445 5841 6237 6633 3564 3861 4356 4950 5445 5841 6336 6732 3465 3762 4356 4950 5445 5841 6336 6732 3465 3762 4158 4851 5346 5742 6237 6633 3366 3663 4059 4653 5247 5742 6138 6534 3267 3564 4059 4653 5346 5841 6138 6633
1 1 32 112 4 64 64 49177 25 25 25 25 25 25 25 49177 25 25 25 25 25 25 25 25 49177 25 25 25 25 25 25 25 49177 25 25 25 25 25 25 25 25 49177 25 25 25 25 25 25 25 25 49177 25 25 25 25 25 25 25 25 49177 25 25 25 25 25 25 25 49177 25 25 25 3267 3564 4059 4752 5445 5940 6237 6633 3069 3366 3861 4653 5247 5742 6138 6435 2970 3267 3663 4257 4950 5445 5841 6237 2970 3267 3564 3960 4554 4950 5247 5742 2871 3168 3366 3663 4059 4356 4752 5346 2772 3069 3168 3366 3663 3960 4455 5049 2574 2970 3069 3168 3366 3663 4158 4752 2376 2772 2970 3069 3168 3465 3960 4653
1 1 32 120 4 64 64 25 25 25 25 49177 25 25 25 25 25 25 25 25 49177 25 25 25 25 25 25 25 49177 25 25 25 25 25 25 25 25 49177 25 25 25 25 25 25 25 49177 25 25 25 25 25 25 25 25 49177 25 25 25 25 25 25 25 25 25 25 25 25 25 25 25 25 2178 2574 2871 2970 3069 3366 3861 4455 2079 2475 2772 2970 2970 3267 3663 4356 1980 2376 2673 2772 2871 3069 3465 4059 1782 2178 2574 2673 2871 2970 3267 3762 1782 2079 2475 2574 2772 2871 3069 3465 1584 1881 2277 2475 2574 2673 2871 3267 1485 1683 2079 2376 2475 2574 2772 3069 1287 1584 1980 2277 2376 2475 2574 2871
1 1 40 0 4 64 64 25 25 25 25 25 25 25 25 25 25 25 25 25 25 25 25 25 25 25 25 25 25 25 25 25 25 25 25 25 25 25 25 25 25 25 25 25 25 25 25 25 25 25 25 32793 32793 32793 32793 25 25 25 49177 25 25 25 25 25 25 25 32793 25 25 25 32793 2376 2376 2376 2376 2376 2376 2376 2376 2376 2376 2376 2376 2376 2376 2376 2376 2376 2376 2376 2376 2376 2376 2376 2376 2376 2376 2376 2376 2376 2376 2376 2376 2376 2376 2376 2376 2376 2475 2475 2574 2376 2376 2376 2376 2574 2574 2673 2871 2376 2376 2376 2574 2673 3069 3465 3762 2376 2376 2475 2673 3069 3861 4851 5742
1 1 40 8 4 64 64 25 25 49177 25 25 25 32793 25 25 25 49177 25 25 49177 25 25 25 25 49177 25 25 49177 25 25 25 25 49177 25 25 25 25 25 25 25 49177 25 25 25 25 25 25 25 25 49177 25 25 25 25 25 25 25 49177 25 25 25 25 25 25 25 25 25 25 25 25 2376 2376 2574 3069 3663 5346 7821 10197 2376 2475 2574 3168 4257 7062 12144 16698 396 1287 2277 2508 2376 5445 15642 33035 2277 2376 660 1353 4785 9042 15312 46632 2376 2376 2640 3168 4488 7689 12045 14157 2376 2376 2574 2904 3663 5478 8052 9603 2376 2376 2475 2706 3036 3993 5049 5379 2376 2376 2376 2574 2706 3102 3465 3366
1 1 40 16 4 1 64 25 2376 2376 2376 2475 2574 2673 2772 2838 2376 2376 2376 2376 2376 2475 2574 2508 2376 2376 2376 2376 2376 2376 2376 2376 2376 2376 2376 2376 2376 2376 2376 2376 2376 2376 2376 2376 2376 2376 2376 2376 2376 2376 2376 2376 2376 2376 2376 2376 2376 2376 2376 2376 2376 2376 2376 2376 2376 2376 2376 2376 2376 2376 2376 2376
1 1 40 24 4 64 64 25 25 25 25 25 25 25 25 25 25 25 25 25 25 25 25 25 25 25 25 25 25 25 25 25 25 25 25 25 25 25 25 32793 32793 25 25 25 25 25 25 25 25 16409 32793 25 25 25 25 25 25 25 25 16409 25 25 25 25 25 25 25 25 16409 25 25 2376 2376 2376 2376 2376 2376 2376 2376 2376 2376 2376 2376 2376 2376 2376 2376 2376 2376 2376 2376 2376 2376 2376 2376 2376 2376 2376 2376 2376 2376 2376 2376 2475 2376 2376 2376 2376 2376 2376 2376 3069 2772 2574 2376 2376 2376 2376 2376 4653 3960 3267 2772 2574 2376 2376 2376 6237 5643 4752 3861 3168 2574 2376 2376
1 1 40 32 4 64 64 25 25 25 25 25 25 16409 25 25 25 25 25 25 25 16409 25 25 25 25 25 25 25 16409 25 25 25 25 25 25 25 25 16409 25 25 25 25 25 25 25 25 25 25 25 25 25 25 25 25 25 25 25 25 25 25 25 25 25 25 25 25 25 25 25 25 7128 6831 6435 5643 4653 3267 2574 2376 7227 7326 7425 7029 6138 4257 2871 2376 7524 7524 7920 7920 7128 5148 3168 2475 8118 7986 8415 8514 7920 6138 3663 2574 8613 8514 8877 8910 8514 7128 4653 2970 9108 9108 9207 9207 9009 8217 6237 4059 9405 9405 9306 9306 9306 9009 7920 5841 9405 9405 9405 9405 9405 9405 9009 7821
1 1 40 40 4 1 64 25 9405 9405 9405 9405 9405 9405 9405 9009 9405 9405 9405 9405 9405 9405 9405 9405 9405 9405 9405 9405 9405 9405 9405 9405 9405 9405 9405 9405 9405 9405 9405 9405 9405 9405 9405 9405 9405 9405 9405 9405 9405 9405 9405 9405 9405 9405 9405 9405 9405 9405 9405 9405 9405 9405 9405 9405 9405 9405 9405 9405 9405 9405 9405 9405
1 1 40 48 4 1 64 25 9537 9504 9405 9405 9405 9405 9405 9405 9900 9735 9603 9504 9504 9405 9405 9405 10428 10197 9999 9801 9702 9636 9603 9603 11187 10857 10593 10362 10197 10065 9999 9966 12177 11781 11418 11154 10890 10791 10659 10494 13266 12870 12474 12177 11880 11682 11583 11451 14355 13992 13695 13332 13068 12870 12738 12573 15246 14949 14751 14454 14223 14124 14058 13860
1 1 40 56 4 64 64 32793 25 25 25 25 25 25 25 25 16409 32793 32793 32793 32793 32793 32793 25 25 25 25 25 25 25 25 25 25 25 25 25 25 25 25 25 25 25 25 25 25 25 25 25 25 25 25 25 25 25 25 25 25 25 25 25 25 25 25 25 25 25 25 25 25 25 25 16236 15939 15741 15543 15345 15345 15345 15246 17160 16863 16731 16632 16533 16434 16533 16467 18117 17622 17523 17424 17391 17325 17424 17424 18414 18414 18315 18315 18315 18315 18315 18315 18513 18513 18513 18513 18414 18414 18513 18513 18513 18513 18513 18513 18513 18513 18513 18513 18513 18513 18513 18513 18513 18513 18513 18513 18513 18513 18513 18513 18513 18513 18513 18513
1 1 40 64 4 1 1 25 18513
1 1 40 72 4 64 64 25 25 25 25 25 25 25 25 25 25 25 25 25 25 25 25 25 25 25 25 25 25 25 25 25 25 25 25 25 25 25 25 25 49177 25 25 25 25 25 25 25 25 25 25 49177 25 25 25 25 25 25 25 25 25 49177 25 25 25 25 25 25 25 25 25 18513 18513 18513 18513 18513 18513 18513 18513 18513 18513 18513 18513 18513 18513 18513 18513 18513 18513 18513 18513 18513 18513 18513 18513 18315 18414 18513 18513 18513 18513 18513 18513 16500 17028 17523 18315 18414 18480 18513 18513 13827 14685 15609 16434 17193 17589 18315 18414 11121 12012 12837 13959 15015 15939 16632 17193 9141 9867 10593 11451 12474 13365 14256 15015
1 1 40 80 4 1 64 25 7953 8349 8844 9537 10197 10890 11715 12342 7062 7425 7755 8118 8646 9108 9537 9966 6699 6864 7095 7293 7524 7821 7986 8217 6435 6534 6633 6732 6930 7029 7029 7128 6237 6237 6336 6435 6534 6534 6567 6501 6039 6039 6138 6237 6237 6237 6336 6336 5841 5841 5841 6039 6039 6039 6039 6138 5544 5643 5643 5742 5742 5742 5841 6039
1 1 40 88 4 1 64 25 5445 5346 5346 5445 5445 5544 5643 5940 5247 5247 5247 5247 5346 5445 5544 5742 5148 5148 5148 5148 5247 5346 5445 5643 5148 5148 5148 5049 5148 5247 5346 5544 5049 5049 5148 5049 5148 5148 5247 5445 4851 4950 5049 5148 5148 5247 5445 5544 5049 5049 5247 5346 5544 5742 5841 6039 5445 5544 5742 5940 6237 6435 6732 6930
1 1 40 96 4 1 64 25 6039 6138 6336 6633 7029 7326 7722 8118 6336 6534 6831 7260 7656 8052 8613 9108 6633 6930 7227 7722 8118 8712 9306 9900 6831 7227 7623 8019 8514 9108 9801 10593 6930 7326 7722 8217 8745 9405 10098 10989 7128 7524 7920 8415 8943 9636 10494 11484 7227 7623 8118 8712 9207 9900 10791 11880 7227 7623 8118 8811 9405 10197 11187 12375
1 1 40 104 4 1 64 25 7227 7623 8217 9009 9603 10494 11583 12870 7128 7623 8316 9009 9801 10692 11880 13365 7128 7722 8415 9207 9900 10890 12177 13761 7227 7821 8514 9306 9999 11088 12375 13959 7227 7821 8514 9207 10098 11187 12474 14157 7128 7722 8415 9207 10098 11187 12573 14256 7029 7524 8217 9108 10098 11187 12672 14355 7029 7425 8118 9009 9999 11187 12672 14355
1 1 40 112 4 1 64 25 7029 7425 8118 9009 9999 11187 12672 14355 6831 7425 8118 9108 10098 11187 12672 14256 6633 7326 8118 9108 9999 11088 12573 14157 6336 7029 7920 8811 9801 10890 12375 13959 5940 6633 7524 8514 9405 10593 12078 13662 5742 6336 7029 7920 8910 10098 11583 13167 5544 6138 6732 7425 8316 9405 10791 12474 5445 6039 6534 7128 7821 8613 9801 11385
1 1 40 120 4 64 64 25 25 25 25 25 25 25 25 25 25 25 25 25 25 25 25 25 25 25 25 25 25 25 25 25 25 25 25 25 25 25 25 25 25 25 25 25 25 25 25 25 25 25 25 25 25 25 25 25 49177 25 25 25 25 25 25 25 25 49177 25 25 25 25 25 5148 5643 6138 6831 7524 8217 9108 10593 4851 5247 5742 6435 7128 7821 8811 10098 4554 4851 5247 5841 6534 7326 8415 9801 4257 4554 4851 5346 5940 6831 7821 9207 3960 4257 4554 4950 5445 6237 7227 8514 3663 3960 4158 4455 4950 5643 6633 7821 3366 3564 3762 4059 4455 5049 5940 7128 3069 3267 3465 3663 3960 4455 5346 6435
1 1 48 0 4 64 64 25 25 25 25 25 25 25 25 25 25 25 25 25 25 25 25 25 25 25 25 25 25 25 25 25 25 25 25 25 25 25 25 25 25 25 25 25 25 25 25 32793 32793 32793 25 25 25 25 25 25 25 25 16409 25 25 25 25 32793 25 25 25 16409 25 25 25 2376 2376 2376 2376 2376 2376 2376 2376 2376 2376 2376 2376 2376 2376 2376 2376 2376 2376 2376 2376 2376 2376 2376 2376 2376 2376 2376 2376 2376 2376 2376 2376 2574 1980 2475 2376 2376 2376 2376 2376 1584 1089 2673 2574 2475 2376 2376 2376 2376 2970 3168 2871 2574 2376 2376 2376 2376 5544 4455 3465 2871 2574 2475 2376
1 1 48 8 4 64 64 25 16409 25 25 16409 25 25 25 25 16409 25 25 16409 25 25 25 25 25 25 25 16409 25 25 25 25 25 25 25 16409 25 25 25 25 25 25 25 16409 25 25 25 25 25 25 25 16409 25 25 25 25 25 25 25 25 25 25 25 25 25 25 25 25 25 25 25 10230 9405 6633 4554 3267 2673 2574 2376 37919 14751 9504 5742 2673 1089 2574 2376 13365 37457 11583 4455 2475 1419 2376 2376 13761 15741 10395 5478 3366 2475 2376 2376 14025 12144 8415 5445 3762 2871 2574 2376 7524 8118 6138 4323 3267 2772 2574 2376 2970 4752 4422 3432 2871 2574 2376 2376 2673 2475 3135 2871 2574 2475 2376 2376
1 1 48 16 4 1 64 25 1650 1815 2640 2574 2376 2376 2376 2376 2244 759 2442 2475 2376 2376 2376 2376 2376 561 2277 2376 2376 2376 2376 2376 2376 1881 2178 2376 2376 2376 2376 2376 2376 2376 2376 2376 2376 2376 2376 2376 2376 2376 2376 2376 2376 2376 2376 2376 2376 2376 2376 2376 2376 2376 2376 2376 2376 2376 2376 2376 2376 2376 2376 2376
1 1 48 24 4 1 64 25 2376 2376 2376 2376 2376 2376 2376 2376 2376 2376 2376 2376 2376 2376 2376 2376 2376 2376 2376 2376 2277 2277 2376 2376 2376 2376 2376 2376 2277 2277 2376 2376 2376 2376 2376 2376 2376 2376 2376 2376 2376 2376 2376 2376 2376 2376 2376 2376 2376 2376 2376 2376 2376 2376 2376 2376 2376 2376 2376 2376 2376 2376 2376 2376
1 1 48 32 4 64 64 25 25 25 25 25 25 25 25 25 25 25 25 25 25 25 25 25 25 25 25 25 25 25 25 25 25 25 25 25 25 25 25 16409 25 25 25 25 25 25 25 25 16409 25 25 25 25 25 25 25 25 16409 32793 32793 32793 32793 32793 25 25 25 25 25 25 25 25 2376 2376 2376 2376 2376 2376 2376 2376 2376 2376 2376 2376 2376 2376 2376 2376 2376 2376 2376 2376 2376 2376 2376 2376 2376 2376 2376 2376 2376 2376 2376 2376 2475 2376 2376 2376 2376 2376 2376 2376 2772 2475 2376 2376 2376 2376 2376 2376 3960 2871 2475 2376 2376 2376 2376 2376 6039 4356 3366 2970 2772 2673 2673 2574
1 1 48 40 4 1 64 25 8118 6930 5742 4950 4455 4158 4059 3960 9207 8811 8217 7821 7524 7227 7029 6930 9405 9306 9207 9207 9108 9009 9009 9009 9405 9405 9405 9405 9405 9405 9405 9405 9405 9405 9405 9405 9306 9306 9405 9405 9405 9405 9405 9405 9306 9306 9405 9405 9405 9405 9405 9405 9405 9504 9405 9405 9405 9405 9306 9405 9504 9603 9504 9306
1 1 48 48 4 1 64 25 9405 9405 9306 9405 9504 9603 9504 9306 9405 9405 9405 9405 9504 9603 9603 9405 9570 9504 9504 9504 9570 9603 9603 9537 9900 9867 9801 9801 9801 9801 9801 9801 10461 10395 10362 10296 10296 10296 10296 10296 11286 11187 11187 11088 11088 11055 10989 10989 12375 12276 12177 12177 12078 12078 11979 11880 13662 13563 13464 13365 13332 13233 13068 12969
1 1 48 56 4 64 64 25 25 25 25 25 25 25 25 32793 32793 32793 32793 32793 32793 25 25 25 25 25 25 25 25 16409 32793 25 25 25 25 25 25 25 25 25 25 25 25 25 25 25 25 25 25 25 25 25 25 25 25 25 25 25 25 25 25 25 25 25 25 25 25 25 25 25 25 15147 14949 14751 14751 14652 14553 14289 14091 16335 16236 16137 16038 15972 15840 15642 15345 17325 17226 17160 17127 17028 16929 16731 16434 18315 18315 18315 18117 18117 17754 17622 17424 18513 18447 18513 18513 18447 18414 18414 18414 18513 18513 18513 18513 18513 18513 18513 18513 18513 18513 18513 18513 18513 18513 18513 18513 18513 18513 18513 18513 18513 18513 18513 18513
1 1 48 64 4 1 1 25 18513
1 1 48 72 4 1 64 25 18513 18513 18513 18513 18513 18513 18513 18513 18513 18513 18513 18513 18414 18513 18513 18513 18513 18513 18513 18513 18513 18513 18513 18513 18513 18513 18513 18513 18513 18513 18513 18513 18513 18513 18513 18513 18513 18513 18513 18414 18480 18513 18480 18513 18480 18315 18117 17787 17787 17820 18084 17721 17292 16995 16500 15939 15576 15840 15939 15675 15246 14751 14190 13563
1 1 48 80 4 1 64 25 12870 13167 13233 13068 12738 12309 11781 11253 10395 10659 10626 10593 10329 10098 9735 9339 8415 8547 8679 8646 8580 8448 8283 8052 7128 7293 7392 7425 7524 7425 7326 7293 6567 6534 6600 6732 6765 6831 6864 6864 6303 6270 6369 6468 6534 6534 6567 6633 6237 6237 6336 6336 6369 6435 6336 6435 6138 6138 6237 6237 6237 6237 6237 6237
1 1 48 88 4 1 64 25 6039 6138 6138 6138 6138 6138 6138 6039 5940 5940 6039 6039 6039 5940 5940 6039 5742 5742 5841 5841 5841 5742 5742 5742 5643 5643 5742 5709 5643 5445 5346 5346 5445 5445 5445 5445 5346 5247 5148 5148 5610 5577 5544 5478 5445 5346 5346 5346 6138 6138 6072 6039 6039 5940 5940 5907 7029 7128 7029 7029 6930 6930 6798 6732
1 1 48 96 4 64 64 25 25 25 25 25 25 25 25 25 25 25 25 25 25 25 25 25 25 25 25 25 25 25 25 25 25 25 25 25 25 25 25 25 25 25 25 25 25 25 25 25 25 25 25 25 25 25 25 25 25 32793 32793 32793 32793 32793 32793 25 32793 25 25 25 25 25 25 8316 8415 8316 8217 8217 8118 7953 7821 9405 9603 9702 9702 9603 9471 9273 9009 10395 10692 10890 10890 10791 10593 10461 10197 11088 11583 11880 11946 11880 11748 11583 11385 11682 12375 12771 12969 13068 12969 12870 12672 12342 13167 13860 14355 14553 14454 14355 14157 12969 14157 15048 15642 15939 16038 16038 15840 13662 15048 16038 16830 17325 17424 17523 17424
1 1 48 104 4 64 64 49177 25 25 25 25 25 25 25 49177 25 25 25 25 25 25 25 49177 25 25 25 25 25 25 25 49177 25 25 25 25 25 25 25 49177 25 25 25 25 25 25 25 49177 25 25 25 25 25 25 25 25 25 25 25 25 25 25 25 25 25 25 25 25 25 25 25 14355 15840 16929 17820 18315 18513 18612 18612 14949 16434 17721 18513 19107 19206 19305 19305 15444 16929 18216 19008 19305 19404 19404 19305 15642 17127 18315 18909 19107 19107 19008 18909 15840 17127 18117 18513 18612 18513 18315 18018 15840 17028 17820 17919 17820 17523 17226 17028 15840 16929 17424 17325 16830 16434 16038 15840 15840 16830 17127 16731 16038 15444 14949 14751
1 1 48 112 4 1 64 25 15741 16632 16830 16335 15444 14553 14058 13662 15741 16632 16632 15939 14949 13959 13167 12672 15642 16533 16533 15840 14652 13464 12573 11979 15444 16434 16434 15642 14553 13167 12078 11385 15147 16137 16137 15345 14157 12870 11781 10890 14751 15642 15642 14850 13563 12276 11286 10494 13959 14949 14949 14058 12771 11583 10791 10098 12969 14058 14157 13266 12078 10989 10197 9801
1 1 48 120 4 1 64 25 11979 13068 13266 12474 11385 10395 9801 9405 11484 12474 12573 11781 10692 9900 9405 9108 11286 12276 12276 11385 10197 9405 9009 8811 10791 11979 12276 11385 10197 9207 8811 8613 10197 11682 12276 11682 10395 9405 8811 8415 9405 11088 11979 11781 10692 9603 8910 8415 8613 10296 11484 11682 10989 9900 9108 8415 7821 9405 10890 11484 11088 10296 9405 8712
1 1 56 0 4 1 64 25 2376 2376 2376 2376 2376 2376 2376 2376 2376 2376 2376 2376 2376 2376 2376 2376 2376 2376 2376 2376 2376 2376 2376 2277 2376 2376 2376 2376 2376 2376 2376 2277 2376 2376 2376 2376 2376 2376 2376 2376 2376 2376 2376 2376 2376 2376 2376 2376 2376 2376 2376 2376 2376 2376 2376 2376 2376 2376 2376 2376 2376 2376 2376 2376
1 1 56 8 4 1 1 25 2376
1 1 56 16 4 1 1 25 2376
1 1 56 24 4 1 1 25 2376
1 1 56 32 4 64 64 25 25 25 25 25 25 25 25 25 25 25 25 25 25 25 25 25 25 25 25 25 25 25 25 25 25 25 25 25 25 25 25 25 25 25 25 25 25 25 25 25 25 25 25 25 25 25 32793 25 25 32793 32793 32793 32793 32793 25 16409 32793 25 25 25 25 25 25 2376 2376 2376 2376 2376 2376 2376 2376 2376 2376 2376 2376 2376 2376 2376 2376 2376 2376 2376 2376 2376 2376 2376 2376 2376 2376 2376 2376 2376 2376 2376 2376 2376 2376 2376 2376 2376 2376 2376 2376 2376 2376 2376 2376 2376 2376 2376 2376 2376 2376 2376 2376 2376 2376 2475 2574 2574 2475 2475 2574 2772 2871 3267 3762
1 1 56 40 4 1 64 25 3762 3762 3762 3960 4356 4851 5643 6435 6831 6831 6831 7029 7425 7821 8217 8712 8910 8910 8910 9009 9009 9207 9207 9306 9405 9405 9405 9405 9405 9405 9405 9405 9405 9405 9405 9405 9405 9405 9405 9405 9405 9405 9405 9405 9405 9405 9405 9405 9405 9405 9405 9405 9405 9405 9405 9405 9306 9405 9405 9405 9405 9405 9405 9405
1 1 56 48 4 1 64 25 9306 9405 9405 9405 9405 9405 9405 9405 9405 9405 9405 9405 9405 9405 9405 9504 9603 9603 9603 9603 9603 9603 9603 9603 9900 9999 10032 10065 10065 9999 9900 9801 10395 10494 10659 10758 10758 10659 10395 10131 11088 11286 11484 11682 11682 11484 11121 10692 11979 12078 12474 12672 12672 12474 12078 11451 12969 13068 13431 13563 13563 13365 12969 12276
1 1 56 56 4 64 64 25 25 25 25 25 25 25 25 25 25 25 25 25 25 25 25 32793 32793 32793 25 25 25 25 25 25 25 25 16409 32793 25 25 25 25 25 25 25 25 16409 32793 32793 25 25 25 25 25 25 25 25 25 25 25 25 25 25 25 25 25 25 25 25 25 25 25 25 13959 14058 14256 14421 14421 14190 13794 13200 15147 15048 15048 15213 15213 14982 14586 13992 16236 16038 15939 16038 15906 15642 15246 14586 17226 17127 16929 16797 16632 16236 15807 15246 18315 18117 17820 17457 17226 16896 16500 16104 18513 18513 18414 18315 17688 17424 17226 16896 18513 18513 18513 18447 18414 18315 18117 17688 18513 18513 18513 18513 18513 18513 18447 18414
1 1 56 64 4 1 64 25 18513 18513 18513 18513 18513 18513 18513 18513 18513 18513 18513 18513 18513 18513 18513 18513 18513 18414 18513 18513 18513 18513 18513 18513 18513 18513 18513 18513 18513 18513 18513 18513 18513 18513 18513 18513 18513 18513 18513 18513 18513 18513 18513 18513 18513 18513 18513 18513 18513 18513 18513 18513 18513 18513 18513 18513 18513 18513 18513 18513 18513 18513 18513 18513
1 1 56 72 4 1 64 25 18513 18513 18513 18513 18513 18513 18513 18513 18513 18513 18513 18513 18513 18315 18018 18084 18513 18513 18513 18513 18315 17292 16533 16434 18513 18513 18480 18315 17358 16038 14652 14223 18414 18117 17754 17193 15939 14256 12804 12144 17292 16896 16335 15312 13959 12540 11253 10725 15378 14718 13959 13101 12045 11022 10164 9768 12936 12309 11781 11088 10494 9834 9372 9108
1 1 56 80 4 1 64 25 10791 10329 9900 9603 9306 9009 8745 8679 9108 8943 8745 8514 8481 8349 8283 8217 7920 7920 7920 7887 7920 7920 7920 7920 7161 7260 7326 7425 7524 7524 7524 7524 6864 6897 6930 7029 7029 7128 7227 7326 6633 6633 6633 6732 6732 6930 7029 7194 6435 6435 6435 6435 6534 6633 6831 7029 6237 6237 6237 6237 6336 6435 6633 6831
1 1 56 88 4 1 64 25 6039 6039 6138 6138 6138 6336 6435 6633 6039 6039 6039 6138 6138 6237 6435 6534 5841 5841 5940 6039 6039 6138 6336 6435 5445 5445 5544 5742 5841 5940 6039 6039 5247 5346 5445 5544 5643 5742 5841 5841 5346 5445 5544 5643 5742 5841 5841 5841 5841 5841 5874 5940 6039 6105 6039 5940 6633 6534 6534 6534 6501 6435 6369 6237
1 1 56 96 4 64 64 25 25 25 25 25 25 25 25 25 25 25 25 25 25 25 25 25 25 25 25 25 25 25 25 25 25 25 25 25 25 25 25 25 25 25 25 25 25 25 25 25 25 25 25 25 25 25 25 32793 32793 25 25 25 25 25 25 25 25 16409 25 25 25 25 25 7656 7524 7425 7326 7161 7029 6831 6633 8910 8712 8415 8217 7920 7722 7326 7029 9999 9801 9603 9306 8811 8415 7920 7623 11187 10890 10593 10296 9801 9108 8514 8118 12375 12078 11682 11187 10593 9900 9207 8613 13860 13464 12969 12276 11484 10692 9900 9108 15642 15147 14454 13563 12573 11583 10593 9702 17127 16632 15939 14949 13860 12672 11484 10494
1 1 56 104 4 64 64 25 25 25 16409 25 25 25 25 25 25 25 25 16409 25 25 25 25 25 25 25 16409 25 25 25 25 25 25 25 16409 25 25 25 25 25 25 25 25 25 25 25 25 25 25 25 25 25 25 25 25 25 25 25 25 25 25 25 25 25 25 25 25 25 25 25 18414 17919 17226 16335 15147 13860 12474 11286 19107 18711 18117 17325 16335 15048 13563 12276 19107 18810 18414 17919 17127 15939 14652 13365 18612 18414 18117 17919 17424 16533 15444 14355 17820 17523 17424 17325 17028 16533 15840 15048 16632 16335 16236 16335 16236 16038 15642 15147 15543 15246 15147 15147 15147 15048 15048 14850 14454 14157 13959 13959 13959 13959 14157 14256
1 1 56 112 4 1 64 25 13365 13068 12870 12771 12771 12870 13167 13365 12375 11979 11781 11682 11682 11880 12177 12474 11484 11088 10890 10791 10791 10890 11088 11385 10791 10395 10197 9999 9999 10098 10197 10494 10296 9900 9702 9603 9603 9504 9504 9702 9999 9603 9306 9207 9207 9009 9009 9108 9702 9405 9108 8910 8811 8613 8514 8514 9504 9207 8910 8712 8514 8316 8118 8019
1 1 56 120 4 1 64 25 9207 9009 8613 8415 8118 7821 7524 7425 8910 8613 8217 7821 7425 7128 6930 6732 8514 8118 7623 7227 6831 6633 6435 6336 8118 7623 7128 6732 6534 6336 6237 6138 7821 7227 6831 6534 6336 6237 6138 6138 7722 7128 6732 6435 6336 6237 6138 6138 7821 7227 6732 6534 6435 6336 6435 6534 8118 7524 7128 6732 6633 6732 6930 7227
1 1 64 0 4 64 64 25 49177 25 25 25 25 25 25 25 49177 25 25 25 25 25 25 25 25 49177 25 25 25 25 25 25 25 25 49177 25 25 25 25 25 25 25 25 49177 25 25 25 25 25 25 25 49177 25 25 25 25 25 25 25 49177 25 25 25 25 25 25 25 49177 25 25 25 2376 2475 3333 5247 7524 8976 9372 9372 2376 2277 2607 3828 6138 8316 8976 9009 2178 2079 2178 2706 4389 6633 7821 8052 2079 1980 1980 1980 2673 4488 6336 7623 2376 2277 2079 1782 2013 3465 6138 8217 2376 2277 2079 1881 2079 3267 6039 8382 2376 2277 2079 1980 2178 3168 5643 8118 2376 2376 2277 2277 2376 3069 5445 8151
1 1 64 8 4 64 64 25 25 25 25 32793 25 25 25 25 25 25 49177 25 25 25 25 25 25 25 49177 25 25 25 25 25 25 25 49177 25 25 25 25 25 25 25 32793 25 25 25 25 25 25 49177 25 25 25 25 25 25 25 32793 25 25 25 25 25 25 32793 25 25 25 25 25 25 2376 2376 2376 2376 2475 3168 5643 8283 2376 2376 2376 2376 2574 3564 6303 8613 2376 2376 2376 2376 2772 4356 7128 9009 2376 2376 2376 2475 3069 5247 7986 9207 2376 2376 2376 2475 3267 5940 8613 9405 2376 2376 2376 2475 3564 6435 8811 9405 2376 2376 2376 2673 4158 7128 9009 9405 2376 2376 2475 3267 5346 7920 9207 9405
1 1 64 16 4 64 64 49177 25 25 25 25 25 25 25 49177 25 25 25 25 25 25 25 49177 25 25 25 25 25 25 25 49177 25 25 25 25 25 25 25 25 49177 25 25 25 25 25 25 25 25 25 49177 25 25 25 25 25 25 25 25 49177 25 25 25 25 25 25 25 49177 25 25 25 2376 2475 3168 4752 6930 8712 9306 9405 2475 3069 4653 6831 8514 9306 9405 9405 2673 3564 5841 8019 9108 9405 9405 9405 2574 3267 5148 7128 8415 9108 9405 9405 2376 2673 3465 4653 6039 7722 8910 9405 2376 2376 2574 2970 3762 5445 7425 8910 2376 2376 2376 2475 2673 3564 5544 7821 2376 2376 2376 2376 2376 2673 3960 6336
1 1 64 24 4 64 64 25 25 25 25 25 49177 25 25 25 25 25 25 25 25 49177 25 25 25 25 25 25 25 49177 25 25 25 25 25 25 25 49177 25 25 25 25 25 25 25 49177 25 25 25 25 25 25 25 49177 25 25 25 25 25 25 25 49177 25 25 25 25 25 25 25 32793 25 2376 2376 2376 2376 2376 2475 2970 4851 2376 2376 2376 2376 2376 2376 2574 3762 2376 2376 2376 2376 2376 2376 2475 3267 2376 2376 2376 2376 2376 2376 2475 3168 2376 2376 2376 2376 2376 2376 2475 3168 2376 2376 2376 2376 2376 2376 2574 3366 2376 2376 2376 2376 2376 2376 2574 3465 2376 2376 2376 2376 2376 2376 2574 3465
1 1 64 32 4 64 64 25 25 25 25 25 32793 25 25 25 25 25 25 32793 25 25 25 25 25 25 32793 25 25 25 25 25 25 32793 25 25 25 25 25 25 32793 25 25 25 25 25 25 32793 25 25 25 25 25 25 25 25 25 25 25 25 25 25 25 25 25 25 25 25 25 25 25 2376 2376 2376 2376 2376 2574 2871 3762 2376 2376 2376 2376 2475 2871 3564 4158 2376 2376 2376 2376 2673 3663 4752 4950 2376 2376 2376 2475 3168 4950 6435 6633 2376 2376 2376 2871 4455 6732 8217 8316 2376 2475 2970 4158 6336 8316 9207 9108 2772 3366 4653 6435 8217 9207 9405 9306 4554 5742 7128 8415 9207 9405 9405 9405
1 1 64 40 4 1 64 25 7326 8217 8910 9306 9405 9405 9405 9405 9009 9306 9405 9405 9405 9405 9405 9405 9405 9405 9405 9405 9405 9405 9405 9405 9405 9405 9405 9405 9405 9405 9405 9405 9405 9405 9504 9405 9405 9405 9405 9405 9405 9405 9504 9504 9504 9405 9405 9405 9405 9405 9405 9504 9504 9405 9405 9405 9405 9405 9405 9405 9504 9504 9405 9405
1 1 64 48 4 1 64 25 9405 9405 9306 9306 9405 9504 9504 9504 9471 9405 9306 9306 9306 9405 9504 9504 9504 9504 9405 9405 9306 9306 9405 9405 9636 9504 9405 9405 9405 9405 9405 9405 9900 9636 9504 9438 9438 9504 9504 9570 10296 9999 9801 9636 9702 9735 9834 9933 10923 10461 10197 10098 10131 10230 10395 10593 11649 11121 10791 10659 10692 10923 11187 11385
1 1 64 56 4 64 64 25 25 25 25 25 25 25 25 25 25 25 25 25 25 25 25 25 25 25 25 25 25 25 25 25 25 25 25 25 25 25 25 25 25 25 25 25 25 25 25 16409 32793 25 25 25 32793 32793 32793 25 25 16409 32793 32793 25 25 25 25 25 25 25 25 25 25 25 12474 11880 11550 11385 11484 11781 12078 12441 13266 12672 12375 12276 12408 12771 13068 13464 13959 13464 13200 13134 13299 13563 13860 14256 14751 14289 14025 13959 14058 14322 14553 14949 15642 15147 14850 14751 14850 15147 15345 15741 16434 15939 15741 15642 15741 15939 16335 16533 17292 16896 16698 16632 16566 16830 17127 17358 18315 18117 17622 17523 17523 17523 17754 18315
1 1 64 64 4 1 64 25 18513 18414 18414 18414 18414 18315 18414 18447 18513 18513 18513 18513 18513 18447 18513 18513 18513 18513 18513 18513 18414 18513 18513 18513 18513 18513 18513 18513 18513 18513 18513 18513 18513 18513 18513 18513 18513 18513 18513 18513 18513 18513 18513 18513 18513 18513 18513 18513 18513 18513 18513 18513 18513 18513 18513 18513 18513 18513 18513 18513 18513 18513 18513 18513
1 1 64 72 4 64 64 25 25 25 25 25 25 25 25 25 25 25 25 25 25 25 25 49177 25 25 25 25 25 25 25 25 25 49177 25 25 25 25 25 25 25 25 25 49177 25 25 25 25 25 25 25 25 25 49177 25 25 25 25 25 25 25 25 25 25 25 25 25 25 25 25 25 18513 18513 18513 18513 18513 18513 18513 18513 18315 18414 18513 18513 18513 18513 18513 18513 16830 17424 18315 18414 18513 18513 18513 18513 14685 15609 16599 17292 18315 18414 18513 18513 12375 13299 14421 15609 16665 17325 18117 18414 10725 11286 12210 13266 14388 15378 16269 16995 9801 10164 10626 11253 12144 12969 13827 14751 9174 9207 9405 9867 10329 10890 11583 12309
1 1 64 80 4 1 64 25 8646 8646 8745 8943 9207 9570 9933 10395 8217 8217 8217 8250 8382 8646 8877 9207 7821 7821 7821 7854 7953 8118 8250 8382 7524 7524 7524 7590 7656 7755 7821 7887 7326 7326 7326 7392 7425 7524 7590 7590 7227 7227 7227 7260 7326 7458 7425 7425 7128 7227 7227 7227 7326 7326 7326 7326 6930 7128 7128 7227 7227 7128 7128 7128
1 1 64 88 4 1 64 25 6831 6930 7128 7128 7029 6930 7029 7029 6633 6831 6831 6831 6732 6732 6732 6732 6435 6435 6336 6237 6138 6039 5940 5940 5940 5841 5742 5544 5346 5247 5049 4950 5742 5544 5445 5247 5148 4950 4851 4752 5742 5544 5346 5247 5148 5049 5049 4950 5874 5775 5544 5346 5148 5049 5049 5049 6171 6039 5742 5544 5247 5049 4950 4950
1 1 64 96 4 1 64 25 6501 6336 6039 5742 5346 5148 4950 4851 6798 6534 6138 5841 5544 5247 5049 4851 7227 6732 6336 6138 5742 5445 5148 4950 7623 7029 6633 6336 5841 5544 5247 5049 8019 7326 6831 6435 6039 5643 5346 5148 8514 7722 7128 6633 6237 5742 5445 5247 8910 8118 7425 6831 6336 5940 5544 5346 9504 8613 7722 7128 6534 6039 5643 5445
1 1 64 104 4 1 64 25 10197 9108 8217 7425 6732 6138 5742 5544 10989 9801 8712 7821 7029 6435 5940 5643 11979 10593 9405 8316 7425 6732 6138 5742 13068 11583 10197 9009 7920 7029 6336 5940 13959 12672 11187 9801 8514 7524 6633 6138 14454 13464 12276 10791 9405 8118 7128 6435 14553 13959 13068 11880 10296 8910 7722 6831 14157 14058 13662 12771 11385 9702 8316 7326
1 1 64 112 4 1 64 25 13563 13761 13860 13365 12276 10692 9108 7821 12771 13167 13662 13761 13068 11682 9999 8514 11781 12375 13266 13761 13662 12672 10989 9207 10890 11583 12573 13464 13959 13365 11880 9999 9999 10692 11781 12969 13959 13959 12771 10890 9306 9999 11088 12375 13761 14256 13563 11880 8811 9405 10395 11781 13365 14454 14355 12969 8217 8712 9702 11088 12771 14256 14850 13959
1 1 64 120 4 1 64 25 7425 7920 8811 10098 11880 13761 14751 14157 6831 7029 7722 9009 10890 12771 13761 13464 6336 6435 6930 8217 9900 11484 12177 11880 6138 6237 6435 7326 8613 9702 9999 9702 6138 6138 6237 6633 7326 7722 7821 7722 6237 6237 6237 6336 6435 6534 6534 6435 6534 6435 6336 6237 6138 6138 6039 6039 7425 7128 6633 6237 6039 5940 5841 5841
1 1 72 0 4 1 64 25 9405 9405 9405 9405 9405 9405 9405 9405 9108 9372 9405 9405 9405 9405 9405 9405 8613 9207 9405 9405 9405 9405 9405 9405 8712 9306 9405 9405 9405 9405 9405 9405 9174 9405 9405 9405 9405 9405 9405 9405 9306 9405 9405 9405 9405 9405 9405 9405 9174 9405 9405 9405 9405 9405 9405 9405 9207 9405 9405 9405 9405 9405 9405 9405
1 1 72 8 4 1 64 25 9273 9405 9405 9405 9405 9405 9405 9405 9306 9405 9405 9405 9405 9405 9405 9405 9405 9405 9405 9405 9405 9405 9405 9405 9405 9405 9405 9405 9405 9405 9405 9405 9405 9405 9405 9405 9405 9405 9405 9405 9405 9405 9405 9405 9405 9405 9405 9405 9405 9405 9405 9405 9405 9405 9405 9405 9405 9405 9405 9405 9405 9405 9405 9405
1 1 72 16 4 1 64 25 9405 9405 9405 9405 9405 9405 9405 9405 9405 9405 9405 9405 9405 9405 9405 9405 9405 9405 9405 9405 9405 9405 9405 9405 9405 9405 9405 9405 9405 9405 9405 9405 9405 9405 9405 9405 9405 9405 9405 9405 9405 9405 9405 9405 9405 9405 9405 9405 9108 9405 9405 9405 9405 9405 9405 9405 8415 9306 9405 9405 9438 9504 9504 9504
1 1 72 24 4 1 64 25 7524 9009 9405 9405 9603 9801 9900 9900 6534 8712 9306 9405 9636 9933 10296 10593 5841 8415 9306 9405 9504 9801 10197 10692 5643 8316 9207 9306 9405 9702 10296 10824 5742 8415 9207 9306 9405 9603 10098 10428 5940 8415 9306 9372 9405 9504 9603 9801 5940 8316 9207 9405 9405 9405 9405 9504 5841 8118 9207 9207 9009 9207 9405 9405
1 1 72 32 4 1 64 25 5841 8019 8910 8613 8316 8811 9306 9405 5643 7623 8514 8316 8118 8712 9207 9405 5544 7326 8514 8712 8712 9009 9306 9405 6732 8019 9009 9306 9207 9306 9405 9405 8019 8415 9207 9405 9405 9405 9405 9405 8613 8514 9108 9405 9405 9405 9405 9405 8910 8811 9207 9405 9405 9405 9405 9405 9306 9207 9405 9405 9405 9405 9405 9405
1 1 72 40 4 1 64 25 9405 9405 9405 9405 9405 9405 9405 9405 9405 9405 9405 9405 9405 9405 9405 9504 9405 9405 9405 9405 9405 9405 9405 9504 9405 9405 9405 9405 9405 9405 9504 9504 9405 9405 9405 9405 9405 9504 9504 9504 9405 9405 9405 9405 9405 9504 9504 9504 9405 9405 9405 9405 9405 9504 9504 9603 9405 9405 9405 9405 9405 9504 9504 9636
1 1 72 48 4 1 64 25 9405 9405 9405 9405 9405 9405 9504 9768 9405 9405 9405 9405 9405 9504 9636 10032 9405 9405 9405 9405 9537 9702 10032 10428 9405 9405 9471 9504 9801 10131 10560 11220 9603 9669 9702 9900 10230 10692 11352 12111 9999 10098 10263 10494 10956 11583 12309 13068 10758 10890 11088 11451 11946 12573 13365 14124 11682 11946 12243 12573 13134 13761 14520 15147
1 1 72 56 4 64 64 25 25 25 25 25 25 32793 32793 25 25 25 25 32793 32793 25 25 25 25 25 32793 25 25 25 25 25 32793 32793 25 25 25 25 25 32793 25 25 25 25 25 25 25 25 25 25 25 25 25 25 25 25 25 25 25 25 25 25 25 25 25 25 25 25 25 25 25 12771 13167 13497 13893 14421 15048 15642 16203 13860 14256 14751 15246 15708 16170 16632 17094 14652 15147 15741 16269 16731 17193 17490 18084 15345 15873 16533 17061 17523 18084 18315 18447 16137 16665 17226 17655 18315 18414 18513 18513 16929 17424 17820 18414 18414 18513 18513 18513 17622 18315 18414 18480 18513 18513 18513 18513 18414 18414 18513 18513 18513 18513 18513 18513
1 1 72 64 4 1 1 25 18513
1 1 72 72 4 64 64 25 25 25 25 25 25 25 25 25 25 25 25 25 25 25 25 25 25 25 25 25 25 25 25 25 25 25 25 25 25 25 25 25 25 25 25 25 25 25 25 25 25 25 25 25 25 25 25 25 49177 25 25 25 25 25 25 25 25 25 25 49177 25 25 25 18513 18513 18513 18513 18513 18513 18513 18513 18513 18513 18513 18513 18414 18513 18513 18513 18513 18513 18513 18513 18513 18513 18513 18513 18513 18513 18513 18513 18513 18513 18513 18513 18480 18513 18513 18513 18513 18513 18513 18513 17787 18315 18414 18513 18513 18513 18513 18513 15807 16599 17259 18084 18414 18480 18480 18513 13167 14157 15279 16302 17028 17556 17754 17919
1 1 72 80 4 1 64 25 11022 11682 12738 13761 14751 15543 16137 16467 9570 9966 10560 11352 12177 12969 13563 14058 8547 8745 9108 9537 10032 10593 11154 11649 7953 8019 8217 8415 8712 9009 9372 9570 7590 7623 7689 7788 7953 8052 8217 8349 7359 7326 7425 7425 7524 7623 7689 7722 7227 7161 7227 7227 7326 7326 7326 7392 7128 7029 7029 7029 7029 7029 7029 7161
1 1 72 88 4 64 64 25 25 25 25 25 25 25 25 25 25 25 25 25 25 25 25 25 25 25 25 25 25 25 25 25 25 25 25 25 25 25 25 25 25 25 25 25 25 25 25 25 25 25 25 25 49177 25 25 25 25 25 25 16409 25 25 25 25 25 25 25 25 16409 25 25 7029 7029 6996 6930 6831 6831 6930 7029 6732 6831 6831 6831 6732 6732 6831 6930 5940 6039 6237 6336 6336 6435 6534 6633 4917 4917 5049 5148 5247 5445 5742 5973 4554 4356 4158 4059 4059 4158 4356 4752 4653 4356 4059 3762 3663 3564 3663 3861 4851 4554 4158 3861 3564 3465 3366 3465 4950 4752 4356 4059 3762 3465 3366 3267
1 1 72 96 4 64 64 25 25 25 25 25 25 16409 25 25 25 25 25 25 25 25 16409 25 25 25 25 25 25 25 25 25 25 25 25 25 25 25 25 25 25 25 25 25 25 25 25 25 25 25 25 25 25 25 25 25 25 25 25 25 25 25 25 25 25 25 25 25 25 25 25 4851 4851 4653 4356 3960 3663 3465 3267 4851 4851 4851 4653 4356 3960 3564 3366 4851 4851 4851 4851 4653 4356 3960 3564 4851 4851 4851 4851 4752 4554 4356 3960 4950 4851 4851 4752 4653 4554 4554 4257 5049 4950 4851 4752 4752 4653 4653 4554 5148 4950 4851 4752 4752 4653 4653 4653 5247 5049 4851 4752 4653 4653 4653 4653
1 1 72 104 4 1 64 25 5346 5148 4950 4851 4752 4653 4653 4554 5445 5247 5049 4950 4752 4653 4653 4554 5544 5445 5148 4950 4752 4653 4653 4554 5643 5544 5346 5148 4950 4752 4653 4554 5742 5544 5346 5148 4950 4752 4653 4554 5940 5643 5445 5148 5049 4851 4653 4554 6237 5742 5445 5247 5049 4851 4752 4653 6435 5940 5544 5346 5049 4950 4752 4653
1 1 72 112 4 1 64 25 6831 6138 5742 5346 5049 4950 4752 4653 7227 6435 5940 5544 5148 4950 4752 4554 7722 6732 6138 5742 5346 5049 4653 4455 8316 7227 6435 5940 5643 5148 4653 4356 9108 7821 6930 6237 5841 5148 4554 4158 9999 8415 7326 6534 6039 5346 4554 3960 10989 9108 7821 6930 6237 5445 4554 3861 11979 9900 8316 7227 6336 5544 4653 3762
1 1 72 120 4 64 64 25 25 25 25 25 25 25 16409 25 25 25 25 25 25 25 25 25 25 25 25 25 25 25 25 25 25 25 25 25 25 25 25 25 25 25 25 25 25 25 25 25 25 25 25 25 25 25 25 25 25 25 25 25 25 25 25 25 25 25 25 25 25 25 25 12474 10494 8910 7722 6633 5643 4653 3663 12276 10791 9405 8217 7029 5940 4851 3762 11187 10395 9504 8613 7524 6435 5148 3861 9405 9207 9009 8613 7821 6831 5544 4158 7623 7722 8019 8118 7821 7029 5841 4455 6435 6534 6831 7227 7326 7029 5940 4554 5940 5841 5940 6237 6633 6633 5940 4752 5643 5445 5346 5544 5940 6138 5742 4851
1 1 80 0 4 1 64 25 9405 9405 9504 9801 10395 11286 12177 12969 9405 9504 9504 9702 10197 10989 11880 12738 9405 9504 9504 9603 10098 10692 11484 12375 9405 9405 9438 9603 9900 10395 11088 11979 9405 9405 9405 9504 9735 10131 10692 11484 9405 9405 9405 9504 9603 9900 10296 10890 9405 9405 9405 9405 9504 9702 9933 10296 9405 9405 9405 9405 9405 9504 9603 9834
1 1 80 8 4 1 64 25 9405 9405 9405 9405 9405 9405 9504 9537 9405 9405 9405 9405 9405 9405 9405 9405 9405 9405 9405 9405 9405 9405 9405 9405 9405 9405 9405 9405 9405 9405 9405 9438 9405 9405 9405 9405 9405 9405 9405 9405 9405 9405 9405 9405 9405 9306 9306 9306 9405 9405 9405 9405 9372 9306 9306 9405 9405 9405 9405 9405 9306 9306 9405 9438
1 1 80 16 4 1 64 25 9405 9405 9405 9306 9306 9405 9471 9504 9405 9405 9306 9306 9306 9405 9405 9405 9405 9405 9306 9306 9405 9372 9372 9405 9405 9405 9405 9405 9405 9405 9405 9504 9405 9405 9405 9405 9405 9504 9603 9636 9405 9405 9405 9405 9405 9504 9603 9801 9405 9405 9405 9405 9504 9702 9900 10197 9504 9405 9405 9603 9900 10296 10659 11088
1 1 80 24 4 1 64 25 9801 9603 9537 9933 10560 10956 11055 11154 10494 10098 9834 10329 10989 10791 10395 10494 11022 10824 10527 10824 11022 10395 9999 10263 11220 11220 11022 11022 10725 9999 9900 10296 10626 10527 10395 10230 9933 9702 9900 10395 9801 9702 9702 9603 9504 9603 9900 10494 9504 9504 9405 9405 9405 9504 9900 10494 9405 9405 9306 9306 9405 9504 9900 10494
1 1 80 32 4 1 64 25 9405 9405 9306 9306 9405 9504 9867 10428 9405 9405 9306 9306 9438 9537 9801 10395 9405 9405 9405 9405 9504 9603 9834 10329 9405 9405 9405 9405 9504 9636 9900 10428 9405 9405 9405 9504 9537 9702 9999 10560 9405 9504 9504 9504 9603 9801 10197 10857 9405 9504 9504 9504 9702 9999 10527 11319 9504 9504 9504 9603 9834 10197 10923 11781
1 1 80 40 4 1 64 25 9504 9504 9603 9702 9999 10494 11220 12210 9504 9603 9702 9834 10197 10692 11583 12672 9504 9669 9801 9999 10461 11187 12045 13167 9603 9702 9900 10197 10791 11517 12507 13596 9603 9801 10032 10527 11187 12012 13068 14157 9636 9900 10263 10824 11616 12606 13662 14718 9702 10032 10527 11220 12210 13266 14322 15246 9834 10263 10956 11847 12837 13893 14850 15741
1 1 80 48 4 64 64 25 25 25 25 25 25 25 25 25 25 25 25 25 25 25 49177 25 25 25 25 25 25 25 32793 25 25 25 25 25 25 32793 25 25 25 25 25 25 32793 25 25 25 25 25 25 32793 25 25 25 25 25 25 32793 25 25 25 25 25 32793 32793 25 25 25 25 25 10098 10626 11484 12408 13464 14487 15345 16071 10527 11187 12045 13068 14124 15048 15840 16434 11187 11946 12870 13827 14751 15543 16236 16830 11880 12870 13728 14619 15411 16137 16731 17226 12870 13761 14553 15312 16005 16632 17127 17589 13860 14586 15279 15939 16533 17061 17523 17886 14784 15444 15939 16434 17028 17490 18117 18414 15675 16203 16632 17028 17490 18117 18414 18513
1 1 80 56 4 64 64 32793 25 25 25 25 25 25 25 25 25 25 25 25 25 25 25 25 25 25 25 25 25 25 25 25 25 25 25 25 25 25 25 25 25 25 25 25 25 25 25 25 25 25 25 25 25 25 25 25 25 25 25 25 25 25 25 25 25 25 25 25 25 25 25 16632 16929 17259 17622 18117 18414 18513 18513 17424 17622 18117 18315 18414 18513 18513 18513 18315 18414 18414 18513 18513 18513 18513 18513 18513 18513 18513 18513 18513 18513 18513 18513 18513 18513 18513 18513 18513 18513 18513 18513 18513 18513 18513 18513 18513 18513 18513 18513 18513 18513 18513 18513 18513 18513 18513 18513 18513 18513 18513 18513 18513 18513 18513 18513
1 1 80 64 4 1 1 25 18513
1 1 80 72 4 1 64 25 18513 18513 18513 18513 18513 18513 18513 18513 18513 18513 18513 18513 18513 18513 18513 18513 18513 18513 18513 18513 18513 18513 18513 18414 18513 18513 18513 18513 18513 18513 18513 18513 18513 18513 18513 18513 18513 18513 18513 18513 18513 18513 18513 18513 18513 18513 18513 18513 18513 18513 18513 18513 18513 18480 18513 18414 18315 18315 18348 18348 18414 18150 17754 17325
1 1 80 80 4 1 64 25 16698 16764 16863 16830 16698 16467 16005 15345 14421 14553 14586 14553 14421 14091 13563 12969 11880 12111 12144 12144 12012 11616 11220 10725 9900 10032 10131 10032 9966 9702 9405 9141 8514 8613 8745 8646 8547 8382 8184 8085 7821 7854 7854 7854 7821 7755 7656 7458 7425 7491 7425 7458 7425 7425 7326 7227 7326 7326 7326 7227 7227 7128 7062 6930
1 1 80 88 4 64 64 25 25 25 25 25 25 25 25 25 25 25 25 25 25 25 25 25 25 25 25 25 25 25 25 25 25 25 25 25 25 25 25 25 25 25 25 25 25 25 25 25 25 25 25 25 25 25 25 25 49177 25 25 25 25 25 25 25 25 49177 25 25 25 16409 25 7194 7227 7227 7128 7095 6930 6831 6633 6930 6930 6930 6930 6831 6633 6435 6138 6732 6732 6732 6732 6534 6237 5940 5445 6237 6435 6435 6435 6204 5841 5280 4653 5247 5643 5940 5973 5808 5346 4554 3861 4059 4455 4752 5148 5247 4752 3960 3168 3465 3564 3762 4224 4620 4323 3564 2772 3267 3267 3366 3564 3960 3960 3267 2574
1 1 80 96 4 64 64 25 25 25 25 25 25 25 25 25 25 25 25 25 25 25 25 16409 25 25 25 25 25 25 25 25 16409 25 25 25 25 25 25 25 25 16409 25 25 25 25 25 25 25 25 16409 25 25 25 25 25 25 25 16409 25 25 25 25 25 25 25 25 16409 25 25 25 3168 3168 3168 3267 3465 3465 3069 2475 3168 3069 3069 3069 3069 2970 2574 2178 3366 3168 3069 3069 2871 2772 2376 1980 3564 3267 3069 2970 2871 2772 2277 1881 3960 3564 3267 2970 2871 2673 2277 1881 4356 3960 3564 3168 2871 2673 2376 1881 4554 4257 3861 3465 3069 2772 2475 1980 4554 4356 4158 3762 3267 2871 2574 2178
1 1 80 104 4 64 64 25 25 25 25 16409 25 25 25 25 25 25 25 25 16409 25 25 25 25 25 25 25 16409 25 25 25 25 25 25 25 16409 25 25 25 25 25 25 25 16409 25 25 25 25 25 25 25 16409 25 25 25 25 25 25 25 16409 25 25 25 25 25 25 25 16409 25 25 4554 4455 4257 3960 3465 3069 2673 2376 4455 4455 4356 4158 3762 3267 2772 2475 4455 4455 4356 4257 3861 3366 2772 2475 4554 4455 4356 4257 3960 3366 2772 2376 4554 4455 4257 4158 3960 3366 2772 2376 4455 4356 4356 4257 3960 3465 2871 2376 4554 4455 4356 4257 3960 3465 2772 2277 4554 4554 4356 4158 3960 3465 2772 2277
1 1 80 112 4 64 64 25 25 25 25 25 16409 25 25 25 25 25 25 25 25 25 25 25 25 25 25 16409 25 25 25 25 25 25 25 25 25 25 25 25 25 25 25 25 25 25 25 25 25 25 25 25 25 25 25 16409 25 25 25 25 25 25 25 25 25 25 25 25 25 25 25 4455 4455 4257 4158 3861 3366 2673 2178 4455 4356 4257 4059 3762 3366 2673 2079 4356 4257 4158 3861 3663 3267 2574 1980 4257 4059 3960 3762 3564 3168 2475 1980 4059 3861 3762 3564 3366 3069 2475 1881 3663 3564 3465 3366 3168 2871 2277 1782 3465 3267 3168 2970 2871 2673 2277 1782 3168 2970 2871 2772 2673 2574 2277 1683
1 1 80 120 4 64 64 25 25 25 25 25 25 25 25 16409 25 25 25 25 25 25 25 16409 25 25 25 25 25 25 25 16409 25 25 25 25 25 25 25 16409 25 25 25 25 25 25 25 16409 25 25 25 25 25 25 25 16409 25 25 25 25 25 25 25 16409 25 25 25 25 25 25 25 3069 2772 2673 2574 2574 2475 2178 1683 2871 2574 2574 2475 2475 2376 2079 1584 2871 2475 2376 2277 2277 2178 1980 1485 2970 2475 2277 2178 2277 2178 1881 1386 3069 2475 2178 2178 2178 2178 1881 1386 3168 2475 2178 2178 2178 2079 1782 1386 3366 2376 2079 2079 2079 1980 1782 1287 3465 2376 2079 2079 2079 1980 1782 1287
1 1 88 0 4 64 64 25 25 25 25 25 25 25 49177 25 25 25 25 25 25 25 25 25 25 25 25 25 25 25 25 25 25 25 25 25 25 25 25 25 25 25 25 25 25 25 25 25 25 25 25 25 25 25 25 25 25 25 25 25 25 25 25 25 25 25 25 25 25 25 25 13563 13860 13860 13695 13695 13860 14355 15246 13365 13662 13662 13497 13464 13563 13959 14718 13035 13365 13497 13431 13266 13365 13662 14256 12573 13035 13167 13167 13068 13167 13365 13926 12078 12474 12672 12672 12672 12771 13068 13596 11484 11847 11979 11979 11979 12177 12606 13299 10791 11088 11088 11187 11286 11583 12111 12903 10098 10296 10395 10494 10692 11088 11649 12408
1 1 88 8 4 1 64 25 9636 9768 9900 9999 10296 10692 11286 12111 9405 9438 9537 9702 9966 10395 11121 11979 9306 9306 9405 9537 9801 10329 11055 12012 9339 9306 9339 9504 9801 10362 11088 12078 9306 9306 9405 9537 9900 10428 11187 12177 9306 9405 9405 9603 9999 10593 11385 12375 9405 9405 9504 9735 10197 10857 11649 12573 9405 9438 9603 9966 10494 11187 12078 12969
1 1 88 16 4 1 64 25 9405 9570 9801 10197 10890 11682 12606 13563 9405 9669 10032 10593 11385 12276 13266 14091 9537 9834 10296 10890 11847 12870 13761 14619 9702 10032 10593 11319 12342 13365 14157 15015 9867 10296 10890 11682 12672 13662 14487 15180 10098 10626 11319 12144 13101 13959 14652 15345 10659 11220 11913 12639 13530 14256 14817 15444 11418 11814 12408 13068 13926 14652 15114 15642
1 1 88 24 4 1 64 25 11385 11781 12474 13365 14190 14850 15345 15807 10956 11649 12573 13629 14388 14982 15444 15939 10890 11748 12837 13695 14421 15081 15543 16038 10989 11979 13035 13827 14454 14982 15543 16137 11187 12177 13167 13860 14454 14949 15543 16137 11286 12309 13167 13860 14421 14949 15543 16137 11319 12342 13233 13860 14421 14949 15543 16104 11286 12342 13233 13860 14388 14949 15444 16038
1 1 88 32 4 64 64 25 25 25 25 25 25 25 25 25 25 25 25 25 25 25 25 25 25 25 25 25 25 25 25 25 25 25 25 25 25 25 25 25 25 25 25 25 25 25 25 25 25 25 25 25 25 25 25 25 25 25 25 25 25 25 49177 25 25 25 25 25 25 25 32793 11187 12210 13134 13860 14454 14949 15444 15972 11088 12078 13068 13860 14454 14949 15444 16038 11022 11979 12969 13827 14454 14949 15477 16038 11088 12078 12969 13860 14553 15048 15543 16137 11385 12276 13167 14025 14652 15180 15741 16236 11682 12639 13563 14256 14883 15378 15906 16434 12243 13167 13959 14652 15180 15675 16137 16632 12804 13662 14454 15048 15477 15972 16434 16929
1 1 88 40 4 64 64 25 25 25 25 25 25 32793 25 25 25 25 25 25 32793 25 25 25 25 25 25 32793 25 25 25 25 25 25 32793 25 25 25 25 25 25 32793 25 25 25 25 25 25 49177 25 25 25 25 25 25 25 32793 25 25 25 25 25 25 49177 25 25 25 25 25 25 25 13266 14190 14883 15444 15873 16335 16830 17226 13695 14652 15345 15939 16335 16731 17127 17523 14190 15114 15840 16335 16797 17127 17424 17754 14652 15576 16269 16797 17193 17523 17721 18315 15147 16005 16632 17160 17523 17820 18315 18414 15609 16401 17028 17490 17820 18018 18414 18513 16071 16764 17325 17754 18315 18447 18513 18513 16434 17061 17622 18018 18414 18513 18513 18513
1 1 88 48 4 64 64 32793 25 25 25 25 25 25 25 25 25 25 25 25 25 25 25 25 25 25 25 25 25 25 25 25 25 25 25 25 25 25 25 25 25 25 25 25 25 25 25 25 25 25 25 25 25 25 25 25 25 25 25 25 25 25 25 25 25 25 25 25 25 25 25 16731 17325 17820 18150 18513 18513 18513 18513 17028 17523 18315 18414 18513 18513 18513 18513 17325 17820 18414 18513 18513 18513 18513 18513 17655 18315 18414 18513 18513 18513 18513 18513 18315 18414 18513 18513 18513 18513 18513 18513 18414 18513 18513 18513 18513 18513 18513 18513 18513 18513 18513 18513 18513 18513 18513 18513 18513 18513 18513 18513 18513 18513 18513 18513
1 1 88 56 4 1 1 25 18513
1 1 88 64 4 1 64 25 18513 18513 18513 18513 18513 18513 18513 18513 18513 18513 18513 18513 18513 18513 18513 18513 18513 18513 18513 18513 18513 18513 18513 18513 18513 18513 18513 18513 18513 18513 18513 18513 18513 18513 18513 18513 18513 18513 18513 18513 18513 18513 18513 18513 18513 18513 18513 18513 18513 18513 18513 18513 18513 18513 18513 18447 18513 18513 18513 18513 18513 18513 18513 17985
1 1 88 72 4 64 64 25 25 25 25 25 25 25 25 25 25 25 25 25 25 25 16409 25 25 25 25 25 25 25 25 25 25 25 25 25 25 25 25 25 25 25 25 25 25 25 25 25 25 25 25 25 25 25 25 25 25 25 25 25 25 25 25 25 25 25 25 25 25 25 25 18513 18513 18513 18513 18513 18513 18447 17556 18513 18513 18513 18513 18513 18480 18315 16830 18414 18513 18513 18513 18513 18414 17292 15774 18513 18513 18513 18447 18348 17490 16137 14421 18513 18513 18513 18348 17358 16137 14586 12837 18513 18480 18315 17160 16005 14388 12738 11187 18315 17754 16863 15543 14058 12540 11022 9735 16797 15906 14850 13464 11979 10593 9504 8646
1 1 88 80 4 1 64 25 14652 13662 12573 11319 10098 9174 8415 8019 12177 11385 10461 9603 8778 8085 7755 7524 10065 9471 8811 8316 7854 7557 7392 7326 8745 8283 7887 7491 7194 7128 7128 7128 7821 7590 7260 7128 6930 6930 6831 6930 7326 7161 6963 6831 6732 6732 6633 6633 7128 6930 6732 6534 6336 6336 6237 6138 6831 6534 6237 6039 5841 5643 5445 5148
1 1 88 88 4 1 64 25 6336 6039 5643 5346 5049 4686 4290 3960 5742 5247 4851 4455 3960 3564 3267 2970 4851 4356 3861 3465 3069 2772 2475 2277 3960 3465 2970 2673 2376 2178 2079 1980 3168 2673 2376 2178 1980 1980 1881 1881 2673 2277 1980 1881 1881 1980 1980 2079 2277 1980 1881 1881 1980 2079 2178 2178 2178 1980 1980 1980 1980 1980 1980 1980
1 1 88 96 4 1 64 25 2079 1881 1881 1881 1782 1782 1683 1683 1980 1881 1782 1683 1683 1683 1683 1485 1782 1782 1683 1683 1683 1584 1584 1386 1683 1683 1683 1584 1584 1584 1485 1386 1683 1584 1584 1485 1485 1485 1386 1386 1683 1584 1485 1485 1386 1287 1287 1287 1584 1485 1386 1386 1386 1287 1287 1287 1683 1485 1386 1386 1386 1386 1287 1188
1 1 88 104 4 1 64 25 1881 1485 1287 1287 1287 1287 1188 1287 2079 1683 1386 1287 1188 1089 1089 1188 2178 1782 1386 1287 1188 1089 1089 1089 2178 1881 1485 1188 1089 1089 1089 1089 2079 1881 1485 1188 990 990 1089 1089 1980 1881 1584 1188 990 990 990 990 1980 1881 1683 1287 1089 990 990 1089 1881 1782 1782 1485 1188 1089 990 990
1 1 88 112 4 1 64 25 1881 1782 1782 1584 1287 1089 990 891 1782 1683 1683 1584 1386 1089 891 891 1683 1683 1584 1485 1386 1089 891 792 1584 1485 1485 1485 1485 1287 1089 891 1584 1386 1386 1386 1386 1386 1287 990 1485 1386 1386 1386 1287 1287 1287 990 1485 1386 1386 1287 1287 1188 1188 1089 1386 1386 1386 1188 1188 1188 1188 1089
1 1 88 120 4 1 64 25 1386 1287 1188 1188 1188 1089 1089 1089 1287 1287 1188 1188 1089 1089 1089 1089 1188 1188 1089 1089 990 990 990 1089 1188 1089 990 1089 1089 1089 990 1089 1089 1089 990 990 1089 1089 1089 990 1089 990 990 1089 1089 1089 1089 990 1089 1089 990 990 990 1089 990 891 1089 990 990 990 990 990 891 891
1 1 96 0 4 64 64 25 25 25 25 25 25 25 25 49177 25 25 25 25 25 25 25 49177 25 25 25 25 25 25 25 25 49177 25 25 25 25 25 25 25 25 49177 25 25 25 25 25 25 25 49177 25 25 25 25 25 25 25 25 49177 25 25 25 25 25 25 25 49177 25 25 25 25 16467 17919 19602 21384 22869 23958 25047 25245 15741 17127 18612 20295 21780 23067 24057 25146 15213 16335 17721 19206 20625 21945 23298 24750 14751 15741 16962 18315 19602 20988 22440 23925 14355 15246 16302 17490 18711 20097 21681 23463 14058 14817 15675 16731 17820 19305 21087 23067 13662 14355 15147 16137 17226 18612 20493 22737 13266 14025 14850 15741 16830 18216 20262 22638
1 1 96 8 4 64 64 25 25 25 49177 25 25 25 25 25 25 25 49177 25 25 25 25 25 25 25 49177 25 25 25 25 25 25 25 49177 25 25 25 25 25 25 25 49177 25 25 25 25 25 25 25 32793 25 25 25 25 25 25 49177 25 25 25 25 25 25 25 49177 25 25 25 25 25 12969 13860 14718 15675 16731 18117 20163 22539 12969 13926 14850 15807 16896 18183 19965 22077 13101 14223 15147 16137 17160 18216 19602 21285 13233 14421 15444 16401 17391 18216 19239 20493 13365 14520 15477 16566 17457 18249 18942 19932 13464 14586 15543 16632 17556 18249 18777 19470 13563 14652 15642 16665 17622 18249 18645 19272 13860 14850 15807 16797 17688 18282 18645 19074
1 1 96 16 4 64 64 25 25 49177 25 25 25 25 25 25 25 49177 25 25 25 25 25 25 25 32793 25 25 25 25 25 25 49177 25 25 25 25 25 25 25 49177 25 25 25 25 25 25 25 49177 25 25 25 25 25 25 25 32793 25 25 25 25 25 25 49177 25 25 25 25 25 25 25 14355 15147 16038 16929 17787 18414 18777 19041 14850 15543 16335 17127 17886 18480 18843 19008 15279 15939 16632 17325 18051 18546 18777 18876 15642 16335 16962 17622 18183 18579 18744 18711 15840 16533 17226 17820 18315 18645 18711 18612 16005 16731 17424 17919 18414 18711 18843 18744 16137 16830 17523 18117 18612 18909 19041 19074 16236 16929 17622 18282 18777 19140 19404 19602
1 1 96 24 4 64 64 49177 25 25 25 25 25 25 25 49177 25 25 25 25 25 25 25 49177 25 25 25 25 25 25 25 49177 25 25 25 25 25 25 25 49177 25 25 25 25 25 25 25 49177 25 25 25 25 25 25 25 49177 25 25 25 25 25 25 25 49177 25 25 25 25 25 25 25 16434 17094 17787 18480 18975 19437 19833 20262 16599 17292 17985 18678 19239 19767 20328 20922 16731 17424 18183 18876 19503 20130 20823 21615 16731 17523 18282 19008 19701 20493 21285 22176 16731 17523 18315 19107 19899 20691 21681 22605 16731 17424 18216 19107 19965 20856 21846 22935 16731 17424 18216 19041 19965 20856 21879 22869 16632 17358 18117 18975 19866 20757 21714 22803
1 1 96 32 4 64 64 49177 25 25 25 25 25 25 25 49177 25 25 25 25 25 25 25 49177 25 25 25 25 25 25 25 49177 25 25 25 25 25 25 25 49177 25 25 25 25 25 25 25 32793 25 25 25 25 25 25 25 25 25 25 25 25 25 25 25 25 25 25 25 25 25 25 25 16632 17292 18051 18876 19701 20559 21384 22275 16632 17259 17952 18744 19503 20196 20922 21582 16632 17259 17952 18645 19272 19833 20394 20889 16731 17325 17952 18579 19041 19470 19866 20229 16830 17424 17952 18447 18843 19107 19404 19734 17028 17523 17952 18513 18513 18612 18744 18909 17226 17655 18051 18480 18513 18513 18513 18513 17424 17820 18117 18414 18513 18513 18513 18513
1 1 96 40 4 1 64 25 17655 18051 18414 18447 18414 18513 18513 18513 17886 18414 18414 18513 18513 18513 18513 18513 18315 18414 18513 18513 18513 18513 18513 18513 18447 18513 18513 18513 18513 18513 18513 18513 18513 18513 18513 18513 18513 18513 18513 18513 18513 18513 18513 18513 18513 18513 18513 18513 18513 18513 18513 18513 18513 18513 18513 18513 18513 18513 18513 18513 18513 18513 18513 18513
1 1 96 48 4 1 1 25 18513
1 1 96 56 4 64 64 25 25 25 25 25 25 25 25 25 25 25 25 25 25 25 25 25 25 25 25 25 25 25 25 25 25 25 25 25 25 25 25 25 25 25 25 25 25 16409 25 25 25 25 25 25 25 25 25 25 25 25 25 25 25 25 25 25 25 25 16409 25 25 25 25 18513 18513 18513 18513 18513 18513 18513 18513 18513 18513 18513 18513 18513 18513 18513 18315 18513 18513 18513 18513 18513 18513 18414 17358 18513 18513 18513 18513 18513 18414 17655 16005 18513 18513 18513 18513 18447 17721 16137 14289 18513 18513 18513 18414 17490 16137 14091 12210 18513 18513 18447 17556 16071 14091 12111 10362 18513 18513 18150 16599 14421 12243 10428 9009
1 1 96 64 4 64 64 25 25 25 25 25 25 25 25 25 25 16409 25 25 25 25 25 25 25 16409 25 25 25 25 25 25 25 25 25 25 25 25 25 25 16409 25 25 25 25 25 25 25 16409 25 25 25 25 25 25 25 25 25 25 25 25 25 25 16409 25 25 25 25 25 25 25 18513 18480 17292 15279 12870 10791 9174 8019 18513 18315 16599 14256 11847 9834 8316 7392 18513 17919 15939 13497 11022 9141 7854 7029 18480 17457 15543 12870 10461 8712 7458 6732 18414 17127 15015 12408 10065 8382 7161 6534 18150 16599 14355 11880 9636 8019 6930 6534 17457 15840 13662 11286 9306 7821 6864 6435 16830 14982 12870 10725 8910 7656 6864 6468
1 1 96 72 4 1 64 25 16038 14190 12078 10164 8514 7392 6732 6501 15081 13167 11253 9603 8184 7260 6765 6534 13893 12045 10329 8811 7788 7161 6798 6666 12573 10890 9405 8382 7590 7095 6930 6831 11220 9801 8679 7920 7359 7128 7128 7062 9900 8877 8151 7557 7359 7227 7227 7161 8811 8151 7656 7524 7425 7392 7326 7227 8052 7689 7524 7524 7524 7458 7326 7194
1 1 96 80 4 1 64 25 7689 7524 7524 7623 7557 7524 7260 7029 7425 7425 7524 7623 7557 7359 7128 6765 7326 7392 7524 7623 7491 7227 6930 6435 7260 7359 7425 7425 7227 6930 6534 5940 7029 7128 7128 7095 6831 6534 5940 5247 6699 6633 6633 6435 6138 5742 5247 4455 6006 5841 5643 5445 5148 4752 4158 3465 4950 4653 4356 4059 3762 3465 3069 2673
1 1 96 88 4 1 64 25 3663 3366 3069 2871 2574 2475 2277 2079 2673 2376 2178 2079 1980 1881 1881 1782 2079 1980 1782 1683 1683 1683 1584 1584 1881 1782 1782 1683 1584 1584 1485 1485 1881 1881 1782 1683 1584 1485 1485 1485 2079 1881 1683 1485 1386 1386 1386 1386 2079 1782 1584 1386 1386 1386 1386 1485 1782 1584 1485 1386 1485 1485 1386 1386
1 1 96 96 4 1 64 25 1584 1584 1485 1386 1386 1386 1287 1287 1485 1485 1386 1287 1287 1287 1188 1287 1386 1485 1386 1287 1287 1188 1188 1287 1386 1287 1287 1287 1188 1089 1188 1188 1287 1188 1287 1188 1089 1089 1188 1188 1188 1188 1188 1188 1188 1188 1089 990 1188 1188 1188 1188 1089 1089 990 990 1188 1188 1089 1188 1089 1089 990 1089
1 1 96 104 4 1 64 25 1188 1089 1089 1089 1089 990 990 990 1089 1089 1089 990 990 891 891 891 990 990 1089 990 891 891 891 891 1089 1089 1089 990 891 891 891 891 1089 990 990 990 891 891 891 891 990 990 891 891 990 990 891 891 990 990 891 891 891 891 792 891 891 891 792 891 792 792 792 891
1 1 96 112 4 1 64 25 891 792 792 891 891 792 891 891 891 891 792 891 792 792 792 792 792 792 792 891 891 792 792 792 792 792 792 792 792 792 693 792 792 891 792 693 693 792 693 792 792 792 792 792 792 792 792 693 891 792 792 792 792 792 693 792 990 792 693 792 792 693 693 693
1 1 96 120 4 1 64 25 990 792 693 693 792 693 693 693 1089 891 693 693 693 792 693 693 1089 990 792 693 792 792 693 693 990 990 792 693 693 693 693 693 990 891 693 693 693 693 693 693 891 891 693 693 693 693 693 693 891 792 693 693 693 693 693 594 891 693 693 693 594 594 594 594
1 1 104 0 4 1 64 25 25245 25245 25179 25245 25245 25245 25245 24783 25245 25245 25146 25146 25245 25245 25245 25146 25245 25245 25047 25047 25245 25245 25245 25146 25146 25245 24948 24948 25146 25245 25245 25212 25047 25146 25047 24354 25047 25245 25245 25245 24519 24948 24750 24552 25047 25146 25245 25245 24420 24981 24981 25146 25146 25146 25245 25245 24387 24981 25179 25245 25245 25245 25212 25245
1 1 104 8 4 1 64 25 24288 24882 25179 25245 25245 25245 25245 25245 23760 24585 24981 25080 25245 25245 25212 25245 22803 23892 24585 25179 25245 25245 25245 25245 21813 23034 24024 25146 25245 25245 25245 25212 21021 22209 23397 24783 25146 25245 25245 25146 20427 21516 22803 24090 25047 25179 25146 24783 19998 21087 22407 23826 24651 24948 24849 23958 19701 20691 22110 23595 24585 24882 24651 23364
1 1 104 16 4 64 64 25 25 25 25 25 25 25 25 25 25 25 25 25 25 25 25 25 25 25 25 25 25 25 25 25 25 25 25 25 25 25 25 25 25 25 25 25 25 25 25 25 25 25 25 25 32793 32793 25 25 25 25 25 25 25 25 16409 25 25 25 25 25 25 25 25 19503 20394 21714 23298 24288 24585 24057 22473 19305 19899 21021 22407 23364 23595 22869 21087 18942 19173 19866 20823 21582 21714 20757 19008 18546 18447 18711 19173 19536 19437 18546 17028 18348 17985 17754 17820 17919 17622 16830 15675 18414 17919 17523 17424 17226 16830 16137 15213 18810 18513 18150 17919 17622 17226 16665 15774 19569 19437 19206 19107 18909 18513 17985 17127
1 1 104 24 4 1 64 25 20460 20559 20592 20592 20592 20394 19800 19008 21384 21681 21879 22077 22176 22077 21648 20856 22176 22704 23067 23364 23562 23463 23166 22473 22935 23529 24024 24354 24453 24453 24255 23661 23463 24156 24651 24849 24915 24948 24849 24420 23760 24552 24948 25146 25146 25146 25047 24750 23958 24651 25047 25146 25146 25146 25146 24750 23760 24618 25014 25146 25146 25146 25047 24552
1 1 104 32 4 64 64 25 25 25 25 25 25 25 25 25 25 25 25 25 25 25 25 25 25 25 25 25 25 25 25 25 25 25 25 25 25 25 25 25 25 25 25 25 25 25 25 25 25 25 25 25 25 25 25 25 25 25 25 25 25 16409 25 25 25 25 25 25 25 16409 25 23298 24156 24750 24948 25047 24948 24750 23958 22407 23265 23958 24354 24453 24255 23760 22671 21384 21978 22572 22869 22869 22572 21978 20691 20493 20592 20691 20790 20691 20295 19602 18315 19635 19503 19107 18711 18612 18117 17325 16236 18711 18513 18513 18315 17622 17028 15939 14652 18513 18513 18513 18414 18315 17226 16038 14256 18513 18513 18513 18513 18513 18315 16731 14553
1 1 104 40 4 64 64 25 25 25 25 25 25 25 16409 25 25 25 25 25 25 25 16409 25 25 25 25 25 25 25 25 25 25 25 25 25 25 16409 25 25 25 25 25 25 25 16409 25 25 25 25 25 25 25 25 25 25 25 25 25 25 16409 25 25 25 25 25 25 25 25 25 25 18513 18513 18513 18513 18513 18513 17424 15048 18513 18513 18513 18513 18513 18513 17853 15708 18513 18513 18513 18513 18513 18447 17589 15609 18513 18513 18513 18513 18513 18315 17193 15213 18513 18513 18513 18513 18480 18084 16599 14553 18513 18513 18513 18513 18414 17358 15873 13827 18513 18513 18513 18480 17754 16731 15213 13101 18513 18513 18513 18447 17490 16236 14454 12375
1 1 104 48 4 64 64 25 25 25 25 16409 25 25 25 25 25 25 25 16409 25 25 25 25 25 25 25 25 25 25 25 25 25 25 16409 25 25 25 25 25 25 25 16409 25 25 25 25 25 25 25 25 25 25 25 25 25 25 16409 25 25 25 25 25 25 25 25 25 25 25 25 25 18513 18513 18513 18117 17127 15576 13728 11682 18513 18513 18513 17919 16632 15015 13002 10989 18513 18513 18447 17490 16104 14256 12276 10362 18513 18513 18051 17061 15444 13530 11550 9702 18513 18480 17754 16533 14751 12738 10758 9009 18513 18480 17259 15774 13860 11913 10032 8448 18513 18315 16698 14949 13002 11088 9339 7953 18447 17193 15840 13992 12078 10263 8745 7557
1 1 104 56 4 64 64 25 16409 25 25 25 25 25 25 25 25 25 25 25 25 25 25 25 25 25 25 25 25 25 25 25 25 25 25 25 25 25 25 25 25 25 25 25 25 25 25 25 25 25 25 25 25 25 25 25 25 25 25 25 25 25 25 25 25 25 25 25 25 25 25 17721 16467 14718 12870 11055 9471 8118 7095 16962 15312 13464 11682 10065 8646 7590 6765 15873 13893 12078 10461 9075 7920 7029 6534 14190 12276 10560 9273 8184 7293 6699 6303 12276 10659 9273 8217 7425 6798 6435 6138 10494 9207 8184 7425 6897 6567 6270 6039 9042 8118 7326 6765 6501 6336 6237 6039 7986 7227 6732 6435 6270 6204 6138 6039
1 1 104 64 4 1 64 25 7194 6732 6369 6204 6072 6039 6039 5940 6798 6336 6171 6039 5940 5940 5940 5841 6534 6237 6039 5940 5907 5841 5775 5742 6336 6105 5907 5841 5841 5742 5643 5643 6237 6039 5907 5775 5742 5742 5643 5742 6237 6039 5874 5775 5742 5742 5742 5643 6237 6072 5907 5841 5841 5841 5742 5544 6303 6138 5973 5940 5907 5940 5742 5346
1 1 104 72 4 64 64 25 25 25 25 25 25 25 25 25 25 25 25 25 25 25 25 25 25 25 25 25 25 25 25 25 25 25 25 25 25 25 25 25 25 25 25 25 25 25 25 25 25 25 25 25 25 25 25 25 25 25 25 25 25 25 25 25 25 25 25 25 25 16409 25 6336 6237 6138 6138 6039 5940 5643 5148 6435 6435 6435 6336 6237 6039 5643 4950 6633 6633 6633 6534 6435 6138 5544 4752 6831 6831 6831 6765 6534 6138 5346 4521 7029 7062 7062 6930 6567 5940 5049 4059 7128 7161 7128 6864 6336 5544 4455 3465 7194 7194 7029 6633 5841 4851 3762 2970 7128 6996 6633 5940 5049 3960 3069 2475
1 1 104 80 4 1 64 25 6831 6534 6006 5148 4059 3168 2475 2178 6435 5907 5148 4059 3168 2574 2178 1980 5874 5148 4158 3267 2574 2178 1980 1881 5247 4257 3366 2673 2178 1881 1881 1782 4455 3465 2772 2178 1881 1782 1782 1782 3564 2772 2277 1881 1683 1683 1683 1683 2772 2277 1881 1782 1584 1485 1485 1584 2178 1881 1683 1683 1485 1485 1485 1485
1 1 104 88 4 1 64 25 1782 1584 1485 1485 1485 1386 1386 1386 1683 1584 1485 1485 1485 1485 1386 1485 1485 1485 1485 1584 1584 1485 1386 1386 1485 1485 1386 1485 1485 1485 1287 1287 1485 1485 1386 1386 1386 1287 1188 1287 1386 1386 1386 1287 1188 1188 1188 1188 1386 1287 1188 1089 1089 1089 1188 1188 1287 1188 1188 1089 1089 1089 1089 1089
1 1 104 96 4 1 64 25 1188 1188 1188 1188 1089 1089 990 1089 1188 1188 1089 1188 1089 990 990 990 1188 1188 1089 1089 1089 1089 990 990 1089 1089 1089 1089 1089 990 990 990 990 990 1089 1089 990 990 990 990 990 990 1089 1089 990 990 990 990 1089 990 990 990 990 990 1089 990 1089 990 990 891 891 891 990 891
1 1 104 104 4 1 64 25 990 990 990 891 990 891 990 891 891 990 990 891 891 891 891 891 990 990 990 891 891 891 990 891 891 891 891 891 792 792 891 891 891 891 891 891 792 792 891 891 891 891 891 792 792 891 891 891 891 891 792 792 792 792 792 891 792 792 891 792 891 792 792 792
1 1 104 112 4 1 64 25 891 891 891 891 792 792 792 693 891 792 792 792 792 693 693 792 792 792 792 792 792 792 693 792 792 792 792 792 792 792 693 693 693 792 792 792 792 792 693 693 693 693 792 693 693 792 792 693 792 693 693 693 693 693 693 693 792 693 693 792 693 693 693 693
1 1 104 120 4 1 64 25 693 693 792 792 693 693 693 693 693 693 792 792 792 693 693 693 693 693 693 693 693 693 693 693 693 693 693 693 693 594 594 693 693 594 594 693 594 594 594 693 792 693 693 693 594 693 693 594 693 693 693 693 693 594 594 594 594 594 594 594 594 594 594 594
1 1 112 0 4 64 64 25 25 25 16409 25 25 25 25 25 25 25 16409 25 25 25 25 25 25 25 16409 25 25 25 25 25 25 25 16409 25 25 25 25 25 25 25 16409 25 25 25 25 25 25 25 25 16409 25 25 25 25 25 25 25 16409 25 25 25 25 25 25 25 16409 25 25 25 23298 20856 17424 13926 11121 9207 8118 7425 23694 21153 17853 14355 11352 9240 8118 7425 23892 21813 18612 14982 11715 9405 8118 7425 24453 22539 19569 15840 12375 9735 8250 7392 24783 23397 20559 16830 13101 10197 8382 7458 25146 23991 21384 17655 13794 10659 8514 7425 25179 24222 21879 18282 14322 10824 8547 7227 25212 24519 22242 18612 14586 10956 8481 7194
1 1 112 8 4 64 64 25 25 25 25 16409 25 25 25 25 25 25 25 16409 25 25 25 25 25 25 25 16409 25 25 25 25 25 25 25 25 25 25 25 25 25 25 16409 25 25 25 25 25 25 25 16409 25 25 25 25 25 25 25 25 25 25 25 25 25 25 16409 25 25 25 25 25 25245 24750 22308 18744 14553 10890 8382 7095 25245 24552 22077 18480 14289 10824 8316 7062 25245 24420 21747 18018 13926 10494 8217 6963 25245 23760 20955 17193 13233 10065 8085 6930 24750 22836 19767 16038 12441 9504 7755 6864 23529 21483 18249 14619 11451 8976 7623 6864 22539 19965 16665 13431 10593 8613 7458 6765 21384 18513 15378 12408 10065 8349 7326 6831
1 1 112 16 4 64 64 25 25 25 25 25 25 25 25 25 16409 25 25 25 25 25 25 25 25 25 25 25 25 25 25 25 25 25 25 25 25 25 25 25 25 25 25 25 25 25 25 25 25 25 25 25 25 25 25 32793 25 25 25 25 25 25 25 25 16409 25 25 25 25 25 25 20130 17028 14091 11583 9471 8118 7161 6732 18447 15576 12969 10824 9075 7953 7062 6534 16665 14322 12144 10362 8943 7953 7128 6534 15213 13266 11649 10131 8910 8019 7260 6633 14322 12870 11451 10197 9174 8283 7623 6963 14124 12969 11814 10560 9537 8712 7986 7425 14817 13695 12441 11121 10032 9075 8382 7854 16071 14784 13398 11946 10659 9570 8778 8184
1 1 112 24 4 64 64 25 25 16409 25 25 25 25 25 25 25 16409 25 25 25 25 25 25 25 25 16409 25 25 25 25 25 25 25 16409 25 25 25 25 25 25 25 16409 25 25 25 25 25 25 25 16409 25 25 25 25 25 25 25 16409 25 25 25 25 25 25 25 16409 25 25 25 25 17787 16269 14619 12969 11484 10131 9141 8415 19635 17853 15939 14025 12177 10692 9471 8547 21285 19404 17325 15081 12969 11187 9768 8613 22605 20724 18480 16038 13662 11649 10032 8712 23430 21681 19338 16797 14157 11913 10131 8844 23793 22077 19569 16995 14355 12012 10197 8712 23793 22044 19668 16929 14256 11913 9999 8514 23430 21516 19008 16434 13860 11484 9702 8316
1 1 112 32 4 64 64 25 25 25 16409 25 25 25 25 25 25 25 25 25 25 25 25 25 25 25 25 25 25 25 25 25 25 25 25 25 25 25 25 25 25 25 25 25 25 25 25 25 25 25 25 25 25 25 25 25 25 25 25 25 25 25 25 25 25 25 25 25 25 25 25 22473 20493 18018 15477 13068 10923 9207 7920 20988 18810 16500 14190 12045 10197 8712 7524 18909 16929 14817 12804 10989 9405 8118 7128 16731 15048 13200 11484 9999 8613 7623 6732 14751 13266 11748 10296 9108 8019 7128 6435 13167 11880 10494 9306 8316 7524 6831 6237 12276 10692 9504 8514 7722 7029 6534 6138 11979 9900 8712 7920 7326 6732 6336 5940
1 1 112 40 4 1 64 25 12144 9801 8118 7326 6930 6534 6138 5841 12342 9372 7821 7128 6633 6237 5940 5742 12474 9438 7755 6831 6435 6138 5841 5742 12342 9339 7491 6633 6237 6039 5742 5643 11979 9240 7392 6534 6237 6039 5742 5544 11418 9009 7227 6435 6237 6039 5742 5445 10857 8679 7029 6369 6138 5841 5544 5346 10263 8283 6930 6237 5940 5643 5445 5346
1 1 112 48 4 1 64 25 9636 7887 6633 6039 5841 5544 5346 5346 9075 7491 6435 5940 5643 5445 5346 5346 8547 7194 6237 5808 5643 5544 5346 5247 8085 6831 6171 5841 5643 5544 5346 5247 7590 6633 6105 5841 5643 5544 5346 5247 7227 6435 6039 5841 5643 5544 5346 5313 6897 6237 5907 5676 5643 5544 5445 5412 6699 6105 5775 5544 5544 5544 5544 5544
1 1 112 56 4 1 64 25 6435 6039 5742 5610 5544 5577 5643 5742 6270 6006 5742 5643 5643 5643 5742 5742 6138 5907 5742 5676 5643 5676 5742 5742 6039 5841 5742 5742 5742 5643 5544 5445 5940 5874 5841 5742 5742 5544 5247 4950 5907 5841 5841 5742 5643 5346 4950 4554 5874 5841 5841 5742 5544 5148 4653 4257 5940 5841 5841 5742 5511 5049 4455 4026
1 1 112 64 4 64 64 25 25 25 25 25 25 25 25 25 25 25 25 25 25 25 16409 25 25 25 25 25 25 25 25 25 25 25 25 25 25 16409 25 25 25 25 25 25 25 25 25 25 25 25 25 25 25 25 25 25 25 25 25 25 25 25 25 25 25 25 25 25 25 25 25 5841 5841 5841 5742 5379 4818 4158 3762 5742 5742 5742 5544 5181 4488 3894 3465 5643 5709 5610 5346 4884 4257 3663 3366 5643 5610 5412 5049 4554 3960 3465 3168 5643 5412 5049 4653 4059 3564 3267 3069 5445 5049 4554 4059 3564 3267 3069 2970 5148 4554 3960 3465 3168 2871 2772 2673 4719 3993 3366 3069 2772 2673 2574 2574
1 1 112 72 4 64 64 25 25 25 25 25 25 25 25 25 16409 25 25 25 25 25 25 25 25 25 25 25 25 25 25 16409 25 25 25 25 25 25 25 16409 25 25 25 25 25 25 25 25 25 25 25 25 25 25 25 25 25 25 25 25 25 25 25 25 25 25 25 25 25 25 25 4290 3564 3036 2673 2673 2673 2574 2475 3960 3267 2772 2574 2574 2475 2376 2376 3762 3069 2574 2376 2376 2376 2277 2277 3564 2871 2475 2376 2277 2277 2277 2277 3168 2673 2376 2376 2277 2277 2178 2178 2772 2376 2277 2277 2178 2079 1980 1980 2475 2178 2178 2079 1980 1980 1980 1980 2178 2079 2079 1980 1980 1980 1881 1881
1 1 112 80 4 1 64 25 1980 1980 1980 1881 1881 1881 1782 1683 1881 1881 1980 1881 1881 1782 1683 1584 1881 1881 1881 1782 1683 1683 1584 1584 1782 1782 1683 1683 1584 1584 1584 1584 1683 1584 1584 1584 1584 1584 1584 1584 1584 1485 1584 1485 1485 1485 1485 1485 1584 1485 1485 1485 1485 1485 1485 1386 1584 1485 1485 1386 1386 1287 1287 1287
1 1 112 88 4 1 64 25 1386 1386 1386 1386 1386 1188 1188 1188 1485 1386 1386 1386 1287 1188 1188 1287 1386 1287 1386 1287 1287 1287 1287 1287 1287 1287 1287 1287 1287 1287 1188 1188 1287 1188 1188 1188 1188 1287 1188 1089 1188 1188 1188 1188 1089 1188 1089 990 1089 1188 1188 1188 1089 1089 1089 990 1089 1089 1089 1089 1089 1089 1089 990
1 1 112 96 4 1 64 25 1089 990 1089 990 990 990 990 990 990 990 990 990 990 990 990 990 990 990 990 990 990 990 891 990 990 990 990 891 891 891 891 990 990 990 891 891 891 891 990 891 990 891 891 990 990 990 891 990 891 891 891 891 990 891 891 891 891 891 891 891 990 891 891 891
1 1 112 104 4 1 64 25 891 891 891 792 792 792 891 792 891 891 891 891 891 891 792 792 891 792 792 792 792 792 792 792 891 792 891 792 792 792 891 792 891 792 792 792 792 792 792 792 792 792 792 891 792 792 792 792 792 792 792 891 792 792 792 792 792 792 792 891 792 792 792 792
1 1 112 112 4 1 64 25 693 693 693 693 693 792 693 792 693 792 693 792 693 693 693 693 792 792 792 693 693 792 693 693 693 792 792 693 693 693 693 693 693 792 693 693 693 693 693 693 693 693 693 693 693 594 594 693 693 693 693 693 594 594 693 693 693 693 693 693 693 693 693 693
1 1 112 120 4 1 64 25 693 693 693 693 693 693 693 594 594 594 693 693 594 693 693 693 594 693 594 594 594 693 594 594 693 693 693 693 693 594 594 594 693 693 693 693 693 693 693 594 594 693 594 693 594 594 594 594 594 693 594 594 594 594 594 594 594 594 594 594 594 594 594 594
1 1 120 0 4 1 64 25 6831 6402 6105 5940 5643 5247 4851 4554 6831 6369 6072 5841 5643 5247 4851 4653 6930 6435 6039 5742 5544 5148 4851 4752 7029 6534 6039 5643 5346 5049 4950 5049 6930 6534 6138 5643 5346 5049 5049 5346 6831 6534 6138 5643 5247 5049 5247 5643 6633 6336 5940 5544 5247 5148 5247 5742 6534 6138 5742 5445 5247 5148 5346 5940
1 1 120 8 4 1 64 25 6435 5973 5643 5346 5148 5148 5346 5940 6369 5940 5643 5346 5148 5148 5346 5841 6402 6039 5643 5346 5247 5148 5445 5841 6435 6039 5742 5544 5346 5247 5445 5841 6435 6138 5841 5742 5544 5346 5445 5841 6435 6138 5841 5742 5544 5346 5445 5841 6435 6138 5841 5643 5445 5346 5445 5742 6501 6138 5742 5445 5247 5247 5445 5742
1 1 120 16 4 1 64 25 6435 6039 5643 5346 5148 5247 5445 5742 6138 5841 5544 5346 5148 5148 5346 5643 6138 5742 5445 5280 5082 5148 5346 5643 6237 5841 5544 5247 5148 5148 5445 5643 6468 6039 5643 5346 5148 5247 5544 5742 6930 6435 5940 5478 5247 5346 5643 5775 7326 6765 6237 5742 5445 5445 5643 5775 7623 7161 6633 5973 5544 5544 5742 5874
1 1 120 24 4 1 64 25 7920 7425 6831 6237 5742 5544 5742 5841 8019 7524 6930 6336 5841 5643 5742 5841 7920 7425 6831 6237 5742 5643 5742 5841 7920 7293 6732 6138 5742 5544 5742 5940 7821 7227 6633 6039 5643 5544 5742 5940 7722 7029 6534 5940 5643 5544 5841 6039 7524 6732 6237 5841 5544 5643 5940 6138 7227 6534 6039 5742 5544 5643 5940 6237
1 1 120 32 4 1 64 25 7029 6336 5940 5643 5445 5643 6039 6336 6732 6138 5742 5445 5445 5643 6138 6435 6435 5841 5544 5346 5346 5742 6237 6534 6138 5643 5346 5247 5346 5643 6237 6534 5940 5544 5247 5148 5247 5544 6039 6435 5742 5445 5247 5148 5247 5445 5841 6138 5643 5346 5181 5148 5148 5247 5445 5643 5643 5445 5181 5148 5049 5049 5049 5049
1 1 120 40 4 1 64 25 5643 5445 5181 5148 5049 5049 4752 4554 5544 5346 5181 5148 5049 4950 4455 4158 5445 5247 5082 5049 5049 4851 4356 3861 5445 5247 5082 5049 5049 4752 4257 3861 5445 5346 5148 5148 5148 4851 4356 3861 5445 5346 5214 5214 5247 5049 4554 3960 5346 5280 5214 5313 5346 5148 4653 3960 5346 5346 5247 5313 5346 5148 4653 3960
1 1 120 48 4 1 64 25 5346 5346 5247 5346 5445 5148 4554 3960 5346 5346 5346 5445 5544 5346 4653 4158 5247 5346 5445 5643 5742 5544 4950 4455 5247 5412 5544 5742 5841 5742 5346 4851 5247 5445 5643 5940 6039 5841 5544 5247 5346 5544 5775 6039 6039 5940 5643 5445 5445 5643 5940 6039 6006 5808 5544 5445 5643 5808 6006 5973 5841 5544 5346 5247
1 1 120 56 4 64 64 25 25 25 25 25 25 25 25 25 25 25 25 25 25 25 25 25 25 25 25 25 25 25 25 25 25 25 25 25 25 25 25 25 25 25 25 25 25 25 25 25 25 25 25 25 25 25 25 25 25 25 16409 25 25 25 25 25 25 25 25 25 25 25 25 5808 5940 5940 5742 5445 5148 5049 4950 5841 5808 5643 5346 4851 4554 4455 4356 5643 5478 5247 4851 4356 4158 3960 3960 5247 4983 4653 4356 4059 3861 3762 3663 4752 4455 4257 3960 3762 3663 3663 3564 4257 4059 3960 3762 3663 3564 3564 3366 3993 3861 3861 3762 3564 3465 3366 3267 3861 3762 3663 3564 3465 3267 3069 2871
1 1 120 64 4 1 64 25 3564 3465 3267 3168 3069 2871 2772 2673 3267 3168 2970 2871 2772 2673 2574 2475 3168 2970 2871 2772 2673 2673 2574 2475 3069 2970 2871 2772 2673 2574 2475 2277 2970 2871 2772 2673 2574 2376 2277 2079 2772 2673 2475 2376 2277 2178 2079 1980 2574 2475 2376 2277 2178 2079 2079 2079 2475 2376 2376 2277 2079 2079 2079 1980
1 1 120 72 4 1 64 25 2376 2376 2178 2079 2079 2079 1980 1881 2376 2178 2079 2079 2079 1980 1881 1782 2178 2178 2079 2079 1980 1881 1881 1782 2178 2178 2079 1980 1881 1881 1881 1683 2079 1980 1881 1881 1881 1782 1782 1683 1980 1881 1881 1881 1782 1683 1683 1683 1980 1881 1782 1782 1683 1683 1584 1584 1881 1782 1683 1683 1683 1683 1683 1584
1 1 120 80 4 1 64 25 1683 1683 1683 1584 1683 1584 1485 1386 1683 1683 1683 1584 1584 1485 1386 1386 1683 1584 1584 1584 1485 1386 1386 1386 1584 1485 1485 1485 1386 1386 1287 1188 1584 1485 1386 1386 1386 1287 1188 1188 1485 1485 1386 1287 1287 1188 1188 1188 1287 1287 1287 1386 1287 1188 1188 1188 1188 1188 1287 1287 1188 1188 1188 1188
1 1 120 88 4 1 64 25 1287 1287 1188 1089 1089 1188 1188 1089 1287 1188 1089 1089 1089 1089 1089 1089 1287 1188 1089 1188 1188 1188 1089 1089 1188 1188 1089 1089 1188 1089 990 990 1089 1188 1089 1089 1089 990 990 990 990 1089 990 990 891 891 990 990 1089 990 891 891 891 990 891 891 990 990 990 891 891 990 891 891
1 1 120 96 4 1 64 25 990 891 891 891 891 891 891 891 990 990 891 891 792 792 891 891 990 990 891 792 792 792 891 891 990 891 891 891 792 891 891 891 891 891 891 891 891 891 792 792 891 891 891 792 792 891 891 792 891 891 891 792 792 891 792 693 891 891 891 792 792 792 693 693
1 1 120 104 4 1 64 25 792 792 792 792 792 792 792 792 792 792 792 792 792 792 792 792 792 891 891 792 792 693 792 693 891 891 792 792 792 693 693 693 792 792 792 693 693 693 693 693 792 792 792 792 693 792 693 693 792 792 693 792 693 693 693 693 693 693 693 693 693 693 693 693
1 1 120 112 4 1 64 25 693 693 792 693 693 693 693 594 693 693 792 792 693 693 693 594 792 693 693 693 693 693 693 693 792 693 594 594 693 693 693 693 693 693 594 693 693 693 693 693 792 693 594 693 594 693 693 693 693 693 693 594 594 594 594 594 693 693 594 594 594 594 594 594
1 1 120 120 4 1 64 25 594 594 594 594 693 594 594 594 594 693 693 594 594 594 594 594 594 594 594 594 594 594 594 594 594 594 594 594 594 594 594 594 594 594 594 594 594 594 495 594 594 594 594 594 594 594 495 594 594 594 594 594 594 693 594 594 594 594 594 594 594 594 594 594
1 2 0 0 4 1 64 25 1485 1584 1485 1485 1485 1584 1584 1683 1188 1386 1485 1485 1485 1584 1584 1584 990 1188 1386 1485 1485 1485 1485 1485 792 891 1089 1287 1386 1386 1485 1386 792 693 792 990 1188 1386 1485 1386 693 693 693 792 891 1188 1287 1386 693 693 693 594 693 891 1089 1287 594 693 693 594 693 693 792 990
1 2 0 8 4 1 64 25 495 693 693 693 693 693 594 693 396 495 495 495 396 396 396 396 99 99 99 99 99 99 99 99 0 0 0 0 0 0 0 0 0 0 0 0 0 0 0 0 0 0 0 0 0 0 0 0 0 0 0 0 0 0 0 0 0 0 0 0 0 0 0 0
1 2 0 16 4 1 1 25 0
1 2 0 24 4 1 1 25 0
1 2 0 32 4 1 64 25 0 0 0 0 0 0 0 0 0 0 0 0 0 0 0 0 990 990 990 990 990 990 990 990 990 990 990 990 990 990 990 990 990 990 990 990 990 990 990 990 990 990 990 990 990 990 990 990 990 990 990 990 990 990 990 990 990 990 990 990 990 990 990 990
1 2 0 40 4 1 1 25 990
1 2 0 48 4 1 1 25 990
1 2 0 56 4 1 1 25 990
1 2 0 64 4 1 1 25 990
1 2 0 72 4 1 1 25 990
1 2 0 80 4 1 1 25 990
1 2 0 88 4 1 1 25 990
1 2 0 96 4 1 1 25 990
1 2 0 104 4 64 64 25 25 25 25 25 25 25 25 25 25 25 25 25 25 25 25 25 25 25 25 25 25 25 25 25 25 25 25 25 25 25 25 25 25 25 25 25 25 25 25 0 0 0 0 0 0 0 0 0 0 0 0 0 0 0 0 0 0 0 0 0 0 0 0 990 990 990 990 990 990 990 990 990 990 990 990 990 990 990 990 990 990 990 990 990 990 990 990 990 990 990 990 990 990 990 990 990 990 990 990 990 990 990 990 0 0 0 0 0 0 0 0 0 0 0 0 0 0 0 0 0 0 0 0 0 0 0 0
1 2 0 112 4 1 1 0 0
1 2 0 120 4 1 1 0 0
1 2 8 0 4 1 64 25 1584 1584 1584 1584 1584 1485 1485 1485 1485 1485 1485 1485 1485 1485 1485 1485 1485 1485 1485 1386 1485 1485 1386 1386 1485 1485 1386 1386 1386 1386 1386 1386 1386 1287 1287 1386 1287 1287 1386 1386 1386 1287 1287 1287 1287 1188 1188 1188 1287 1287 1188 1188 1287 1287 1188 1089 1188 1188 1188 1188 1188 1089 1089 1089
1 2 8 8 4 1 64 25 891 990 1089 1089 1089 1089 1089 990 495 693 792 792 792 792 792 693 198 198 297 297 297 297 297 198 0 0 0 0 0 0 0 0 0 0 0 0 0 0 0 0 0 0 0 0 0 0 0 0 0 0 0 0 0 0 0 0 0 0 0 0 0 0 0 0
1 2 8 16 4 1 1 25 0
1 2 8 24 4 1 1 25 0
1 2 8 32 4 1 64 25 0 0 0 0 0 0 0 0 0 0 0 0 0 0 0 0 990 990 990 990 990 990 990 990 990 990 990 990 990 990 990 990 990 990 990 990 990 990 990 990 990 990 990 990 990 990 990 990 990 990 990 990 990 990 990 990 990 990 990 990 990 990 990 990
1 2 8 40 4 1 1 25 990
1 2 8 48 4 1 1 25 990
1 2 8 56 4 1 1 25 990
1 2 8 64 4 1 1 25 990
1 2 8 72 4 1 1 25 990
1 2 8 80 4 1 1 25 990
1 2 8 88 4 1 1 25 990
1 2 8 96 4 1 1 25 990
1 2 8 104 4 64 64 25 25 25 25 25 25 25 25 25 25 25 25 25 25 25 25 25 25 25 25 25 25 25 25 25 25 25 25 25 25 25 25 25 25 25 25 25 25 25 25 0 0 0 0 0 0 0 0 0 0 0 0 0 0 0 0 0 0 0 0 0 0 0 0 990 990 990 990 990 990 990 990 990 990 990 990 990 990 990 990 990 990 990 990 990 990 990 990 990 990 990 990 990 990 990 990 990 990 990 990 990 990 990 990 0 0 0 0 0 0 0 0 0 0 0 0 0 0 0 0 0 0 0 0 0 0 0 0
1 2 8 112 4 1 1 0 0
1 2 8 120 4 1 1 0 0
1 2 16 0 4 1 64 25 1485 1485 1485 1485 1485 1386 1386 1386 1386 1485 1386 1485 1485 1386 1386 1287 1386 1386 1386 1386 1287 1287 1287 1287 1386 1386 1287 1287 1287 1287 1287 1188 1287 1287 1287 1188 1188 1188 1188 1089 1287 1287 1188 1188 1089 1188 1188 1089 1089 1089 1089 1089 1089 1188 1089 1089 1089 1089 1089 1089 1089 1188 1089 990
1 2 16 8 4 1 64 25 990 990 990 990 1089 1089 990 990 693 693 693 693 693 693 693 693 198 198 198 198 198 198 198 198 0 0 0 0 0 0 0 0 0 0 0 0 0 0 0 0 0 0 0 0 0 0 0 0 0 0 0 0 0 0 0 0 0 0 0 0 0 0 0 0
1 2 16 16 4 1 1 25 0
1 2 16 24 4 1 1 25 0
1 2 16 32 4 1 64 25 0 0 0 0 0 0 0 0 0 0 0 0 0 0 0 0 990 990 990 990 990 990 990 990 990 990 990 990 990 990 990 990 990 990 990 990 990 990 990 990 990 990 990 990 990 990 990 990 990 990 990 990 990 990 990 990 990 990 990 990 990 990 990 990
1 2 16 40 4 1 1 25 990
1 2 16 48 4 1 1 25 990
1 2 16 56 4 1 1 25 990
1 2 16 64 4 1 1 25 990
1 2 16 72 4 1 1 25 990
1 2 16 80 4 1 1 25 990
1 2 16 88 4 1 1 25 990
1 2 16 96 4 1 1 25 990
1 2 16 104 4 64 64 25 25 25 25 25 25 25 25 25 25 25 25 25 25 25 25 25 25 25 25 25 25 25 25 25 25 25 25 25 25 25 25 25 25 25 25 25 25 25 25 0 0 0 0 0 0 0 0 0 0 0 0 0 0 0 0 0 0 0 0 0 0 0 0 990 990 990 990 990 990 990 990 990 990 990 990 990 990 990 990 990 990 990 990 990 990 990 990 990 990 990 990 990 990 990 990 990 990 990 990 990 990 990 990 0 0 0 0 0 0 0 0 0 0 0 0 0 0 0 0 0 0 0 0 0 0 0 0
1 2 16 112 4 1 1 0 0
1 2 16 120 4 1 1 0 0
1 2 24 0 4 1 64 25 1386 1287 1386 1386 1287 1287 1287 1287 1287 1287 1287 1287 1287 1287 1188 1188 1287 1386 1287 1188 1287 1188 1089 1188 1188 1287 1188 1188 1089 1089 1089 1089 1188 1287 1089 1089 1089 1089 1089 990 1089 1188 1089 1089 1089 990 990 1089 1089 1089 990 990 990 990 990 990 1089 990 990 990 990 990 990 891
1 2 24 8 4 1 64 25 990 990 990 990 891 891 792 792 693 693 693 693 594 594 594 594 198 198 198 198 198 198 198 198 0 0 0 0 0 0 0 0 0 0 0 0 0 0 0 0 0 0 0 0 0 0 0 0 0 0 0 0 0 0 0 0 0 0 0 0 0 0 0 0
1 2 24 16 4 1 1 25 0
1 2 24 24 4 1 1 25 0
1 2 24 32 4 1 64 25 0 0 0 0 0 0 0 0 0 0 0 0 0 0 0 0 990 990 990 990 990 990 990 990 990 990 990 990 990 990 990 990 990 990 990 990 990 990 990 990 990 990 990 990 990 990 990 990 990 990 990 990 990 990 990 990 990 990 990 990 990 990 990 990
1 2 24 40 4 1 1 25 990
1 2 24 48 4 1 1 25 990
1 2 24 56 4 1 1 25 990
1 2 24 64 4 1 1 25 990
1 2 24 72 4 1 1 25 990
1 2 24 80 4 1 1 25 990
1 2 24 88 4 1 1 25 990
1 2 24 96 4 1 1 25 990
1 2 24 104 4 64 64 25 25 25 25 25 25 25 25 25 25 25 25 25 25 25 25 25 25 25 25 25 25 25 25 25 25 25 25 25 25 25 25 25 25 25 25 25 25 25 25 0 0 0 0 0 0 0 0 0 0 0 0 0 0 0 0 0 0 0 0 0 0 0 0 990 990 990 990 990 990 990 990 990 990 990 990 990 990 990 990 990 990 990 990 990 990 990 990 990 990 990 990 990 990 990 990 990 990 990 990 990 990 990 990 0 0 0 0 0 0 0 0 0 0 0 0 0 0 0 0 0 0 0 0 0 0 0 0
1 2 24 112 4 1 1 0 0
1 2 24 120 4 1 1 0 0
1 2 32 0 4 1 64 25 1287 1386 1782 2178 2277 2376 2475 2673 1188 1287 1584 1980 2277 2376 2376 2574 1089 1188 1386 1782 2079 2277 2277 2475 990 990 1188 1485 1881 2079 2079 2277 990 990 990 1188 1584 1881 1980 2178 990 990 891 990 1287 1584 1881 2079 990 891 891 891 1089 1287 1683 1881 792 792 891 891 891 990 1287 1584
1 2 32 8 4 1 64 25 792 792 891 891 891 792 891 1089 594 594 594 594 594 594 594 693 198 198 198 198 198 198 198 198 0 0 0 0 0 0 0 0 0 0 0 0 0 0 0 0 0 0 0 0 0 0 0 0 0 0 0 0 0 0 0 0 0 0 0 0 0 0 0 0
1 2 32 16 4 1 1 25 0
1 2 32 24 4 1 1 25 0
1 2 32 32 4 1 64 25 0 0 0 0 0 0 0 0 0 0 0 0 0 0 0 0 990 990 990 990 990 990 990 990 990 990 990 990 990 990 990 990 990 990 990 990 990 990 990 990 990 990 990 990 990 990 990 990 990 990 990 990 990 990 990 990 990 990 990 990 990 990 990 990
1 2 32 40 4 1 1 25 990
1 2 32 48 4 1 1 25 990
1 2 32 56 4 1 1 25 990
1 2 32 64 4 1 1 25 990
1 2 32 72 4 1 1 25 990
1 2 32 80 4 1 1 25 990
1 2 32 88 4 1 1 25 990
1 2 32 96 4 1 1 25 990
1 2 32 104 4 64 64 25 25 25 25 25 25 25 25 25 25 25 25 25 25 25 25 25 25 25 25 25 25 25 25 25 25 25 25 25 25 25 25 25 25 25 25 25 25 25 25 0 0 0 0 0 0 0 0 0 0 0 0 0 0 0 0 0 0 0 0 0 0 0 0 990 990 990 990 990 990 990 990 990 990 990 990 990 990 990 990 990 990 990 990 990 990 990 990 990 990 990 990 990 990 990 990 990 990 990 990 990 990 990 990 0 0 0 0 0 0 0 0 0 0 0 0 0 0 0 0 0 0 0 0 0 0 0 0
1 2 32 112 4 1 1 0 0
1 2 32 120 4 1 1 0 0
1 2 40 0 4 64 64 25 25 25 49177 25 25 25 25 25 25 25 25 49177 25 25 25 25 25 25 25 25 49177 25 25 25 25 25 25 25 49177 25 25 25 25 25 25 25 25 49177 25 25 25 25 25 25 25 25 49177 25 25 25 25 25 25 25 25 25 25 25 25 25 25 25 25 2871 3168 3267 3366 3564 4059 4752 5742 2871 3069 3267 3267 3366 3663 4158 5148 2673 2871 3069 3069 3168 3366 3762 4554 2475 2673 2871 2970 3069 3168 3465 4059 2376 2475 2574 2772 2871 2970 3168 3663 2178 2277 2277 2475 2673 2871 2970 3168 1980 1980 2079 2277 2376 2574 2772 2871 1782 1881 1980 2079 2178 2376 2475 2574
1 2 40 8 4 1 64 25 1485 1683 1782 1881 1881 1980 2079 2079 891 1089 1188 1188 1287 1287 1287 1386 297 396 396 396 396 396 495 594 0 0 0 0 0 0 99 231 0 0 0 0 0 0 0 33 0 0 0 0 0 0 0 0 0 0 0 0 0 0 0 0 0 0 0 0 0 0 0 0
1 2 40 16 4 1 1 25 0
1 2 40 24 4 1 1 25 0
1 2 40 32 4 1 64 25 0 0 0 0 0 0 0 0 0 0 0 0 0 0 0 0 990 990 990 990 990 990 990 990 990 990 990 990 990 990 990 990 990 990 990 990 990 990 990 990 990 990 990 990 990 990 990 990 990 990 990 990 990 990 990 990 990 990 990 990 990 990 990 990
1 2 40 40 4 1 1 25 990
1 2 40 48 4 1 1 25 990
1 2 40 56 4 1 1 25 990
1 2 40 64 4 1 1 25 990
1 2 40 72 4 1 1 25 990
1 2 40 80 4 1 1 25 990
1 2 40 88 4 1 1 25 990
1 2 40 96 4 1 1 25 990
1 2 40 104 4 64 64 25 25 25 25 25 25 25 25 25 25 25 25 25 25 25 25 25 25 25 25 25 25 25 25 25 25 25 25 25 25 25 25 25 25 25 25 25 25 25 25 0 0 0 0 0 0 0 0 0 0 0 0 0 0 0 0 0 0 0 0 0 0 0 0 990 990 990 990 990 990 990 990 990 990 990 990 990 990 990 990 990 990 990 990 990 990 990 990 990 990 990 990 990 990 990 990 990 990 990 990 990 990 990 990 0 0 0 0 0 0 0 0 0 0 0 0 0 0 0 0 0 0 0 0 0 0 0 0
1 2 40 112 4 1 1 0 0
1 2 40 120 4 1 1 0 0
1 2 48 0 4 64 64 25 25 25 25 25 25 25 25 25 25 25 25 25 25 25 25 25 25 25 25 25 25 25 25 25 25 25 25 25 25 25 25 25 25 25 25 25 25 25 25 25 25 25 25 25 25 25 25 49177 25 25 25 25 25 25 25 25 25 49177 25 25 25 25 25 7029 8514 9900 10989 11187 10692 9900 9207 6237 7425 8910 10197 10989 10989 10494 9900 5445 6534 7821 9207 10296 10890 10989 10692 4851 5742 6831 8118 9207 10197 10791 10989 4257 5049 5940 6831 7821 8910 9702 10395 3663 4257 5049 5742 6435 7326 8217 9009 3069 3564 4059 4653 5247 6039 6633 7227 2673 2970 3366 3762 4257 4752 5247 5643
1 2 48 8 4 64 64 25 25 25 25 49177 25 25 25 25 25 25 25 25 25 25 25 25 25 25 25 25 25 25 25 25 25 25 25 25 25 25 25 25 25 25 25 25 25 25 25 25 25 25 25 25 25 25 25 25 25 25 25 25 25 25 25 25 25 25 25 25 25 25 25 2178 2376 2574 2871 3168 3564 3828 4092 1485 1584 1749 1980 2178 2442 2574 2772 759 924 1023 1155 1353 1485 1617 1782 363 396 528 561 726 792 858 990 99 198 198 264 330 297 363 396 0 0 33 66 66 99 33 132 0 0 0 0 0 0 0 0 0 0 0 0 0 0 0 0
1 2 48 16 4 1 1 25 0
1 2 48 24 4 1 1 25 0
1 2 48 32 4 1 64 25 0 0 0 0 0 0 0 0 0 0 0 0 0 0 0 0 990 990 990 990 990 990 990 990 990 990 990 990 990 990 990 990 990 990 990 990 990 990 990 990 990 990 990 990 990 990 990 990 990 990 990 990 990 990 990 990 990 990 990 990 990 990 990 990
1 2 48 40 4 1 1 25 990
1 2 48 48 4 1 1 25 990
1 2 48 56 4 1 1 25 990
1 2 48 64 4 1 1 25 990
1 2 48 72 4 1 1 25 990
1 2 48 80 4 1 1 25 990
1 2 48 88 4 1 1 25 990
1 2 48 96 4 1 1 25 990
1 2 48 104 4 64 64 25 25 25 25 25 25 25 25 25 25 25 25 25 25 25 25 25 25 25 25 25 25 25 25 25 25 25 25 25 25 25 25 25 25 25 25 25 25 25 25 0 0 0 0 0 0 0 0 0 0 0 0 0 0 0 0 0 0 0 0 0 0 0 0 990 990 990 990 990 990 990 990 990 990 990 990 990 990 990 990 990 990 990 990 990 990 990 990 990 990 990 990 990 990 990 990 990 990 990 990 990 990 990 990 0 0 0 0 0 0 0 0 0 0 0 0 0 0 0 0 0 0 0 0 0 0 0 0
1 2 48 112 4 1 1 0 0
1 2 48 120 4 1 1 0 0
1 2 56 0 4 1 64 25 8613 8118 7623 7227 7227 7326 7821 8415 9405 8910 8613 8217 8316 8613 9108 9801 10296 9999 9801 9702 9801 10098 10692 11385 11088 11187 11286 11385 11682 11979 12573 13167 10989 11484 12078 12474 12870 13266 13662 13959 9603 10197 10989 11682 12111 12375 12573 12672 7821 8415 9009 9504 9702 9900 9900 9801 6039 6501 6930 7161 7326 7425 7293 7194
1 2 56 8 4 1 64 25 4389 4719 4950 5115 5148 5214 5148 5049 2970 3201 3333 3366 3432 3432 3399 3366 1881 1980 2013 2046 2112 2145 2046 2112 957 1056 1155 1089 1122 1056 1155 1056 462 462 495 495 495 495 528 528 99 132 132 165 132 198 198 165 0 0 0 0 0 0 0 33 0 0 0 0 0 0 0 0
1 2 56 16 4 1 1 25 0
1 2 56 24 4 1 1 25 0
1 2 56 32 4 1 64 25 0 0 0 0 0 0 0 0 0 0 0 0 0 0 0 0 990 990 990 990 990 990 990 990 990 990 990 990 990 990 990 990 990 990 990 990 990 990 990 990 990 990 990 990 990 990 990 990 990 990 990 990 990 990 990 990 990 990 990 990 990 990 990 990
1 2 56 40 4 1 1 25 990
1 2 56 48 4 1 1 25 990
1 2 56 56 4 1 1 25 990
1 2 56 64 4 1 1 25 990
1 2 56 72 4 1 1 25 990
1 2 56 80 4 1 1 25 990
1 2 56 88 4 1 1 25 990
1 2 56 96 4 1 1 25 990
1 2 56 104 4 64 64 25 25 25 25 25 25 25 25 25 25 25 25 25 25 25 25 25 25 25 25 25 25 25 25 25 25 25 25 25 25 25 25 25 25 25 25 25 25 25 25 0 0 0 0 0 0 0 0 0 0 0 0 0 0 0 0 0 0 0 0 0 0 0 0 990 990 990 990 990 990 990 990 990 990 990 990 990 990 990 990 990 990 990 990 990 990 990 990 990 990 990 990 990 990 990 990 990 990 990 990 990 990 990 990 0 0 0 0 0 0 0 0 0 0 0 0 0 0 0 0 0 0 0 0 0 0 0 0
1 2 56 112 4 1 1 0 0
1 2 56 120 4 1 1 0 0
1 2 64 0 4 1 64 25 8613 8118 7227 6435 6039 5841 5643 5544 10098 9405 7920 6732 6039 5742 5445 5247 11583 10692 8811 7029 6138 5643 5346 5049 13068 11781 9504 7326 6237 5643 5148 4752 13464 12078 9702 7524 6237 5544 4950 4554 12078 10890 9207 7425 6237 5445 4851 4455 9405 8712 7821 6930 5940 5445 4851 4356 6930 6633 6237 5742 5247 4950 4554 4257
1 2 64 8 4 1 64 25 4851 4686 4554 4356 4158 3960 3795 3564 3234 3201 3003 2970 2871 2772 2673 2574 2013 1980 1914 1848 1782 1749 1650 1551 1089 1122 1056 1023 957 924 891 759 495 528 495 495 429 396 363 330 198 198 132 165 132 99 99 99 0 0 0 0 0 0 0 0 0 0 0 0 0 0 0 0
1 2 64 16 4 1 1 25 0
1 2 64 24 4 1 1 25 0
1 2 64 32 4 1 64 25 0 0 0 0 0 0 0 0 0 0 0 0 0 0 0 0 990 990 990 990 990 990 990 990 990 990 990 990 990 990 990 990 990 990 990 990 990 990 990 990 990 990 990 990 990 990 990 990 990 990 990 990 990 990 990 990 990 990 990 990 990 990 990 990
1 2 64 40 4 1 1 25 990
1 2 64 48 4 1 1 25 990
1 2 64 56 4 1 1 25 990
1 2 64 64 4 1 1 25 990
1 2 64 72 4 1 1 25 990
1 2 64 80 4 1 1 25 990
1 2 64 88 4 1 1 25 990
1 2 64 96 4 1 1 25 990
1 2 64 104 4 64 64 25 25 25 25 25 25 25 25 25 25 25 25 25 25 25 25 25 25 25 25 25 25 25 25 25 25 25 25 25 25 25 25 25 25 25 25 25 25 25 25 0 0 0 0 0 0 0 0 0 0 0 0 0 0 0 0 0 0 0 0 0 0 0 0 990 990 990 990 990 990 990 990 990 990 990 990 990 990 990 990 990 990 990 990 990 990 990 990 990 990 990 990 990 990 990 990 990 990 990 990 990 990 990 990 0 0 0 0 0 0 0 0 0 0 0 0 0 0 0 0 0 0 0 0 0 0 0 0
1 2 64 112 4 1 1 0 0
1 2 64 120 4 1 1 0 0
1 2 72 0 4 64 64 25 25 25 25 25 25 25 25 25 25 25 25 25 25 25 25 25 25 25 25 25 25 25 25 25 25 25 25 25 25 25 25 25 25 25 25 25 25 25 25 25 25 25 25 25 16409 25 25 25 25 25 25 25 25 25 25 25 25 16409 25 25 25 25 25 5346 5148 4950 4950 5148 5445 5445 4851 5049 4752 4554 4455 4554 4752 4851 4554 4752 4554 4356 4158 4158 4158 4257 4158 4554 4356 4158 3960 3861 3861 3861 3762 4356 4158 3960 3861 3762 3762 3663 3465 4158 3960 3861 3861 3861 3663 3366 3069 4059 3861 3762 3762 3762 3465 3168 2871 3960 3828 3762 3729 3564 3168 2970 2871
1 2 72 8 4 1 64 25 3465 3366 3366 3168 2970 2673 2673 2574 2475 2376 2277 2178 1980 1881 1782 1716 1452 1386 1320 1221 1056 990 891 858 693 594 561 561 528 429 363 297 231 198 132 165 99 66 99 66 66 0 0 0 0 0 0 0 0 0 0 0 0 0 0 0 0 0 0 0 0 0 0 0
1 2 72 16 4 1 1 25 0
1 2 72 24 4 1 1 25 0
1 2 72 32 4 1 64 25 0 0 0 0 0 0 0 0 0 0 0 0 0 0 0 0 990 990 990 990 990 990 990 990 990 990 990 990 990 990 990 990 990 990 990 990 990 990 990 990 990 990 990 990 990 990 990 990 990 990 990 990 990 990 990 990 990 990 990 990 990 990 990 990
1 2 72 40 4 1 1 25 990
1 2 72 48 4 1 1 25 990
1 2 72 56 4 1 1 25 990
1 2 72 64 4 1 1 25 990
1 2 72 72 4 1 1 25 990
1 2 72 80 4 1 1 25 990
1 2 72 88 4 1 1 25 990
1 2 72 96 4 1 1 25 990
1 2 72 104 4 64 64 25 25 25 25 25 25 25 25 25 25 25 25 25 25 25 25 25 25 25 25 25 25 25 25 25 25 25 25 25 25 25 25 25 25 25 25 25 25 25 25 0 0 0 0 0 0 0 0 0 0 0 0 0 0 0 0 0 0 0 0 0 0 0 0 990 990 990 990 990 990 990 990 990 990 990 990 990 990 990 990 990 990 990 990 990 990 990 990 990 990 990 990 990 990 990 990 990 990 990 990 990 990 990 990 0 0 0 0 0 0 0 0 0 0 0 0 0 0 0 0 0 0 0 0 0 0 0 0
1 2 72 112 4 1 1 0 0
1 2 72 120 4 1 1 0 0
1 2 80 0 4 64 64 16409 25 25 25 25 25 25 25 16409 25 25 25 25 25 25 25 16409 25 25 25 25 25 25 25 25 25 25 25 25 25 25 25 25 25 25 25 25 25 25 25 25 25 25 25 25 25 25 25 25 25 25 25 25 25 25 25 25 25 25 25 25 25 25 25 3663 2475 2079 2079 1980 1980 1782 1287 3663 2574 2079 1980 1980 1980 1683 1287 3465 2574 2079 1980 1980 1980 1683 1188 3168 2475 1980 1881 1881 1881 1584 1089 2970 2277 1881 1782 1782 1782 1485 1089 2772 2178 1881 1782 1881 1782 1485 990 2673 2178 1782 1782 1881 1782 1386 990 2673 2178 1881 1782 1782 1584 1287 891
1 2 80 8 4 1 64 25 2442 1980 1683 1485 1386 1188 990 693 1584 1386 1188 1089 891 792 594 462 792 693 660 528 495 396 297 231 297 264 264 165 198 198 99 99 99 66 33 33 33 0 0 0 0 0 0 0 0 0 0 0 0 0 0 0 0 0 0 0 0 0 0 0 0 0 0 0
1 2 80 16 4 1 1 25 0
1 2 80 24 4 1 1 25 0
1 2 80 32 4 1 64 25 0 0 0 0 0 0 0 0 0 0 0 0 0 0 0 0 990 990 990 990 990 990 990 990 990 990 990 990 990 990 990 990 990 990 990 990 990 990 990 990 990 990 990 990 990 990 990 990 990 990 990 990 990 990 990 990 990 990 990 990 990 990 990 990
1 2 80 40 4 1 1 25 990
1 2 80 48 4 1 1 25 990
1 2 80 56 4 1 1 25 990
1 2 80 64 4 1 1 25 990
1 2 80 72 4 1 1 25 990
1 2 80 80 4 1 1 25 990
1 2 80 88 4 1 1 25 990
1 2 80 96 4 1 1 25 990
1 2 80 104 4 64 64 25 25 25 25 25 25 25 25 25 25 25 25 25 25 25 25 25 25 25 25 25 25 25 25 25 25 25 25 25 25 25 25 25 25 25 25 25 25 25 25 0 0 0 0 0 0 0 0 0 0 0 0 0 0 0 0 0 0 0 0 0 0 0 0 990 990 990 990 990 990 990 990 990 990 990 990 990 990 990 990 990 990 990 990 990 990 990 990 990 990 990 990 990 990 990 990 990 990 990 990 990 990 990 990 0 0 0 0 0 0 0 0 0 0 0 0 0 0 0 0 0 0 0 0 0 0 0 0
1 2 80 112 4 1 1 0 0
1 2 80 120 4 1 1 0 0
1 2 88 0 4 1 64 25 990 990 990 990 990 891 891 891 990 891 891 891 891 891 792 693 891 891 891 792 891 792 792 693 891 792 792 792 792 792 792 594 792 792 792 792 792 693 693 594 792 792 792 792 693 594 594 594 792 792 792 792 594 594 594 594 792 693 594 594 594 594 594 594
1 2 88 8 4 1 64 25 594 594 495 594 594 594 594 594 396 396 396 396 396 396 396 396 198 198 198 198 198 198 198 99 99 66 99 99 0 0 0 0 0 0 0 0 0 0 0 0 0 0 0 0 0 0 0 0 0 0 0 0 0 0 0 0 0 0 0 0 0 0 0 0
1 2 88 16 4 1 1 25 0
1 2 88 24 4 1 1 25 0
1 2 88 32 4 1 64 25 0 0 0 0 0 0 0 0 0 0 0 0 0 0 0 0 990 990 990 990 990 990 990 990 990 990 990 990 990 990 990 990 990 990 990 990 990 990 990 990 990 990 990 990 990 990 990 990 990 990 990 990 990 990 990 990 990 990 990 990 990 990 990 990
1 2 88 40 4 1 1 25 990
1 2 88 48 4 1 1 25 990
1 2 88 56 4 1 1 25 990
1 2 88 64 4 1 1 25 990
1 2 88 72 4 1 1 25 990
1 2 88 80 4 1 1 25 990
1 2 88 88 4 1 1 25 990
1 2 88 96 4 1 1 25 990
1 2 88 104 4 64 64 25 25 25 25 25 25 25 25 25 25 25 25 25 25 25 25 25 25 25 25 25 25 25 25 25 25 25 25 25 25 25 25 25 25 25 25 25 25 25 25 0 0 0 0 0 0 0 0 0 0 0 0 0 0 0 0 0 0 0 0 0 0 0 0 990 990 990 990 990 990 990 990 990 990 990 990 990 990 990 990 990 990 990 990 990 990 990 990 990 990 990 990 990 990 990 990 990 990 990 990 990 990 990 990 0 0 0 0 0 0 0 0 0 0 0 0 0 0 0 0 0 0 0 0 0 0 0 0
1 2 88 112 4 1 1 0 0
1 2 88 120 4 1 1 0 0
1 2 96 0 4 1 64 25 792 693 693 693 693 693 594 594 693 693 693 594 594 594 594 693 594 594 693 594 594 594 594 693 594 693 594 594 594 594 693 594 594 693 594 594 693 693 594 594 594 594 594 594 693 594 594 594 594 693 594 693 693 594 594 594 693 693 594 594 594 495 594 594
1 2 96 8 4 1 64 25 594 495 594 594 594 495 594 495 396 396 396 396 396 396 396 396 99 99 99 99 99 99 99 99 0 0 0 0 0 0 0 0 0 0 0 0 0 0 0 0 0 0 0 0 0 0 0 0 0 0 0 0 0 0 0 0 0 0 0 0 0 0 0 0
1 2 96 16 4 1 1 25 0
1 2 96 24 4 1 1 25 0
1 2 96 32 4 1 64 25 0 0 0 0 0 0 0 0 0 0 0 0 0 0 0 0 990 990 990 990 990 990 990 990 990 990 990 990 990 990 990 990 990 990 990 990 990 990 990 990 990 990 990 990 990 990 990 990 990 990 990 990 990 990 990 990 990 990 990 990 990 990 990 990
1 2 96 40 4 1 1 25 990
1 2 96 48 4 1 1 25 990
1 2 96 56 4 1 1 25 990
1 2 96 64 4 1 1 25 990
1 2 96 72 4 1 1 25 990
1 2 96 80 4 1 1 25 990
1 2 96 88 4 1 1 25 990
1 2 96 96 4 1 1 25 990
1 2 96 104 4 64 64 25 25 25 25 25 25 25 25 25 25 25 25 25 25 25 25 25 25 25 25 25 25 25 25 25 25 25 25 25 25 25 25 25 25 25 25 25 25 25 25 0 0 0 0 0 0 0 0 0 0 0 0 0 0 0 0 0 0 0 0 0 0 0 0 990 990 990 990 990 990 990 990 990 990 990 990 990 990 990 990 990 990 990 990 990 990 990 990 990 990 990 990 990 990 990 990 990 990 990 990 990 990 990 990 0 0 0 0 0 0 0 0 0 0 0 0 0 0 0 0 0 0 0 0 0 0 0 0
1 2 96 112 4 1 1 0 0
1 2 96 120 4 1 1 0 0
1 2 104 0 4 1 64 25 594 594 594 594 594 594 594 594 693 693 594 594 693 693 594 594 594 594 693 594 594 594 594 594 594 594 693 594 594 495 495 495 594 594 594 594 594 495 594 495 594 495 594 594 495 594 594 594 495 495 594 594 495 495 495 495 594 495 594 594 594 594 594 594
1 2 104 8 4 1 64 25 594 594 495 594 594 495 594 594 396 396 396 396 396 396 396 396 99 99 99 99 99 99 99 99 0 0 0 0 0 0 0 0 0 0 0 0 0 0 0 0 0 0 0 0 0 0 0 0 0 0 0 0 0 0 0 0 0 0 0 0 0 0 0 0
1 2 104 16 4 1 1 25 0
1 2 104 24 4 1 1 25 0
1 2 104 32 4 1 64 25 0 0 0 0 0 0 0 0 0 0 0 0 0 0 0 0 990 990 990 990 990 990 990 990 990 990 990 990 990 990 990 990 990 990 990 990 990 990 990 990 990 990 990 990 990 990 990 990 990 990 990 990 990 990 990 990 990 990 990 990 990 990 990 990
1 2 104 40 4 1 1 25 990
1 2 104 48 4 1 1 25 990
1 2 104 56 4 1 1 25 990
1 2 104 64 4 1 1 25 990
1 2 104 72 4 1 1 25 990
1 2 104 80 4 1 1 25 990
1 2 104 88 4 1 1 25 990
1 2 104 96 4 1 1 25 990
1 2 104 104 4 64 64 25 25 25 25 25 25 25 25 25 25 25 25 25 25 25 25 25 25 25 25 25 25 25 25 25 25 25 25 25 25 25 25 25 25 25 25 25 25 25 25 0 0 0 0 0 0 0 0 0 0 0 0 0 0 0 0 0 0 0 0 0 0 0 0 990 990 990 990 990 990 990 990 990 990 990 990 990 990 990 990 990 990 990 990 990 990 990 990 990 990 990 990 990 990 990 990 990 990 990 990 990 990 990 990 0 0 0 0 0 0 0 0 0 0 0 0 0 0 0 0 0 0 0 0 0 0 0 0
1 2 104 112 4 1 1 0 0
1 2 104 120 4 1 1 0 0
1 2 112 0 4 1 64 25 594 594 594 594 594 594 594 594 594 594 594 594 594 594 594 594 594 495 594 594 594 495 495 495 594 495 594 594 495 495 495 495 495 495 594 594 594 594 594 495 495 594 594 594 495 495 594 594 495 495 594 495 495 495 594 594 594 495 594 594 495 495 495 594
1 2 112 8 4 1 64 25 495 495 495 594 594 594 594 495 396 396 396 396 396 396 396 396 99 99 99 99 99 99 99 99 0 0 0 0 0 0 0 0 0 0 0 0 0 0 0 0 0 0 0 0 0 0 0 0 0 0 0 0 0 0 0 0 0 0 0 0 0 0 0 0
1 2 112 16 4 1 1 25 0
1 2 112 24 4 1 1 25 0
1 2 112 32 4 1 64 25 0 0 0 0 0 0 0 0 0 0 0 0 0 0 0 0 990 990 990 990 990 990 990 990 990 990 990 990 990 990 990 990 990 990 990 990 990 990 990 990 990 990 990 990 990 990 990 990 990 990 990 990 990 990 990 990 990 990 990 990 990 990 990 990
1 2 112 40 4 1 1 25 990
1 2 112 48 4 1 1 25 990
1 2 112 56 4 1 1 25 990
1 2 112 64 4 1 1 25 990
1 2 112 72 4 1 1 25 990
1 2 112 80 4 1 1 25 990
1 2 112 88 4 1 1 25 990
1 2 112 96 4 1 1 25 990
1 2 112 104 4 64 64 25 25 25 25 25 25 25 25 25 25 25 25 25 25 25 25 25 25 25 25 25 25 25 25 25 25 25 25 25 25 25 25 25 25 25 25 25 25 25 25 0 0 0 0 0 0 0 0 0 0 0 0 0 0 0 0 0 0 0 0 0 0 0 0 990 990 990 990 990 990 990 990 990 990 990 990 990 990 990 990 990 990 990 990 990 990 990 990 990 990 990 990 990 990 990 990 990 990 990 990 990 990 990 990 0 0 0 0 0 0 0 0 0 0 0 0 0 0 0 0 0 0 0 0 0 0 0 0
1 2 112 112 4 1 1 0 0
1 2 112 120 4 1 1 0 0
1 2 120 0 4 1 64 25 594 594 495 594 594 594 594 495 594 594 495 495 594 594 495 495 594 495 594 495 594 495 495 495 495 495 495 594 495 495 495 594 495 594 495 495 495 495 495 495 495 495 495 594 495 495 495 396 495 495 495 495 495 495 495 495 495 495 594 495 495 495 495 594
1 2 120 8 4 1 64 25 594 594 495 495 495 495 495 495 396 396 396 396 396 396 297 297 99 99 99 99 99 99 99 99 0 0 0 0 0 0 0 0 0 0 0 0 0 0 0 0 0 0 0 0 0 0 0 0 0 0 0 0 0 0 0 0 0 0 0 0 0 0 0 0
1 2 120 16 4 1 1 25 0
1 2 120 24 4 1 1 25 0
1 2 120 32 4 1 64 25 0 0 0 0 0 0 0 0 0 0 0 0 0 0 0 0 990 990 990 990 990 990 990 990 990 990 990 990 990 990 990 990 990 990 990 990 990 990 990 990 990 990 990 990 990 990 990 990 990 990 990 990 990 990 990 990 990 990 990 990 990 990 990 990
1 2 120 40 4 1 1 25 990
1 2 120 48 4 1 1 25 990
1 2 120 56 4 1 1 25 990
1 2 120 64 4 1 1 25 990
1 2 120 72 4 1 1 25 990
1 2 120 80 4 1 1 25 990
1 2 120 88 4 1 1 25 990
1 2 120 96 4 1 1 25 990
1 2 120 104 4 64 64 25 25 25 25 25 25 25 25 25 25 25 25 25 25 25 25 25 25 25 25 25 25 25 25 25 25 25 25 25 25 25 25 25 25 25 25 25 25 25 25 0 0 0 0 0 0 0 0 0 0 0 0 0 0 0 0 0 0 0 0 0 0 0 0 990 990 990 990 990 990 990 990 990 990 990 990 990 990 990 990 990 990 990 990 990 990 990 990 990 990 990 990 990 990 990 990 990 990 990 990 990 990 990 990 0 0 0 0 0 0 0 0 0 0 0 0 0 0 0 0 0 0 0 0 0 0 0 0
1 2 120 112 4 1 1 0 0
1 2 120 120 4 1 1 0 0
2 -2 0 0 4 1 1 0 0
2 -2 0 8 4 1 1 0 0
2 -2 0 16 4 64 64 0 0 0 0 0 0 0 0 0 0 0 0 0 0 0 0 0 0 0 0 0 0 0 0 0 0 0 0 0 0 0 0 0 0 0 0 0 0 0 0 25 25 25 25 25 25 25 25 25 25 25 25 25 25 25 25 25 25 25 25 25 25 25 25 0 0 0 0 0 0 0 0 0 0 0 0 0 0 0 0 0 0 0 0 0 0 0 0 0 0 0 0 0 0 0 0 0 0 0 0 0 0 0 0 990 990 990 990 990 990 990 990 990 990 990 990 990 990 990 990 990 990 990 990 990 990 990 990
2 -2 0 24 4 1 1 25 990
2 -2 0 32 4 1 1 25 990
2 -2 0 40 4 1 1 25 990
2 -2 0 48 4 1 1 25 990
2 -2 0 56 4 1 1 25 990
2 -2 0 64 4 1 1 25 990
2 -2 0 72 4 1 1 25 990
2 -2 0 80 4 1 1 25 990
2 -2 0 88 4 1 1 25 990
2 -2 0 96 4 1 1 25 0
2 -2 0 104 4 1 1 25 0
2 -2 0 112 4 1 1 25 0
2 -2 0 120 4 1 64 25 0 0 0 0 0 0 0 0 0 0 0 0 0 0 0 0 0 0 0 0 0 0 0 0 0 0 0 0 0 0 0 0 0 0 0 0 0 0 0 0 0 0 0 0 0 0 0 0 0 0 0 0 0 0 0 0 0 99 0 99 0 0 0 0
2 -2 8 0 4 1 1 0 0
2 -2 8 8 4 1 1 0 0
2 -2 8 16 4 64 64 0 0 0 0 0 0 0 0 0 0 0 0 0 0 0 0 0 0 0 0 0 0 0 0 0 0 0 0 0 0 0 0 0 0 0 0 0 0 0 0 25 25 25 25 25 25 25 25 25 25 25 25 25 25 25 25 25 25 25 25 25 25 25 25 0 0 0 0 0 0 0 0 0 0 0 0 0 0 0 0 0 0 0 0 0 0 0 0 0 0 0 0 0 0 0 0 0 0 0 0 0 0 0 0 990 990 990 990 990 990 990 990 990 990 990 990 990 990 990 990 990 990 990 990 990 990 990 990
2 -2 8 24 4 1 1 25 990
2 -2 8 32 4 1 1 25 990
2 -2 8 40 4 1 1 25 990
2 -2 8 48 4 1 1 25 990
2 -2 8 56 4 1 1 25 990
2 -2 8 64 4 1 1 25 990
2 -2 8 72 4 1 1 25 990
2 -2 8 80 4 1 1 25 990
2 -2 8 88 4 1 1 25 990
2 -2 8 96 4 1 1 25 0
2 -2 8 104 4 1 1 25 0
2 -2 8 112 4 1 1 25 0
2 -2 8 120 4 1 1 25 0
2 -2 16 0 4 1 1 0 0
2 -2 16 8 4 1 1 0 0
2 -2 16 16 4 64 64 0 0 0 0 0 0 0 0 0 0 0 0 0 0 0 0 0 0 0 0 0 0 0 0 0 0 0 0 0 0 0 0 0 0 0 0 0 0 0 0 25 25 25 25 25 25 25 25 25 25 25 25 25 25 25 25 25 25 25 25 25 25 25 25 0 0 0 0 0 0 0 0 0 0 0 0 0 0 0 0 0 0 0 0 0 0 0 0 0 0 0 0 0 0 0 0 0 0 0 0 0 0 0 0 990 990 990 990 990 990 990 990 990 990 990 990 990 990 990 990 990 990 990 990 990 990 990 990
2 -2 16 24 4 1 1 25 990
2 -2 16 32 4 1 1 25 990
2 -2 16 40 4 1 1 25 990
2 -2 16 48 4 1 1 25 990
2 -2 16 56 4 1 1 25 990
2 -2 16 64 4 1 1 25 990
2 -2 16 72 4 1 1 25 990
2 -2 16 80 4 1 1 25 990
2 -2 16 88 4 1 1 25 990
2 -2 16 96 4 1 1 25 0
2 -2 16 104 4 1 1 25 0
2 -2 16 112 4 1 1 25 0
2 -2 16 120 4 1 1 25 0
2 -2 24 0 4 1 1 0 0
2 -2 24 8 4 1 1 0 0
2 -2 24 16 4 64 64 0 0 0 0 0 0 0 0 0 0 0 0 0 0 0 0 0 0 0 0 0 0 0 0 0 0 0 0 0 0 0 0 0 0 0 0 0 0 0 0 25 25 25 25 25 25 25 25 25 25 25 25 25 25 25 25 25 25 25 25 25 25 25 25 0 0 0 0 0 0 0 0 0 0 0 0 0 0 0 0 0 0 0 0 0 0 0 0 0 0 0 0 0 0 0 0 0 0 0 0 0 0 0 0 990 990 990 990 990 990 990 990 990 990 990 990 990 990 990 990 990 990 990 990 990 990 990 990
2 -2 24 24 4 1 1 25 990
2 -2 24 32 4 1 1 25 990
2 -2 24 40 4 1 1 25 990
2 -2 24 48 4 1 1 25 990
2 -2 24 56 4 1 1 25 990
2 -2 24 64 4 1 1 25 990
2 -2 24 72 4 1 1 25 990
2 -2 24 80 4 1 1 25 990
2 -2 24 88 4 1 1 25 990
2 -2 24 96 4 1 1 25 0
2 -2 24 104 4 1 1 25 0
2 -2 24 112 4 1 1 25 0
2 -2 24 120 4 1 1 25 0
2 -2 32 0 4 1 1 0 0
2 -2 32 8 4 1 1 0 0
2 -2 32 16 4 64 64 0 0 0 0 0 0 0 0 0 0 0 0 0 0 0 0 0 0 0 0 0 0 0 0 0 0 0 0 0 0 0 0 0 0 0 0 0 0 0 0 25 25 25 25 25 25 25 25 25 25 25 25 25 25 25 25 25 25 25 25 25 25 25 25 0 0 0 0 0 0 0 0 0 0 0 0 0 0 0 0 0 0 0 0 0 0 0 0 0 0 0 0 0 0 0 0 0 0 0 0 0 0 0 0 990 990 990 990 990 990 990 990 990 990 990 990 990 990 990 990 990 990 990 990 990 990 990 990
2 -2 32 24 4 1 1 25 990
2 -2 32 32 4 1 1 25 990
2 -2 32 40 4 1 1 25 990
2 -2 32 48 4 1 1 25 990
2 -2 32 56 4 1 1 25 990
2 -2 32 64 4 1 1 25 990
2 -2 32 72 4 1 1 25 990
2 -2 32 80 4 1 1 25 990
2 -2 32 88 4 1 1 25 990
2 -2 32 96 4 1 64 25 0 990 990 990 990 990 990 990 0 990 990 990 990 990 990 990 0 990 990 990 990 990 990 990 0 990 990 990 990 990 990 990 0 990 990 990 990 990 990 990 0 990 990 990 990 990 990 990 0 990 990 990 990 990 990 990 0 990 990 990 990 990 990 990
2 -2 32 104 4 1 64 25 0 990 990 990 990 990 990 990 0 990 990 990 990 990 990 990 0 990 990 990 990 990 990 990 0 990 990 990 990 990 990 990 0 990 990 990 990 990 990 990 0 990 990 990 990 990 990 990 0 990 990 990 990 990 990 990 0 990 990 990 990 990 990 990
2 -2 32 112 4 1 64 25 0 990 990 990 990 990 990 990 0 990 990 990 990 990 990 990 0 990 990 990 990 990 990 990 0 990 990 990 990 990 990 990 0 990 990 990 990 990 990 990 0 990 990 990 990 990 990 990 0 990 990 990 990 990 990 990 0 990 990 990 990 990 990 990
2 -2 32 120 4 1 64 25 0 990 990 990 990 990 990 990 0 990 990 990 990 990 990 990 0 990 990 990 990 990 990 990 0 990 990 990 990 990 990 990 0 990 990 990 990 990 990 990 0 990 990 990 990 990 990 990 0 990 990 990 990 990 990 990 0 990 990 990 990 990 990 990
2 -2 40 0 4 1 1 0 0
2 -2 40 8 4 1 1 0 0
2 -2 40 16 4 64 64 0 0 0 0 0 0 0 0 0 0 0 0 0 0 0 0 0 0 0 0 0 0 0 0 0 0 0 0 0 0 0 0 0 0 0 0 0 0 0 0 25 25 25 25 25 25 25 25 25 25 25 25 25 25 25 25 25 25 25 25 25 25 25 25 0 0 0 0 0 0 0 0 0 0 0 0 0 0 0 0 0 0 0 0 0 0 0 0 0 0 0 0 0 0 0 0 0 0 0 0 0 0 0 0 990 990 990 990 990 990 990 990 990 990 990 990 990 990 990 990 990 990 990 990 990 990 990 990
2 -2 40 24 4 1 1 25 990
2 -2 40 32 4 1 1 25 990
2 -2 40 40 4 1 1 25 990
2 -2 40 48 4 1 1 25 990
2 -2 40 56 4 1 1 25 990
2 -2 40 64 4 1 1 25 990
2 -2 40 72 4 1 1 25 990
2 -2 40 80 4 1 1 25 990
2 -2 40 88 4 1 1 25 990
2 -2 40 96 4 1 1 25 990
2 -2 40 104 4 1 1 25 990
2 -2 40 112 4 1 1 25 990
2 -2 40 120 4 1 1 25 990
2 -2 48 0 4 1 1 0 0
2 -2 48 8 4 1 1 0 0
2 -2 48 16 4 64 64 0 0 0 0 0 0 0 0 0 0 0 0 0 0 0 0 0 0 0 0 0 0 0 0 0 0 0 0 0 0 0 0 0 0 0 0 0 0 0 0 25 25 25 25 25 25 25 25 25 25 25 25 25 25 25 25 25 25 25 25 25 25 25 25 0 0 0 0 0 0 0 0 0 0 0 0 0 0 0 0 0 0 0 0 0 0 0 0 0 0 0 0 0 0 0 0 0 0 0 0 0 0 0 0 990 990 990 990 990 990 990 990 990 990 990 990 990 990 990 990 990 990 990 990 990 990 990 990
2 -2 48 24 4 1 1 25 990
2 -2 48 32 4 1 1 25 990
2 -2 48 40 4 1 1 25 990
2 -2 48 48 4 1 1 25 990
2 -2 48 56 4 1 1 25 990
2 -2 48 64 4 1 1 25 990
2 -2 48 72 4 1 1 25 990
2 -2 48 80 4 1 1 25 990
2 -2 48 88 4 1 1 25 990
2 -2 48 96 4 1 1 25 990
2 -2 48 104 4 1 1 25 990
2 -2 48 112 4 1 1 25 990
2 -2 48 120 4 1 1 25 990
2 -2 56 0 4 1 1 0 0
2 -2 56 8 4 1 1 0 0
2 -2 56 16 4 64 64 0 0 0 0 0 0 0 0 0 0 0 0 0 0 0 0 0 0 0 0 0 0 0 0 0 0 0 0 0 0 0 0 0 0 0 0 0 0 0 0 25 25 25 25 25 25 25 25 25 25 25 25 25 25 25 25 25 25 25 25 25 25 25 25 0 0 0 0 0 0 0 0 0 0 0 0 0 0 0 0 0 0 0 0 0 0 0 0 0 0 0 0 0 0 0 0 0 0 0 0 0 0 0 0 990 990 990 990 990 990 990 990 990 990 990 990 990 990 990 990 990 990 990 990 990 990 990 990
2 -2 56 24 4 1 1 25 990
2 -2 56 32 4 1 1 25 990
2 -2 56 40 4 1 1 25 990
2 -2 56 48 4 1 1 25 990
2 -2 56 56 4 1 1 25 990
2 -2 56 64 4 1 1 25 990
2 -2 56 72 4 1 1 25 990
2 -2 56 80 4 1 1 25 990
2 -2 56 88 4 1 1 25 990
2 -2 56 96 4 1 1 25 990
2 -2 56 104 4 1 1 25 990
2 -2 56 112 4 1 1 25 990
2 -2 56 120 4 1 1 25 990
2 -2 64 0 4 1 1 0 0
2 -2 64 8 4 1 1 0 0
2 -2 64 16 4 64 64 0 0 0 0 0 0 0 0 0 0 0 0 0 0 0 0 0 0 0 0 0 0 0 0 0 0 0 0 0 0 0 0 0 0 0 0 0 0 0 0 25 25 25 25 25 25 25 25 25 25 25 25 25 25 25 25 25 25 25 25 25 25 25 25 0 0 0 0 0 0 0 0 0 0 0 0 0 0 0 0 0 0 0 0 0 0 0 0 0 0 0 0 0 0 0 0 0 0 0 0 0 0 0 0 990 990 990 990 990 990 990 990 990 990 990 990 990 990 990 990 990 990 990 990 990 990 990 990
2 -2 64 24 4 1 1 25 990
2 -2 64 32 4 1 1 25 990
2 -2 64 40 4 1 1 25 990
2 -2 64 48 4 1 1 25 990
2 -2 64 56 4 1 1 25 990
2 -2 64 64 4 1 1 25 990
2 -2 64 72 4 1 1 25 990
2 -2 64 80 4 1 1 25 990
2 -2 64 88 4 1 1 25 990
2 -2 64 96 4 1 1 25 990
2 -2 64 104 4 1 1 25 990
2 -2 64 112 4 1 1 25 990
2 -2 64 120 4 1 1 25 990
2 -2 72 0 4 1 1 0 0
2 -2 72 8 4 1 1 0 0
2 -2 72 16 4 64 64 0 0 0 0 0 0 0 0 0 0 0 0 0 0 0 0 0 0 0 0 0 0 0 0 0 0 0 0 0 0 0 0 0 0 0 0 0 0 0 0 25 25 25 25 25 25 25 25 25 25 25 25 25 25 25 25 25 25 25 25 25 25 25 25 0 0 0 0 0 0 0 0 0 0 0 0 0 0 0 0 0 0 0 0 0 0 0 0 0 0 0 0 0 0 0 0 0 0 0 0 0 0 0 0 990 990 990 990 990 990 990 990 990 990 990 990 990 990 990 990 990 990 990 990 990 990 990 990
2 -2 72 24 4 1 1 25 990
2 -2 72 32 4 1 1 25 990
2 -2 72 40 4 1 1 25 990
2 -2 72 48 4 1 1 25 990
2 -2 72 56 4 1 1 25 990
2 -2 72 64 4 1 1 25 990
2 -2 72 72 4 1 1 25 990
2 -2 72 80 4 1 1 25 990
2 -2 72 88 4 1 1 25 990
2 -2 72 96 4 1 1 25 990
2 -2 72 104 4 1 1 25 990
2 -2 72 112 4 1 1 25 990
2 -2 72 120 4 1 1 25 990
2 -2 80 0 4 1 1 0 0
2 -2 80 8 4 1 1 0 0
2 -2 80 16 4 64 64 0 0 0 0 0 0 0 0 0 0 0 0 0 0 0 0 0 0 0 0 0 0 0 0 0 0 0 0 0 0 0 0 0 0 0 0 0 0 0 0 25 25 25 25 25 25 25 25 25 25 25 25 25 25 25 25 25 25 25 25 25 25 25 25 0 0 0 0 0 0 0 0 0 0 0 0 0 0 0 0 0 0 0 0 0 0 0 0 0 0 0 0 0 0 0 0 0 0 0 0 0 0 0 0 990 990 990 990 990 990 990 990 990 990 990 990 990 990 990 990 990 990 990 990 990 990 990 990
2 -2 80 24 4 1 1 25 990
2 -2 80 32 4 1 1 25 990
2 -2 80 40 4 1 1 25 990
2 -2 80 48 4 1 1 25 990
2 -2 80 56 4 1 1 25 990
2 -2 80 64 4 1 1 25 990
2 -2 80 72 4 1 1 25 990
2 -2 80 80 4 1 1 25 990
2 -2 80 88 4 1 1 25 990
2 -2 80 96 4 1 1 25 990
2 -2 80 104 4 1 1 25 990
2 -2 80 112 4 1 1 25 990
2 -2 80 120 4 1 1 25 990
2 -2 88 0 4 1 1 0 0
2 -2 88 8 4 1 1 0 0
2 -2 88 16 4 64 64 0 0 0 0 0 0 0 0 0 0 0 0 0 0 0 0 0 0 0 0 0 0 0 0 0 0 0 0 0 0 0 0 0 0 0 0 0 0 0 0 25 25 25 25 25 25 25 25 25 25 25 25 25 25 25 25 25 25 25 25 25 25 25 25 0 0 0 0 0 0 0 0 0 0 0 0 0 0 0 0 0 0 0 0 0 0 0 0 0 0 0 0 0 0 0 0 0 0 0 0 0 0 0 0 990 990 990 990 990 990 990 990 990 990 990 990 990 990 990 990 990 990 990 990 990 990 990 990
2 -2 88 24 4 1 1 25 990
2 -2 88 32 4 1 1 25 990
2 -2 88 40 4 1 1 25 990
2 -2 88 48 4 1 1 25 990
2 -2 88 56 4 1 1 25 990
2 -2 88 64 4 1 1 25 990
2 -2 88 72 4 1 1 25 990
2 -2 88 80 4 1 1 25 990
2 -2 88 88 4 1 1 25 990
2 -2 88 96 4 1 1 25 990
2 -2 88 104 4 1 1 25 990
2 -2 88 112 4 1 1 25 990
2 -2 88 120 4 1 1 25 990
2 -2 96 0 4 1 1 0 0
2 -2 96 8 4 1 1 0 0
2 -2 96 16 4 64 64 0 0 0 0 0 0 0 0 0 0 0 0 0 0 0 0 0 0 0 0 0 0 0 0 0 0 0 0 0 0 0 0 0 0 0 0 0 0 0 0 25 25 25 25 25 25 25 25 25 25 25 25 25 25 25 25 25 25 25 25 25 25 25 25 0 0 0 0 0 0 0 0 0 0 0 0 0 0 0 0 0 0 0 0 0 0 0 0 0 0 0 0 0 0 0 0 0 0 0 0 0 0 0 0 990 990 990 990 990 990 990 990 990 990 990 990 990 990 990 990 990 990 990 990 990 990 990 990
2 -2 96 24 4 1 1 25 990
2 -2 96 32 4 1 1 25 990
2 -2 96 40 4 1 1 25 990
2 -2 96 48 4 1 1 25 990
2 -2 96 56 4 1 1 25 990
2 -2 96 64 4 1 1 25 990
2 -2 96 72 4 1 1 25 990
2 -2 96 80 4 1 1 25 990
2 -2 96 88 4 1 1 25 990
2 -2 96 96 4 1 1 25 990
2 -2 96 104 4 1 1 25 990
2 -2 96 112 4 1 1 25 990
2 -2 96 120 4 1 1 25 990
2 -2 104 0 4 1 1 0 0
2 -2 104 8 4 1 1 0 0
2 -2 104 16 4 64 64 0 0 0 0 0 0 0 0 0 0 0 0 0 0 0 0 0 0 0 0 0 0 0 0 0 0 0 0 0 0 0 0 0 0 0 0 0 0 0 0 25 25 25 25 0 0 0 0 25 25 25 25 0 0 0 0 25 25 25 25 0 0 0 0 0 0 0 0 0 0 0 0 0 0 0 0 0 0 0 0 0 0 0 0 0 0 0 0 0 0 0 0 0 0 0 0 0 0 0 0 0 0 0 0 990 990 990 990 0 0 0 0 990 990 990 990 0 0 0 0 990 990 990 990 0 0 0 0
2 -2 104 24 4 64 64 25 25 25 25 0 0 0 0 25 25 25 25 0 0 0 0 25 25 25 25 0 0 0 0 25 25 25 25 0 0 0 0 25 25 25 25 0 0 0 0 25 25 25 25 0 0 0 0 25 25 25 25 0 0 0 0 25 25 25 25 0 0 0 0 990 990 990 990 0 0 0 0 990 990 990 990 0 0 0 0 990 990 990 990 0 0 0 0 990 990 990 990 0 0 0 0 990 990 990 990 0 0 0 0 990 990 990 990 0 0 0 0 990 990 990 990 0 0 0 0 990 990 990 990 0 0 0 0
2 -2 104 32 4 64 64 25 25 25 25 0 0 0 0 25 25 25 25 0 0 0 0 25 25 25 25 0 0 0 0 25 25 25 25 0 0 0 0 25 25 25 25 0 0 0 0 25 25 25 25 0 0 0 0 25 25 25 25 0 0 0 0 25 25 25 25 0 0 0 0 990 990 990 990 0 0 0 0 990 990 990 990 0 0 0 0 990 990 990 990 0 0 0 0 990 990 990 990 0 0 0 0 990 990 990 990 0 0 0 0 990 990 990 990 0 0 0 0 990 990 990 990 0 0 0 0 990 990 990 990 0 0 0 0
2 -2 104 40 4 64 64 25 25 25 25 0 0 0 0 25 25 25 25 0 0 0 0 25 25 25 25 0 0 0 0 25 25 25 25 0 0 0 0 25 25 25 25 0 0 0 0 25 25 25 25 0 0 0 0 25 25 25 25 0 0 0 0 25 25 25 25 0 0 0 0 990 990 990 990 0 0 0 0 990 990 990 990 0 0 0 0 990 990 990 990 0 0 0 0 990 990 990 990 0 0 0 0 990 990 990 990 0 0 0 0 990 990 990 990 0 0 0 0 990 990 990 990 0 0 0 0 990 990 990 990 0 0 0 0
2 -2 104 48 4 64 64 25 25 25 25 0 0 0 0 25 25 25 25 0 0 0 0 25 25 25 25 0 0 0 0 25 25 25 25 0 0 0 0 25 25 25 25 0 0 0 0 25 25 25 25 0 0 0 0 25 25 25 25 0 0 0 0 25 25 25 25 0 0 0 0 990 990 990 990 0 0 0 0 990 990 990 990 0 0 0 0 990 990 990 990 0 0 0 0 990 990 990 990 0 0 0 0 990 990 990 990 0 0 0 0 990 990 990 990 0 0 0 0 990 990 990 990 0 0 0 0 990 990 990 990 0 0 0 0
2 -2 104 56 4 64 64 25 25 25 25 0 0 0 0 25 25 25 25 0 0 0 0 25 25 25 25 0 0 0 0 25 25 25 25 0 0 0 0 25 25 25 25 0 0 0 0 25 25 25 25 0 0 0 0 25 25 25 25 0 0 0 0 25 25 25 25 0 0 0 0 990 990 990 990 0 0 0 0 990 990 990 990 0 0 0 0 990 990 990 990 0 0 0 0 990 990 990 990 0 0 0 0 990 990 990 990 0 0 0 0 990 990 990 990 0 0 0 0 990 990 990 990 0 0 0 0 990 990 990 990 0 0 0 0
2 -2 104 64 4 64 64 25 25 25 25 0 0 0 0 25 25 25 25 0 0 0 0 25 25 25 25 0 0 0 0 25 25 25 25 0 0 0 0 25 25 25 25 0 0 0 0 25 25 25 25 0 0 0 0 25 25 25 25 0 0 0 0 25 25 25 25 0 0 0 0 990 990 990 990 0 0 0 0 990 990 990 990 0 0 0 0 990 990 990 990 0 0 0 0 990 990 990 990 0 0 0 0 990 990 990 990 0 0 0 0 990 990 990 990 0 0 0 0 990 990 990 990 0 0 0 0 990 990 990 990 0 0 0 0
2 -2 104 72 4 64 64 25 25 25 25 0 0 0 0 25 25 25 25 0 0 0 0 25 25 25 25 0 0 0 0 25 25 25 25 0 0 0 0 25 25 25 25 0 0 0 0 25 25 25 25 0 0 0 0 25 25 25 25 0 0 0 0 25 25 25 25 0 0 0 0 990 990 990 990 0 0 0 0 990 990 990 990 0 0 0 0 990 990 990 990 0 0 0 0 990 990 990 990 0 0 0 0 990 990 990 990 0 0 0 0 990 990 990 990 0 0 0 0 990 990 990 990 0 0 0 0 990 990 990 990 0 0 0 0
2 -2 104 80 4 64 64 25 25 25 25 0 0 0 0 25 25 25 25 0 0 0 0 25 25 25 25 0 0 0 0 25 25 25 25 0 0 0 0 25 25 25 25 0 0 0 0 25 25 25 25 0 0 0 0 25 25 25 25 0 0 0 0 25 25 25 25 0 0 0 0 990 990 990 990 0 0 0 0 990 990 990 990 0 0 0 0 990 990 990 990 0 0 0 0 990 990 990 990 0 0 0 0 990 990 990 990 0 0 0 0 990 990 990 990 0 0 0 0 990 990 990 990 0 0 0 0 990 990 990 990 0 0 0 0
2 -2 104 88 4 64 64 25 25 25 25 0 0 0 0 25 25 25 25 0 0 0 0 25 25 25 25 0 0 0 0 25 25 25 25 0 0 0 0 25 25 25 25 0 0 0 0 25 25 25 25 0 0 0 0 25 25 25 25 0 0 0 0 25 25 25 25 0 0 0 0 990 990 990 990 0 0 0 0 990 990 990 990 0 0 0 0 990 990 990 990 0 0 0 0 990 990 990 990 0 0 0 0 990 990 990 990 0 0 0 0 990 990 990 990 0 0 0 0 990 990 990 990 0 0 0 0 990 990 990 990 0 0 0 0
2 -2 104 96 4 64 64 25 25 25 25 0 0 0 0 25 25 25 25 0 0 0 0 25 25 25 25 0 0 0 0 25 25 25 25 0 0 0 0 25 25 25 25 0 0 0 0 25 25 25 25 0 0 0 0 25 25 25 25 0 0 0 0 25 25 25 25 0 0 0 0 990 990 990 990 0 0 0 0 990 990 990 990 0 0 0 0 990 990 990 990 0 0 0 0 990 990 990 990 0 0 0 0 990 990 990 990 0 0 0 0 990 990 990 990 0 0 0 0 990 990 990 990 0 0 0 0 990 990 990 990 0 0 0 0
2 -2 104 104 4 64 64 25 25 25 25 0 0 0 0 25 25 25 25 0 0 0 0 25 25 25 25 0 0 0 0 25 25 25 25 0 0 0 0 25 25 25 25 0 0 0 0 25 25 25 25 0 0 0 0 25 25 25 25 0 0 0 0 25 25 25 25 0 0 0 0 990 990 990 990 0 0 0 0 990 990 990 990 0 0 0 0 990 990 990 990 0 0 0 0 990 990 990 990 0 0 0 0 990 990 990 990 0 0 0 0 990 990 990 990 0 0 0 0 990 990 990 990 0 0 0 0 990 990 990 990 0 0 0 0
2 -2 104 112 4 64 64 25 25 25 25 0 0 0 0 25 25 25 25 0 0 0 0 25 25 25 25 0 0 0 0 25 25 25 25 0 0 0 0 25 25 25 25 0 0 0 0 25 25 25 25 0 0 0 0 25 25 25 25 0 0 0 0 25 25 25 25 0 0 0 0 990 990 990 990 0 0 0 0 990 990 990 990 0 0 0 0 990 990 990 990 0 0 0 0 990 990 990 990 0 0 0 0 990 990 990 990 0 0 0 0 990 990 990 990 0 0 0 0 990 990 990 990 0 0 0 0 990 990 990 990 0 0 0 0
2 -2 104 120 4 64 64 25 25 25 25 0 0 0 0 25 25 25 25 0 0 0 0 25 25 25 25 0 0 0 0 25 25 25 25 0 0 0 0 25 25 25 25 0 0 0 0 25 25 25 25 0 0 0 0 25 25 25 25 0 0 0 0 25 25 25 25 0 0 0 0 990 990 990 990 0 0 0 0 990 990 990 990 0 0 0 0 990 990 990 990 0 0 0 0 990 990 990 990 0 0 0 0 990 990 990 990 0 0 0 0 990 990 990 990 0 0 0 0 990 990 990 990 0 0 0 0 990 990 990 990 0 0 0 0
2 -2 112 0 4 1 1 0 0
2 -2 112 8 4 1 1 0 0
2 -2 112 16 4 1 1 0 0
2 -2 112 24 4 1 1 0 0
2 -2 112 32 4 1 1 0 0
2 -2 112 40 4 1 1 0 0
2 -2 112 48 4 1 1 0 0
2 -2 112 56 4 1 1 0 0
2 -2 112 64 4 1 1 0 0
2 -2 112 72 4 1 1 0 0
2 -2 112 80 4 1 1 0 0
2 -2 112 88 4 1 1 0 0
2 -2 112 96 4 1 1 0 0
2 -2 112 104 4 1 1 0 0
2 -2 112 112 4 1 1 0 0
2 -2 112 120 4 1 1 0 0
2 -2 120 0 4 1 1 0 0
2 -2 120 8 4 1 1 0 0
2 -2 120 16 4 1 1 0 0
2 -2 120 24 4 1 1 0 0
2 -2 120 32 4 1 1 0 0
2 -2 120 40 4 1 1 0 0
2 -2 120 48 4 1 1 0 0
2 -2 120 56 4 1 1 0 0
2 -2 120 64 4 1 1 0 0
2 -2 120 72 4 1 1 0 0
2 -2 120 80 4 1 1 0 0
2 -2 120 88 4 1 1 0 0
2 -2 120 96 4 1 1 0 0
2 -2 120 104 4 1 1 0 0
2 -2 120 112 4 1 1 0 0
2 -2 120 120 4 1 1 0 0
2 -1 0 0 4 1 64 25 99 99 99 99 99 99 99 99 99 99 99 99 99 99 99 99 99 99 99 99 99 99 99 99 198 198 198 198 198 99 198 198 297 198 198 198 198 198 198 198 297 297 297 297 297 297 297 297 396 396 396 396 396 396 297 297 495 495 495 495 495 495 396 396
2 -1 0 8 4 1 64 25 594 594 594 594 594 594 594 594 792 693 693 693 693 693 594 594 693 693 693 792 891 891 792 792 297 396 495 693 792 891 891 891 99 99 198 297 396 594 693 693 0 0 0 99 99 198 297 297 0 0 0 0 0 0 0 99 0 0 0 0 0 0 0 0
2 -1 0 16 4 1 1 25 0
2 -1 0 24 4 1 64 25 0 0 0 0 0 0 0 0 0 0 0 0 0 0 0 0 0 0 0 0 0 0 0 0 0 0 0 0 0 0 0 0 0 0 0 0 0 0 0 0 99 0 0 99 0 0 0 0 0 0 0 0 0 0 0 0 0 0 0 0 0 0 0 0
2 -1 0 32 4 1 64 25 0 0 0 0 0 0 0 0 297 99 99 0 0 0 0 0 792 594 396 297 99 0 0 0 1683 1386 1089 792 495 297 99 99 2178 2178 1980 1683 1188 891 594 396 1980 2178 2277 2178 1980 1683 1386 990 1485 1782 1980 2079 2178 2277 2178 1881 1089 1188 1386 1485 1782 2079 2376 2277
2 -1 0 40 4 1 64 25 990 990 990 1089 1287 1584 1980 2079 1287 1089 990 990 1089 1188 1386 1584 1485 1287 1089 1089 1188 1089 1089 1089 1683 1485 1287 1386 1386 1188 990 891 1881 1683 1584 1683 1584 1287 990 891 2079 1980 1881 1881 1683 1386 1188 1089 2376 2277 2277 2079 1782 1584 1485 1386 2772 2673 2574 2277 1980 1782 1782 1782
2 -1 0 48 4 64 64 16409 32793 25 25 25 25 25 25 25 25 16409 32793 25 25 25 25 25 25 25 25 16409 32793 25 25 25 25 25 25 25 25 16409 25 25 25 25 25 25 25 16409 25 25 25 25 25 25 25 25 16409 25 25 25 25 25 25 25 25 25 25 25 25 25 25 25 25 3267 3168 2970 2574 2277 2178 2178 2178 3762 3663 3267 2871 2673 2574 2673 2574 4356 4059 3564 3366 3168 3168 3069 2772 4851 4356 4059 3861 3762 3663 3366 2970 5247 4851 4554 4455 4356 4059 3663 3069 5742 5445 5247 5148 4851 4356 3762 3267 6336 6138 6039 5742 5247 4554 3960 3465 7128 6930 6732 6237 5445 4752 4257 3861
2 -1 0 56 4 1 64 25 7920 7623 7227 6435 5742 5148 4554 4158 8712 8217 7524 6732 6138 5544 5049 4554 9306 8613 7821 7128 6534 5940 5445 4950 9801 8910 8217 7524 6930 6435 5940 5445 10197 9405 8613 8019 7425 6930 6435 5841 10692 9900 9207 8613 8019 7425 6732 6039 11385 10494 9801 9108 8415 7722 7029 6435 12177 11286 10395 9504 8811 8118 7524 6930
2 -1 0 64 4 1 64 25 12771 11880 10890 10098 9405 8811 8217 7821 13365 12474 11682 10890 10197 9603 9009 8415 14157 13365 12573 11781 10890 10098 9207 8415 15048 14157 13167 12078 10989 9900 9009 8118 15543 14355 13167 11979 10890 9801 8910 8118 15444 14256 13068 11880 10890 9900 9009 8217 15345 14157 13068 11880 10791 9801 8910 8118 15345 14157 12969 11880 10791 9801 8910 8118
2 -1 0 72 4 1 64 25 15444 14256 13068 11979 10890 9900 8910 8118 15840 14553 13365 12276 11088 10098 9207 8316 15840 14751 13662 12573 11484 10494 9504 8613 15345 14355 13365 12276 11385 10494 9702 8910 14652 13662 12672 11583 10692 9900 9306 8613 14157 13068 12078 11088 10098 9306 8613 7920 13662 12672 11682 10692 9702 8910 8118 7425 13167 12177 11187 10197 9306 8613 7821 7128
2 -1 0 80 4 1 64 25 12870 11682 10692 9801 9009 8316 7524 6930 12474 11385 10296 9405 8613 7920 7227 6633 11880 10989 9999 9108 8217 7524 6831 6237 10989 10494 9801 8910 8019 7227 6534 5940 9999 9603 9207 8712 7920 7029 6237 5643 9207 8811 8415 8118 7623 7029 6138 5445 8514 8019 7623 7326 7128 6732 6138 5346 7920 7425 6930 6633 6336 6039 5742 5247
2 -1 0 88 4 1 64 25 7326 6831 6336 5940 5643 5346 5148 4851 6732 6237 5940 5445 5049 4752 4455 4257 6138 5643 5346 4950 4554 4257 3960 3663 5742 5148 4752 4455 4158 3762 3465 3267 5247 4752 4356 4059 3762 3366 3069 2871 4653 4356 3960 3564 3267 2970 2673 2475 4059 3861 3564 3168 2871 2574 2277 2079 3663 3465 3168 2871 2475 2178 1980 1881
2 -1 0 96 4 1 64 25 3267 2970 2772 2574 2178 1980 1782 1683 2970 2574 2376 2277 1980 1683 1584 1485 2673 2277 2079 1980 1782 1485 1386 1287 2475 2079 1782 1683 1683 1386 1188 1089 2277 1881 1584 1386 1485 1287 1089 990 2079 1683 1386 1188 1188 1188 990 990 1782 1584 1188 990 990 990 1089 1287 1485 1485 1188 990 990 1188 1386 1683
2 -1 0 104 4 1 64 25 1386 1386 1287 1188 1287 1584 1980 2178 1386 1584 1683 1683 1881 2079 2277 2178 1782 2079 2277 2277 2277 2079 1881 1584 2277 2475 2475 2376 1980 1584 1089 792 2277 2277 1980 1683 1287 792 495 297 1683 1386 1089 891 594 297 99 0 792 594 495 297 198 0 0 0 198 198 99 99 0 0 0 0
2 -1 0 112 4 1 64 25 0 0 0 0 0 0 0 0 0 0 0 0 0 0 0 0 0 0 0 0 0 0 0 0 0 0 0 0 0 0 0 0 0 0 0 0 0 0 0 0 0 99 0 0 0 0 0 0 0 99 0 99 0 0 0 0 99 99 0 0 0 0 0 0
2 -1 0 120 4 1 64 25 99 99 0 0 0 0 0 0 99 0 0 0 0 0 0 0 99 0 0 0 0 0 0 0 99 0 0 0 0 0 0 0 0 0 0 0 0 0 0 0 99 0 0 0 0 0 0 0 99 0 0 0 0 0 0 0 99 99 0 0 0 0 0 0
2 -1 8 0 4 1 64 25 0 99 0 99 0 0 0 0 99 99 99 99 99 99 99 99 99 99 99 99 99 99 99 99 99 99 99 99 99 99 99 99 198 198 198 198 198 198 99 99 198 198 297 198 198 198 198 198 297 297 297 297 297 198 198 198 396 396 396 396 396 297 297 297
2 -1 8 8 4 1 64 25 495 495 495 495 495 495 495 396 594 594 594 594 594 495 495 495 693 693 693 693 693 594 594 594 891 891 891 792 792 792 792 792 792 792 891 891 990 990 891 891 396 495 693 792 792 891 891 990 99 198 297 297 396 495 693 792 0 0 0 99 99 198 198 297
2 -1 8 16 4 1 64 25 0 0 0 0 0 0 0 99 0 0 0 0 0 0 0 0 0 0 0 0 0 0 0 0 0 0 0 0 0 0 0 0 0 0 0 0 0 0 0 0 0 0 0 0 0 0 0 0 0 0 0 0 0 0 0 0 0 0 0 0 0 0 0 0
2 -1 8 24 4 1 1 25 0
2 -1 8 32 4 1 64 25 0 0 0 0 0 0 0 0 0 0 0 0 0 0 0 0 0 0 0 0 0 0 0 0 0 0 0 0 0 0 0 0 198 0 0 0 0 0 0 0 594 297 99 0 0 0 0 0 1287 792 396 198 0 0 0 0 1881 1485 990 594 297 99 0 0
2 -1 8 40 4 1 64 25 2178 2079 1683 1188 792 396 198 0 1881 2079 2178 1881 1584 990 594 198 1287 1683 2079 2277 2277 1782 1089 594 990 1287 1683 2178 2475 2277 1782 1089 990 1188 1386 1782 2178 2376 2178 1683 1188 1287 1287 1485 1683 1980 2178 2079 1485 1485 1386 1287 1287 1485 1782 2079 1881 1782 1485 1188 1089 1089 1386 1782
2 -1 8 48 4 64 64 25 25 25 25 25 25 25 25 25 25 25 25 25 25 25 25 25 25 25 25 25 25 25 25 25 25 25 25 25 25 25 25 25 25 25 25 25 25 25 25 25 25 25 25 25 25 25 25 16409 25 25 25 25 25 25 25 25 16409 25 25 25 25 25 25 2178 1980 1584 1188 990 891 1089 1386 2376 1980 1584 1287 1089 990 891 1089 2376 1980 1683 1485 1287 1089 990 990 2376 2079 1782 1584 1386 1188 1089 891 2574 2178 1980 1782 1584 1386 1188 990 2772 2475 2277 1980 1683 1485 1386 1188 3069 2772 2475 2178 1881 1683 1584 1485 3465 3069 2673 2376 2178 1980 1782 1584
2 -1 8 56 4 64 64 25 16409 25 25 25 25 25 25 25 25 16409 25 25 25 25 25 25 25 25 16409 25 25 25 25 25 25 25 16409 25 25 25 25 25 25 25 25 16409 32793 25 25 25 25 25 25 25 25 16409 25 25 25 25 25 25 25 25 16409 25 25 25 25 25 25 25 16409 3861 3366 3069 2772 2475 2178 1881 1584 4158 3762 3465 3069 2673 2277 1881 1683 4554 4158 3762 3267 2772 2376 1980 1683 4950 4455 3861 3366 2871 2475 2178 1980 5148 4554 4059 3564 3168 2871 2574 2277 5445 4851 4455 3960 3663 3366 3069 2772 5841 5346 4950 4554 4257 3960 3663 3267 6534 6039 5742 5247 4851 4356 3861 3366
2 -1 8 64 4 64 64 25 25 25 25 25 25 25 25 25 25 25 25 25 25 16409 25 25 25 25 25 25 25 16409 25 25 25 25 25 25 25 16409 25 25 25 25 25 25 25 16409 25 25 25 25 25 25 25 16409 25 25 25 25 25 25 25 16409 25 25 25 25 25 25 25 16409 25 7326 6831 6336 5643 4950 4257 3564 3069 7722 6930 6237 5346 4554 3960 3366 2871 7524 6633 5841 5148 4455 3960 3465 3069 7326 6534 5841 5247 4653 4158 3663 3168 7425 6633 5940 5247 4653 4059 3465 2970 7326 6534 5841 5148 4554 3960 3465 2970 7227 6534 5841 5247 4554 3960 3465 2871 7227 6534 5841 5247 4554 3960 3465 2871
2 -1 8 72 4 64 64 25 25 25 25 25 25 16409 25 25 25 25 25 25 25 16409 25 25 25 25 25 25 25 25 16409 25 25 25 25 25 25 25 16409 25 25 25 25 25 25 25 16409 25 25 25 25 25 25 25 16409 25 25 25 25 25 25 25 25 25 25 25 25 25 25 25 25 7326 6633 5940 5247 4554 4059 3465 2970 7524 6732 6039 5346 4653 4158 3564 3069 7821 7029 6336 5544 4851 4257 3663 3168 8118 7326 6633 5940 5247 4554 3960 3465 7920 7227 6633 5940 5346 4752 4158 3663 7227 6633 6138 5643 5049 4554 4059 3564 6732 6138 5544 5049 4455 3960 3564 3168 6435 5742 5148 4653 4059 3663 3168 2772
2 -1 8 80 4 64 64 25 25 25 25 25 16409 25 25 25 25 25 25 25 25 25 25 25 25 25 25 16409 25 25 25 25 25 25 25 25 25 25 25 25 25 25 16409 25 25 25 25 25 25 25 25 25 25 25 25 25 25 16409 25 25 25 25 25 25 25 16409 25 25 25 25 25 6237 5544 4950 4455 3861 3465 2970 2475 5940 5346 4752 4158 3762 3267 2772 2376 5643 5049 4455 3960 3564 3069 2574 2277 5346 4752 4257 3762 3267 2871 2376 2079 5049 4455 4059 3564 3069 2673 2277 2079 4752 4257 3762 3267 2871 2475 2178 1881 4653 3960 3465 3069 2574 2277 1980 1683 4554 3861 3267 2772 2376 2079 1782 1584
2 -1 8 88 4 64 64 25 25 16409 25 25 25 25 25 25 25 25 25 25 25 25 25 25 25 25 25 25 25 25 25 25 25 25 25 25 25 25 25 25 25 25 25 25 25 25 25 25 25 25 25 25 25 25 25 25 25 25 25 25 25 25 25 25 25 25 25 25 25 25 25 4356 3861 3267 2673 2277 1980 1782 1485 4059 3663 3267 2673 2178 1881 1584 1386 3465 3267 3069 2673 2178 1782 1485 1188 2970 2772 2673 2574 2277 1881 1485 1188 2673 2376 2277 2178 2079 1881 1584 1188 2277 2079 1881 1782 1782 1683 1485 1287 1881 1782 1683 1485 1386 1287 1287 1287 1683 1584 1485 1386 1188 1089 1188 1485
2 -1 8 96 4 1 64 25 1485 1386 1188 1188 1089 1089 1188 1683 1287 1089 990 990 1089 1188 1485 1980 1089 990 891 990 1188 1485 1980 2178 990 891 990 1188 1485 1980 2277 2178 891 990 1188 1485 1980 2178 2079 1683 1089 1287 1584 1980 2178 1980 1584 990 1485 1881 2079 2178 1881 1485 891 396 1980 2178 2079 1782 1287 792 396 99
2 -1 8 104 4 1 64 25 2277 1980 1584 1089 693 297 99 0 1881 1386 891 495 198 99 0 0 1188 693 396 99 0 0 0 0 495 297 99 0 0 0 0 0 99 0 0 0 0 0 0 0 0 0 0 0 0 0 0 0 0 0 0 0 0 0 0 0 0 0 0 0 0 0 0 0
2 -1 8 112 4 1 64 25 0 0 0 0 0 0 0 0 0 0 0 0 0 0 0 0 0 0 0 0 0 0 0 0 0 0 0 0 0 0 0 0 0 0 0 0 0 0 0 0 99 99 99 99 99 0 0 0 0 0 0 0 0 0 0 0 0 0 0 0 0 0 0 0
2 -1 8 120 4 1 1 25 0
2 -1 16 0 4 1 64 25 0 0 0 0 0 0 0 0 0 0 0 0 0 0 0 0 99 99 0 99 0 0 0 0 99 99 99 99 99 99 99 0 99 99 99 99 99 99 99 99 99 198 198 198 99 99 99 99 198 198 198 198 198 198 198 198 297 297 297 297 297 198 198 198
2 -1 16 8 4 1 64 25 396 396 396 396 297 297 297 297 495 495 396 396 396 396 396 396 594 594 495 495 495 495 495 495 693 693 693 693 594 594 693 594 792 792 792 792 792 792 792 792 891 891 891 891 891 891 891 792 792 891 990 1089 1089 1089 1089 990 396 594 792 891 1089 1089 1188 1188
2 -1 16 16 4 1 64 25 99 198 297 495 693 891 990 1089 0 0 99 198 297 396 594 792 0 0 0 0 99 99 198 396 0 0 0 0 0 0 0 99 0 0 0 0 0 0 0 0 0 0 0 0 0 0 0 0 0 0 0 0 0 0 0 0 0 0 0 0 0 0 0 0
2 -1 16 24 4 1 1 25 0
2 -1 16 32 4 1 1 25 0
2 -1 16 40 4 1 64 25 0 0 0 0 0 0 0 0 99 0 0 0 0 0 0 0 198 0 0 0 0 0 0 0 495 198 0 0 0 0 0 0 990 495 198 0 0 0 0 0 1683 990 495 198 0 0 0 0 2079 1584 990 396 99 0 0 0 2178 2079 1584 891 396 99 0 0
2 -1 16 48 4 1 64 25 1881 2178 1980 1386 792 297 99 0 1485 1980 2178 1881 1287 693 297 99 1188 1584 2079 2178 1782 1089 495 198 990 1287 1782 2178 2277 1683 891 297 990 1089 1584 2079 2376 1980 1188 495 1089 1089 1287 1683 2079 2178 1683 891 1287 1089 1089 1287 1782 2178 1980 1188 1287 1089 891 990 1386 1980 2178 1683
2 -1 16 56 4 1 64 25 1287 1089 891 891 1188 1782 2178 1980 1386 1188 990 891 1089 1584 2178 2376 1485 1287 1188 1089 1188 1584 2178 2574 1782 1584 1485 1386 1386 1584 2079 2673 2178 2079 1881 1782 1683 1782 2178 2673 2574 2475 2277 2079 1881 1782 1881 2277 2970 2673 2376 1980 1584 1386 1287 1782 2871 2376 1980 1683 1287 1089 1089 1485
2 -1 16 64 4 1 64 25 2574 2178 1782 1485 1287 1089 1188 1485 2475 2178 1881 1683 1485 1287 1287 1485 2673 2376 2079 1782 1485 1287 1089 1287 2574 2277 1881 1584 1386 1089 990 1089 2475 2079 1782 1485 1287 990 891 990 2475 2079 1782 1485 1287 990 792 990 2475 2178 1881 1584 1287 990 792 990 2475 2178 1881 1584 1287 990 792 891
2 -1 16 72 4 1 64 25 2475 2178 1881 1584 1287 990 891 990 2574 2277 1881 1683 1386 1089 891 990 2673 2277 1980 1683 1386 1188 990 1089 2871 2475 2079 1782 1485 1188 1089 1089 3168 2673 2376 2079 1683 1386 1188 1287 3168 2772 2475 2178 1881 1584 1386 1485 2772 2574 2376 2079 1782 1584 1386 1584 2376 2178 1881 1683 1485 1287 1287 1584
2 -1 16 80 4 1 64 25 2178 1881 1584 1386 1188 1089 1089 1485 1980 1782 1485 1287 1089 891 990 1485 1881 1584 1485 1188 990 891 1089 1584 1782 1485 1287 1089 891 891 1188 1782 1683 1485 1287 990 891 990 1386 1881 1584 1386 1188 990 891 1089 1584 1980 1485 1287 1089 891 891 1287 1782 2079 1386 1188 990 891 1089 1485 1980 2079
2 -1 16 88 4 1 64 25 1287 1089 891 891 1287 1782 2178 1881 1188 891 891 990 1485 2079 2178 1584 990 891 891 1287 1782 2178 1881 1188 891 891 1089 1584 2079 2079 1584 792 990 990 1386 1881 2178 1782 1089 495 1188 1386 1782 2079 1980 1386 693 198 1485 1881 2178 2178 1683 891 396 99 1980 2277 2376 1881 1188 495 99 0
2 -1 16 96 4 1 64 25 2178 2475 2277 1584 792 297 0 0 2277 2178 1683 990 396 99 0 0 2079 1683 1089 495 198 0 0 0 1683 990 495 198 0 0 0 0 990 495 198 0 0 0 0 0 495 198 0 0 0 0 0 0 198 0 0 0 0 0 0 0 0 0 0 0 0 0 0 0
2 -1 16 104 4 1 1 25 0
2 -1 16 112 4 1 1 25 0
2 -1 16 120 4 1 64 25 0 0 0 0 0 0 0 0 0 0 0 0 0 0 0 0 0 0 0 0 0 0 0 0 0 0 0 0 0 0 0 0 0 0 0 0 0 0 0 0 0 0 0 0 0 0 99 99 0 0 0 0 0 99 99 99 0 0 0 99 99 99 99 198
2 -1 24 0 4 1 64 25 0 0 0 0 0 0 0 0 0 0 0 0 0 0 0 0 0 0 0 0 0 0 0 0 99 99 99 0 0 0 0 0 99 99 99 99 99 99 99 99 99 99 99 99 99 99 99 99 198 198 99 99 99 99 99 99 198 198 198 198 198 198 198 99
2 -1 24 8 4 1 64 25 297 297 297 198 198 198 198 198 297 297 396 297 297 297 297 198 495 396 396 396 396 396 297 297 594 495 495 495 495 396 396 396 693 693 693 594 594 561 561 495 792 792 792 693 693 693 693 660 990 990 990 891 891 891 792 792 1188 1188 1089 1089 990 990 990 990
2 -1 24 16 4 1 64 25 1188 1188 1188 1188 1188 1188 1188 1188 990 990 1089 1188 1188 1287 1287 1287 594 693 891 891 990 1089 1287 1287 198 297 495 594 792 891 990 1089 0 99 198 198 396 495 594 792 0 0 0 0 99 198 198 396 0 0 0 0 0 0 0 99 0 0 0 0 0 0 0 0
2 -1 24 24 4 1 1 25 0
2 -1 24 32 4 1 1 25 0
2 -1 24 40 4 1 1 25 0
2 -1 24 48 4 1 64 25 0 0 0 0 0 0 0 0 0 0 0 0 0 0 0 0 0 0 0 0 0 0 0 0 0 0 0 0 0 0 0 0 99 0 0 0 0 0 0 0 297 0 0 0 0 0 0 0 495 99 0 0 0 0 0 0 891 297 0 0 0 0 0 0
2 -1 24 56 4 1 64 25 1287 594 198 0 0 0 0 0 1782 990 396 198 99 99 99 99 2277 1485 792 396 297 198 99 99 2673 1980 1188 594 297 99 0 0 2772 2277 1287 495 99 0 0 0 2475 2079 1188 396 99 0 0 0 2178 2079 1287 594 99 0 0 0 2079 2178 1683 792 198 0 0 0
2 -1 24 64 4 1 64 25 2079 2376 1980 990 396 99 0 0 2079 2376 2079 1089 396 99 0 0 1782 2178 1980 1089 396 99 0 0 1584 2079 1980 1188 495 99 0 0 1485 2079 2079 1287 495 99 0 0 1386 1980 2178 1485 594 99 0 0 1386 1980 2178 1485 594 99 0 0 1386 1980 2178 1485 594 99 0 0
2 -1 24 72 4 1 64 25 1386 1980 2178 1485 594 99 0 0 1386 1980 2178 1485 594 99 0 0 1485 1980 2178 1485 693 198 0 0 1485 2079 2178 1485 594 198 0 0 1683 2178 2178 1386 594 99 0 0 1881 2376 2277 1386 594 99 0 0 2079 2475 2277 1386 594 99 0 0 2178 2475 2079 1188 396 99 0 0
2 -1 24 80 4 1 64 25 2079 2376 1881 990 297 0 0 0 2079 2178 1584 693 198 0 0 0 2079 1980 1188 495 99 0 0 0 2178 1782 990 396 99 0 0 0 2079 1584 792 297 0 0 0 0 1980 1386 594 99 0 0 0 0 1782 990 396 99 0 0 0 0 1485 693 198 0 0 0 0 0
2 -1 24 88 4 1 64 25 1089 495 99 0 0 0 0 0 792 297 0 0 0 0 0 0 495 99 0 0 0 0 0 0 297 0 0 0 0 0 0 0 99 0 0 0 0 0 0 0 0 0 0 0 0 0 0 0 0 0 0 0 0 0 0 0 0 0 0 0 0 0 0 0
2 -1 24 96 4 1 1 25 0
2 -1 24 104 4 1 1 25 0
2 -1 24 112 4 1 64 25 0 0 0 0 0 0 0 0 0 0 0 0 0 0 0 0 0 0 0 0 0 0 0 0 0 0 0 0 0 0 0 0 0 0 0 0 0 0 0 0 99 99 99 99 0 0 0 0 0 0 0 0 0 0 0 0 0 0 0 0 0 0 0 0
2 -1 24 120 4 1 64 25 0 0 0 0 0 0 0 0 0 0 0 0 0 0 0 0 0 0 0 0 0 0 0 0 0 0 0 0 0 0 0 0 0 0 0 0 0 0 0 0 0 0 0 0 0 0 0 0 0 0 0 0 0 0 0 0 99 99 0 0 0 0 0 99
2 -1 32 0 4 1 64 25 0 990 990 990 990 990 990 990 0 990 990 990 990 990 990 990 0 990 990 990 990 990 990 990 0 990 990 990 990 990 990 990 0 990 990 990 990 990 990 990 99 990 990 990 990 990 990 990 99 990 990 990 990 990 990 990 99 990 990 990 990 990 990 990
2 -1 32 8 4 1 64 25 198 990 990 990 990 990 990 990 198 990 990 990 990 990 990 990 297 990 990 990 990 990 990 990 396 990 990 990 990 990 990 990 594 990 990 990 990 990 990 990 693 990 990 990 990 990 990 990 792 990 990 990 990 990 990 990 891 990 990 990 990 990 990 990
2 -1 32 16 4 1 64 25 1188 990 990 990 990 990 990 990 1287 990 990 990 990 990 990 990 1386 990 990 990 990 990 990 990 1287 990 990 990 990 990 990 990 990 990 990 990 990 990 990 990 495 990 990 990 990 990 990 990 99 990 990 990 990 990 990 990 0 990 990 990 990 990 990 990
2 -1 32 24 4 1 64 25 0 990 990 990 990 990 990 990 0 990 990 990 990 990 990 990 0 990 990 990 990 990 990 990 0 990 990 990 990 990 990 990 0 990 990 990 990 990 990 990 0 990 990 990 990 990 990 990 0 990 990 990 990 990 990 990 0 990 990 990 990 990 990 990
2 -1 32 32 4 1 64 25 0 990 990 990 990 990 990 990 0 990 990 990 990 990 990 990 0 990 990 990 990 990 990 990 0 990 990 990 990 990 990 990 0 990 990 990 990 990 990 990 0 990 990 990 990 990 990 990 0 990 990 990 990 990 990 990 0 990 990 990 990 990 990 990
2 -1 32 40 4 1 64 25 0 990 990 990 990 990 990 990 0 990 990 990 990 990 990 990 0 990 990 990 990 990 990 990 0 990 990 990 990 990 990 990 0 990 990 990 990 990 990 990 0 990 990 990 990 990 990 990 0 990 990 990 990 990 990 990 0 990 990 990 990 990 990 990
2 -1 32 48 4 1 64 25 0 990 990 990 990 990 990 990 0 990 990 990 990 990 990 990 0 990 990 990 990 990 990 990 0 990 990 990 990 990 990 990 0 990 990 990 990 990 990 990 0 990 990 990 990 990 990 990 0 990 990 990 990 990 990 990 0 990 990 990 990 990 990 990
2 -1 32 56 4 1 64 25 0 990 990 990 990 990 990 990 0 990 990 990 990 990 990 990 0 990 990 990 990 990 990 990 0 990 990 990 990 990 990 990 0 990 990 990 990 990 990 990 0 990 990 990 990 990 990 990 0 990 990 990 990 990 990 990 0 990 990 990 990 990 990 990
2 -1 32 64 4 1 64 25 0 990 990 990 990 990 990 990 0 990 990 990 990 990 990 990 0 990 990 990 990 990 990 990 0 990 990 990 990 990 990 990 0 990 990 990 990 990 990 990 0 990 990 990 990 990 990 990 0 990 990 990 990 990 990 990 0 990 990 990 990 990 990 990
2 -1 32 72 4 1 64 25 0 990 990 990 990 990 990 990 0 990 990 990 990 990 990 990 0 990 990 990 990 990 990 990 0 990 990 990 990 990 990 990 0 990 990 990 990 990 990 990 0 990 990 990 990 990 990 990 0 990 990 990 990 990 990 990 0 990 990 990 990 990 990 990
2 -1 32 80 4 1 64 25 0 990 990 990 990 990 990 990 0 990 990 990 990 990 990 990 0 990 990 990 990 990 990 990 0 990 990 990 990 990 990 990 0 990 990 990 990 990 990 990 0 990 990 990 990 990 990 990 0 990 990 990 990 990 990 990 0 990 990 990 990 990 990 990
2 -1 32 88 4 1 64 25 0 990 990 990 990 990 990 990 0 990 990 990 990 990 990 990 0 990 990 990 990 990 990 990 0 990 990 990 990 990 990 990 0 990 990 990 990 990 990 990 0 990 990 990 990 990 990 990 0 990 990 990 990 990 990 990 0 990 990 990 990 990 990 990
2 -1 32 96 4 1 64 25 0 990 990 990 990 990 990 990 0 990 990 990 990 990 990 990 0 990 990 990 990 990 990 990 0 990 990 990 990 990 990 990 0 990 990 990 990 990 990 990 0 990 990 990 990 990 990 990 0 990 990 990 990 990 990 990 0 990 990 990 990 990 990 990
2 -1 32 104 4 1 64 25 0 990 990 990 990 990 990 990 0 990 990 990 990 990 990 990 0 990 990 990 990 990 990 990 0 990 990 990 990 990 990 990 0 990 990 990 990 990 990 990 0 990 990 990 990 990 990 990 0 990 990 990 990 990 990 990 0 990 990 990 990 990 990 990
2 -1 32 112 4 1 64 25 0 990 990 990 990 990 990 990 0 990 990 990 990 990 990 990 0 990 990 990 990 990 990 990 0 990 990 990 990 990 990 990 0 990 990 990 990 990 990 990 0 990 990 990 990 990 990 990 99 990 990 990 990 990 990 990 0 990 990 990 990 990 990 990
2 -1 32 120 4 1 64 25 0 990 990 990 990 990 990 990 0 990 990 990 990 990 990 990 0 990 990 990 990 990 990 990 0 990 990 990 990 990 990 990 0 990 990 990 990 990 990 990 0 990 990 990 990 990 990 990 0 990 990 990 990 990 990 990 99 990 990 990 990 990 990 990
2 -1 40 0 4 1 1 25 990
2 -1 40 8 4 1 1 25 990
2 -1 40 16 4 1 1 25 990
2 -1 40 24 4 1 1 25 990
2 -1 40 32 4 1 1 25 990
2 -1 40 40 4 1 1 25 990
2 -1 40 48 4 1 1 25 990
2 -1 40 56 4 1 1 25 990
2 -1 40 64 4 1 1 25 990
2 -1 40 72 4 1 1 25 990
2 -1 40 80 4 1 1 25 990
2 -1 40 88 4 1 1 25 990
2 -1 40 96 4 1 1 25 990
2 -1 40 104 4 1 1 25 990
2 -1 40 112 4 1 1 25 990
2 -1 40 120 4 1 1 25 990
2 -1 48 0 4 1 1 25 990
2 -1 48 8 4 1 1 25 990
2 -1 48 16 4 1 1 25 990
2 -1 48 24 4 1 1 25 990
2 -1 48 32 4 1 1 25 990
2 -1 48 40 4 1 1 25 990
2 -1 48 48 4 1 1 25 990
2 -1 48 56 4 1 1 25 990
2 -1 48 64 4 1 1 25 990
2 -1 48 72 4 1 1 25 990
2 -1 48 80 4 1 1 25 990
2 -1 48 88 4 1 1 25 990
2 -1 48 96 4 1 1 25 990
2 -1 48 104 4 1 1 25 990
2 -1 48 112 4 1 1 25 990
2 -1 48 120 4 1 1 25 990
2 -1 56 0 4 1 1 25 990
2 -1 56 8 4 1 1 25 990
2 -1 56 16 4 1 1 25 990
2 -1 56 24 4 1 1 25 990
2 -1 56 32 4 1 1 25 990
2 -1 56 40 4 1 1 25 990
2 -1 56 48 4 1 1 25 990
2 -1 56 56 4 1 1 25 990
2 -1 56 64 4 1 1 25 990
2 -1 56 72 4 1 1 25 990
2 -1 56 80 4 1 1 25 990
2 -1 56 88 4 1 1 25 990
2 -1 56 96 4 1 1 25 990
2 -1 56 104 4 1 1 25 990
2 -1 56 112 4 1 1 25 990
2 -1 56 120 4 1 1 25 990
2 -1 64 0 4 1 1 25 990
2 -1 64 8 4 1 1 25 990
2 -1 64 16 4 1 1 25 990
2 -1 64 24 4 1 1 25 990
2 -1 64 32 4 1 1 25 990
2 -1 64 40 4 1 1 25 990
2 -1 64 48 4 1 1 25 990
2 -1 64 56 4 1 1 25 990
2 -1 64 64 4 1 1 25 990
2 -1 64 72 4 1 1 25 990
2 -1 64 80 4 1 1 25 990
2 -1 64 88 4 1 1 25 990
2 -1 64 96 4 1 1 25 990
2 -1 64 104 4 1 1 25 990
2 -1 64 112 4 1 1 25 990
2 -1 64 120 4 1 1 25 990
2 -1 72 0 4 1 1 25 990
2 -1 72 8 4 1 1 25 990
2 -1 72 16 4 1 1 25 990
2 -1 72 24 4 1 1 25 990
2 -1 72 32 4 1 1 25 990
2 -1 72 40 4 1 1 25 990
2 -1 72 48 4 1 1 25 990
2 -1 72 56 4 1 1 25 990
2 -1 72 64 4 1 1 25 990
2 -1 72 72 4 1 1 25 990
2 -1 72 80 4 1 1 25 990
2 -1 72 88 4 1 1 25 990
2 -1 72 96 4 1 1 25 990
2 -1 72 104 4 1 1 25 990
2 -1 72 112 4 1 1 25 990
2 -1 72 120 4 1 1 25 990
2 -1 80 0 4 1 1 25 990
2 -1 80 8 4 1 1 25 990
2 -1 80 16 4 1 1 25 990
2 -1 80 24 4 1 1 25 990
2 -1 80 32 4 1 1 25 990
2 -1 80 40 4 1 1 25 990
2 -1 80 48 4 1 1 25 990
2 -1 80 56 4 1 1 25 990
2 -1 80 64 4 1 1 25 990
2 -1 80 72 4 1 1 25 990
2 -1 80 80 4 1 1 25 990
2 -1 80 88 4 1 1 25 990
2 -1 80 96 4 1 1 25 990
2 -1 80 104 4 1 1 25 990
2 -1 80 112 4 1 1 25 990
2 -1 80 120 4 1 1 25 990
2 -1 88 0 4 1 1 25 990
2 -1 88 8 4 1 1 25 990
2 -1 88 16 4 1 1 25 990
2 -1 88 24 4 1 1 25 990
2 -1 88 32 4 1 1 25 990
2 -1 88 40 4 1 1 25 990
2 -1 88 48 4 1 1 25 990
2 -1 88 56 4 1 1 25 990
2 -1 88 64 4 1 1 25 990
2 -1 88 72 4 1 1 25 990
2 -1 88 80 4 1 1 25 990
2 -1 88 88 4 1 1 25 990
2 -1 88 96 4 1 1 25 990
2 -1 88 104 4 1 1 25 990
2 -1 88 112 4 1 1 25 990
2 -1 88 120 4 1 1 25 990
2 -1 96 0 4 1 1 25 990
2 -1 96 8 4 1 1 25 990
2 -1 96 16 4 1 1 25 990
2 -1 96 24 4 1 1 25 990
2 -1 96 32 4 1 1 25 990
2 -1 96 40 4 1 1 25 990
2 -1 96 48 4 1 1 25 990
2 -1 96 56 4 1 1 25 990
2 -1 96 64 4 1 1 25 990
2 -1 96 72 4 1 1 25 990
2 -1 96 80 4 1 1 25 990
2 -1 96 88 4 1 1 25 990
2 -1 96 96 4 1 1 25 990
2 -1 96 104 4 1 1 25 990
2 -1 96 112 4 1 1 25 990
2 -1 96 120 4 1 1 25 990
2 -1 104 0 4 64 64 25 25 25 25 0 0 0 0 25 25 25 25 0 0 0 0 25 25 25 25 0 0 0 0 25 25 25 25 0 0 0 0 25 25 25 25 0 0 0 0 25 25 25 25 0 0 0 0 25 25 25 25 0 0 0 0 25 25 25 25 0 0 0 0 990 990 990 990 0 0 0 0 990 990 990 990 0 0 0 0 990 990 990 990 0 0 0 0 990 990 990 990 0 0 0 0 990 990 990 990 0 0 0 0 990 990 990 990 0 0 0 0 990 990 990 990 0 0 0 0 990 990 990 990 0 0 0 0
2 -1 104 8 4 64 64 25 25 25 25 0 0 0 0 25 25 25 25 0 0 0 0 25 25 25 25 0 0 0 0 25 25 25 25 0 0 0 0 25 25 25 25 0 0 0 0 25 25 25 25 0 0 0 0 25 25 25 25 0 0 0 0 25 25 25 25 0 0 0 0 990 990 990 990 0 0 0 0 990 990 990 990 0 0 0 0 990 990 990 990 0 0 0 0 990 990 990 990 0 0 0 0 990 990 990 990 0 0 0 0 990 990 990 990 0 0 0 0 990 990 990 990 0 0 0 0 990 990 990 990 0 0 0 0
2 -1 104 16 4 64 64 25 25 25 25 0 0 0 0 25 25 25 25 0 0 0 0 25 25 25 25 0 0 0 0 25 25 25 25 0 0 0 0 25 25 25 25 0 0 0 0 25 25 25 25 0 0 0 0 25 25 25 25 0 0 0 0 25 25 25 25 0 0 0 0 990 990 990 990 0 0 0 0 990 990 990 990 0 0 0 0 990 990 990 990 0 0 0 0 990 990 990 990 0 0 0 0 990 990 990 990 0 0 0 0 990 990 990 990 0 0 0 0 990 990 990 990 0 0 0 0 990 990 990 990 0 0 0 0
2 -1 104 24 4 64 64 25 25 25 25 0 0 0 0 25 25 25 25 0 0 0 0 25 25 25 25 0 0 0 0 25 25 25 25 0 0 0 0 25 25 25 25 0 0 0 0 25 25 25 25 0 0 0 0 25 25 25 25 0 0 0 0 25 25 25 25 0 0 0 0 990 990 990 990 0 0 0 0 990 990 990 990 0 0 0 0 990 990 990 990 0 0 0 0 990 990 990 990 0 0 0 0 990 990 990 990 0 0 0 0 990 990 990 990 0 0 0 0 990 990 990 990 0 0 0 0 990 990 990 990 0 0 0 0
2 -1 104 32 4 64 64 25 25 25 25 0 0 0 0 25 25 25 25 0 0 0 0 25 25 25 25 0 0 0 0 25 25 25 25 0 0 0 0 25 25 25 25 0 0 0 0 25 25 25 25 0 0 0 0 25 25 25 25 0 0 0 0 25 25 25 25 0 0 0 0 990 990 990 990 0 0 0 0 990 990 990 990 0 0 0 0 990 990 990 990 0 0 0 0 990 990 990 990 0 0 0 0 990 990 990 990 0 0 0 0 990 990 990 990 0 0 0 0 990 990 990 990 0 0 0 0 990 990 990 990 0 0 0 0
2 -1 104 40 4 64 64 25 25 25 25 0 0 0 0 25 25 25 25 0 0 0 0 25 25 25 25 0 0 0 0 25 25 25 25 0 0 0 0 25 25 25 25 0 0 0 0 25 25 25 25 0 0 0 0 25 25 25 25 0 0 0 0 25 25 25 25 0 0 0 0 990 990 990 990 0 0 0 0 990 990 990 990 0 0 0 0 990 990 990 990 0 0 0 0 990 990 990 990 0 0 0 0 990 990 990 990 0 0 0 0 990 990 990 990 0 0 0 0 990 990 990 990 0 0 0 0 990 990 990 990 0 0 0 0
2 -1 104 48 4 64 64 25 25 25 25 0 0 0 0 25 25 25 25 0 0 0 0 25 25 25 25 0 0 0 0 25 25 25 25 0 0 0 0 25 25 25 25 0 0 0 0 25 25 25 25 0 0 0 0 25 25 25 25 0 0 0 0 25 25 25 25 0 0 0 0 990 990 990 990 0 0 0 0 990 990 990 990 0 0 0 0 990 990 990 990 0 0 0 0 990 990 990 990 0 0 0 0 990 990 990 990 0 0 0 0 990 990 990 990 0 0 0 0 990 990 990 990 0 0 0 0 990 990 990 990 0 0 0 0
2 -1 104 56 4 64 64 25 25 25 25 0 0 0 0 25 25 25 25 0 0 0 0 25 25 25 25 0 0 0 0 25 25 25 25 0 0 0 0 25 25 25 25 0 0 0 0 25 25 25 25 0 0 0 0 25 25 25 25 0 0 0 0 25 25 25 25 0 0 0 0 990 990 990 990 0 0 0 0 990 990 990 990 0 0 0 0 990 990 990 990 0 0 0 0 990 990 990 990 0 0 0 0 990 990 990 990 0 0 0 0 990 990 990 990 0 0 0 0 990 990 990 990 0 0 0 0 990 990 990 990 0 0 0 0
2 -1 104 64 4 64 64 25 25 25 25 0 0 0 0 25 25 25 25 0 0 0 0 25 25 25 25 0 0 0 0 25 25 25 25 0 0 0 0 25 25 25 25 0 0 0 0 25 25 25 25 0 0 0 0 25 25 25 25 0 0 0 0 25 25 25 25 0 0 0 0 990 990 990 990 0 0 0 0 990 990 990 990 0 0 0 0 990 990 990 990 0 0 0 0 990 990 990 990 0 0 0 0 990 990 990 990 0 0 0 0 990 990 990 990 0 0 0 0 990 990 990 990 0 0 0 0 990 990 990 990 0 0 0 0
2 -1 104 72 4 64 64 25 25 25 25 0 0 0 0 25 25 25 25 0 0 0 0 25 25 25 25 0 0 0 0 25 25 25 25 0 0 0 0 25 25 25 25 0 0 0 0 25 25 25 25 0 0 0 0 25 25 25 25 0 0 0 0 25 25 25 25 0 0 0 0 990 990 990 990 0 0 0 0 990 990 990 990 0 0 0 0 990 990 990 990 0 0 0 0 990 990 990 990 0 0 0 0 990 990 990 990 0 0 0 0 990 990 990 990 0 0 0 0 990 990 990 990 0 0 0 0 990 990 990 990 0 0 0 0
2 -1 104 80 4 64 64 25 25 25 25 0 0 0 0 25 25 25 25 0 0 0 0 25 25 25 25 0 0 0 0 25 25 25 25 0 0 0 0 25 25 25 25 0 0 0 0 25 25 25 25 0 0 0 0 25 25 25 25 0 0 0 0 25 25 25 25 0 0 0 0 990 990 990 990 0 0 0 0 990 990 990 990 0 0 0 0 990 990 990 990 0 0 0 0 990 990 990 990 0 0 0 0 990 990 990 990 0 0 0 0 990 990 990 990 0 0 0 0 990 990 990 990 0 0 0 0 990 990 990 990 0 0 0 0
2 -1 104 88 4 64 64 25 25 25 25 0 0 0 0 25 25 25 25 0 0 0 0 25 25 25 25 0 0 0 0 25 25 25 25 0 0 0 0 25 25 25 25 0 0 0 0 25 25 25 25 0 0 0 0 25 25 25 25 0 0 0 0 25 25 25 25 0 0 0 0 990 990 990 990 0 0 0 0 990 990 990 990 0 0 0 0 990 990 990 990 0 0 0 0 990 990 990 990 0 0 0 0 990 990 990 990 0 0 0 0 990 990 990 990 0 0 0 0 990 990 990 990 0 0 0 0 990 990 990 990 0 0 0 0
2 -1 104 96 4 64 64 25 25 25 25 0 0 0 0 25 25 25 25 0 0 0 0 25 25 25 25 0 0 0 0 25 25 25 25 0 0 0 0 25 25 25 25 0 0 0 0 25 25 25 25 0 0 0 0 25 25 25 25 0 0 0 0 25 25 25 25 0 0 0 0 990 990 990 990 0 0 0 0 990 990 990 990 0 0 0 0 990 990 990 990 0 0 0 0 990 990 990 990 0 0 0 0 990 990 990 990 0 0 0 0 990 990 990 990 0 0 0 0 990 990 990 990 0 0 0 0 990 990 990 990 0 0 0 0
2 -1 104 104 4 64 64 25 25 25 25 0 0 0 0 25 25 25 25 0 0 0 0 25 25 25 25 0 0 0 0 25 25 25 25 0 0 0 0 25 25 25 25 0 0 0 0 25 25 25 25 0 0 0 0 25 25 25 25 0 0 0 0 25 25 25 25 0 0 0 0 990 990 990 990 0 0 0 0 990 990 990 990 0 0 0 0 990 990 990 990 0 0 0 0 990 990 990 990 0 0 0 0 990 990 990 990 0 0 0 0 990 990 990 990 0 0 0 0 990 990 990 990 0 0 0 0 990 990 990 990 0 0 0 0
2 -1 104 112 4 64 64 25 25 25 25 0 0 0 0 25 25 25 25 0 0 0 0 25 25 25 25 0 0 0 0 25 25 25 25 0 0 0 0 25 25 25 25 0 0 0 0 25 25 25 25 0 0 0 0 25 25 25 25 0 0 0 0 25 25 25 25 0 0 0 0 990 990 990 990 0 0 0 0 990 990 990 990 0 0 0 0 990 990 990 990 0 0 0 0 990 990 990 990 0 0 0 0 990 990 990 990 0 0 0 0 990 990 990 990 0 0 0 0 990 990 990 990 0 0 0 0 990 990 990 990 0 0 0 0
2 -1 104 120 4 64 64 25 25 25 25 0 0 0 0 25 25 25 25 0 0 0 0 25 25 25 25 0 0 0 0 25 25 25 25 0 0 0 0 25 25 25 25 0 0 0 0 25 25 25 25 0 0 0 0 25 25 25 25 0 0 0 0 25 25 25 25 0 0 0 0 990 990 990 990 0 0 0 0 990 990 990 990 0 0 0 0 990 990 990 990 0 0 0 0 990 990 990 990 0 0 0 0 990 990 990 990 0 0 0 0 990 990 990 990 0 0 0 0 990 990 990 990 0 0 0 0 990 990 990 990 0 0 0 0
2 -1 112 0 4 1 1 0 0
2 -1 112 8 4 1 1 0 0
2 -1 112 16 4 1 1 0 0
2 -1 112 24 4 1 1 0 0
2 -1 112 32 4 1 1 0 0
2 -1 112 40 4 1 1 0 0
2 -1 112 48 4 1 1 0 0
2 -1 112 56 4 1 1 0 0
2 -1 112 64 4 1 1 0 0
2 -1 112 72 4 1 1 0 0
2 -1 112 80 4 1 1 0 0
2 -1 112 88 4 1 1 0 0
2 -1 112 96 4 1 1 0 0
2 -1 112 104 4 1 1 0 0
2 -1 112 112 4 1 1 0 0
2 -1 112 120 4 1 1 0 0
2 -1 120 0 4 1 1 0 0
2 -1 120 8 4 1 1 0 0
2 -1 120 16 4 1 1 0 0
2 -1 120 24 4 1 1 0 0
2 -1 120 32 4 1 1 0 0
2 -1 120 40 4 1 1 0 0
2 -1 120 48 4 1 1 0 0
2 -1 120 56 4 1 1 0 0
2 -1 120 64 4 1 1 0 0
2 -1 120 72 4 1 1 0 0
2 -1 120 80 4 1 1 0 0
2 -1 120 88 4 1 1 0 0
2 -1 120 96 4 1 1 0 0
2 -1 120 104 4 1 1 0 0
2 -1 120 112 4 1 1 0 0
2 -1 120 120 4 1 1 0 0
2 0 0 0 4 1 64 25 99 99 99 0 0 0 0 0 0 0 99 99 0 0 0 0 0 0 0 0 0 0 0 0 0 0 0 0 0 0 0 0 0 0 0 0 0 0 0 0 0 0 0 0 0 0 0 0 0 0 0 0 99 99 99 99 99 99 99 99 99 99 198 198
2 0 0 8 4 1 64 25 99 99 198 198 198 99 198 198 198 198 198 198 198 198 198 297 198 297 198 198 297 198 198 198 297 297 297 297 297 297 297 297 495 594 594 495 495 594 495 495 792 792 792 792 792 792 792 792 891 891 891 891 891 891 792 792 891 891 990 990 891 792 792 792
2 0 0 16 4 1 64 25 891 792 891 891 792 792 693 693 891 792 891 891 891 891 792 792 990 891 990 891 990 891 792 891 990 990 1089 990 990 990 891 891 990 990 990 1089 990 990 990 891 1089 1089 1089 1089 990 990 990 990 1188 1089 990 990 990 1089 990 990 1287 1188 1089 1089 1089 990 990 891
2 0 0 24 4 1 64 25 1386 1287 1287 1188 1089 990 990 891 1485 1386 1485 1386 1188 1089 1089 990 1584 1584 1485 1485 1485 1386 1287 1089 1683 1584 1485 1485 1584 1584 1485 1386 1782 1584 1584 1485 1584 1485 1485 1485 1782 1683 1584 1584 1584 1485 1485 1485 1782 1782 1683 1683 1584 1485 1485 1584 1782 1881 1782 1782 1683 1584 1584 1584
2 0 0 32 4 1 64 25 1782 1881 1881 1881 1782 1683 1683 1584 1881 1881 1881 1881 1782 1782 1782 1683 1980 1881 1881 1980 1980 1881 1782 1782 2079 1980 1980 2079 1980 1980 1881 1881 2079 2079 1980 2079 2079 1980 1881 1881 2079 2178 2079 2079 2079 2079 1980 1980 2178 2178 2178 2079 2079 2178 1980 1980 2277 2178 2178 2178 2277 2178 2079 1980
2 0 0 40 4 1 64 25 2277 2277 2376 2376 2376 2277 2178 2079 2376 2475 2475 2475 2475 2376 2277 2178 2574 2475 2574 2475 2475 2475 2376 2277 2673 2574 2574 2574 2574 2475 2475 2376 2673 2673 2673 2574 2574 2574 2475 2376 2772 2673 2673 2673 2574 2574 2475 2475 2871 2772 2772 2673 2673 2673 2673 2574 2970 2772 2772 2772 2772 2772 2673 2574
2 0 0 48 4 64 64 16409 25 25 25 25 25 25 25 16409 25 25 25 25 25 25 25 16409 25 25 25 25 25 25 25 25 16409 25 25 25 25 25 25 25 16409 25 25 25 25 25 25 25 16409 25 25 25 25 25 25 25 25 25 25 25 25 25 25 25 25 25 25 25 25 25 25 3168 2871 2772 2871 2871 2772 2673 2673 3366 3069 2970 2970 2871 2772 2772 2772 3564 3168 2970 2970 2871 2772 2772 2673 3762 3267 2970 2970 2871 2772 2772 2772 3861 3267 3069 2970 2871 2772 2871 2871 3861 3366 3069 2970 2970 2871 2970 2970 3663 3267 3069 2970 2871 2871 2871 2871 3366 3168 3069 2970 2871 2871 2871 2871
2 0 0 56 4 64 64 25 25 25 25 25 25 25 25 25 25 25 25 25 25 25 25 25 25 25 25 25 25 25 25 16409 25 25 25 25 25 25 25 16409 25 25 25 25 25 25 25 25 16409 25 25 25 25 25 25 25 16409 25 25 25 25 25 25 25 25 16409 25 25 25 25 25 3168 3168 3168 3069 3069 3069 3069 2970 3168 3168 3168 3069 3069 3168 3069 3069 3168 3168 3168 3069 3069 3168 3069 3069 3366 3168 3168 3069 2970 3069 3069 2970 3564 3267 3168 3069 2970 3069 2970 2970 3762 3267 3168 3168 3069 3069 3069 3069 4158 3465 3168 3168 3168 3168 3069 3069 4455 3663 3366 3267 3267 3267 3267 3168
2 0 0 64 4 64 64 25 25 16409 25 25 25 32793 32793 25 25 16409 25 25 32793 25 25 25 25 16409 25 32793 25 25 25 25 25 16409 49177 25 25 25 25 25 25 16409 49177 25 25 25 25 25 25 25 32793 25 25 25 25 32793 32793 32793 25 25 25 25 25 25 25 25 25 25 25 25 25 4653 3861 3465 3465 3465 3564 3465 3366 4653 3960 3564 3564 3663 3663 3564 3564 4554 3960 3663 3663 3564 3663 3762 3861 4356 4059 3762 3564 3564 3762 4158 4356 3960 3861 3762 3663 3663 3960 4356 4851 3663 3663 3762 3663 3762 4059 4653 5346 3564 3564 3663 3663 3762 4158 4950 5841 3663 3663 3762 3762 3960 4356 5148 6237
2 0 0 72 4 64 64 25 25 25 25 25 25 25 25 25 25 25 25 25 25 25 25 25 25 25 25 25 25 25 25 25 25 25 25 25 25 25 25 25 25 25 25 25 25 25 25 25 25 25 25 25 25 25 25 25 25 25 25 25 25 25 25 25 25 32793 32793 32793 32793 25 25 3762 3861 3960 4158 4356 4752 5643 6633 4059 4257 4554 4851 5247 5841 6633 7623 4554 5049 5643 6237 6930 7623 8514 9207 5742 6435 7425 8514 9405 10296 10989 11286 7524 8613 9900 11187 12276 13068 13464 13464 9900 10989 12276 13563 14553 15048 15147 15048 12177 13068 14256 15246 15939 16137 16038 15741 14058 14652 15543 16236 16533 16632 16335 15939
2 0 0 80 4 64 64 25 32793 25 25 25 25 16409 32793 32793 25 25 25 25 25 25 25 25 25 25 25 25 25 25 25 25 25 25 25 25 25 25 25 25 25 25 25 25 25 25 25 25 25 25 25 25 25 25 25 25 25 25 25 25 25 25 25 25 25 25 25 25 25 25 25 15246 15741 16533 17028 17127 17028 16731 16335 16236 16731 17325 17721 17919 17820 17622 17226 17127 17523 17919 18216 18414 18513 18513 18117 17721 17721 17919 18117 18414 18513 18513 18315 17820 17523 17226 17226 17325 17226 17226 17028 17226 16533 15939 15444 15147 14850 14652 14454 16137 15048 13959 12969 11979 11385 10989 10791 14553 13068 11484 10098 8811 7920 7425 7227
2 0 0 88 4 1 64 25 12771 10989 9108 7524 6138 5445 5049 4851 11088 9108 7227 5742 4752 4356 4257 4059 9405 7524 5940 4950 4455 4257 4158 4158 8217 6534 5346 4752 4455 4356 4356 4554 7425 5940 5049 4851 4653 4554 4653 5049 7227 5841 5148 4851 4752 4752 4950 5544 7227 5841 5148 4950 4851 4851 5049 5742 7524 6237 5544 5148 5049 5049 5148 5445
2 0 0 96 4 1 64 25 7920 6732 5940 5445 5148 5049 5049 5247 8415 7260 6435 5742 5346 5148 5148 5148 8943 7920 7029 6237 5742 5346 5247 5247 9603 8613 7722 7029 6336 5742 5643 5643 10362 9504 8712 8019 7227 6633 6435 6435 11154 10395 9801 9207 8415 7920 7623 7524 11979 11187 10659 10197 9603 9207 9009 8910 12573 11979 11451 10989 10692 10593 10494 10395
2 0 0 104 4 1 64 25 12771 12474 12078 11880 11682 11484 11484 11385 12276 12375 12276 12177 12078 11880 11880 11583 11385 11682 11781 11880 11781 11583 11484 11187 10197 10593 10890 10989 10890 10791 10593 10296 9009 9405 9702 9702 9702 9603 9405 9108 8019 8217 8415 8415 8316 8217 8019 7821 7128 7227 7326 7227 7227 7128 6996 6831 6435 6435 6435 6435 6435 6336 6237 6138
2 0 0 112 4 1 64 25 5940 5841 5841 5841 5841 5841 5841 5841 5445 5346 5346 5346 5445 5544 5643 5643 5247 5049 4950 4950 5049 5247 5346 5346 5049 4851 4752 4752 4851 4950 4950 4950 5049 4851 4752 4752 4851 4851 4851 4851 5148 5016 4851 4851 4950 5049 4950 4851 5082 5148 4950 4950 5049 5049 5049 4950 5049 5148 5049 5148 5148 5049 4950 4950
2 0 0 120 4 1 64 25 4950 5049 5049 5049 5049 5049 4950 4851 4752 4752 4752 4653 4752 4653 4554 4356 4554 4455 4356 4257 4257 4158 4059 3960 4455 4356 4257 4158 3960 3960 3861 3861 4554 4455 4356 4158 4059 3960 3861 3762 4455 4455 4356 4158 4158 4158 4059 3861 4455 4356 4356 4158 4158 4158 4257 4158 4455 4356 4356 4356 4356 4356 4455 4554
2 0 8 0 4 1 64 25 0 0 0 0 0 0 0 0 0 0 0 0 0 0 0 0 0 0 0 0 0 0 0 99 0 0 0 0 0 0 0 0 0 0 0 0 0 0 0 0 0 0 0 0 99 0 0 0 99 99 99 99 99 198 198 99 99 99 198 198 198 198 198 198
2 0 8 8 4 1 64 25 99 198 198 198 198 198 198 198 198 297 297 198 198 198 198 198 297 198 198 198 297 297 297 297 297 297 396 396 396 396 495 495 495 528 594 594 594 594 594 693 693 792 792 693 693 594 594 693 792 792 693 792 693 693 693 693 693 792 693 693 693 693 693 594
2 0 8 16 4 1 64 25 693 693 693 693 693 693 594 594 792 792 792 792 693 693 693 693 891 891 891 891 792 891 792 792 891 891 891 990 891 891 891 792 891 891 891 891 891 792 792 891 990 990 891 891 891 891 792 891 891 990 891 891 891 891 891 891 891 990 891 891 891 891 990 891
2 0 8 24 4 1 64 25 891 990 891 891 990 990 990 891 990 990 990 990 990 891 891 891 990 990 990 990 891 990 990 990 1188 1089 990 990 891 990 990 990 1485 1287 1089 990 891 891 891 891 1584 1485 1287 1089 990 990 990 891 1584 1584 1485 1386 1188 1089 990 891 1584 1584 1584 1584 1386 1188 990 891
2 0 8 32 4 1 64 25 1683 1683 1584 1584 1485 1386 1188 990 1683 1782 1683 1584 1584 1485 1386 1188 1683 1782 1683 1584 1584 1584 1485 1386 1782 1782 1683 1683 1683 1584 1584 1584 1782 1881 1881 1782 1782 1782 1584 1584 1881 1881 1881 1782 1782 1782 1683 1683 2079 1980 1881 1782 1782 1782 1683 1683 2079 1980 1980 1980 1881 1881 1782 1782
2 0 8 40 4 1 64 25 2079 2079 2079 1980 1881 1881 1881 1782 2079 2079 2079 2178 2079 1881 1881 1881 2178 2178 2178 2178 2178 1980 1980 1980 2277 2277 2277 2178 2079 2079 1980 1980 2277 2277 2277 2178 2178 2178 2079 2178 2376 2475 2376 2277 2178 2178 2178 2178 2574 2475 2376 2376 2277 2178 2178 2178 2574 2475 2475 2376 2376 2277 2277 2277
2 0 8 48 4 1 64 25 2574 2574 2574 2376 2376 2376 2277 2277 2673 2574 2574 2475 2475 2475 2376 2277 2673 2574 2574 2574 2574 2475 2475 2376 2772 2673 2673 2673 2673 2574 2475 2376 2871 2772 2772 2772 2772 2673 2574 2376 2871 2772 2871 2871 2772 2673 2574 2475 2871 2772 2871 2772 2772 2673 2673 2574 2970 2871 2871 2871 2772 2673 2673 2574
2 0 8 56 4 1 64 25 2970 2970 2871 2871 2772 2673 2673 2673 3069 2970 2871 2772 2772 2772 2673 2673 2970 2871 2871 2871 2871 2871 2673 2772 3069 2970 2970 2970 2871 2772 2673 2673 2970 2970 2871 2871 2871 2871 2673 2673 3069 2970 2871 2871 2871 2871 2772 2772 3069 3069 2970 3069 3069 2970 2970 2871 3267 3267 3168 3267 3267 3168 3168 3069
2 0 8 64 4 64 64 25 25 25 25 25 25 25 25 16409 32793 25 25 25 25 25 25 25 25 16409 25 25 25 25 25 25 25 25 16409 25 25 25 25 25 25 25 25 16409 25 25 25 25 25 25 25 25 16409 25 25 25 25 25 25 25 25 16409 32793 25 25 25 25 25 25 25 25 3366 3366 3366 3366 3267 3267 3168 3168 3564 3465 3465 3366 3366 3366 3366 3366 3762 3663 3564 3465 3465 3366 3366 3366 4158 3960 3663 3564 3465 3465 3465 3465 4851 4356 3960 3663 3564 3564 3465 3564 5643 5148 4455 3960 3663 3663 3564 3663 6336 6039 5247 4455 3960 3762 3663 3663 6831 6930 6336 5445 4554 4059 3762 3663
2 0 8 72 4 1 64 25 7524 7722 7425 6633 5544 4752 4158 3861 8316 8712 8514 7920 6930 5940 5148 4554 9603 9900 9801 9306 8415 7524 6732 6039 11385 11385 11286 10692 9900 9207 8613 7920 13266 13068 12771 12177 11484 10890 10395 9801 14652 14355 13860 13266 12672 12177 11682 11187 15345 14850 14454 13959 13365 12969 12474 11880 15444 15048 14553 14157 13761 13365 12870 12375
2 0 8 80 4 64 64 25 25 25 25 25 25 25 25 16409 25 25 25 25 25 25 25 25 16409 25 25 25 25 25 25 25 16409 25 25 25 25 25 25 25 25 25 25 25 25 25 25 25 25 25 25 25 25 25 25 25 25 25 25 25 25 25 25 25 25 25 25 25 25 25 25 15741 14949 14355 14058 13761 13464 13068 12573 16434 15543 14751 14256 13959 13563 13068 12573 17523 16632 15840 15345 14751 14058 13365 12672 17919 17424 16929 16434 15939 15147 14256 13365 16929 16830 16632 16533 16434 16038 15444 14454 14454 14454 14652 14949 15444 15840 15840 15444 10692 10791 11187 11781 12771 13959 15048 15444 7128 7128 7425 8118 9306 11088 13068 14553
2 0 8 88 4 1 64 25 4851 4851 5049 5445 6435 8217 10692 13167 4059 4158 4158 4356 4950 6336 8613 11484 4158 4257 4158 4257 4455 5247 7128 10098 4653 4653 4455 4356 4356 4851 6435 9207 5544 5544 5049 4653 4554 4752 6039 8712 6237 6336 5643 4950 4752 4851 6039 8514 6336 6336 5742 5049 4851 5148 6336 8712 5841 5742 5346 5049 5049 5445 6831 9108
2 0 8 96 4 1 64 25 5346 5346 5148 5148 5346 6039 7524 9603 5148 5148 5247 5346 5643 6633 8217 10098 5346 5346 5445 5742 6336 7524 9009 10494 5742 5841 6039 6435 7227 8316 9702 10692 6435 6633 6930 7524 8316 9306 10197 10791 7623 7920 8316 8910 9702 10296 10692 10692 9108 9504 9900 10296 10692 10890 10890 10494 10593 10791 10989 11088 10989 10791 10395 9900
2 0 8 104 4 1 64 25 11385 11385 11187 10890 10593 10197 9702 9009 11385 11088 10791 10296 9801 9207 8712 8217 10890 10395 9999 9405 8910 8415 8019 7623 9900 9405 8910 8415 8019 7623 7326 7128 8811 8316 7920 7524 7227 6930 6732 6534 7623 7326 7029 6732 6534 6336 6138 6039 6633 6534 6336 6138 6039 5841 5742 5643 6039 5940 5841 5742 5643 5544 5544 5445
2 0 8 112 4 1 64 25 5742 5643 5643 5643 5544 5445 5445 5346 5544 5445 5445 5445 5445 5445 5445 5346 5445 5445 5445 5445 5445 5445 5445 5346 5049 5148 5247 5346 5346 5346 5346 5247 4851 4851 4851 4950 4950 5049 5049 4851 4851 4752 4653 4653 4653 4653 4554 4455 4950 4752 4653 4554 4455 4455 4356 4158 4950 4752 4653 4554 4455 4356 4158 3960
2 0 8 120 4 64 64 25 25 25 25 25 25 25 25 25 25 25 25 25 25 25 25 25 25 25 25 25 25 25 25 25 25 25 25 25 25 25 25 16409 32793 25 25 25 25 25 25 25 25 16409 32793 32793 32793 32793 32793 25 25 25 25 25 25 25 25 25 25 25 25 25 25 25 25 4653 4554 4455 4356 4257 4059 3762 3564 4158 4059 3960 3861 3762 3663 3465 3366 3861 3762 3762 3663 3564 3465 3366 3366 3663 3663 3663 3663 3564 3465 3366 3366 3663 3564 3564 3465 3465 3366 3267 3267 3762 3564 3564 3465 3465 3465 3366 3366 3960 3861 3762 3762 3762 3762 3663 3663 4455 4356 4356 4356 4356 4257 4257 4257
2 0 16 0 4 1 64 25 0 0 99 198 198 297 297 297 0 99 198 198 297 297 297 297 99 198 198 297 297 297 297 297 99 198 198 297 297 297 297 297 0 99 99 99 99 99 198 198 99 99 99 99 99 99 99 99 198 198 198 198 198 198 99 99 198 198 198 198 198 198 198 198
2 0 16 8 4 1 64 25 198 198 198 198 198 198 198 198 198 198 198 198 297 198 297 297 297 297 297 297 297 297 297 396 495 396 396 495 495 495 495 495 594 594 594 594 495 495 594 495 693 594 594 594 594 594 594 594 693 693 594 594 693 594 594 594 693 594 693 693 594 693 594 693
2 0 16 16 4 1 64 25 693 594 594 693 594 693 693 792 693 693 693 792 693 792 792 693 693 792 693 693 792 693 792 792 792 792 792 792 693 693 693 693 891 792 891 792 693 792 693 693 792 792 792 891 792 792 792 693 792 792 891 792 792 792 792 792 792 792 891 891 792 792 792 792
2 0 16 24 4 1 64 25 891 891 891 891 792 792 792 792 990 891 891 891 792 792 891 891 990 990 990 891 792 792 891 792 891 891 891 891 891 792 792 792 990 891 990 990 891 792 891 792 990 990 990 990 990 891 891 891 990 990 891 891 891 891 792 792 891 990 891 891 891 990 891 891
2 0 16 32 4 1 64 25 990 891 891 990 891 891 891 891 1089 990 990 990 990 990 990 891 1188 1089 1089 1089 990 990 891 891 1386 1089 1089 990 990 990 891 891 1485 1188 1089 1089 990 891 891 891 1683 1386 1188 1089 990 891 990 990 1683 1584 1386 1188 990 891 990 990 1683 1683 1584 1287 1089 990 990 990
2 0 16 40 4 1 64 25 1782 1683 1683 1386 1188 1089 990 990 1782 1683 1683 1584 1287 1089 990 990 1881 1881 1782 1782 1485 1188 1089 1089 1980 1881 1782 1881 1683 1386 1188 1089 2079 1881 1881 1881 1782 1584 1386 1188 2079 1980 1980 1881 1782 1782 1584 1287 2079 2079 1980 1881 1881 1782 1683 1386 2178 2079 1980 1881 1980 1881 1782 1584
2 0 16 48 4 1 64 25 2277 2079 2079 1980 2079 1980 1881 1782 2277 2178 2178 2178 2079 1980 1881 1881 2376 2277 2277 2178 2079 1980 1881 1881 2277 2376 2277 2178 2079 2079 1980 1881 2277 2277 2277 2178 2079 2079 1980 1980 2376 2376 2376 2277 2178 2079 1980 1881 2475 2376 2376 2376 2277 2178 2079 1980 2574 2475 2376 2376 2376 2277 2178 2178
2 0 16 56 4 1 64 25 2673 2574 2475 2376 2277 2178 2178 2079 2673 2574 2475 2376 2277 2178 2178 2079 2673 2574 2574 2376 2376 2277 2178 2178 2673 2673 2574 2475 2475 2277 2277 2277 2673 2673 2574 2475 2475 2376 2376 2277 2772 2673 2574 2475 2475 2475 2475 2376 2772 2673 2673 2574 2475 2574 2574 2376 3069 2871 2772 2673 2574 2574 2574 2376
2 0 16 64 4 64 64 25 25 25 25 25 25 25 25 25 25 25 25 25 25 25 25 25 25 25 25 25 25 25 25 25 25 25 25 25 25 25 25 25 25 25 25 25 25 25 25 25 25 25 25 25 25 25 25 25 25 25 25 25 25 25 25 16409 32793 32793 25 25 25 25 25 3168 3069 2970 2871 2673 2574 2475 2376 3267 3267 3168 3069 2970 2772 2574 2475 3366 3267 3267 3168 3069 3069 2871 2673 3465 3366 3366 3267 3267 3267 2970 2871 3564 3465 3465 3465 3366 3366 3168 2970 3663 3663 3564 3465 3366 3366 3366 3168 3663 3663 3564 3465 3465 3465 3465 3267 3663 3564 3564 3564 3465 3465 3465 3366
2 0 16 72 4 64 64 25 25 25 16409 32793 25 25 25 25 25 25 25 25 16409 32793 32793 25 25 25 25 25 25 25 25 25 25 25 25 25 25 25 25 25 25 25 25 25 25 25 25 25 25 25 25 25 25 25 25 25 25 25 25 25 25 25 25 25 25 25 25 25 25 25 25 3762 3663 3663 3663 3564 3564 3465 3465 4158 3960 3861 3663 3663 3564 3465 3465 5346 4752 4356 4059 3861 3762 3762 3663 7029 6237 5544 4950 4554 4356 4257 4257 8910 7920 6930 6138 5643 5247 5148 5049 10296 9405 8415 7524 6930 6435 6138 6039 11187 10395 9603 8910 8415 7920 7326 7029 11682 10989 10494 10296 10098 9603 9009 8316
2 0 16 80 4 1 64 25 11880 11385 11286 11484 11880 11682 10989 9999 11979 11583 11682 12276 13068 13365 12672 11583 12078 11682 11583 12276 13464 14157 13860 12672 12474 11583 11286 11979 13167 14157 14157 13068 13167 11880 11088 11484 12672 13662 13860 13068 14157 12672 11385 11286 12078 12870 13266 12771 14949 13662 12177 11385 11583 12276 12672 12276 15147 14553 13068 11880 11385 11583 11880 11583
2 0 16 88 4 1 64 25 14850 15147 14157 12573 11385 10989 11088 10989 14157 15345 14949 13365 11682 10593 10395 10296 13266 15147 15246 13959 11979 10494 9900 9702 12474 14652 15246 14157 12177 10395 9603 9207 11880 14157 14949 14058 12177 10395 9504 9009 11583 13761 14553 13860 12177 10395 9405 8910 11484 13365 14058 13365 11880 10296 9306 8811 11484 13068 13464 12771 11484 10098 9306 8811
2 0 16 96 4 1 64 25 11583 12672 12672 12078 10890 9801 9108 8712 11484 12177 12078 11385 10296 9504 8910 8415 11385 11682 11286 10593 9702 9009 8514 7920 11088 10989 10395 9702 9108 8613 8019 7524 10791 10395 9603 9009 8415 8118 7623 7128 10395 9801 9009 8415 7920 7524 7128 6732 9900 9108 8415 7920 7425 7029 6633 6435 9108 8415 7920 7425 7029 6732 6336 6138
2 0 16 104 4 1 64 25 8415 7920 7425 7128 6732 6534 6237 5940 7821 7524 7128 6831 6534 6237 5841 5643 7326 7128 6831 6534 6237 5940 5544 5346 6930 6633 6435 6138 5841 5544 5346 5148 6336 6138 5940 5742 5445 5346 5247 5148 5841 5742 5544 5445 5346 5346 5247 5148 5544 5445 5346 5346 5247 5247 5148 5049 5445 5346 5247 5346 5247 5148 4950 4752
2 0 16 112 4 1 64 25 5346 5346 5247 5247 5148 4950 4653 4356 5346 5247 5148 5049 4851 4554 4356 4059 5247 5148 4950 4752 4455 4257 4059 3861 5049 4950 4653 4356 4158 4059 3960 3762 4752 4554 4257 4059 3960 3861 3762 3465 4356 4158 3960 3861 3762 3564 3366 3069 3960 3861 3762 3564 3366 3168 2970 2871 3663 3465 3366 3267 3069 2970 2871 2772
2 0 16 120 4 64 64 25 25 25 25 25 25 25 25 25 25 25 25 25 25 25 25 25 25 25 25 25 25 25 25 25 25 25 25 25 25 25 25 25 25 25 25 25 25 25 25 32793 32793 32793 32793 32793 32793 32793 32793 25 25 25 25 25 25 25 25 25 25 25 25 25 25 25 25 3366 3267 3168 3069 2970 2871 2871 2673 3267 3168 3069 3069 2871 2772 2772 2574 3267 3069 2970 2970 2871 2772 2574 2475 3168 3069 2970 2970 2871 2673 2574 2475 3168 3069 2970 2970 2871 2772 2673 2475 3366 3267 3267 3168 3168 3069 2871 2772 3663 3663 3663 3663 3663 3564 3465 3267 4257 4356 4455 4455 4455 4356 4257 3960
2 0 24 0 4 1 64 25 198 198 198 99 99 99 198 198 198 198 198 198 198 198 198 297 297 297 297 297 297 297 297 297 396 396 396 297 297 297 396 297 198 297 297 297 396 396 396 396 99 99 99 99 198 198 198 297 198 198 99 99 99 99 99 198 198 198 198 198 198 99 198 198
2 0 24 8 4 1 64 25 297 198 198 198 198 198 297 297 297 297 297 396 396 396 396 396 495 495 495 495 495 495 495 495 594 594 495 495 495 462 528 462 594 594 495 495 495 495 561 462 594 660 561 495 495 495 495 495 594 594 660 594 594 495 594 495 693 693 693 693 693 594 693 594
2 0 24 16 4 1 64 25 792 693 693 693 693 693 693 594 693 693 693 693 693 693 693 693 792 792 693 693 693 792 693 594 792 792 792 693 792 792 693 693 792 792 693 693 792 693 693 594 792 693 693 693 693 693 693 693 693 693 792 693 693 693 693 693 792 693 792 792 792 792 693 693
2 0 24 24 4 1 64 25 792 792 792 792 792 693 693 792 792 792 792 792 693 693 693 792 792 693 792 792 792 792 792 693 792 693 792 792 792 792 693 693 792 792 792 693 792 792 792 792 891 891 792 693 693 792 693 693 891 891 792 792 792 792 792 792 792 792 792 792 792 792 891 792
2 0 24 32 4 1 64 25 891 792 792 792 792 792 792 792 990 891 891 891 891 792 792 792 990 990 891 891 891 891 891 792 891 990 990 891 792 792 792 792 891 891 990 891 891 891 792 891 990 891 990 990 891 891 891 792 990 990 891 891 990 891 891 792 990 990 891 891 990 891 891 891
2 0 24 40 4 1 64 25 990 990 990 990 990 990 891 792 990 990 891 990 891 990 891 891 1089 990 891 891 891 990 891 891 1089 990 990 891 990 990 990 891 1089 990 990 990 891 891 891 990 1089 990 990 990 891 891 891 990 1188 1089 990 1089 990 990 990 990 1287 1188 1089 1089 1089 1089 990 990
2 0 24 48 4 1 64 25 1584 1287 1089 1089 990 990 990 990 1683 1386 1188 1089 990 990 990 990 1782 1584 1287 1122 1089 990 990 990 1881 1683 1386 1188 1089 1089 990 990 1881 1782 1551 1353 1188 1089 990 990 1881 1782 1683 1485 1287 1089 990 990 1980 1881 1782 1584 1386 1188 1089 990 2079 1980 1881 1782 1584 1386 1188 1089
2 0 24 56 4 1 64 25 1980 1980 1980 1881 1683 1485 1287 1188 2079 2079 1980 1881 1782 1584 1386 1254 2178 2178 2079 1980 1881 1683 1551 1353 2178 2178 2079 1980 1881 1782 1683 1485 2178 2178 2079 1980 1980 1881 1782 1617 2277 2277 2112 2079 1980 1881 1815 1683 2376 2277 2178 2079 2079 1980 1881 1782 2376 2277 2178 2178 2079 1980 1881 1782
2 0 24 64 4 1 64 25 2376 2376 2277 2178 2178 2079 1980 1881 2475 2376 2277 2277 2178 2178 2079 1914 2475 2376 2376 2277 2277 2178 2079 1947 2673 2574 2475 2376 2277 2178 2079 1980 2871 2673 2574 2475 2376 2277 2079 1980 3069 2871 2673 2574 2475 2376 2178 2079 3168 2970 2871 2739 2574 2475 2376 2178 3267 3069 2970 2871 2772 2673 2508 2310
2 0 24 72 4 64 64 25 25 25 25 25 25 25 25 32793 32793 32793 32793 32793 32793 32793 25 25 25 25 25 25 25 25 16409 25 25 25 25 25 25 25 25 25 25 25 25 25 25 25 25 25 25 25 25 25 25 25 25 25 25 25 25 25 25 25 25 25 25 25 25 25 25 25 25 3366 3267 3168 3069 2970 2871 2673 2475 3465 3366 3267 3267 3168 3168 2970 2772 3663 3663 3564 3663 3630 3564 3399 3102 4257 4257 4257 4356 4356 4257 3960 3564 5148 5247 5247 5247 5247 5016 4587 4059 6138 6138 6336 6237 6072 5775 5181 4521 6930 7029 7227 7227 6864 6402 5709 4917 8019 7920 8019 8019 7623 6963 6105 5181
2 0 24 80 4 1 64 25 9306 8910 8910 8745 8217 7392 6369 5346 10395 9801 9603 9207 8613 7689 6567 5445 11286 10395 9999 9504 8679 7755 6633 5412 11781 10791 10098 9405 8613 7623 6567 5313 11880 10890 10197 9306 8481 7491 6402 5214 11880 10890 9999 9108 8217 7326 6237 5082 11484 10494 9603 8811 8019 7128 6072 4983 10989 10098 9306 8514 7755 6930 5940 4917
2 0 24 88 4 1 64 25 10494 9702 9009 8217 7524 6765 5841 4851 9999 9405 8613 8019 7326 6534 5709 4752 9405 8910 8415 7722 7128 6402 5544 4653 8910 8514 8118 7524 6963 6237 5445 4554 8613 8217 7755 7260 6732 6105 5346 4455 8514 8118 7557 7029 6567 5907 5148 4323 8415 7920 7425 6930 6402 5808 5049 4191 8217 7722 7326 6831 6237 5610 4917 4059
2 0 24 96 4 64 64 25 25 25 25 25 25 25 25 25 25 25 25 25 25 25 25 25 25 25 25 25 25 25 16409 25 25 25 25 25 25 25 16409 25 25 25 25 25 25 25 16409 25 25 25 25 25 25 25 16409 25 25 25 25 25 25 25 16409 25 25 25 25 25 25 25 25 8118 7722 7128 6633 6039 5445 4752 3960 7920 7425 6831 6336 5742 5148 4554 3762 7425 6930 6534 5940 5445 4950 4356 3663 7029 6633 6237 5643 5148 4752 4158 3531 6732 6435 5940 5445 4950 4554 4026 3432 6435 6138 5643 5148 4752 4356 3927 3333 6138 5742 5346 4950 4554 4224 3828 3234 5841 5445 5148 4785 4455 4125 3729 3168
2 0 24 104 4 64 64 25 25 25 25 25 25 16409 25 25 25 25 25 25 25 16409 25 25 25 25 25 25 25 25 25 25 25 25 25 25 16409 25 25 25 25 25 25 25 25 25 25 25 25 25 25 16409 25 25 25 25 25 25 25 25 25 25 25 25 25 25 25 25 25 25 25 5544 5247 4950 4719 4356 3993 3630 3135 5247 5049 4851 4554 4257 3861 3531 3102 5148 4950 4752 4455 4059 3762 3465 2970 5049 4950 4653 4191 3894 3663 3366 2871 5049 4851 4455 4026 3729 3564 3267 2805 4950 4653 4158 3861 3663 3465 3135 2673 4752 4356 3960 3762 3564 3366 3003 2574 4455 4059 3762 3663 3465 3168 2871 2475
2 0 24 112 4 64 64 25 25 16409 25 25 25 25 25 25 25 25 25 25 25 25 25 25 25 25 25 25 25 25 25 25 25 25 25 25 25 25 25 25 25 25 25 25 25 25 25 25 25 25 25 25 25 25 25 25 25 25 25 25 25 25 25 25 25 25 25 25 25 25 25 4158 3861 3663 3498 3267 2970 2673 2277 3861 3663 3564 3300 3069 2673 2376 2079 3663 3564 3366 3069 2772 2475 2178 1980 3564 3267 2970 2772 2475 2277 2079 1881 3168 2871 2673 2475 2310 2178 2079 1881 2871 2673 2475 2376 2277 2178 2079 1881 2673 2475 2475 2277 2178 2178 2079 1881 2574 2376 2277 2277 2178 2079 1980 1881
2 0 24 120 4 64 64 25 25 25 25 25 25 25 25 25 25 25 25 25 25 25 25 25 25 25 25 25 25 25 25 25 25 25 25 25 25 25 25 25 25 25 25 25 25 25 25 25 25 25 25 25 25 25 25 16409 25 25 25 25 25 25 25 25 16409 25 25 25 25 25 25 2574 2376 2277 2277 2079 1980 1881 1782 2475 2475 2376 2277 2079 1980 1881 1782 2376 2475 2376 2178 2079 1980 1881 1782 2376 2376 2277 2178 2079 1980 1881 1782 2376 2277 2178 2079 1980 1881 1881 1749 2574 2376 2277 2079 1914 1881 1782 1683 3069 2673 2409 2178 1980 1815 1782 1683 3663 3168 2772 2376 2046 1881 1782 1683
2 0 32 0 4 1 64 25 99 990 990 990 990 990 990 990 297 990 990 990 990 990 990 990 297 990 990 990 990 990 990 990 396 990 990 990 990 990 990 990 396 990 990 990 990 990 990 990 396 990 990 990 990 990 990 990 198 990 990 990 990 990 990 990 198 990 990 990 990 990 990 990
2 0 32 8 4 1 64 25 396 990 990 990 990 990 990 990 396 990 990 990 990 990 990 990 396 990 990 990 990 990 990 990 462 990 990 990 990 990 990 990 462 990 990 990 990 990 990 990 495 990 990 990 990 990 990 990 594 990 990 990 990 990 990 990 594 990 990 990 990 990 990 990
2 0 32 16 4 1 64 25 594 990 990 990 990 990 990 990 693 990 990 990 990 990 990 990 594 990 990 990 990 990 990 990 693 990 990 990 990 990 990 990 594 990 990 990 990 990 990 990 693 990 990 990 990 990 990 990 792 990 990 990 990 990 990 990 792 990 990 990 990 990 990 990
2 0 32 24 4 1 64 25 693 990 990 990 990 990 990 990 693 990 990 990 990 990 990 990 693 990 990 990 990 990 990 990 792 990 990 990 990 990 990 990 792 990 990 990 990 990 990 990 693 990 990 990 990 990 990 990 792 990 990 990 990 990 990 990 693 990 990 990 990 990 990 990
2 0 32 32 4 1 64 25 693 990 990 990 990 990 990 990 792 990 990 990 990 990 990 990 792 990 990 990 990 990 990 990 792 990 990 990 990 990 990 990 792 990 990 990 990 990 990 990 891 990 990 990 990 990 990 990 792 990 990 990 990 990 990 990 792 990 990 990 990 990 990 990
2 0 32 40 4 1 64 25 792 990 990 990 990 990 990 990 891 990 990 990 990 990 990 990 891 990 990 990 990 990 990 990 990 990 990 990 990 990 990 990 990 990 990 990 990 990 990 990 891 990 990 990 990 990 990 990 891 990 990 990 990 990 990 990 990 990 990 990 990 990 990 990
2 0 32 48 4 1 1 25 990
2 0 32 56 4 1 64 25 1089 990 990 990 990 990 990 990 1089 990 990 990 990 990 990 990 1188 1089 990 990 990 990 990 990 1287 1089 990 990 990 990 990 990 1386 1188 1089 990 990 990 990 990 1485 1287 1089 990 990 990 990 990 1584 1287 1089 990 990 990 990 990 1617 1386 1188 990 990 990 990 990
2 0 32 64 4 1 64 25 1683 1386 1188 1023 990 990 990 990 1683 1386 1155 1056 990 990 990 990 1683 1386 1188 1056 990 990 990 990 1683 1419 1188 1089 990 990 990 990 1782 1485 1221 1089 990 990 990 990 1782 1518 1287 1089 990 990 990 990 1881 1584 1353 1188 1056 990 990 990 2013 1683 1386 1188 1089 990 990 990
2 0 32 72 4 64 64 25 25 25 25 25 25 25 25 25 25 25 25 25 25 25 25 25 25 25 25 25 25 25 25 16409 25 25 25 25 25 25 25 16409 25 25 25 25 25 25 25 25 16409 25 25 25 25 25 25 25 16409 25 25 25 25 25 25 25 16409 25 25 25 25 25 25 2178 1782 1485 1287 1089 990 990 990 2376 1980 1617 1320 1122 990 990 990 2673 2211 1782 1419 1122 1023 990 990 3069 2475 1980 1485 1221 1056 990 990 3432 2739 2112 1617 1254 1089 990 990 3729 2937 2211 1683 1254 1089 990 990 3993 3102 2310 1716 1353 1089 990 990 4158 3201 2343 1749 1320 1056 990 990
2 0 32 80 4 64 64 25 16409 25 25 25 25 25 25 25 16409 25 25 25 25 25 25 25 16409 25 25 25 25 25 25 25 16409 25 25 25 25 25 25 25 16409 25 25 25 25 25 25 25 16409 25 25 25 25 25 25 25 16409 25 25 25 25 25 25 25 16409 25 25 25 25 25 25 4257 3267 2409 1716 1320 1056 990 990 4257 3267 2409 1716 1287 1056 990 990 4257 3267 2343 1716 1254 1056 990 990 4224 3168 2277 1650 1254 990 990 990 4092 3069 2211 1617 1221 1023 990 990 4026 3003 2145 1650 1254 1089 990 990 3927 2937 2145 1617 1287 1089 990 990 3861 2937 2079 1584 1221 1023 990 990
2 0 32 88 4 64 64 25 16409 25 25 25 25 25 25 25 25 25 25 25 25 25 25 16409 25 25 25 25 25 25 25 16409 25 25 25 25 25 25 25 16409 25 25 25 25 25 25 25 16409 25 25 25 25 25 25 25 16409 25 25 25 25 25 25 25 16409 25 25 25 25 25 25 25 3828 2871 2079 1518 1221 1056 990 990 3762 2838 2013 1452 1188 1023 990 990 3663 2739 1980 1452 1155 990 990 990 3564 2706 1914 1419 1122 990 990 990 3432 2607 1881 1353 1089 990 990 990 3366 2541 1782 1386 1089 990 990 990 3267 2475 1716 1254 1056 990 990 990 3168 2376 1716 1221 1023 990 990 990
2 0 32 96 4 64 64 16409 25 25 25 25 25 25 25 25 25 25 25 25 25 25 25 25 25 25 25 25 25 25 25 25 25 25 25 25 25 25 25 25 25 25 25 25 25 25 25 25 25 25 25 25 25 25 25 25 25 25 25 25 25 25 25 25 25 25 25 25 25 25 25 3069 2343 1650 1221 1023 990 990 990 2970 2277 1650 1188 1056 990 990 990 2871 2178 1617 1221 1023 990 990 990 2772 2046 1518 1188 1023 990 990 990 2673 2013 1485 1155 990 990 990 990 2607 1914 1419 1122 990 990 990 990 2574 1815 1353 1122 990 990 990 990 2475 1815 1320 1056 990 990 990 990
2 0 32 104 4 1 64 25 2475 1815 1320 1056 990 990 990 990 2442 1815 1254 1089 990 990 990 990 2442 1782 1287 1056 990 990 990 990 2343 1716 1221 1023 990 990 990 990 2310 1683 1221 1023 990 990 990 990 2178 1683 1221 1023 990 990 990 990 2079 1584 1221 1023 990 990 990 990 1980 1452 1188 990 990 990 990 990
2 0 32 112 4 1 64 25 1815 1419 1122 990 990 990 990 990 1716 1386 1155 990 990 990 990 990 1683 1353 1122 990 990 990 990 990 1584 1287 1089 990 990 990 990 990 1584 1287 1089 990 990 990 990 990 1584 1287 1089 990 990 990 990 990 1584 1287 1056 990 990 990 990 990 1584 1188 990 990 990 990 990 990
2 0 32 120 4 1 64 25 1518 1188 990 990 990 990 990 990 1584 1089 990 990 990 990 990 990 1518 1089 990 990 990 990 990 990 1485 1089 990 990 990 990 990 990 1485 1089 990 990 990 990 990 990 1485 1089 990 990 990 990 990 990 1485 1089 990 990 990 990 990 990 1485 1089 990 990 990 990 990 990
2 0 40 0 4 1 1 25 990
2 0 40 8 4 1 1 25 990
2 0 40 16 4 1 1 25 990
2 0 40 24 4 1 1 25 990
2 0 40 32 4 1 1 25 990
2 0 40 40 4 1 1 25 990
2 0 40 48 4 1 1 25 990
2 0 40 56 4 1 1 25 990
2 0 40 64 4 1 1 25 990
2 0 40 72 4 1 1 25 990
2 0 40 80 4 1 1 25 990
2 0 40 88 4 1 1 25 990
2 0 40 96 4 1 1 25 990
2 0 40 104 4 1 1 25 990
2 0 40 112 4 1 1 25 990
2 0 40 120 4 1 1 25 990
2 0 48 0 4 1 1 25 990
2 0 48 8 4 1 1 25 990
2 0 48 16 4 1 1 25 990
2 0 48 24 4 1 1 25 990
2 0 48 32 4 1 1 25 990
2 0 48 40 4 1 1 25 990
2 0 48 48 4 1 1 25 990
2 0 48 56 4 1 1 25 990
2 0 48 64 4 1 1 25 990
2 0 48 72 4 1 1 25 990
2 0 48 80 4 1 1 25 990
2 0 48 88 4 1 1 25 990
2 0 48 96 4 1 1 25 990
2 0 48 104 4 1 1 25 990
2 0 48 112 4 1 1 25 990
2 0 48 120 4 1 1 25 990
2 0 56 0 4 1 1 25 990
2 0 56 8 4 1 1 25 990
2 0 56 16 4 1 1 25 990
2 0 56 24 4 1 1 25 990
2 0 56 32 4 1 1 25 990
2 0 56 40 4 1 1 25 990
2 0 56 48 4 1 1 25 990
2 0 56 56 4 1 1 25 990
2 0 56 64 4 1 1 25 990
2 0 56 72 4 1 1 25 990
2 0 56 80 4 1 1 25 990
2 0 56 88 4 1 1 25 990
2 0 56 96 4 1 1 25 990
2 0 56 104 4 1 1 25 990
2 0 56 112 4 1 1 25 990
2 0 56 120 4 1 1 25 990
2 0 64 0 4 1 1 25 990
2 0 64 8 4 1 1 25 990
2 0 64 16 4 1 1 25 990
2 0 64 24 4 1 1 25 990
2 0 64 32 4 1 1 25 990
2 0 64 40 4 1 1 25 990
2 0 64 48 4 1 1 25 990
2 0 64 56 4 1 1 25 990
2 0 64 64 4 1 1 25 990
2 0 64 72 4 1 1 25 990
2 0 64 80 4 1 1 25 990
2 0 64 88 4 1 1 25 990
2 0 64 96 4 1 1 25 990
2 0 64 104 4 1 1 25 990
2 0 64 112 4 1 1 25 990
2 0 64 120 4 1 1 25 990
2 0 72 0 4 1 1 25 990
2 0 72 8 4 1 1 25 990
2 0 72 16 4 1 1 25 990
2 0 72 24 4 1 1 25 990
2 0 72 32 4 1 1 25 990
2 0 72 40 4 1 1 25 990
2 0 72 48 4 1 1 25 990
2 0 72 56 4 1 1 25 990
2 0 72 64 4 1 1 25 990
2 0 72 72 4 1 1 25 990
2 0 72 80 4 1 1 25 990
2 0 72 88 4 1 1 25 990
2 0 72 96 4 1 1 25 990
2 0 72 104 4 1 1 25 990
2 0 72 112 4 1 1 25 990
2 0 72 120 4 1 1 25 990
2 0 80 0 4 1 1 25 990
2 0 80 8 4 1 1 25 990
2 0 80 16 4 1 1 25 990
2 0 80 24 4 1 1 25 990
2 0 80 32 4 1 1 25 990
2 0 80 40 4 1 1 25 990
2 0 80 48 4 1 1 25 990
2 0 80 56 4 1 1 25 990
2 0 80 64 4 1 1 25 990
2 0 80 72 4 1 1 25 990
2 0 80 80 4 1 1 25 990
2 0 80 88 4 1 1 25 990
2 0 80 96 4 1 1 25 990
2 0 80 104 4 1 1 25 990
2 0 80 112 4 1 1 25 990
2 0 80 120 4 1 1 25 990
2 0 88 0 4 1 1 25 990
2 0 88 8 4 1 1 25 990
2 0 88 16 4 1 1 25 990
2 0 88 24 4 1 1 25 990
2 0 88 32 4 1 1 25 990
2 0 88 40 4 1 1 25 990
2 0 88 48 4 1 1 25 990
2 0 88 56 4 1 1 25 990
2 0 88 64 4 1 1 25 990
2 0 88 72 4 1 1 25 990
2 0 88 80 4 1 1 25 990
2 0 88 88 4 1 1 25 990
2 0 88 96 4 1 1 25 990
2 0 88 104 4 1 1 25 990
2 0 88 112 4 1 1 25 990
2 0 88 120 4 1 1 25 990
2 0 96 0 4 1 1 25 990
2 0 96 8 4 1 1 25 990
2 0 96 16 4 1 1 25 990
2 0 96 24 4 1 1 25 990
2 0 96 32 4 1 1 25 990
2 0 96 40 4 1 1 25 990
2 0 96 48 4 1 1 25 990
2 0 96 56 4 1 1 25 990
2 0 96 64 4 1 1 25 990
2 0 96 72 4 1 1 25 990
2 0 96 80 4 1 1 25 990
2 0 96 88 4 1 1 25 990
2 0 96 96 4 1 1 25 990
2 0 96 104 4 1 1 25 990
2 0 96 112 4 1 1 25 990
2 0 96 120 4 1 1 25 990
2 0 104 0 4 64 64 25 25 25 25 0 0 0 0 25 25 25 25 0 0 0 0 25 25 25 25 0 0 0 0 25 25 25 25 0 0 0 0 25 25 25 25 0 0 0 0 25 25 25 25 0 0 0 0 25 25 25 25 0 0 0 0 25 25 25 25 0 0 0 0 990 990 990 990 0 0 0 0 990 990 990 990 0 0 0 0 990 990 990 990 0 0 0 0 990 990 990 990 0 0 0 0 990 990 990 990 0 0 0 0 990 990 990 990 0 0 0 0 990 990 990 990 0 0 0 0 990 990 990 990 0 0 0 0
2 0 104 8 4 64 64 25 25 25 25 0 0 0 0 25 25 25 25 0 0 0 0 25 25 25 25 0 0 0 0 25 25 25 25 0 0 0 0 25 25 25 25 0 0 0 0 25 25 25 25 0 0 0 0 25 25 25 25 0 0 0 0 25 25 25 25 0 0 0 0 990 990 990 990 0 0 0 0 990 990 990 990 0 0 0 0 990 990 990 990 0 0 0 0 990 990 990 990 0 0 0 0 990 990 990 990 0 0 0 0 990 990 990 990 0 0 0 0 990 990 990 990 0 0 0 0 990 990 990 990 0 0 0 0
2 0 104 16 4 64 64 25 25 25 25 0 0 0 0 25 25 25 25 0 0 0 0 25 25 25 25 0 0 0 0 25 25 25 25 0 0 0 0 25 25 25 25 0 0 0 0 25 25 25 25 0 0 0 0 25 25 25 25 0 0 0 0 25 25 25 25 0 0 0 0 990 990 990 990 0 0 0 0 990 990 990 990 0 0 0 0 990 990 990 990 0 0 0 0 990 990 990 990 0 0 0 0 990 990 990 990 0 0 0 0 990 990 990 990 0 0 0 0 990 990 990 990 0 0 0 0 990 990 990 990 0 0 0 0
2 0 104 24 4 64 64 25 25 25 25 0 0 0 0 25 25 25 25 0 0 0 0 25 25 25 25 0 0 0 0 25 25 25 25 0 0 0 0 25 25 25 25 0 0 0 0 25 25 25 25 0 0 0 0 25 25 25 25 0 0 0 0 25 25 25 25 0 0 0 0 990 990 990 990 0 0 0 0 990 990 990 990 0 0 0 0 990 990 990 990 0 0 0 0 990 990 990 990 0 0 0 0 990 990 990 990 0 0 0 0 990 990 990 990 0 0 0 0 990 990 990 990 0 0 0 0 990 990 990 990 0 0 0 0
2 0 104 32 4 64 64 25 25 25 25 0 0 0 0 25 25 25 25 0 0 0 0 25 25 25 25 0 0 0 0 25 25 25 25 0 0 0 0 25 25 25 25 0 0 0 0 25 25 25 25 0 0 0 0 25 25 25 25 0 0 0 0 25 25 25 25 0 0 0 0 990 990 990 990 0 0 0 0 990 990 990 990 0 0 0 0 990 990 990 990 0 0 0 0 990 990 990 990 0 0 0 0 990 990 990 990 0 0 0 0 990 990 990 990 0 0 0 0 990 990 990 990 0 0 0 0 990 990 990 990 0 0 0 0
2 0 104 40 4 64 64 25 25 25 25 0 0 0 0 25 25 25 25 0 0 0 0 25 25 25 25 0 0 0 0 25 25 25 25 0 0 0 0 25 25 25 25 0 0 0 0 25 25 25 25 0 0 0 0 25 25 25 25 0 0 0 0 25 25 25 25 0 0 0 0 990 990 990 990 0 0 0 0 990 990 990 990 0 0 0 0 990 990 990 990 0 0 0 0 990 990 990 990 0 0 0 0 990 990 990 990 0 0 0 0 990 990 990 990 0 0 0 0 990 990 990 990 0 0 0 0 990 990 990 990 0 0 0 0
2 0 104 48 4 64 64 25 25 25 25 0 0 0 0 25 25 25 25 0 0 0 0 25 25 25 25 0 0 0 0 25 25 25 25 0 0 0 0 25 25 25 25 0 0 0 0 25 25 25 25 0 0 0 0 25 25 25 25 0 0 0 0 25 25 25 25 0 0 0 0 990 990 990 990 0 0 0 0 990 990 990 990 0 0 0 0 990 990 990 990 0 0 0 0 990 990 990 990 0 0 0 0 990 990 990 990 0 0 0 0 990 990 990 990 0 0 0 0 990 990 990 990 0 0 0 0 990 990 990 990 0 0 0 0
2 0 104 56 4 64 64 25 25 25 25 0 0 0 0 25 25 25 25 0 0 0 0 25 25 25 25 0 0 0 0 25 25 25 25 0 0 0 0 25 25 25 25 0 0 0 0 25 25 25 25 0 0 0 0 25 25 25 25 0 0 0 0 25 25 25 25 0 0 0 0 990 990 990 990 0 0 0 0 990 990 990 990 0 0 0 0 990 990 990 990 0 0 0 0 990 990 990 990 0 0 0 0 990 990 990 990 0 0 0 0 990 990 990 990 0 0 0 0 990 990 990 990 0 0 0 0 990 990 990 990 0 0 0 0
2 0 104 64 4 64 64 25 25 25 25 0 0 0 0 25 25 25 25 0 0 0 0 25 25 25 25 0 0 0 0 25 25 25 25 0 0 0 0 25 25 25 25 0 0 0 0 25 25 25 25 0 0 0 0 25 25 25 25 0 0 0 0 25 25 25 25 0 0 0 0 990 990 990 990 0 0 0 0 990 990 990 990 0 0 0 0 990 990 990 990 0 0 0 0 990 990 990 990 0 0 0 0 990 990 990 990 0 0 0 0 990 990 990 990 0 0 0 0 990 990 990 990 0 0 0 0 990 990 990 990 0 0 0 0
2 0 104 72 4 64 64 25 25 25 25 0 0 0 0 25 25 25 25 0 0 0 0 25 25 25 25 0 0 0 0 25 25 25 25 0 0 0 0 25 25 25 25 0 0 0 0 25 25 25 25 0 0 0 0 25 25 25 25 0 0 0 0 25 25 25 25 0 0 0 0 990 990 990 990 0 0 0 0 990 990 990 990 0 0 0 0 990 990 990 990 0 0 0 0 990 990 990 990 0 0 0 0 990 990 990 990 0 0 0 0 990 990 990 990 0 0 0 0 990 990 990 990 0 0 0 0 990 990 990 990 0 0 0 0
2 0 104 80 4 64 64 25 25 25 25 0 0 0 0 25 25 25 25 0 0 0 0 25 25 25 25 0 0 0 0 25 25 25 25 0 0 0 0 25 25 25 25 0 0 0 0 25 25 25 25 0 0 0 0 25 25 25 25 0 0 0 0 25 25 25 25 0 0 0 0 990 990 990 990 0 0 0 0 990 990 990 990 0 0 0 0 990 990 990 990 0 0 0 0 990 990 990 990 0 0 0 0 990 990 990 990 0 0 0 0 990 990 990 990 0 0 0 0 990 990 990 990 0 0 0 0 990 990 990 990 0 0 0 0
2 0 104 88 4 64 64 25 25 25 25 0 0 0 0 25 25 25 25 0 0 0 0 25 25 25 25 0 0 0 0 25 25 25 25 0 0 0 0 25 25 25 25 0 0 0 0 25 25 25 25 0 0 0 0 25 25 25 25 0 0 0 0 25 25 25 25 0 0 0 0 990 990 990 990 0 0 0 0 990 990 990 990 0 0 0 0 990 990 990 990 0 0 0 0 990 990 990 990 0 0 0 0 990 990 990 990 0 0 0 0 990 990 990 990 0 0 0 0 990 990 990 990 0 0 0 0 990 990 990 990 0 0 0 0
2 0 104 96 4 64 64 25 25 25 25 0 0 0 0 25 25 25 25 0 0 0 0 25 25 25 25 0 0 0 0 25 25 25 25 0 0 0 0 25 25 25 25 0 0 0 0 25 25 25 25 0 0 0 0 25 25 25 25 0 0 0 0 25 25 25 25 0 0 0 0 990 990 990 990 0 0 0 0 990 990 990 990 0 0 0 0 990 990 990 990 0 0 0 0 990 990 990 990 0 0 0 0 990 990 990 990 0 0 0 0 990 990 990 990 0 0 0 0 990 990 990 990 0 0 0 0 990 990 990 990 0 0 0 0
2 0 104 104 4 64 64 25 25 25 25 0 0 0 0 25 25 25 25 0 0 0 0 25 25 25 25 0 0 0 0 25 25 25 25 0 0 0 0 25 25 25 25 0 0 0 0 25 25 25 25 0 0 0 0 25 25 25 25 0 0 0 0 25 25 25 25 0 0 0 0 990 990 990 990 0 0 0 0 990 990 990 990 0 0 0 0 990 990 990 990 0 0 0 0 990 990 990 990 0 0 0 0 990 990 990 990 0 0 0 0 990 990 990 990 0 0 0 0 990 990 990 990 0 0 0 0 990 990 990 990 0 0 0 0
2 0 104 112 4 64 64 25 25 25 25 0 0 0 0 25 25 25 25 0 0 0 0 25 25 25 25 0 0 0 0 25 25 25 25 0 0 0 0 25 25 25 25 0 0 0 0 25 25 25 25 0 0 0 0 25 25 25 25 0 0 0 0 25 25 25 25 0 0 0 0 990 990 990 990 0 0 0 0 990 990 990 990 0 0 0 0 990 990 990 990 0 0 0 0 990 990 990 990 0 0 0 0 990 990 990 990 0 0 0 0 990 990 990 990 0 0 0 0 990 990 990 990 0 0 0 0 990 990 990 990 0 0 0 0
2 0 104 120 4 64 64 25 25 25 25 0 0 0 0 25 25 25 25 0 0 0 0 25 25 25 25 0 0 0 0 25 25 25 25 0 0 0 0 25 25 25 25 0 0 0 0 25 25 25 25 0 0 0 0 25 25 25 25 0 0 0 0 25 25 25 25 0 0 0 0 990 990 990 990 0 0 0 0 990 990 990 990 0 0 0 0 990 990 990 990 0 0 0 0 990 990 990 990 0 0 0 0 990 990 990 990 0 0 0 0 990 990 990 990 0 0 0 0 990 990 990 990 0 0 0 0 990 990 990 990 0 0 0 0
2 0 112 0 4 1 1 0 0
2 0 112 8 4 1 1 0 0
2 0 112 16 4 1 1 0 0
2 0 112 24 4 1 1 0 0
2 0 112 32 4 1 1 0 0
2 0 112 40 4 1 1 0 0
2 0 112 48 4 1 1 0 0
2 0 112 56 4 1 1 0 0
2 0 112 64 4 1 1 0 0
2 0 112 72 4 1 1 0 0
2 0 112 80 4 1 1 0 0
2 0 112 88 4 1 1 0 0
2 0 112 96 4 1 1 0 0
2 0 112 104 4 1 1 0 0
2 0 112 112 4 1 1 0 0
2 0 112 120 4 1 1 0 0
2 0 120 0 4 1 1 0 0
2 0 120 8 4 1 1 0 0
2 0 120 16 4 1 1 0 0
2 0 120 24 4 1 1 0 0
2 0 120 32 4 1 1 0 0
2 0 120 40 4 1 1 0 0
2 0 120 48 4 1 1 0 0
2 0 120 56 4 1 1 0 0
2 0 120 64 4 1 1 0 0
2 0 120 72 4 1 1 0 0
2 0 120 80 4 1 1 0 0
2 0 120 88 4 1 1 0 0
2 0 120 96 4 1 1 0 0
2 0 120 104 4 1 1 0 0
2 0 120 112 4 1 1 0 0
2 0 120 120 4 1 1 0 0
2 1 0 0 4 1 64 25 4455 4455 4455 4554 4653 4653 4752 4851 4554 4653 4851 4950 5049 5148 5148 5346 4950 5148 5346 5445 5544 5544 5643 5742 5346 5742 5841 5940 5940 5940 5940 5940 5841 6138 6237 6138 6039 5940 5841 5841 6138 6435 6435 6336 6138 5940 5841 5742 6237 6534 6534 6435 6237 6039 5841 5742 6336 6534 6435 6435 6237 6039 5841 5940
2 1 0 8 4 1 64 25 6336 6435 6336 6237 6039 5940 5940 6237 6237 6435 6336 6138 5940 5940 6138 6732 6138 6336 6237 6039 5841 6039 6435 7326 6039 6039 5940 5841 5841 6039 6732 7920 6039 5940 5742 5742 5841 6237 7128 8613 5940 5841 5742 5643 5940 6534 7722 9405 5841 5742 5742 5742 6039 6930 8415 10296 5742 5643 5643 5742 6237 7425 9108 11187
2 1 0 16 4 1 64 25 5742 5742 5643 5841 6534 7821 9702 11979 5742 5643 5643 5940 6732 8118 10197 12573 5643 5643 5643 6039 6831 8415 10593 13167 5742 5643 5841 6237 7128 8811 10989 13563 5742 5841 6039 6633 7623 9306 11385 13761 5841 6039 6435 7227 8217 9801 11682 13860 5874 6237 6831 7722 8712 10098 11880 13860 5973 6435 7128 8019 9009 10296 11781 13464
2 1 0 24 4 1 64 25 6039 6435 7227 8118 9207 10494 11781 13167 6138 6633 7326 8316 9405 10692 11880 12969 6138 6732 7623 8514 9603 10890 11979 12870 6237 6930 7920 8910 9900 10890 11880 12771 6336 7029 8019 9009 9999 10791 11781 12672 6435 7128 8118 9009 9801 10494 11385 12474 6534 7128 8019 8910 9504 10098 10890 11979 6534 7128 7920 8712 9207 9801 10395 11187
2 1 0 32 4 1 64 25 6633 7128 7920 8613 9108 9504 9999 10593 6633 7029 7722 8415 9009 9405 9603 9999 6633 7029 7623 8217 8712 9009 9306 9603 6732 6831 7227 7722 8217 8514 8811 9108 6600 6633 6831 7227 7524 7722 8019 8415 6336 6435 6435 6633 6831 6930 7326 7722 5841 5940 6039 6138 6237 6435 6732 7128 5148 5247 5544 5742 5841 6039 6336 6732
2 1 0 40 4 64 64 25 25 25 25 25 25 25 25 25 25 25 25 25 25 25 25 25 49177 25 25 25 25 25 25 16409 25 49177 25 25 25 25 25 16409 25 25 25 25 49177 25 25 16409 25 25 25 25 25 25 25 16409 25 25 25 32793 32793 32793 32793 16409 25 32793 32793 25 25 25 25 4455 4653 4950 5346 5544 5742 5940 6336 3960 4059 4356 4752 5148 5445 5643 5841 3663 3663 3762 4158 4554 4950 5247 5445 3465 3366 3465 3564 3960 4257 4653 4851 3465 3267 3168 3267 3366 3564 3762 3960 3465 3267 3069 3069 3168 3168 3267 3366 3564 3267 3069 3069 3069 3168 3267 3267 3564 3267 3168 3168 3267 3465 3663 3564
2 1 0 48 4 64 64 16409 32793 25 25 25 25 25 25 25 25 25 25 25 25 25 25 25 25 25 25 25 25 25 25 25 25 25 25 25 25 25 25 25 25 25 25 25 25 25 25 25 25 25 25 25 25 25 25 25 25 25 25 25 25 25 25 25 25 25 25 25 16409 25 25 3564 3366 3366 3366 3663 3960 4158 3861 3762 3663 3663 3861 4059 4455 4554 4158 4158 4059 4158 4356 4653 4851 4851 4257 4653 4653 4752 4851 4950 4950 4653 4059 5148 5148 5148 5049 4950 4653 4257 3663 5445 5346 5247 4950 4653 4158 3663 3267 5346 5346 5049 4653 4158 3762 3366 3069 5148 5049 4752 4356 3861 3465 3168 2970
2 1 0 56 4 1 64 25 4851 4653 4257 3960 3564 3267 3069 2871 4257 4158 3861 3663 3465 3168 3069 2772 3861 3762 3564 3465 3267 3168 3069 2772 3663 3465 3366 3267 3168 3069 2871 2673 3564 3366 3267 3168 3069 2871 2574 2376 3267 3168 3069 2970 2673 2475 2277 2079 3168 2970 2772 2574 2376 2178 1980 1881 2772 2673 2475 2376 2277 1980 1782 1683
2 1 0 64 4 1 64 25 2574 2475 2376 2277 1980 1782 1683 1683 2376 2277 2178 1980 1881 1782 1584 1584 2376 2178 1980 1881 1782 1683 1584 1683 2178 2079 1980 1782 1782 1782 1683 1584 1980 1980 1881 1782 1782 1683 1584 1584 1980 1881 1881 1782 1782 1683 1584 1584 1980 1881 1782 1782 1782 1683 1485 1584 1881 1881 1782 1782 1683 1584 1386 1386
2 1 0 72 4 1 64 25 1881 1782 1683 1683 1584 1485 1386 1386 1782 1683 1584 1584 1485 1485 1485 1386 1782 1683 1683 1584 1386 1386 1386 1386 1683 1683 1584 1485 1386 1386 1386 1287 1683 1683 1584 1386 1386 1386 1287 1287 1683 1584 1485 1386 1386 1386 1287 1287 1584 1485 1386 1287 1287 1287 1188 1188 1485 1386 1386 1287 1287 1287 1287 1287
2 1 0 80 4 1 64 25 1386 1287 1287 1287 1287 1188 1188 1287 1386 1287 1287 1287 1188 1188 1188 1188 1386 1287 1188 1188 1188 1089 1188 1089 1188 1188 1089 1188 1188 1089 1089 1188 1188 1188 1089 1089 1089 1089 1089 1089 1188 1188 1188 1188 1089 1089 1089 990 1188 1188 1188 1188 1089 1089 990 990 1188 1089 1188 1188 1089 990 990 990
2 1 0 88 4 1 64 25 1089 1089 1089 1089 990 990 990 891 1089 990 990 990 891 891 891 891 1089 990 891 891 891 891 990 891 891 891 891 990 891 891 891 891 891 891 990 990 891 891 891 891 990 990 891 891 990 891 792 792 990 891 891 891 891 792 792 792 891 792 792 891 891 792 792 792
2 1 0 96 4 1 64 25 891 792 792 792 891 891 891 792 990 891 891 792 792 792 792 792 891 792 792 792 891 792 792 792 792 792 792 792 792 891 792 792 792 792 792 792 792 792 792 792 792 792 792 792 792 792 693 693 693 792 792 792 693 693 792 693 792 693 693 693 792 693 693 693
2 1 0 104 4 1 64 25 693 693 693 792 693 792 792 693 792 693 693 792 693 792 792 693 693 792 792 792 792 693 693 792 792 792 792 693 693 792 792 693 693 693 693 693 693 693 693 693 693 693 693 693 693 693 693 693 693 693 693 693 792 792 693 693 693 693 693 693 693 594 594 693
2 1 0 112 4 1 64 25 693 693 693 693 693 594 594 693 594 594 594 594 693 594 693 594 594 594 693 693 594 693 594 594 693 693 594 693 594 594 594 594 693 693 594 594 693 594 693 693 693 594 693 594 594 594 594 594 594 594 594 594 594 693 594 693 495 594 693 594 594 594 594 594
2 1 0 120 4 1 64 25 495 594 594 495 495 594 594 594 594 594 495 594 594 594 594 594 594 495 495 594 495 495 594 495 594 594 594 594 495 495 594 594 594 594 594 594 594 495 495 495 594 594 594 594 594 495 594 594 594 495 594 594 495 495 594 594 495 495 495 594 495 495 495 594
2 1 8 0 4 1 64 25 4950 5049 5049 5148 5049 4950 4950 4950 5445 5445 5544 5544 5544 5445 5346 5247 5742 5742 5742 5742 5742 5544 5346 5247 5940 5940 5841 5742 5643 5544 5445 5247 5841 5841 5742 5742 5841 5841 5742 5544 5742 5742 5940 6138 6336 6435 6336 6237 5841 6039 6336 6831 7227 7425 7524 7326 6138 6633 7227 7821 8514 8910 9009 8910
2 1 8 8 4 1 64 25 6732 7524 8316 9108 9801 10296 10494 10593 7623 8613 9504 10395 11187 11781 12177 12276 8514 9801 10890 11880 12771 13563 14058 14256 9405 10989 12375 13464 14454 15246 15741 15939 10395 12276 13761 14949 15642 15840 15939 16038 11385 13464 14949 15741 15444 14454 13662 13464 12573 14553 15741 15543 13860 11583 9999 9504 13464 15345 15939 14652 11781 8910 7128 6534
2 1 8 16 4 64 64 25 25 25 25 25 25 25 25 25 25 25 25 25 25 25 25 25 25 25 25 25 25 25 25 25 32793 32793 25 25 25 25 25 49177 25 25 16409 25 25 25 25 49177 25 25 25 16409 32793 32793 32793 49177 25 25 25 25 25 25 25 49177 25 25 25 25 25 25 25 14256 15939 15840 13761 10197 7326 5841 5346 14850 16335 15840 13266 9504 6732 5544 5148 15444 16731 16236 13464 9702 6930 5742 5346 15840 17226 16731 14355 10791 7920 6435 5841 16038 17523 17424 15741 12870 10098 8316 7722 16038 17523 18018 17127 15246 13167 11682 11088 15741 17424 18216 18117 17226 16137 15246 15147 15246 16830 18018 18513 18513 18117 17919 18117
2 1 8 24 4 64 64 25 49177 25 25 25 25 25 25 25 25 25 49177 25 25 25 25 25 25 25 25 25 25 25 25 25 25 25 25 25 25 25 25 25 25 25 25 25 25 25 25 25 25 25 25 25 25 25 25 25 25 25 25 25 25 25 25 25 25 25 25 25 25 25 25 14553 16038 17226 18117 18612 18810 19008 19305 13959 15048 16137 17028 17622 18117 18513 18810 13563 14355 15048 15642 16236 16731 16929 17325 13464 13959 14355 14652 15048 15246 15444 15642 13464 13959 14157 14355 14553 14652 14751 14850 13266 13959 14355 14553 14751 14850 14949 14949 12870 13662 14256 14652 14949 15147 15246 15345 12177 12969 13662 14256 14553 14751 14949 15147
2 1 8 32 4 1 64 25 11286 12078 12771 13365 13662 13959 14058 14355 10593 11187 11682 12177 12573 12771 12870 13167 9900 10395 10791 11187 11484 11583 11682 11781 9405 9801 10098 10395 10593 10692 10692 10593 8811 9009 9306 9504 9603 9702 9702 9504 8217 8316 8316 8415 8514 8613 8514 8217 7524 7623 7425 7227 7227 7227 7227 6930 7029 6930 6534 6237 6039 6039 6039 5841
2 1 8 40 4 64 64 25 25 25 25 25 25 25 25 25 25 25 25 25 25 25 25 25 25 25 25 25 25 25 25 25 25 25 25 25 25 25 25 25 25 25 25 25 25 25 25 25 25 49177 25 25 25 25 25 25 25 25 25 25 25 25 25 16409 25 25 25 25 25 25 25 6435 6237 5940 5643 5445 5346 5346 5247 5841 5742 5544 5247 5148 5148 5049 4950 5445 5445 5346 5148 5148 5049 5049 4950 4950 4950 4950 4950 5049 5049 5049 4950 4158 4257 4356 4455 4554 4653 4752 4752 3366 3465 3465 3663 3861 4059 4158 4257 3069 2970 2871 2970 3069 3267 3267 3366 3168 2772 2574 2574 2574 2673 2673 2772
2 1 8 48 4 64 64 16409 25 25 25 25 25 25 25 16409 25 25 25 25 25 25 25 16409 25 25 25 25 25 25 25 16409 25 25 25 25 25 25 25 25 25 25 25 25 25 25 25 25 25 25 25 25 25 25 25 25 25 25 25 25 25 25 25 25 25 25 25 25 25 25 25 3366 2871 2475 2376 2376 2376 2376 2376 3465 2871 2574 2475 2376 2376 2277 2277 3465 2871 2475 2376 2376 2376 2178 2178 3366 2772 2475 2376 2277 2376 2178 2079 3069 2673 2475 2376 2277 2277 2178 1980 2871 2673 2475 2376 2277 2277 2079 1782 2772 2673 2475 2376 2376 2178 1881 1584 2673 2574 2475 2376 2277 1980 1683 1485
2 1 8 56 4 1 64 25 2673 2475 2475 2277 2079 1782 1485 1386 2574 2475 2277 1980 1782 1584 1485 1386 2574 2376 2079 1782 1584 1485 1485 1287 2376 2079 1782 1683 1584 1386 1386 1287 2079 1782 1683 1584 1485 1386 1386 1287 1782 1683 1584 1584 1485 1386 1386 1386 1683 1584 1485 1485 1485 1386 1386 1287 1683 1584 1485 1485 1386 1287 1287 1287
2 1 8 64 4 1 64 25 1683 1584 1485 1386 1485 1287 1287 1287 1683 1584 1485 1386 1485 1287 1287 1287 1683 1485 1386 1287 1386 1287 1386 1287 1584 1386 1386 1287 1287 1287 1386 1188 1584 1386 1287 1287 1287 1287 1287 1188 1485 1386 1386 1287 1188 1188 1188 1089 1485 1386 1287 1287 1287 1188 1188 1089 1386 1287 1188 1188 1287 1188 1287 1188
2 1 8 72 4 1 64 25 1386 1188 1188 1188 1287 1287 1188 1188 1287 1188 1188 1287 1188 1188 1188 1089 1287 1287 1287 1188 1188 1089 1089 990 1188 1287 1188 1089 1089 1089 990 990 1287 1287 1188 1089 1188 1089 990 990 1188 1188 1188 1089 1089 990 1089 1089 1287 1287 1188 1089 990 990 1089 1089 1287 1287 1089 1089 990 990 990 990
2 1 8 80 4 1 64 25 1287 1188 1089 990 891 990 990 891 1089 1089 1089 891 891 891 891 990 1089 1089 990 891 891 891 990 891 1089 990 990 891 891 990 891 792 1089 990 990 990 891 990 891 891 990 891 891 891 891 891 891 792 891 891 990 891 891 792 792 792 891 990 990 891 891 891 891 792
2 1 8 88 4 1 64 25 990 891 990 891 891 891 891 792 891 792 792 792 792 891 792 792 891 891 792 792 891 792 792 792 891 891 891 792 792 891 792 693 792 792 891 891 792 792 792 792 792 792 792 792 792 792 792 792 792 792 792 792 891 792 792 792 891 792 792 792 792 792 693 693
2 1 8 96 4 1 64 25 792 792 792 792 792 792 792 792 792 792 792 792 693 792 792 792 792 792 792 792 693 693 792 792 792 792 792 693 693 693 693 792 693 693 792 693 693 693 693 693 693 693 792 693 693 792 792 693 693 693 792 693 792 792 693 693 792 792 792 693 693 693 693 693
2 1 8 104 4 1 64 25 693 693 693 693 693 693 693 693 693 693 693 594 693 693 693 693 693 693 693 594 594 594 594 693 693 693 693 693 693 594 693 594 693 693 693 693 693 594 594 594 693 693 693 693 594 693 594 594 693 693 594 594 594 594 693 594 594 594 693 693 594 594 594 594
2 1 8 112 4 1 64 25 693 594 594 594 594 594 594 594 594 594 594 495 594 594 594 594 594 594 594 495 495 594 594 594 594 594 594 594 594 594 594 495 594 594 594 594 594 594 594 495 693 594 594 495 495 594 495 495 594 495 495 594 594 495 495 495 495 594 594 594 495 594 495 495
2 1 8 120 4 1 64 25 495 495 594 495 495 495 594 495 495 495 594 594 594 495 594 495 495 594 594 594 594 495 495 495 594 495 495 594 594 594 495 495 495 495 495 495 594 594 495 495 594 495 594 495 495 495 495 495 594 495 495 594 495 495 495 495 495 495 495 495 495 396 396 495
2 1 16 0 4 1 64 25 4950 4950 4950 4950 4851 4851 4752 4554 5148 5148 5049 5049 5049 4950 4851 4752 5148 5049 4950 4950 4851 4851 4752 4752 5148 4950 4950 4851 4851 4851 4851 4752 5346 5148 5148 5148 5148 5148 5148 5049 5940 5742 5742 5742 5742 5841 5742 5643 7128 6930 6831 6831 6831 6831 6732 6336 8712 8514 8316 8316 8316 8217 7920 7425
2 1 16 8 4 64 64 25 25 25 25 25 25 25 25 25 25 25 25 25 25 25 25 25 25 25 25 25 25 25 25 25 25 25 32793 32793 25 25 25 25 25 49177 25 25 16409 32793 25 25 25 49177 25 25 25 25 16409 25 25 49177 25 25 25 25 16409 25 25 25 49177 25 25 25 25 10395 10197 10098 9999 9801 9603 9207 8613 12177 11979 11781 11583 11187 10791 10395 9801 14256 13959 13662 13266 12672 12078 11484 10890 16038 15939 15642 15147 14454 13662 12870 11979 16335 16731 17028 16929 16434 15543 14454 13365 14157 15345 16731 17622 17919 17325 16236 14949 10296 11979 14355 16632 18216 18513 17721 16335 7029 8415 10989 14256 17127 18711 18612 17424
2 1 16 16 4 64 64 25 25 25 49177 25 25 25 25 25 25 25 25 32793 25 25 25 25 25 25 49177 25 25 25 25 25 25 25 32793 25 25 25 25 25 25 32793 25 25 25 25 25 32793 32793 25 25 25 25 25 25 25 25 25 25 25 25 25 25 25 25 25 25 25 25 25 16409 5445 6237 8415 11880 15642 18117 18810 18018 5148 5643 7326 10791 14751 17523 18810 18414 5247 5841 7722 11088 14751 17424 18711 18414 5940 6831 9108 12474 15642 17919 18909 18414 7920 9207 11583 14454 17127 18810 19305 18315 11484 12771 14652 16731 18513 19602 19404 18018 15543 16434 17523 18612 19503 19701 18909 17325 18513 18909 19305 19503 19503 19008 17919 16236
2 1 16 24 4 1 64 25 19602 19701 19503 19206 18513 17721 16632 15147 19008 18909 18513 17919 17127 16236 15246 14058 17424 17424 17028 16434 15840 15147 14454 13464 15741 15741 15642 15246 14949 14553 14157 13365 14949 14949 14949 14949 14949 14751 14355 13464 15147 15246 15345 15444 15345 15147 14553 13464 15642 15741 15840 15840 15642 15147 14355 13068 15543 15741 15840 15741 15345 14652 13761 12474
2 1 16 32 4 1 64 25 14652 14850 14949 14751 14454 13860 12969 11880 13464 13662 13662 13563 13266 12870 12177 11286 11979 12177 12177 12177 12078 11880 11484 10692 10593 10593 10692 10989 10989 10989 10791 10395 9207 9108 9306 9801 9999 9999 9999 9900 7821 7623 7920 8415 8613 8712 8811 8712 6534 6336 6633 6930 6930 6930 6930 6831 5544 5445 5544 5643 5445 5346 5346 5247
2 1 16 40 4 1 64 25 5049 5049 5049 4950 4851 4653 4653 4488 4950 4851 4950 4752 4653 4554 4455 4356 4950 4851 4950 4752 4752 4554 4554 4356 4950 4950 4950 4752 4653 4653 4455 4257 4851 4851 4752 4653 4653 4554 4356 4257 4356 4356 4356 4356 4356 4356 4257 4059 3465 3663 3663 3762 3762 3762 3762 3663 2772 2772 2772 2871 2871 2772 2871 2970
2 1 16 48 4 1 64 25 2277 2178 2079 2079 1980 1980 2079 2211 2079 1980 1782 1683 1584 1485 1584 1584 2079 1881 1584 1485 1386 1386 1386 1386 1881 1683 1485 1386 1287 1287 1287 1287 1683 1485 1386 1386 1386 1287 1287 1188 1584 1386 1386 1386 1287 1287 1287 1188 1485 1485 1386 1287 1287 1287 1188 1188 1386 1485 1287 1287 1287 1287 1188 1188
2 1 16 56 4 1 64 25 1287 1386 1287 1287 1188 1188 1287 1188 1287 1287 1287 1188 1188 1287 1287 1188 1188 1287 1188 1188 1188 1287 1188 1188 1188 1287 1188 1188 1188 1287 1188 1188 1188 1287 1287 1188 1089 1089 1188 1188 1188 1188 1188 1188 1089 1089 1089 1089 1188 1188 1188 1188 1089 1089 1188 1089 1287 1188 1188 1188 1188 1089 1089 1089
2 1 16 64 4 1 64 25 1287 1188 1188 1188 1188 1089 1089 1089 1188 1089 1089 1089 1089 1089 1089 1089 1188 1188 1188 1089 1188 1089 990 990 1089 1188 1188 1089 1089 1089 990 990 1089 1089 1089 1089 990 990 990 990 1089 1089 1089 990 990 990 990 990 1089 1188 1089 990 1089 990 990 990 1089 1089 1089 990 1089 990 990 990
2 1 16 72 4 1 64 25 990 990 990 990 1089 990 990 990 990 990 1089 990 990 891 990 891 891 891 990 891 891 891 891 891 990 990 990 891 891 891 891 891 1089 1089 990 990 990 891 891 891 990 990 990 891 891 990 891 891 990 891 891 891 891 990 891 891 990 891 891 990 891 891 792 891
2 1 16 80 4 1 64 25 891 990 990 891 891 792 792 891 891 891 891 891 891 891 792 891 891 891 792 891 891 891 792 792 792 891 792 792 792 792 792 792 891 792 792 792 792 792 792 891 792 792 891 792 891 792 792 792 792 792 792 792 891 891 792 792 792 792 792 792 792 792 693 792
2 1 16 88 4 1 64 25 792 792 792 792 792 792 693 693 792 792 792 792 693 792 792 693 693 693 792 693 693 693 792 693 693 792 792 693 693 693 693 693 792 792 792 792 693 792 693 792 792 693 792 693 792 693 693 693 693 693 792 693 693 693 792 693 792 693 792 693 693 792 792 693
2 1 16 96 4 1 64 25 693 693 693 792 693 693 693 693 792 693 693 792 693 693 693 693 792 792 693 693 693 693 693 693 792 693 693 693 693 693 693 693 693 594 594 693 693 693 693 693 693 693 693 693 693 693 594 594 693 693 594 594 594 594 693 594 693 693 594 693 594 594 594 594
2 1 16 104 4 1 64 25 693 693 693 693 693 594 594 594 693 693 594 594 594 594 594 594 594 594 594 594 594 495 495 495 693 594 594 594 594 594 594 594 594 594 594 594 594 594 594 594 594 594 594 594 594 594 594 594 594 594 594 594 594 594 594 594 594 594 594 594 495 495 594 594
2 1 16 112 4 1 64 25 594 594 495 594 495 495 594 594 594 594 495 495 594 495 594 495 594 594 594 594 495 594 495 495 594 594 594 594 495 495 594 594 594 495 495 495 495 495 594 495 594 495 495 495 495 495 495 594 594 495 594 594 495 495 495 594 495 495 495 495 594 495 594 495
2 1 16 120 4 1 64 25 495 495 495 495 495 495 495 495 495 495 495 495 495 495 495 495 495 495 495 495 495 495 495 495 495 495 495 495 495 495 495 495 495 495 495 495 396 495 495 396 495 495 495 396 396 495 396 495 396 396 495 495 396 396 396 396 495 495 495 495 396 396 495 396
2 1 24 0 4 64 64 25 25 16409 25 25 25 25 25 25 25 25 16409 25 25 25 25 25 25 25 25 16409 25 25 25 25 25 25 25 16409 25 25 25 25 25 25 25 25 16409 25 25 25 25 25 25 25 16409 25 25 25 25 25 25 25 25 16409 25 25 25 25 25 25 25 16409 25 4158 3762 3168 2673 2211 1980 1782 1683 4554 4257 3663 3069 2574 2178 1881 1683 4653 4554 4059 3564 2937 2409 2013 1683 4752 4752 4455 3960 3267 2640 2145 1782 5049 5049 4851 4290 3663 2970 2376 1881 5445 5346 5148 4653 3993 3267 2607 2079 6039 5643 5445 4983 4389 3663 2970 2277 6831 6237 5841 5346 4686 3960 3267 2541
2 1 24 8 4 64 64 25 25 25 25 25 25 16409 25 25 25 25 25 25 25 25 16409 25 25 25 25 25 25 25 16409 25 25 25 25 25 25 25 16409 25 25 25 25 25 25 25 25 25 25 25 25 25 25 25 25 25 25 25 25 25 25 25 25 16409 25 25 25 25 25 25 25 7920 7029 6336 5643 4950 4257 3564 2772 8910 7920 6831 5940 5214 4455 3762 2970 9900 8613 7425 6402 5412 4620 3894 3168 10890 9603 8118 6831 5808 4884 4125 3366 12078 10692 9108 7623 6336 5313 4455 3630 13464 11880 10098 8415 7128 5940 4917 3960 14652 12870 11088 9405 7953 6633 5445 4323 15642 13662 11781 10197 8778 7392 6006 4752
2 1 24 16 4 64 64 16409 25 25 25 25 25 25 25 16409 25 25 25 25 25 25 25 16409 25 25 25 25 25 25 25 16409 25 25 25 25 25 25 25 16409 25 25 25 25 25 25 25 16409 25 25 25 25 25 25 25 25 25 25 25 25 25 25 25 25 25 25 25 25 25 25 25 16335 14355 12375 10791 9471 7986 6501 5115 16731 14652 12672 11187 9900 8382 6897 5412 16830 14652 12771 11385 10098 8580 7095 5610 16731 14553 12672 11385 10098 8613 7095 5643 16434 14157 12474 11187 9900 8415 6930 5511 15840 13662 12078 10791 9504 8019 6600 5247 15048 13068 11484 10296 8910 7524 6204 5049 14256 12375 10890 9636 8283 6963 5808 4752
2 1 24 24 4 1 64 25 13365 11781 10296 9009 7656 6468 5379 4455 12672 11187 9702 8415 6996 5973 5049 4257 12177 10791 9306 7821 6501 5577 4818 4059 12078 10593 8910 7326 6138 5280 4653 3960 12078 10296 8415 6864 5841 5214 4587 3960 11781 9900 8019 6699 5808 5280 4686 4092 11385 9504 7722 6732 6105 5544 4950 4257 10791 9108 7623 6930 6402 5841 5148 4455
2 1 24 32 4 64 64 25 25 25 25 25 25 25 25 25 25 25 25 25 25 25 25 25 25 25 25 25 25 25 25 25 25 25 25 25 25 25 25 25 25 25 25 25 25 25 25 25 25 25 25 25 25 25 25 25 25 25 25 25 25 25 16409 25 25 25 25 25 25 25 16409 10296 8712 7590 7128 6633 6072 5379 4554 9999 8613 7722 7293 6864 6237 5445 4620 9702 8613 7821 7392 6831 6204 5412 4554 9702 8712 7953 7293 6699 5973 5214 4356 9306 8514 7590 6897 6270 5610 4884 4059 8217 7524 6732 6138 5610 5049 4455 3762 6435 5940 5610 5247 4851 4488 4059 3498 5016 4752 4653 4488 4323 4158 3861 3366
2 1 24 40 4 64 64 25 25 25 25 25 25 25 25 25 25 25 25 25 25 16409 25 25 25 25 25 25 25 16409 25 25 25 25 25 25 25 16409 25 25 25 25 25 25 25 25 25 25 25 25 25 25 25 25 25 25 25 25 25 25 25 25 25 25 25 25 25 25 25 25 25 4356 4257 4158 4158 4059 3960 3696 3366 4257 4158 4059 4059 3993 3861 3663 3267 4224 4158 4059 4059 4026 3861 3630 3234 4158 4158 4059 4059 3960 3795 3564 3234 4158 4059 4059 3993 3861 3696 3498 3069 4026 3960 3894 3861 3696 3498 3267 2871 3729 3696 3564 3498 3366 3168 2937 2574 3069 3135 3069 2970 2871 2706 2475 2178
2 1 24 48 4 1 64 25 2277 2376 2376 2376 2277 2178 1980 1716 1650 1683 1749 1782 1749 1683 1584 1386 1353 1320 1353 1386 1386 1386 1287 1188 1287 1221 1188 1188 1188 1188 1155 1089 1188 1188 1188 1188 1188 1089 1089 1089 1188 1188 1188 1188 1155 1089 1089 1089 1188 1188 1188 1188 1188 1089 1056 1089 1188 1188 1188 1188 1089 1089 1056 990
2 1 24 56 4 1 64 25 1089 1089 1089 1089 1089 1089 1089 990 1089 1089 990 990 1089 1089 1089 1089 1089 1089 990 990 1089 990 1089 990 1089 1089 990 990 990 990 990 891 1188 1089 990 990 990 990 990 891 1089 990 990 990 990 990 891 891 990 990 990 990 990 990 990 891 1089 1089 990 990 990 990 990 990
2 1 24 64 4 1 64 25 1089 990 990 990 990 891 891 891 1089 990 891 990 891 891 990 891 990 891 891 891 891 891 891 891 990 990 891 891 891 990 891 891 990 990 990 891 891 891 891 891 990 990 990 990 891 891 891 891 990 990 1089 990 891 792 792 792 990 891 990 990 891 891 891 792
2 1 24 72 4 1 64 25 990 891 792 792 792 792 891 891 990 891 792 891 792 891 891 792 891 792 891 891 792 792 792 693 891 792 891 792 792 792 792 693 792 891 792 891 891 792 792 792 792 792 792 891 792 792 792 792 891 792 792 693 693 792 792 693 792 792 792 693 792 693 693 693
2 1 24 80 4 1 64 25 792 792 792 792 792 792 792 693 891 792 792 792 792 792 792 693 792 792 792 792 792 792 792 792 792 792 792 792 792 792 693 792 792 693 693 693 693 693 693 792 792 792 693 792 693 693 792 792 792 792 693 792 693 693 792 693 792 792 693 693 693 693 693 693
2 1 24 88 4 1 64 25 693 792 693 693 693 792 693 693 693 693 693 693 693 693 693 693 693 594 594 693 792 693 693 792 693 693 693 792 693 693 693 693 693 693 693 693 594 594 693 594 693 693 594 693 693 594 693 594 693 693 594 693 693 693 594 594 594 693 594 594 693 693 594 594
2 1 24 96 4 1 64 25 594 693 594 594 693 594 594 594 693 594 594 594 693 693 594 594 693 693 693 594 594 594 594 594 693 594 594 594 594 594 594 594 693 594 594 594 594 594 693 594 693 594 594 594 693 594 594 594 594 693 594 594 594 594 594 594 594 594 594 594 594 594 594 594
2 1 24 104 4 1 64 25 594 594 594 594 594 594 495 495 594 594 594 594 495 495 594 594 594 594 594 594 594 594 495 495 594 594 594 594 495 594 495 594 594 594 495 495 495 495 495 594 594 594 594 594 495 594 594 594 594 594 594 495 594 594 495 594 495 495 495 495 495 495 495 495
2 1 24 112 4 1 64 25 495 495 594 495 495 495 495 396 495 594 594 495 495 495 495 495 495 495 495 495 495 396 396 396 495 495 495 495 495 495 495 495 495 495 495 495 495 495 495 396 495 495 495 495 495 495 495 396 495 495 495 495 495 495 495 396 396 396 495 495 495 396 396 495
2 1 24 120 4 1 64 25 495 495 495 495 495 495 396 495 495 495 495 495 495 495 495 396 495 396 495 495 495 396 396 495 495 396 396 495 495 396 495 396 396 495 495 396 396 396 396 495 396 396 495 495 396 495 396 396 396 495 396 396 495 396 396 396 396 396 495 396 396 396 396 495
2 1 32 0 4 1 64 25 1485 1188 990 990 990 990 990 990 1485 1188 990 990 990 990 990 990 1485 1188 990 990 990 990 990 990 1485 1188 990 990 990 990 990 990 1485 1188 1023 990 990 990 990 990 1584 1254 1023 990 990 990 990 990 1749 1254 1089 990 990 990 990 990 1881 1386 1056 990 990 990 990 990
2 1 32 8 4 64 64 25 25 25 25 25 25 25 25 25 25 25 25 25 25 25 25 25 25 25 25 25 25 25 25 25 25 25 25 25 25 25 25 16409 25 25 25 25 25 25 25 16409 25 25 25 25 25 25 25 16409 25 25 25 25 25 25 25 25 16409 25 25 25 25 25 25 2079 1485 1089 990 990 990 990 990 2244 1650 1155 1023 990 990 990 990 2409 1782 1287 1023 990 990 990 990 2640 1980 1386 1089 990 990 990 990 2772 2079 1518 1122 990 990 990 990 3036 2277 1584 1188 990 990 990 990 3267 2376 1749 1287 1056 990 990 990 3597 2640 1914 1452 1089 990 990 990
2 1 32 16 4 64 64 25 16409 25 25 25 25 25 25 25 16409 25 25 25 25 25 25 25 16409 25 25 25 25 25 25 25 16409 25 25 25 25 25 25 25 16409 25 25 25 25 25 25 25 16409 25 25 25 25 25 25 25 16409 25 25 25 25 25 25 25 16409 25 25 25 25 25 25 3861 2904 2079 1518 1155 990 990 990 4158 3102 2211 1650 1221 1023 990 990 4323 3201 2343 1683 1254 1023 990 990 4356 3267 2376 1782 1287 1089 990 990 4323 3267 2475 1782 1320 1056 990 990 4158 3201 2442 1782 1287 1056 990 990 3960 3069 2376 1782 1287 1023 990 990 3828 3003 2277 1749 1287 1023 990 990
2 1 32 24 4 64 64 25 25 25 25 25 25 25 25 16409 25 25 25 25 25 25 25 16409 25 25 25 25 25 25 25 16409 25 25 25 25 25 25 25 16409 25 25 25 25 25 25 25 16409 25 25 25 25 25 25 25 16409 25 25 25 25 25 25 25 16409 25 25 25 25 25 25 25 3630 2871 2244 1650 1254 1089 990 990 3432 2772 2145 1650 1287 1023 990 990 3366 2706 2145 1683 1287 1089 990 990 3300 2673 2112 1650 1254 1023 990 990 3366 2673 2145 1683 1254 1023 990 990 3432 2772 2178 1683 1287 1056 990 990 3564 2871 2178 1683 1287 1089 990 990 3663 2871 2178 1617 1221 1089 990 990
2 1 32 32 4 64 64 16409 25 25 25 25 25 25 25 16409 25 25 25 25 25 25 25 16409 25 25 25 25 25 25 25 16409 25 25 25 25 25 25 25 16409 25 25 25 25 25 25 25 25 25 25 25 25 25 25 25 25 25 25 25 25 25 25 25 25 25 25 25 25 25 25 25 3729 2871 2178 1617 1254 990 990 990 3729 2838 2145 1551 1155 990 990 990 3564 2739 2013 1518 1122 990 990 990 3366 2574 1782 1353 1089 990 990 990 3168 2409 1716 1320 1056 990 990 990 2970 2244 1551 1122 990 990 990 990 2838 2145 1452 1089 990 990 990 990 2739 2079 1551 1089 990 990 990 990
2 1 32 40 4 1 64 25 2772 2112 1551 1089 990 990 990 990 2739 2145 1584 1188 990 990 990 990 2739 2145 1551 1221 1023 990 990 990 2706 2112 1584 1188 1023 990 990 990 2574 2013 1485 1122 990 990 990 990 2376 1881 1320 1023 990 990 990 990 2112 1650 1221 990 990 990 990 990 1782 1386 1122 990 990 990 990 990
2 1 32 48 4 1 64 25 1485 1254 1023 990 990 990 990 990 1254 1089 990 990 990 990 990 990 1089 1023 990 990 990 990 990 990 1089 990 990 990 990 990 990 990 1089 990 990 990 990 990 990 990 1089 990 990 990 990 990 990 990 1089 990 990 990 990 990 990 990 990 990 990 990 990 990 990 990
2 1 32 56 4 1 64 25 990 990 990 990 990 990 990 990 990 990 990 990 990 990 990 990 990 990 990 990 990 990 990 990 990 990 990 990 990 990 990 990 891 990 990 990 990 990 990 990 990 990 990 990 990 990 990 990 891 990 990 990 990 990 990 990 792 990 990 990 990 990 990 990
2 1 32 64 4 1 64 25 792 990 990 990 990 990 990 990 891 990 990 990 990 990 990 990 891 990 990 990 990 990 990 990 891 990 990 990 990 990 990 990 792 990 990 990 990 990 990 990 891 990 990 990 990 990 990 990 891 990 990 990 990 990 990 990 792 990 990 990 990 990 990 990
2 1 32 72 4 1 64 25 792 990 990 990 990 990 990 990 891 990 990 990 990 990 990 990 792 990 990 990 990 990 990 990 693 990 990 990 990 990 990 990 792 990 990 990 990 990 990 990 693 990 990 990 990 990 990 990 792 990 990 990 990 990 990 990 792 990 990 990 990 990 990 990
2 1 32 80 4 1 64 25 792 990 990 990 990 990 990 990 693 990 990 990 990 990 990 990 693 990 990 990 990 990 990 990 693 990 990 990 990 990 990 990 693 990 990 990 990 990 990 990 693 990 990 990 990 990 990 990 792 990 990 990 990 990 990 990 693 990 990 990 990 990 990 990
2 1 32 88 4 1 64 25 693 990 990 990 990 990 990 990 594 990 990 990 990 990 990 990 693 990 990 990 990 990 990 990 594 990 990 990 990 990 990 990 693 990 990 990 990 990 990 990 594 990 990 990 990 990 990 990 594 990 990 990 990 990 990 990 693 990 990 990 990 990 990 990
2 1 32 96 4 1 64 25 693 990 990 990 990 990 990 990 594 990 990 990 990 990 990 990 594 990 990 990 990 990 990 990 594 990 990 990 990 990 990 990 594 990 990 990 990 990 990 990 594 990 990 990 990 990 990 990 594 990 990 990 990 990 990 990 495 990 990 990 990 990 990 990
2 1 32 104 4 1 64 25 495 990 990 990 990 990 990 990 594 990 990 990 990 990 990 990 495 990 990 990 990 990 990 990 495 990 990 990 990 990 990 990 495 990 990 990 990 990 990 990 495 990 990 990 990 990 990 990 495 990 990 990 990 990 990 990 396 990 990 990 990 990 990 990
2 1 32 112 4 1 64 25 396 990 990 990 990 990 990 990 396 990 990 990 990 990 990 990 495 990 990 990 990 990 990 990 396 990 990 990 990 990 990 990 495 990 990 990 990 990 990 990 495 990 990 990 990 990 990 990 396 990 990 990 990 990 990 990 396 990 990 990 990 990 990 990
2 1 32 120 4 1 64 25 396 990 990 990 990 990 990 990 396 990 990 990 990 990 990 990 396 990 990 990 990 990 990 990 396 990 990 990 990 990 990 990 396 990 990 990 990 990 990 990 297 990 990 990 990 990 990 990 396 990 990 990 990 990 990 990 396 990 990 990 990 990 990 990
2 1 40 0 4 1 1 25 990
2 1 40 8 4 1 1 25 990
2 1 40 16 4 1 1 25 990
2 1 40 24 4 1 1 25 990
2 1 40 32 4 1 1 25 990
2 1 40 40 4 1 1 25 990
2 1 40 48 4 1 1 25 990
2 1 40 56 4 1 1 25 990
2 1 40 64 4 1 1 25 990
2 1 40 72 4 1 1 25 990
2 1 40 80 4 1 1 25 990
2 1 40 88 4 1 1 25 990
2 1 40 96 4 1 1 25 990
2 1 40 104 4 1 1 25 990
2 1 40 112 4 1 1 25 990
2 1 40 120 4 1 1 25 990
2 1 48 0 4 1 1 25 990
2 1 48 8 4 1 1 25 990
2 1 48 16 4 1 1 25 990
2 1 48 24 4 1 1 25 990
2 1 48 32 4 1 1 25 990
2 1 48 40 4 1 1 25 990
2 1 48 48 4 1 1 25 990
2 1 48 56 4 1 1 25 990
2 1 48 64 4 1 1 25 990
2 1 48 72 4 1 1 25 990
2 1 48 80 4 1 1 25 990
2 1 48 88 4 1 1 25 990
2 1 48 96 4 1 1 25 990
2 1 48 104 4 1 1 25 990
2 1 48 112 4 1 1 25 990
2 1 48 120 4 1 1 25 990
2 1 56 0 4 1 1 25 990
2 1 56 8 4 1 1 25 990
2 1 56 16 4 1 1 25 990
2 1 56 24 4 1 1 25 990
2 1 56 32 4 1 1 25 990
2 1 56 40 4 1 1 25 990
2 1 56 48 4 1 1 25 990
2 1 56 56 4 1 1 25 990
2 1 56 64 4 1 1 25 990
2 1 56 72 4 1 1 25 990
2 1 56 80 4 1 1 25 990
2 1 56 88 4 1 1 25 990
2 1 56 96 4 1 1 25 990
2 1 56 104 4 1 1 25 990
2 1 56 112 4 1 1 25 990
2 1 56 120 4 1 1 25 990
2 1 64 0 4 1 1 25 990
2 1 64 8 4 1 1 25 990
2 1 64 16 4 1 1 25 990
2 1 64 24 4 1 1 25 990
2 1 64 32 4 1 1 25 990
2 1 64 40 4 1 1 25 990
2 1 64 48 4 1 1 25 990
2 1 64 56 4 1 1 25 990
2 1 64 64 4 1 1 25 990
2 1 64 72 4 1 1 25 990
2 1 64 80 4 1 1 25 990
2 1 64 88 4 1 1 25 990
2 1 64 96 4 1 1 25 990
2 1 64 104 4 1 1 25 990
2 1 64 112 4 1 1 25 990
2 1 64 120 4 1 1 25 990
2 1 72 0 4 1 1 25 990
2 1 72 8 4 1 1 25 990
2 1 72 16 4 1 1 25 990
2 1 72 24 4 1 1 25 990
2 1 72 32 4 1 1 25 990
2 1 72 40 4 1 1 25 990
2 1 72 48 4 1 1 25 990
2 1 72 56 4 1 1 25 990
2 1 72 64 4 1 1 25 990
2 1 72 72 4 1 1 25 990
2 1 72 80 4 1 1 25 990
2 1 72 88 4 1 1 25 990
2 1 72 96 4 1 1 25 990
2 1 72 104 4 1 1 25 990
2 1 72 112 4 1 1 25 990
2 1 72 120 4 1 1 25 990
2 1 80 0 4 1 1 25 990
2 1 80 8 4 1 1 25 990
2 1 80 16 4 1 1 25 990
2 1 80 24 4 1 1 25 990
2 1 80 32 4 1 1 25 990
2 1 80 40 4 1 1 25 990
2 1 80 48 4 1 1 25 990
2 1 80 56 4 1 1 25 990
2 1 80 64 4 1 1 25 990
2 1 80 72 4 1 1 25 990
2 1 80 80 4 1 1 25 990
2 1 80 88 4 1 1 25 990
2 1 80 96 4 1 1 25 990
2 1 80 104 4 1 1 25 990
2 1 80 112 4 1 1 25 990
2 1 80 120 4 1 1 25 990
2 1 88 0 4 1 1 25 990
2 1 88 8 4 1 1 25 990
2 1 88 16 4 1 1 25 990
2 1 88 24 4 1 1 25 990
2 1 88 32 4 1 1 25 990
2 1 88 40 4 1 1 25 990
2 1 88 48 4 1 1 25 990
2 1 88 56 4 1 1 25 990
2 1 88 64 4 1 1 25 990
2 1 88 72 4 1 1 25 990
2 1 88 80 4 1 1 25 990
2 1 88 88 4 1 1 25 990
2 1 88 96 4 1 1 25 990
2 1 88 104 4 1 1 25 990
2 1 88 112 4 1 1 25 990
2 1 88 120 4 1 1 25 990
2 1 96 0 4 1 1 25 990
2 1 96 8 4 1 1 25 990
2 1 96 16 4 1 1 25 990
2 1 96 24 4 1 1 25 990
2 1 96 32 4 1 1 25 990
2 1 96 40 4 1 1 25 990
2 1 96 48 4 1 1 25 990
2 1 96 56 4 1 1 25 990
2 1 96 64 4 1 1 25 990
2 1 96 72 4 1 1 25 990
2 1 96 80 4 1 1 25 990
2 1 96 88 4 1 1 25 990
2 1 96 96 4 1 1 25 990
2 1 96 104 4 1 1 25 990
2 1 96 112 4 1 1 25 990
2 1 96 120 4 1 1 25 990
2 1 104 0 4 64 64 25 25 25 25 0 0 0 0 25 25 25 25 0 0 0 0 25 25 25 25 0 0 0 0 25 25 25 25 0 0 0 0 25 25 25 25 0 0 0 0 25 25 25 25 0 0 0 0 25 25 25 25 0 0 0 0 25 25 25 25 0 0 0 0 990 990 990 990 0 0 0 0 990 990 990 990 0 0 0 0 990 990 990 990 0 0 0 0 990 990 990 990 0 0 0 0 990 990 990 990 0 0 0 0 990 990 990 990 0 0 0 0 990 990 990 990 0 0 0 0 990 990 990 990 0 0 0 0
2 1 104 8 4 64 64 25 25 25 25 0 0 0 0 25 25 25 25 0 0 0 0 25 25 25 25 0 0 0 0 25 25 25 25 0 0 0 0 25 25 25 25 0 0 0 0 25 25 25 25 0 0 0 0 25 25 25 25 0 0 0 0 25 25 25 25 0 0 0 0 990 990 990 990 0 0 0 0 990 990 990 990 0 0 0 0 990 990 990 990 0 0 0 0 990 990 990 990 0 0 0 0 990 990 990 990 0 0 0 0 990 990 990 990 0 0 0 0 990 990 990 990 0 0 0 0 990 990 990 990 0 0 0 0
2 1 104 16 4 64 64 25 25 25 25 0 0 0 0 25 25 25 25 0 0 0 0 25 25 25 25 0 0 0 0 25 25 25 25 0 0 0 0 25 25 25 25 0 0 0 0 25 25 25 25 0 0 0 0 25 25 25 25 0 0 0 0 25 25 25 25 0 0 0 0 990 990 990 990 0 0 0 0 990 990 990 990 0 0 0 0 990 990 990 990 0 0 0 0 990 990 990 990 0 0 0 0 990 990 990 990 0 0 0 0 990 990 990 990 0 0 0 0 990 990 990 990 0 0 0 0 990 990 990 990 0 0 0 0
2 1 104 24 4 64 64 25 25 25 25 0 0 0 0 25 25 25 25 0 0 0 0 25 25 25 25 0 0 0 0 25 25 25 25 0 0 0 0 25 25 25 25 0 0 0 0 25 25 25 25 0 0 0 0 25 25 25 25 0 0 0 0 25 25 25 25 0 0 0 0 990 990 990 990 0 0 0 0 990 990 990 990 0 0 0 0 990 990 990 990 0 0 0 0 990 990 990 990 0 0 0 0 990 990 990 990 0 0 0 0 990 990 990 990 0 0 0 0 990 990 990 990 0 0 0 0 990 990 990 990 0 0 0 0
2 1 104 32 4 64 64 25 25 25 25 0 0 0 0 25 25 25 25 0 0 0 0 25 25 25 25 0 0 0 0 25 25 25 25 0 0 0 0 25 25 25 25 0 0 0 0 25 25 25 25 0 0 0 0 25 25 25 25 0 0 0 0 25 25 25 25 0 0 0 0 990 990 990 990 0 0 0 0 990 990 990 990 0 0 0 0 990 990 990 990 0 0 0 0 990 990 990 990 0 0 0 0 990 990 990 990 0 0 0 0 990 990 990 990 0 0 0 0 990 990 990 990 0 0 0 0 990 990 990 990 0 0 0 0
2 1 104 40 4 64 64 25 25 25 25 0 0 0 0 25 25 25 25 0 0 0 0 25 25 25 25 0 0 0 0 25 25 25 25 0 0 0 0 25 25 25 25 0 0 0 0 25 25 25 25 0 0 0 0 25 25 25 25 0 0 0 0 25 25 25 25 0 0 0 0 990 990 990 990 0 0 0 0 990 990 990 990 0 0 0 0 990 990 990 990 0 0 0 0 990 990 990 990 0 0 0 0 990 990 990 990 0 0 0 0 990 990 990 990 0 0 0 0 990 990 990 990 0 0 0 0 990 990 990 990 0 0 0 0
2 1 104 48 4 64 64 25 25 25 25 0 0 0 0 25 25 25 25 0 0 0 0 25 25 25 25 0 0 0 0 25 25 25 25 0 0 0 0 25 25 25 25 0 0 0 0 25 25 25 25 0 0 0 0 25 25 25 25 0 0 0 0 25 25 25 25 0 0 0 0 990 990 990 990 0 0 0 0 990 990 990 990 0 0 0 0 990 990 990 990 0 0 0 0 990 990 990 990 0 0 0 0 990 990 990 990 0 0 0 0 990 990 990 990 0 0 0 0 990 990 990 990 0 0 0 0 990 990 990 990 0 0 0 0
2 1 104 56 4 64 64 25 25 25 25 0 0 0 0 25 25 25 25 0 0 0 0 25 25 25 25 0 0 0 0 25 25 25 25 0 0 0 0 25 25 25 25 0 0 0 0 25 25 25 25 0 0 0 0 25 25 25 25 0 0 0 0 25 25 25 25 0 0 0 0 990 990 990 990 0 0 0 0 990 990 990 990 0 0 0 0 990 990 990 990 0 0 0 0 990 990 990 990 0 0 0 0 990 990 990 990 0 0 0 0 990 990 990 990 0 0 0 0 990 990 990 990 0 0 0 0 990 990 990 990 0 0 0 0
2 1 104 64 4 64 64 25 25 25 25 0 0 0 0 25 25 25 25 0 0 0 0 25 25 25 25 0 0 0 0 25 25 25 25 0 0 0 0 25 25 25 25 0 0 0 0 25 25 25 25 0 0 0 0 25 25 25 25 0 0 0 0 25 25 25 25 0 0 0 0 990 990 990 990 0 0 0 0 990 990 990 990 0 0 0 0 990 990 990 990 0 0 0 0 990 990 990 990 0 0 0 0 990 990 990 990 0 0 0 0 990 990 990 990 0 0 0 0 990 990 990 990 0 0 0 0 990 990 990 990 0 0 0 0
2 1 104 72 4 64 64 25 25 25 25 0 0 0 0 25 25 25 25 0 0 0 0 25 25 25 25 0 0 0 0 25 25 25 25 0 0 0 0 25 25 25 25 0 0 0 0 25 25 25 25 0 0 0 0 25 25 25 25 0 0 0 0 25 25 25 25 0 0 0 0 990 990 990 990 0 0 0 0 990 990 990 990 0 0 0 0 990 990 990 990 0 0 0 0 990 990 990 990 0 0 0 0 990 990 990 990 0 0 0 0 990 990 990 990 0 0 0 0 990 990 990 990 0 0 0 0 990 990 990 990 0 0 0 0
2 1 104 80 4 64 64 25 25 25 25 0 0 0 0 25 25 25 25 0 0 0 0 25 25 25 25 0 0 0 0 25 25 25 25 0 0 0 0 25 25 25 25 0 0 0 0 25 25 25 25 0 0 0 0 25 25 25 25 0 0 0 0 25 25 25 25 0 0 0 0 990 990 990 990 0 0 0 0 990 990 990 990 0 0 0 0 990 990 990 990 0 0 0 0 990 990 990 990 0 0 0 0 990 990 990 990 0 0 0 0 990 990 990 990 0 0 0 0 990 990 990 990 0 0 0 0 990 990 990 990 0 0 0 0
2 1 104 88 4 64 64 25 25 25 25 0 0 0 0 25 25 25 25 0 0 0 0 25 25 25 25 0 0 0 0 25 25 25 25 0 0 0 0 25 25 25 25 0 0 0 0 25 25 25 25 0 0 0 0 25 25 25 25 0 0 0 0 25 25 25 25 0 0 0 0 990 990 990 990 0 0 0 0 990 990 990 990 0 0 0 0 990 990 990 990 0 0 0 0 990 990 990 990 0 0 0 0 990 990 990 990 0 0 0 0 990 990 990 990 0 0 0 0 990 990 990 990 0 0 0 0 990 990 990 990 0 0 0 0
2 1 104 96 4 64 64 25 25 25 25 0 0 0 0 25 25 25 25 0 0 0 0 25 25 25 25 0 0 0 0 25 25 25 25 0 0 0 0 25 25 25 25 0 0 0 0 25 25 25 25 0 0 0 0 25 25 25 25 0 0 0 0 25 25 25 25 0 0 0 0 990 990 990 990 0 0 0 0 990 990 990 990 0 0 0 0 990 990 990 990 0 0 0 0 990 990 990 990 0 0 0 0 990 990 990 990 0 0 0 0 990 990 990 990 0 0 0 0 990 990 990 990 0 0 0 0 990 990 990 990 0 0 0 0
2 1 104 104 4 64 64 25 25 25 25 0 0 0 0 25 25 25 25 0 0 0 0 25 25 25 25 0 0 0 0 25 25 25 25 0 0 0 0 25 25 25 25 0 0 0 0 25 25 25 25 0 0 0 0 25 25 25 25 0 0 0 0 25 25 25 25 0 0 0 0 990 990 990 990 0 0 0 0 990 990 990 990 0 0 0 0 990 990 990 990 0 0 0 0 990 990 990 990 0 0 0 0 990 990 990 990 0 0 0 0 990 990 990 990 0 0 0 0 990 990 990 990 0 0 0 0 990 990 990 990 0 0 0 0
2 1 104 112 4 64 64 25 25 25 25 0 0 0 0 25 25 25 25 0 0 0 0 25 25 25 25 0 0 0 0 25 25 25 25 0 0 0 0 25 25 25 25 0 0 0 0 25 25 25 25 0 0 0 0 25 25 25 25 0 0 0 0 25 25 25 25 0 0 0 0 990 990 990 990 0 0 0 0 990 990 990 990 0 0 0 0 990 990 990 990 0 0 0 0 990 990 990 990 0 0 0 0 990 990 990 990 0 0 0 0 990 990 990 990 0 0 0 0 990 990 990 990 0 0 0 0 990 990 990 990 0 0 0 0
2 1 104 120 4 64 64 25 25 25 25 0 0 0 0 25 25 25 25 0 0 0 0 25 25 25 25 0 0 0 0 25 25 25 25 0 0 0 0 25 25 25 25 0 0 0 0 25 25 25 25 0 0 0 0 25 25 25 25 0 0 0 0 25 25 25 25 0 0 0 0 990 990 990 990 0 0 0 0 990 990 990 990 0 0 0 0 990 990 990 990 0 0 0 0 990 990 990 990 0 0 0 0 990 990 990 990 0 0 0 0 990 990 990 990 0 0 0 0 990 990 990 990 0 0 0 0 990 990 990 990 0 0 0 0
2 1 112 0 4 1 1 0 0
2 1 112 8 4 1 1 0 0
2 1 112 16 4 1 1 0 0
2 1 112 24 4 1 1 0 0
2 1 112 32 4 1 1 0 0
2 1 112 40 4 1 1 0 0
2 1 112 48 4 1 1 0 0
2 1 112 56 4 1 1 0 0
2 1 112 64 4 1 1 0 0
2 1 112 72 4 1 1 0 0
2 1 112 80 4 1 1 0 0
2 1 112 88 4 1 1 0 0
2 1 112 96 4 1 1 0 0
2 1 112 104 4 1 1 0 0
2 1 112 112 4 1 1 0 0
2 1 112 120 4 1 1 0 0
2 1 120 0 4 1 1 0 0
2 1 120 8 4 1 1 0 0
2 1 120 16 4 1 1 0 0
2 1 120 24 4 1 1 0 0
2 1 120 32 4 1 1 0 0
2 1 120 40 4 1 1 0 0
2 1 120 48 4 1 1 0 0
2 1 120 56 4 1 1 0 0
2 1 120 64 4 1 1 0 0
2 1 120 72 4 1 1 0 0
2 1 120 80 4 1 1 0 0
2 1 120 88 4 1 1 0 0
2 1 120 96 4 1 1 0 0
2 1 120 104 4 1 1 0 0
2 1 120 112 4 1 1 0 0
2 1 120 120 4 1 1 0 0
2 2 0 0 4 1 64 25 594 495 594 495 495 495 495 495 495 495 495 495 495 495 495 495 594 495 594 594 495 495 495 594 495 495 495 495 594 495 495 495 495 495 495 495 594 495 495 495 396 396 396 495 495 396 396 495 495 495 396 495 396 495 396 495 495 495 495 495 396 495 396 495
2 2 0 8 4 1 64 25 495 495 495 495 396 495 495 495 396 396 396 297 297 396 396 396 99 99 99 99 99 99 99 99 0 0 0 0 0 0 0 0 0 0 0 0 0 0 0 0 0 0 0 0 0 0 0 0 0 0 0 0 0 0 0 0 0 0 0 0 0 0 0 0
2 2 0 16 4 1 1 25 0
2 2 0 24 4 1 1 25 0
2 2 0 32 4 1 64 25 0 0 0 0 0 0 0 0 0 0 0 0 0 0 0 0 990 990 990 990 990 990 990 990 990 990 990 990 990 990 990 990 990 990 990 990 990 990 990 990 990 990 990 990 990 990 990 990 990 990 990 990 990 990 990 990 990 990 990 990 990 990 990 990
2 2 0 40 4 1 1 25 990
2 2 0 48 4 1 1 25 990
2 2 0 56 4 1 1 25 990
2 2 0 64 4 1 1 25 990
2 2 0 72 4 1 1 25 990
2 2 0 80 4 1 1 25 990
2 2 0 88 4 1 1 25 990
2 2 0 96 4 1 1 25 990
2 2 0 104 4 64 64 25 25 25 25 25 25 25 25 25 25 25 25 25 25 25 25 25 25 25 25 25 25 25 25 25 25 25 25 25 25 25 25 25 25 25 25 25 25 25 25 0 0 0 0 0 0 0 0 0 0 0 0 0 0 0 0 0 0 0 0 0 0 0 0 990 990 990 990 990 990 990 990 990 990 990 990 990 990 990 990 990 990 990 990 990 990 990 990 990 990 990 990 990 990 990 990 990 990 990 990 990 990 990 990 0 0 0 0 0 0 0 0 0 0 0 0 0 0 0 0 0 0 0 0 0 0 0 0
2 2 0 112 4 1 1 0 0
2 2 0 120 4 1 1 0 0
2 2 8 0 4 1 64 25 495 495 495 495 495 495 396 495 495 495 495 495 495 495 495 396 495 495 495 495 495 495 495 495 495 495 495 495 495 495 495 396 495 495 495 396 495 495 495 396 495 495 495 396 495 495 495 495 495 396 495 396 396 396 495 396 495 396 495 396 495 396 396 495
2 2 8 8 4 1 64 25 495 495 495 495 396 495 495 495 297 396 396 297 297 297 297 297 99 99 99 99 99 99 99 99 0 0 0 0 0 0 0 0 0 0 0 0 0 0 0 0 0 0 0 0 0 0 0 0 0 0 0 0 0 0 0 0 0 0 0 0 0 0 0 0
2 2 8 16 4 1 1 25 0
2 2 8 24 4 1 1 25 0
2 2 8 32 4 1 64 25 0 0 0 0 0 0 0 0 0 0 0 0 0 0 0 0 990 990 990 990 990 990 990 990 990 990 990 990 990 990 990 990 990 990 990 990 990 990 990 990 990 990 990 990 990 990 990 990 990 990 990 990 990 990 990 990 990 990 990 990 990 990 990 990
2 2 8 40 4 1 1 25 990
2 2 8 48 4 1 1 25 990
2 2 8 56 4 1 1 25 990
2 2 8 64 4 1 1 25 990
2 2 8 72 4 1 1 25 990
2 2 8 80 4 1 1 25 990
2 2 8 88 4 1 1 25 990
2 2 8 96 4 1 1 25 990
2 2 8 104 4 64 64 25 25 25 25 25 25 25 25 25 25 25 25 25 25 25 25 25 25 25 25 25 25 25 25 25 25 25 25 25 25 25 25 25 25 25 25 25 25 25 25 0 0 0 0 0 0 0 0 0 0 0 0 0 0 0 0 0 0 0 0 0 0 0 0 990 990 990 990 990 990 990 990 990 990 990 990 990 990 990 990 990 990 990 990 990 990 990 990 990 990 990 990 990 990 990 990 990 990 990 990 990 990 990 990 0 0 0 0 0 0 0 0 0 0 0 0 0 0 0 0 0 0 0 0 0 0 0 0
2 2 8 112 4 1 1 0 0
2 2 8 120 4 1 1 0 0
2 2 16 0 4 1 64 25 495 396 495 396 495 495 396 396 396 396 396 396 495 495 396 495 396 495 495 396 495 396 396 396 495 396 396 396 396 495 396 396 495 396 396 396 396 396 495 396 396 396 396 396 396 297 396 396 396 396 396 396 396 297 297 396 495 396 396 396 396 396 396 396
2 2 16 8 4 1 64 25 396 396 396 396 396 396 396 396 297 297 297 297 297 297 297 297 99 99 99 99 0 0 0 0 0 0 0 0 0 0 0 0 0 0 0 0 0 0 0 0 0 0 0 0 0 0 0 0 0 0 0 0 0 0 0 0 0 0 0 0 0 0 0 0
2 2 16 16 4 1 1 25 0
2 2 16 24 4 1 1 25 0
2 2 16 32 4 1 64 25 0 0 0 0 0 0 0 0 0 0 0 0 0 0 0 0 990 990 990 990 990 990 990 990 990 990 990 990 990 990 990 990 990 990 990 990 990 990 990 990 990 990 990 990 990 990 990 990 990 990 990 990 990 990 990 990 990 990 990 990 990 990 990 990
2 2 16 40 4 1 1 25 990
2 2 16 48 4 1 1 25 990
2 2 16 56 4 1 1 25 990
2 2 16 64 4 1 1 25 990
2 2 16 72 4 1 1 25 990
2 2 16 80 4 1 1 25 990
2 2 16 88 4 1 1 25 990
2 2 16 96 4 1 1 25 990
2 2 16 104 4 64 64 25 25 25 25 25 25 25 25 25 25 25 25 25 25 25 25 25 25 25 25 25 25 25 25 25 25 25 25 25 25 25 25 25 25 25 25 25 25 25 25 0 0 0 0 0 0 0 0 0 0 0 0 0 0 0 0 0 0 0 0 0 0 0 0 990 990 990 990 990 990 990 990 990 990 990 990 990 990 990 990 990 990 990 990 990 990 990 990 990 990 990 990 990 990 990 990 990 990 990 990 990 990 990 990 0 0 0 0 0 0 0 0 0 0 0 0 0 0 0 0 0 0 0 0 0 0 0 0
2 2 16 112 4 1 1 0 0
2 2 16 120 4 1 1 0 0
2 2 24 0 4 1 64 25 495 396 495 495 396 396 495 495 396 396 396 495 396 396 396 396 396 396 396 396 396 396 396 396 495 396 396 396 396 396 396 297 396 396 495 396 396 396 396 396 396 396 396 396 396 396 396 297 396 396 396 396 396 396 396 297 396 396 396 396 396 396 396 396
2 2 24 8 4 1 64 25 396 396 396 396 297 396 396 297 297 297 297 297 297 297 297 297 0 0 0 0 0 0 0 0 0 0 0 0 0 0 0 0 0 0 0 0 0 0 0 0 0 0 0 0 0 0 0 0 0 0 0 0 0 0 0 0 0 0 0 0 0 0 0 0
2 2 24 16 4 1 1 25 0
2 2 24 24 4 1 1 25 0
2 2 24 32 4 1 64 25 0 0 0 0 0 0 0 0 0 0 0 0 0 0 0 0 990 990 990 990 990 990 990 990 990 990 990 990 990 990 990 990 990 990 990 990 990 990 990 990 990 990 990 990 990 990 990 990 990 990 990 990 990 990 990 990 990 990 990 990 990 990 990 990
2 2 24 40 4 1 1 25 990
2 2 24 48 4 1 1 25 990
2 2 24 56 4 1 1 25 990
2 2 24 64 4 1 1 25 990
2 2 24 72 4 1 1 25 990
2 2 24 80 4 1 1 25 990
2 2 24 88 4 1 1 25 990
2 2 24 96 4 1 1 25 990
2 2 24 104 4 64 64 25 25 25 25 25 25 25 25 25 25 25 25 25 25 25 25 25 25 25 25 25 25 25 25 25 25 25 25 25 25 25 25 25 25 25 25 25 25 25 25 0 0 0 0 0 0 0 0 0 0 0 0 0 0 0 0 0 0 0 0 0 0 0 0 990 990 990 990 990 990 990 990 990 990 990 990 990 990 990 990 990 990 990 990 990 990 990 990 990 990 990 990 990 990 990 990 990 990 990 990 990 990 990 990 0 0 0 0 0 0 0 0 0 0 0 0 0 0 0 0 0 0 0 0 0 0 0 0
2 2 24 112 4 1 1 0 0
2 2 24 120 4 1 1 0 0
2 2 32 0 4 1 64 25 396 990 990 990 990 990 990 990 396 990 990 990 990 990 990 990 396 990 990 990 990 990 990 990 297 990 990 990 990 990 990 990 396 990 990 990 990 990 990 990 396 990 990 990 990 990 990 990 396 990 990 990 990 990 990 990 297 990 990 990 990 990 990 990
2 2 32 8 4 1 64 25 396 990 990 990 990 990 990 990 297 990 990 990 990 990 990 990 0 990 990 990 990 990 990 990 0 990 990 990 990 990 990 990 0 990 990 990 990 990 990 990 0 990 990 990 990 990 990 990 0 990 990 990 990 990 990 990 0 990 990 990 990 990 990 990
2 2 32 16 4 1 64 25 0 990 990 990 990 990 990 990 0 990 990 990 990 990 990 990 0 990 990 990 990 990 990 990 0 990 990 990 990 990 990 990 0 990 990 990 990 990 990 990 0 990 990 990 990 990 990 990 0 990 990 990 990 990 990 990 0 990 990 990 990 990 990 990
2 2 32 24 4 1 64 25 0 990 990 990 990 990 990 990 0 990 990 990 990 990 990 990 0 990 990 990 990 990 990 990 0 990 990 990 990 990 990 990 0 990 990 990 990 990 990 990 0 990 990 990 990 990 990 990 0 990 990 990 990 990 990 990 0 990 990 990 990 990 990 990
2 2 32 32 4 1 64 25 0 990 990 990 990 990 990 990 0 990 990 990 990 990 990 990 990 990 990 990 990 990 990 990 990 990 990 990 990 990 990 990 990 990 990 990 990 990 990 990 990 990 990 990 990 990 990 990 990 990 990 990 990 990 990 990 990 990 990 990 990 990 990 990
2 2 32 40 4 1 1 25 990
2 2 32 48 4 1 1 25 990
2 2 32 56 4 1 1 25 990
2 2 32 64 4 1 1 25 990
2 2 32 72 4 1 1 25 990
2 2 32 80 4 1 1 25 990
2 2 32 88 4 1 1 25 990
2 2 32 96 4 1 1 25 990
2 2 32 104 4 64 64 25 25 25 25 25 25 25 25 25 25 25 25 25 25 25 25 25 25 25 25 25 25 25 25 25 25 25 25 25 25 25 25 25 25 25 25 25 25 25 25 0 0 0 0 0 0 0 0 0 0 0 0 0 0 0 0 0 0 0 0 0 0 0 0 990 990 990 990 990 990 990 990 990 990 990 990 990 990 990 990 990 990 990 990 990 990 990 990 990 990 990 990 990 990 990 990 990 990 990 990 990 990 990 990 0 0 0 0 0 0 0 0 0 0 0 0 0 0 0 0 0 0 0 0 0 0 0 0
2 2 32 112 4 1 1 0 0
2 2 32 120 4 1 1 0 0
2 2 40 0 4 1 1 25 990
2 2 40 8 4 1 1 25 990
2 2 40 16 4 1 1 25 990
2 2 40 24 4 1 1 25 990
2 2 40 32 4 1 1 25 990
2 2 40 40 4 1 1 25 990
2 2 40 48 4 1 1 25 990
2 2 40 56 4 1 1 25 990
2 2 40 64 4 1 1 25 990
2 2 40 72 4 1 1 25 990
2 2 40 80 4 1 1 25 990
2 2 40 88 4 1 1 25 990
2 2 40 96 4 1 1 25 990
2 2 40 104 4 64 64 25 25 25 25 25 25 25 25 25 25 25 25 25 25 25 25 25 25 25 25 25 25 25 25 25 25 25 25 25 25 25 25 25 25 25 25 25 25 25 25 0 0 0 0 0 0 0 0 0 0 0 0 0 0 0 0 0 0 0 0 0 0 0 0 990 990 990 990 990 990 990 990 990 990 990 990 990 990 990 990 990 990 990 990 990 990 990 990 990 990 990 990 990 990 990 990 990 990 990 990 990 990 990 990 0 0 0 0 0 0 0 0 0 0 0 0 0 0 0 0 0 0 0 0 0 0 0 0
2 2 40 112 4 1 1 0 0
2 2 40 120 4 1 1 0 0
2 2 48 0 4 1 1 25 990
2 2 48 8 4 1 1 25 990
2 2 48 16 4 1 1 25 990
2 2 48 24 4 1 1 25 990
2 2 48 32 4 1 1 25 990
2 2 48 40 4 1 1 25 990
2 2 48 48 4 1 1 25 990
2 2 48 56 4 1 1 25 990
2 2 48 64 4 1 1 25 990
2 2 48 72 4 1 1 25 990
2 2 48 80 4 1 1 25 990
2 2 48 88 4 1 1 25 990
2 2 48 96 4 1 1 25 990
2 2 48 104 4 64 64 25 25 25 25 25 25 25 25 25 25 25 25 25 25 25 25 25 25 25 25 25 25 25 25 25 25 25 25 25 25 25 25 25 25 25 25 25 25 25 25 0 0 0 0 0 0 0 0 0 0 0 0 0 0 0 0 0 0 0 0 0 0 0 0 990 990 990 990 990 990 990 990 990 990 990 990 990 990 990 990 990 990 990 990 990 990 990 990 990 990 990 990 990 990 990 990 990 990 990 990 990 990 990 990 0 0 0 0 0 0 0 0 0 0 0 0 0 0 0 0 0 0 0 0 0 0 0 0
2 2 48 112 4 1 1 0 0
2 2 48 120 4 1 1 0 0
2 2 56 0 4 1 1 25 990
2 2 56 8 4 1 1 25 990
2 2 56 16 4 1 1 25 990
2 2 56 24 4 1 1 25 990
2 2 56 32 4 1 1 25 990
2 2 56 40 4 1 1 25 990
2 2 56 48 4 1 1 25 990
2 2 56 56 4 1 1 25 990
2 2 56 64 4 1 1 25 990
2 2 56 72 4 1 1 25 990
2 2 56 80 4 1 1 25 990
2 2 56 88 4 1 1 25 990
2 2 56 96 4 1 1 25 990
2 2 56 104 4 64 64 25 25 25 25 25 25 25 25 25 25 25 25 25 25 25 25 25 25 25 25 25 25 25 25 25 25 25 25 25 25 25 25 25 25 25 25 25 25 25 25 0 0 0 0 0 0 0 0 0 0 0 0 0 0 0 0 0 0 0 0 0 0 0 0 990 990 990 990 990 990 990 990 990 990 990 990 990 990 990 990 990 990 990 990 990 990 990 990 990 990 990 990 990 990 990 990 990 990 990 990 990 990 990 990 0 0 0 0 0 0 0 0 0 0 0 0 0 0 0 0 0 0 0 0 0 0 0 0
2 2 56 112 4 1 1 0 0
2 2 56 120 4 1 1 0 0
2 2 64 0 4 1 1 25 990
2 2 64 8 4 1 1 25 990
2 2 64 16 4 1 1 25 990
2 2 64 24 4 1 1 25 990
2 2 64 32 4 1 1 25 990
2 2 64 40 4 1 1 25 990
2 2 64 48 4 1 1 25 990
2 2 64 56 4 1 1 25 990
2 2 64 64 4 1 1 25 990
2 2 64 72 4 1 1 25 990
2 2 64 80 4 1 1 25 990
2 2 64 88 4 1 1 25 990
2 2 64 96 4 1 1 25 990
2 2 64 104 4 64 64 25 25 25 25 25 25 25 25 25 25 25 25 25 25 25 25 25 25 25 25 25 25 25 25 25 25 25 25 25 25 25 25 25 25 25 25 25 25 25 25 0 0 0 0 0 0 0 0 0 0 0 0 0 0 0 0 0 0 0 0 0 0 0 0 990 990 990 990 990 990 990 990 990 990 990 990 990 990 990 990 990 990 990 990 990 990 990 990 990 990 990 990 990 990 990 990 990 990 990 990 990 990 990 990 0 0 0 0 0 0 0 0 0 0 0 0 0 0 0 0 0 0 0 0 0 0 0 0
2 2 64 112 4 1 1 0 0
2 2 64 120 4 1 1 0 0
2 2 72 0 4 1 1 25 990
2 2 72 8 4 1 1 25 990
2 2 72 16 4 1 1 25 990
2 2 72 24 4 1 1 25 990
2 2 72 32 4 1 1 25 990
2 2 72 40 4 1 1 25 990
2 2 72 48 4 1 1 25 990
2 2 72 56 4 1 1 25 990
2 2 72 64 4 1 1 25 990
2 2 72 72 4 1 1 25 990
2 2 72 80 4 1 1 25 990
2 2 72 88 4 1 1 25 990
2 2 72 96 4 1 1 25 990
2 2 72 104 4 64 64 25 25 25 25 25 25 25 25 25 25 25 25 25 25 25 25 25 25 25 25 25 25 25 25 25 25 25 25 25 25 25 25 25 25 25 25 25 25 25 25 0 0 0 0 0 0 0 0 0 0 0 0 0 0 0 0 0 0 0 0 0 0 0 0 990 990 990 990 990 990 990 990 990 990 990 990 990 990 990 990 990 990 990 990 990 990 990 990 990 990 990 990 990 990 990 990 990 990 990 990 990 990 990 990 0 0 0 0 0 0 0 0 0 0 0 0 0 0 0 0 0 0 0 0 0 0 0 0
2 2 72 112 4 1 1 0 0
2 2 72 120 4 1 1 0 0
2 2 80 0 4 1 1 25 990
2 2 80 8 4 1 1 25 990
2 2 80 16 4 1 1 25 990
2 2 80 24 4 1 1 25 990
2 2 80 32 4 1 1 25 990
2 2 80 40 4 1 1 25 990
2 2 80 48 4 1 1 25 990
2 2 80 56 4 1 1 25 990
2 2 80 64 4 1 1 25 990
2 2 80 72 4 1 1 25 990
2 2 80 80 4 1 1 25 990
2 2 80 88 4 1 1 25 990
2 2 80 96 4 1 1 25 990
2 2 80 104 4 64 64 25 25 25 25 25 25 25 25 25 25 25 25 25 25 25 25 25 25 25 25 25 25 25 25 25 25 25 25 25 25 25 25 25 25 25 25 25 25 25 25 0 0 0 0 0 0 0 0 0 0 0 0 0 0 0 0 0 0 0 0 0 0 0 0 990 990 990 990 990 990 990 990 990 990 990 990 990 990 990 990 990 990 990 990 990 990 990 990 990 990 990 990 990 990 990 990 990 990 990 990 990 990 990 990 0 0 0 0 0 0 0 0 0 0 0 0 0 0 0 0 0 0 0 0 0 0 0 0
2 2 80 112 4 1 1 0 0
2 2 80 120 4 1 1 0 0
2 2 88 0 4 1 1 25 990
2 2 88 8 4 1 1 25 990
2 2 88 16 4 1 1 25 990
2 2 88 24 4 1 1 25 990
2 2 88 32 4 1 1 25 990
2 2 88 40 4 1 1 25 990
2 2 88 48 4 1 1 25 990
2 2 88 56 4 1 1 25 990
2 2 88 64 4 1 1 25 990
2 2 88 72 4 1 1 25 990
2 2 88 80 4 1 1 25 990
2 2 88 88 4 1 1 25 990
2 2 88 96 4 1 1 25 990
2 2 88 104 4 64 64 25 25 25 25 25 25 25 25 25 25 25 25 25 25 25 25 25 25 25 25 25 25 25 25 25 25 25 25 25 25 25 25 25 25 25 25 25 25 25 25 0 0 0 0 0 0 0 0 0 0 0 0 0 0 0 0 0 0 0 0 0 0 0 0 990 990 990 990 990 990 990 990 990 990 990 990 990 990 990 990 990 990 990 990 990 990 990 990 990 990 990 990 990 990 990 990 990 990 990 990 990 990 990 990 0 0 0 0 0 0 0 0 0 0 0 0 0 0 0 0 0 0 0 0 0 0 0 0
2 2 88 112 4 1 1 0 0
2 2 88 120 4 1 1 0 0
2 2 96 0 4 1 1 25 990
2 2 96 8 4 1 1 25 990
2 2 96 16 4 1 1 25 990
2 2 96 24 4 1 1 25 990
2 2 96 32 4 1 1 25 990
2 2 96 40 4 1 1 25 990
2 2 96 48 4 1 1 25 990
2 2 96 56 4 1 1 25 990
2 2 96 64 4 1 1 25 990
2 2 96 72 4 1 1 25 990
2 2 96 80 4 1 1 25 990
2 2 96 88 4 1 1 25 990
2 2 96 96 4 1 1 25 990
2 2 96 104 4 64 64 25 25 25 25 25 25 25 25 25 25 25 25 25 25 25 25 25 25 25 25 25 25 25 25 25 25 25 25 25 25 25 25 25 25 25 25 25 25 25 25 0 0 0 0 0 0 0 0 0 0 0 0 0 0 0 0 0 0 0 0 0 0 0 0 990 990 990 990 990 990 990 990 990 990 990 990 990 990 990 990 990 990 990 990 990 990 990 990 990 990 990 990 990 990 990 990 990 990 990 990 990 990 990 990 0 0 0 0 0 0 0 0 0 0 0 0 0 0 0 0 0 0 0 0 0 0 0 0
2 2 96 112 4 1 1 0 0
2 2 96 120 4 1 1 0 0
2 2 104 0 4 64 64 25 25 25 25 0 0 0 0 25 25 25 25 0 0 0 0 25 25 25 25 0 0 0 0 25 25 25 25 0 0 0 0 25 25 25 25 0 0 0 0 25 25 25 25 0 0 0 0 25 25 25 25 0 0 0 0 25 25 25 25 0 0 0 0 990 990 990 990 0 0 0 0 990 990 990 990 0 0 0 0 990 990 990 990 0 0 0 0 990 990 990 990 0 0 0 0 990 990 990 990 0 0 0 0 990 990 990 990 0 0 0 0 990 990 990 990 0 0 0 0 990 990 990 990 0 0 0 0
2 2 104 8 4 64 64 25 25 25 25 0 0 0 0 25 25 25 25 0 0 0 0 25 25 25 25 0 0 0 0 25 25 25 25 0 0 0 0 25 25 25 25 0 0 0 0 25 25 25 25 0 0 0 0 25 25 25 25 0 0 0 0 25 25 25 25 0 0 0 0 990 990 990 990 0 0 0 0 990 990 990 990 0 0 0 0 990 990 990 990 0 0 0 0 990 990 990 990 0 0 0 0 990 990 990 990 0 0 0 0 990 990 990 990 0 0 0 0 990 990 990 990 0 0 0 0 990 990 990 990 0 0 0 0
2 2 104 16 4 64 64 25 25 25 25 0 0 0 0 25 25 25 25 0 0 0 0 25 25 25 25 0 0 0 0 25 25 25 25 0 0 0 0 25 25 25 25 0 0 0 0 25 25 25 25 0 0 0 0 25 25 25 25 0 0 0 0 25 25 25 25 0 0 0 0 990 990 990 990 0 0 0 0 990 990 990 990 0 0 0 0 990 990 990 990 0 0 0 0 990 990 990 990 0 0 0 0 990 990 990 990 0 0 0 0 990 990 990 990 0 0 0 0 990 990 990 990 0 0 0 0 990 990 990 990 0 0 0 0
2 2 104 24 4 64 64 25 25 25 25 0 0 0 0 25 25 25 25 0 0 0 0 25 25 25 25 0 0 0 0 25 25 25 25 0 0 0 0 25 25 25 25 0 0 0 0 25 25 25 25 0 0 0 0 25 25 25 25 0 0 0 0 25 25 25 25 0 0 0 0 990 990 990 990 0 0 0 0 990 990 990 990 0 0 0 0 990 990 990 990 0 0 0 0 990 990 990 990 0 0 0 0 990 990 990 990 0 0 0 0 990 990 990 990 0 0 0 0 990 990 990 990 0 0 0 0 990 990 990 990 0 0 0 0
2 2 104 32 4 64 64 25 25 25 25 0 0 0 0 25 25 25 25 0 0 0 0 25 25 25 25 0 0 0 0 25 25 25 25 0 0 0 0 25 25 25 25 0 0 0 0 25 25 25 25 0 0 0 0 25 25 25 25 0 0 0 0 25 25 25 25 0 0 0 0 990 990 990 990 0 0 0 0 990 990 990 990 0 0 0 0 990 990 990 990 0 0 0 0 990 990 990 990 0 0 0 0 990 990 990 990 0 0 0 0 990 990 990 990 0 0 0 0 990 990 990 990 0 0 0 0 990 990 990 990 0 0 0 0
2 2 104 40 4 64 64 25 25 25 25 0 0 0 0 25 25 25 25 0 0 0 0 25 25 25 25 0 0 0 0 25 25 25 25 0 0 0 0 25 25 25 25 0 0 0 0 25 25 25 25 0 0 0 0 25 25 25 25 0 0 0 0 25 25 25 25 0 0 0 0 990 990 990 990 0 0 0 0 990 990 990 990 0 0 0 0 990 990 990 990 0 0 0 0 990 990 990 990 0 0 0 0 990 990 990 990 0 0 0 0 990 990 990 990 0 0 0 0 990 990 990 990 0 0 0 0 990 990 990 990 0 0 0 0
2 2 104 48 4 64 64 25 25 25 25 0 0 0 0 25 25 25 25 0 0 0 0 25 25 25 25 0 0 0 0 25 25 25 25 0 0 0 0 25 25 25 25 0 0 0 0 25 25 25 25 0 0 0 0 25 25 25 25 0 0 0 0 25 25 25 25 0 0 0 0 990 990 990 990 0 0 0 0 990 990 990 990 0 0 0 0 990 990 990 990 0 0 0 0 990 990 990 990 0 0 0 0 990 990 990 990 0 0 0 0 990 990 990 990 0 0 0 0 990 990 990 990 0 0 0 0 990 990 990 990 0 0 0 0
2 2 104 56 4 64 64 25 25 25 25 0 0 0 0 25 25 25 25 0 0 0 0 25 25 25 25 0 0 0 0 25 25 25 25 0 0 0 0 25 25 25 25 0 0 0 0 25 25 25 25 0 0 0 0 25 25 25 25 0 0 0 0 25 25 25 25 0 0 0 0 990 990 990 990 0 0 0 0 990 990 990 990 0 0 0 0 990 990 990 990 0 0 0 0 990 990 990 990 0 0 0 0 990 990 990 990 0 0 0 0 990 990 990 990 0 0 0 0 990 990 990 990 0 0 0 0 990 990 990 990 0 0 0 0
2 2 104 64 4 64 64 25 25 25 25 0 0 0 0 25 25 25 25 0 0 0 0 25 25 25 25 0 0 0 0 25 25 25 25 0 0 0 0 25 25 25 25 0 0 0 0 25 25 25 25 0 0 0 0 25 25 25 25 0 0 0 0 25 25 25 25 0 0 0 0 990 990 990 990 0 0 0 0 990 990 990 990 0 0 0 0 990 990 990 990 0 0 0 0 990 990 990 990 0 0 0 0 990 990 990 990 0 0 0 0 990 990 990 990 0 0 0 0 990 990 990 990 0 0 0 0 990 990 990 990 0 0 0 0
2 2 104 72 4 64 64 25 25 25 25 0 0 0 0 25 25 25 25 0 0 0 0 25 25 25 25 0 0 0 0 25 25 25 25 0 0 0 0 25 25 25 25 0 0 0 0 25 25 25 25 0 0 0 0 25 25 25 25 0 0 0 0 25 25 25 25 0 0 0 0 990 990 990 990 0 0 0 0 990 990 990 990 0 0 0 0 990 990 990 990 0 0 0 0 990 990 990 990 0 0 0 0 990 990 990 990 0 0 0 0 990 990 990 990 0 0 0 0 990 990 990 990 0 0 0 0 990 990 990 990 0 0 0 0
2 2 104 80 4 64 64 25 25 25 25 0 0 0 0 25 25 25 25 0 0 0 0 25 25 25 25 0 0 0 0 25 25 25 25 0 0 0 0 25 25 25 25 0 0 0 0 25 25 25 25 0 0 0 0 25 25 25 25 0 0 0 0 25 25 25 25 0 0 0 0 990 990 990 990 0 0 0 0 990 990 990 990 0 0 0 0 990 990 990 990 0 0 0 0 990 990 990 990 0 0 0 0 990 990 990 990 0 0 0 0 990 990 990 990 0 0 0 0 990 990 990 990 0 0 0 0 990 990 990 990 0 0 0 0
2 2 104 88 4 64 64 25 25 25 25 0 0 0 0 25 25 25 25 0 0 0 0 25 25 25 25 0 0 0 0 25 25 25 25 0 0 0 0 25 25 25 25 0 0 0 0 25 25 25 25 0 0 0 0 25 25 25 25 0 0 0 0 25 25 25 25 0 0 0 0 990 990 990 990 0 0 0 0 990 990 990 990 0 0 0 0 990 990 990 990 0 0 0 0 990 990 990 990 0 0 0 0 990 990 990 990 0 0 0 0 990 990 990 990 0 0 0 0 990 990 990 990 0 0 0 0 990 990 990 990 0 0 0 0
2 2 104 96 4 64 64 25 25 25 25 0 0 0 0 25 25 25 25 0 0 0 0 25 25 25 25 0 0 0 0 25 25 25 25 0 0 0 0 25 25 25 25 0 0 0 0 25 25 25 25 0 0 0 0 25 25 25 25 0 0 0 0 25 25 25 25 0 0 0 0 990 990 990 990 0 0 0 0 990 990 990 990 0 0 0 0 990 990 990 990 0 0 0 0 990 990 990 990 0 0 0 0 990 990 990 990 0 0 0 0 990 990 990 990 0 0 0 0 990 990 990 990 0 0 0 0 990 990 990 990 0 0 0 0
2 2 104 104 4 64 64 25 25 25 25 0 0 0 0 25 25 25 25 0 0 0 0 25 25 25 25 0 0 0 0 25 25 25 25 0 0 0 0 25 25 25 25 0 0 0 0 0 0 0 0 0 0 0 0 0 0 0 0 0 0 0 0 0 0 0 0 0 0 0 0 990 990 990 990 0 0 0 0 990 990 990 990 0 0 0 0 990 990 990 990 0 0 0 0 990 990 990 990 0 0 0 0 990 990 990 990 0 0 0 0 0 0 0 0 0 0 0 0 0 0 0 0 0 0 0 0 0 0 0 0 0 0 0 0
2 2 104 112 4 1 1 0 0
2 2 104 120 4 1 1 0 0
2 2 112 0 4 1 1 0 0
2 2 112 8 4 1 1 0 0
2 2 112 16 4 1 1 0 0
2 2 112 24 4 1 1 0 0
2 2 112 32 4 1 1 0 0
2 2 112 40 4 1 1 0 0
2 2 112 48 4 1 1 0 0
2 2 112 56 4 1 1 0 0
2 2 112 64 4 1 1 0 0
2 2 112 72 4 1 1 0 0
2 2 112 80 4 1 1 0 0
2 2 112 88 4 1 1 0 0
2 2 112 96 4 1 1 0 0
2 2 112 104 4 1 1 0 0
2 2 112 112 4 1 1 0 0
2 2 112 120 4 1 1 0 0
2 2 120 0 4 1 1 0 0
2 2 120 8 4 1 1 0 0
2 2 120 16 4 1 1 0 0
2 2 120 24 4 1 1 0 0
2 2 120 32 4 1 1 0 0
2 2 120 40 4 1 1 0 0
2 2 120 48 4 1 1 0 0
2 2 120 56 4 1 1 0 0
2 2 120 64 4 1 1 0 0
2 2 120 72 4 1 1 0 0
2 2 120 80 4 1 1 0 0
2 2 120 88 4 1 1 0 0
2 2 120 96 4 1 1 0 0
2 2 120 104 4 1 1 0 0
2 2 120 112 4 1 1 0 0
2 2 120 120 4 1 1 0 0